{
  "id" : "245t-pvpn",
  "name" : "2015 Continuous Count Stations",
  "attribution" : "Traffic Count Section of the Bureau of Policy and Planning, CT Department of Transportation",
  "averageRating" : 0,
  "blobFilename" : "ATR Stations.zip",
  "blobFileSize" : 17760,
  "blobId" : "b1bTS-kfET_Y5zsBK_R1lu5jrIGFJkXl3NCKeEd2S9c",
  "blobMimeType" : "application/zip; charset=binary",
  "category" : "Transportation",
  "createdAt" : 1444745317,
  "description" : "2015 Continuous Count Stations",
  "displayType" : "map",
  "downloadCount" : 22,
  "indexUpdatedAt" : 1449093688,
  "newBackend" : true,
  "numberOfComments" : 0,
  "oid" : 15140806,
  "publicationAppendEnabled" : false,
  "publicationDate" : 1444745329,
  "publicationGroup" : 5805414,
  "publicationStage" : "published",
  "tableId" : 5805414,
  "totalTimesRated" : 0,
  "viewCount" : 29,
  "viewLastModified" : 1444745783,
  "viewType" : "geo",
  "childViews" : [ "ukyq-mwe3" ],
  "columns" : [ ],
  "displayFormat" : {
    "bkgdLayers" : [ {
      "alias" : "Google",
      "opacity" : 1,
      "layerKey" : "Google Roadmap"
    }, {
      "alias" : "ESRI",
      "opacity" : 1,
      "layerKey" : "World Street Map (ESRI)"
    } ],
    "plotStyle" : "point",
    "distinctLegend" : true,
    "exclusiveLayers" : true,
    "viewDefinitions" : [ {
      "uid" : "self"
    } ]
  },
  "grants" : [ {
    "inherited" : false,
    "type" : "viewer",
    "flags" : [ "public" ]
  } ],
  "metadata" : {
    "custom_fields" : {
      "Agency" : {
        "Agency" : "CT Department of Transportation"
      }
    },
    "renderTypeConfig" : {
      "visible" : {
        "map" : true
      }
    },
    "rowLabel" : "Row",
    "availableDisplayTypes" : [ "map", "table", "fatrow", "page" ],
    "geo" : {
      "owsUrl" : "/api/geospatial/245t-pvpn",
      "isNbe" : true,
      "bbox" : "-73.48569700000007,41.10114000000004,-71.87500400000008,42.024973000000045",
      "layers" : "ukyq-mwe3",
      "featureIdAttribute" : "_SocrataID",
      "bboxCrs" : "EPSG:4326",
      "namespace" : "_245t-pvpn"
    }
  },
  "owner" : {
    "id" : "krit-g9ue",
    "displayName" : "James Spencer",
    "roleName" : "editor",
    "screenName" : "James Spencer",
    "rights" : [ "create_datasets", "view_domain", "create_pages", "view_goals", "view_dashboards" ]
  },
  "query" : { },
  "rights" : [ "read" ],
  "tableAuthor" : {
    "id" : "krit-g9ue",
    "displayName" : "James Spencer",
    "roleName" : "editor",
    "screenName" : "James Spencer",
    "rights" : [ "create_datasets", "view_domain", "create_pages", "view_goals", "view_dashboards" ]
  },
  "tags" : [ "2015 continuous count stations" ],
  "flags" : [ "default" ]
}
