[ {
  "number_of_applications_recieved" : "13",
  "percent_permits_issued_same_day" : "69",
  "date_application_recieved" : "2015-07-02T00:00:00",
  "permits_issued_same_day" : "9"
}
, {
  "number_of_applications_recieved" : "16",
  "percent_permits_issued_same_day" : "44",
  "date_application_recieved" : "2015-07-06T00:00:00",
  "permits_issued_same_day" : "7"
}
, {
  "number_of_applications_recieved" : "15",
  "percent_permits_issued_same_day" : "60",
  "date_application_recieved" : "2015-07-08T00:00:00",
  "permits_issued_same_day" : "9"
}
, {
  "number_of_applications_recieved" : "12",
  "percent_permits_issued_same_day" : "75",
  "date_application_recieved" : "2015-07-09T00:00:00",
  "permits_issued_same_day" : "9"
}
, {
  "number_of_applications_recieved" : "17",
  "percent_permits_issued_same_day" : "88",
  "date_application_recieved" : "2015-07-10T00:00:00",
  "permits_issued_same_day" : "15"
}
, {
  "number_of_applications_recieved" : "32",
  "percent_permits_issued_same_day" : "66",
  "date_application_recieved" : "2015-07-13T00:00:00",
  "permits_issued_same_day" : "21"
}
, {
  "number_of_applications_recieved" : "14",
  "percent_permits_issued_same_day" : "71",
  "date_application_recieved" : "2015-07-14T00:00:00",
  "permits_issued_same_day" : "10"
}
, {
  "number_of_applications_recieved" : "25",
  "percent_permits_issued_same_day" : "64",
  "date_application_recieved" : "2015-07-15T00:00:00",
  "permits_issued_same_day" : "16"
}
, {
  "number_of_applications_recieved" : "22",
  "percent_permits_issued_same_day" : "91",
  "date_application_recieved" : "2015-07-16T00:00:00",
  "permits_issued_same_day" : "20"
}
, {
  "number_of_applications_recieved" : "14",
  "percent_permits_issued_same_day" : "57",
  "date_application_recieved" : "2015-07-17T00:00:00",
  "permits_issued_same_day" : "8"
}
, {
  "number_of_applications_recieved" : "6",
  "percent_permits_issued_same_day" : "67",
  "date_application_recieved" : "2015-07-21T00:00:00",
  "permits_issued_same_day" : "4"
}
, {
  "number_of_applications_recieved" : "29",
  "percent_permits_issued_same_day" : "55",
  "date_application_recieved" : "2015-07-23T00:00:00",
  "permits_issued_same_day" : "16"
}
, {
  "number_of_applications_recieved" : "13",
  "percent_permits_issued_same_day" : "77",
  "date_application_recieved" : "2015-07-27T00:00:00",
  "permits_issued_same_day" : "10"
}
, {
  "number_of_applications_recieved" : "11",
  "percent_permits_issued_same_day" : "73",
  "date_application_recieved" : "2015-07-24T00:00:00",
  "permits_issued_same_day" : "8"
}
, {
  "number_of_applications_recieved" : "22",
  "percent_permits_issued_same_day" : "64",
  "date_application_recieved" : "2015-07-22T00:00:00",
  "permits_issued_same_day" : "14"
}
, {
  "number_of_applications_recieved" : "18",
  "percent_permits_issued_same_day" : "78",
  "date_application_recieved" : "2015-07-28T00:00:00",
  "permits_issued_same_day" : "14"
}
, {
  "number_of_applications_recieved" : "19",
  "percent_permits_issued_same_day" : "68",
  "date_application_recieved" : "2015-07-30T00:00:00",
  "permits_issued_same_day" : "13"
}
, {
  "number_of_applications_recieved" : "14",
  "percent_permits_issued_same_day" : "79",
  "date_application_recieved" : "2015-07-20T00:00:00",
  "permits_issued_same_day" : "11"
}
, {
  "number_of_applications_recieved" : "13",
  "percent_permits_issued_same_day" : "54",
  "date_application_recieved" : "2015-07-31T00:00:00",
  "permits_issued_same_day" : "7"
}
, {
  "number_of_applications_recieved" : "13",
  "percent_permits_issued_same_day" : "77",
  "date_application_recieved" : "2015-08-04T00:00:00",
  "permits_issued_same_day" : "10"
}
, {
  "number_of_applications_recieved" : "18",
  "percent_permits_issued_same_day" : "83",
  "date_application_recieved" : "2015-08-05T00:00:00",
  "permits_issued_same_day" : "15"
}
, {
  "number_of_applications_recieved" : "22",
  "percent_permits_issued_same_day" : "82",
  "date_application_recieved" : "2015-08-03T00:00:00",
  "permits_issued_same_day" : "18"
}
, {
  "number_of_applications_recieved" : "18",
  "percent_permits_issued_same_day" : "67",
  "date_application_recieved" : "2015-08-06T00:00:00",
  "permits_issued_same_day" : "12"
}
, {
  "number_of_applications_recieved" : "11",
  "percent_permits_issued_same_day" : "36",
  "date_application_recieved" : "2015-08-07T00:00:00",
  "permits_issued_same_day" : "4"
}
, {
  "number_of_applications_recieved" : "47",
  "percent_permits_issued_same_day" : "32",
  "date_application_recieved" : "2015-08-11T00:00:00",
  "permits_issued_same_day" : "15"
}
, {
  "number_of_applications_recieved" : "13",
  "percent_permits_issued_same_day" : "77",
  "date_application_recieved" : "2015-08-12T00:00:00",
  "permits_issued_same_day" : "10"
}
, {
  "number_of_applications_recieved" : "14",
  "percent_permits_issued_same_day" : "71",
  "date_application_recieved" : "2015-08-13T00:00:00",
  "permits_issued_same_day" : "10"
}
, {
  "number_of_applications_recieved" : "11",
  "percent_permits_issued_same_day" : "91",
  "date_application_recieved" : "2015-08-10T00:00:00",
  "permits_issued_same_day" : "10"
}
, {
  "number_of_applications_recieved" : "17",
  "percent_permits_issued_same_day" : "65",
  "date_application_recieved" : "2015-08-14T00:00:00",
  "permits_issued_same_day" : "11"
}
, {
  "number_of_applications_recieved" : "13",
  "percent_permits_issued_same_day" : "77",
  "date_application_recieved" : "2015-08-17T00:00:00",
  "permits_issued_same_day" : "10"
}
, {
  "number_of_applications_recieved" : "20",
  "percent_permits_issued_same_day" : "85",
  "date_application_recieved" : "2015-08-18T00:00:00",
  "permits_issued_same_day" : "17"
}
, {
  "number_of_applications_recieved" : "14",
  "percent_permits_issued_same_day" : "79",
  "date_application_recieved" : "2015-08-19T00:00:00",
  "permits_issued_same_day" : "11"
}
, {
  "number_of_applications_recieved" : "7",
  "percent_permits_issued_same_day" : "86",
  "date_application_recieved" : "2015-08-20T00:00:00",
  "permits_issued_same_day" : "6"
}
, {
  "number_of_applications_recieved" : "19",
  "percent_permits_issued_same_day" : "32",
  "date_application_recieved" : "2015-08-21T00:00:00",
  "permits_issued_same_day" : "6"
}
, {
  "number_of_applications_recieved" : "20",
  "percent_permits_issued_same_day" : "85",
  "date_application_recieved" : "2015-08-24T00:00:00",
  "permits_issued_same_day" : "17"
}
, {
  "number_of_applications_recieved" : "17",
  "percent_permits_issued_same_day" : "82",
  "date_application_recieved" : "2015-07-07T00:00:00",
  "permits_issued_same_day" : "14"
}
, {
  "number_of_applications_recieved" : "18",
  "percent_permits_issued_same_day" : "72",
  "date_application_recieved" : "2015-08-25T00:00:00",
  "permits_issued_same_day" : "13"
}
, {
  "number_of_applications_recieved" : "11",
  "percent_permits_issued_same_day" : "91",
  "date_application_recieved" : "2015-08-26T00:00:00",
  "permits_issued_same_day" : "10"
}
, {
  "number_of_applications_recieved" : "20",
  "percent_permits_issued_same_day" : "70",
  "date_application_recieved" : "2015-08-27T00:00:00",
  "permits_issued_same_day" : "14"
}
, {
  "number_of_applications_recieved" : "13",
  "percent_permits_issued_same_day" : "62",
  "date_application_recieved" : "2015-07-29T00:00:00",
  "permits_issued_same_day" : "8"
}
, {
  "number_of_applications_recieved" : "29",
  "percent_permits_issued_same_day" : "59",
  "date_application_recieved" : "2015-08-28T00:00:00",
  "permits_issued_same_day" : "17"
}
, {
  "number_of_applications_recieved" : "26",
  "percent_permits_issued_same_day" : "77",
  "date_application_recieved" : "2015-08-31T00:00:00",
  "permits_issued_same_day" : "20"
}
, {
  "number_of_applications_recieved" : "11",
  "percent_permits_issued_same_day" : "55",
  "date_application_recieved" : "2015-09-03T00:00:00",
  "permits_issued_same_day" : "6"
}
, {
  "number_of_applications_recieved" : "21",
  "percent_permits_issued_same_day" : "52",
  "date_application_recieved" : "2015-09-04T00:00:00",
  "permits_issued_same_day" : "11"
}
, {
  "number_of_applications_recieved" : "19",
  "percent_permits_issued_same_day" : "53",
  "date_application_recieved" : "2015-09-02T00:00:00",
  "permits_issued_same_day" : "10"
}
, {
  "number_of_applications_recieved" : "16",
  "percent_permits_issued_same_day" : "69",
  "date_application_recieved" : "2015-09-08T00:00:00",
  "permits_issued_same_day" : "11"
}
, {
  "number_of_applications_recieved" : "15",
  "percent_permits_issued_same_day" : "67",
  "date_application_recieved" : "2015-09-09T00:00:00",
  "permits_issued_same_day" : "10"
}
, {
  "number_of_applications_recieved" : "12",
  "percent_permits_issued_same_day" : "83",
  "date_application_recieved" : "2015-09-10T00:00:00",
  "permits_issued_same_day" : "10"
}
, {
  "number_of_applications_recieved" : "25",
  "percent_permits_issued_same_day" : "76",
  "date_application_recieved" : "2015-09-11T00:00:00",
  "permits_issued_same_day" : "19"
}
, {
  "number_of_applications_recieved" : "15",
  "percent_permits_issued_same_day" : "40",
  "date_application_recieved" : "2015-09-14T00:00:00",
  "permits_issued_same_day" : "6"
}
, {
  "number_of_applications_recieved" : "28",
  "percent_permits_issued_same_day" : "75",
  "date_application_recieved" : "2015-09-15T00:00:00",
  "permits_issued_same_day" : "21"
}
, {
  "number_of_applications_recieved" : "30",
  "percent_permits_issued_same_day" : "80",
  "date_application_recieved" : "2015-09-16T00:00:00",
  "permits_issued_same_day" : "24"
}
, {
  "number_of_applications_recieved" : "27",
  "percent_permits_issued_same_day" : "85",
  "date_application_recieved" : "2015-09-17T00:00:00",
  "permits_issued_same_day" : "23"
}
, {
  "number_of_applications_recieved" : "18",
  "percent_permits_issued_same_day" : "83",
  "date_application_recieved" : "2015-09-18T00:00:00",
  "permits_issued_same_day" : "15"
}
, {
  "number_of_applications_recieved" : "19",
  "percent_permits_issued_same_day" : "68",
  "date_application_recieved" : "2015-09-21T00:00:00",
  "permits_issued_same_day" : "13"
}
, {
  "number_of_applications_recieved" : "30",
  "percent_permits_issued_same_day" : "43",
  "date_application_recieved" : "2015-09-22T00:00:00",
  "permits_issued_same_day" : "13"
}
, {
  "number_of_applications_recieved" : "13",
  "percent_permits_issued_same_day" : "69",
  "date_application_recieved" : "2015-09-23T00:00:00",
  "permits_issued_same_day" : "9"
}
, {
  "number_of_applications_recieved" : "22",
  "percent_permits_issued_same_day" : "68",
  "date_application_recieved" : "2015-09-24T00:00:00",
  "permits_issued_same_day" : "15"
}
, {
  "number_of_applications_recieved" : "18",
  "percent_permits_issued_same_day" : "61",
  "date_application_recieved" : "2015-09-25T00:00:00",
  "permits_issued_same_day" : "11"
}
, {
  "number_of_applications_recieved" : "15",
  "percent_permits_issued_same_day" : "73",
  "date_application_recieved" : "2015-09-28T00:00:00",
  "permits_issued_same_day" : "11"
}
, {
  "number_of_applications_recieved" : "16",
  "percent_permits_issued_same_day" : "62",
  "date_application_recieved" : "2015-09-29T00:00:00",
  "permits_issued_same_day" : "10"
}
, {
  "number_of_applications_recieved" : "31",
  "percent_permits_issued_same_day" : "61",
  "date_application_recieved" : "2015-09-30T00:00:00",
  "permits_issued_same_day" : "19"
}
, {
  "number_of_applications_recieved" : "16",
  "percent_permits_issued_same_day" : "75",
  "date_application_recieved" : "2015-10-01T00:00:00",
  "permits_issued_same_day" : "12"
}
, {
  "number_of_applications_recieved" : "22",
  "percent_permits_issued_same_day" : "68",
  "date_application_recieved" : "2015-10-02T00:00:00",
  "permits_issued_same_day" : "15"
}
, {
  "number_of_applications_recieved" : "9",
  "percent_permits_issued_same_day" : "89",
  "date_application_recieved" : "2015-10-05T00:00:00",
  "permits_issued_same_day" : "8"
}
, {
  "number_of_applications_recieved" : "27",
  "percent_permits_issued_same_day" : "67",
  "date_application_recieved" : "2015-10-06T00:00:00",
  "permits_issued_same_day" : "18"
}
, {
  "number_of_applications_recieved" : "19",
  "percent_permits_issued_same_day" : "74",
  "date_application_recieved" : "2015-10-07T00:00:00",
  "permits_issued_same_day" : "14"
}
, {
  "number_of_applications_recieved" : "9",
  "percent_permits_issued_same_day" : "78",
  "date_application_recieved" : "2015-10-08T00:00:00",
  "permits_issued_same_day" : "7"
}
, {
  "number_of_applications_recieved" : "44",
  "percent_permits_issued_same_day" : "68",
  "date_application_recieved" : "2015-10-09T00:00:00",
  "permits_issued_same_day" : "30"
}
, {
  "number_of_applications_recieved" : "30",
  "percent_permits_issued_same_day" : "77",
  "date_application_recieved" : "2015-10-13T00:00:00",
  "permits_issued_same_day" : "23"
}
, {
  "number_of_applications_recieved" : "23",
  "percent_permits_issued_same_day" : "74",
  "date_application_recieved" : "2015-10-14T00:00:00",
  "permits_issued_same_day" : "17"
}
, {
  "number_of_applications_recieved" : "22",
  "percent_permits_issued_same_day" : "64",
  "date_application_recieved" : "2015-10-15T00:00:00",
  "permits_issued_same_day" : "14"
}
, {
  "number_of_applications_recieved" : "23",
  "percent_permits_issued_same_day" : "52",
  "date_application_recieved" : "2015-10-16T00:00:00",
  "permits_issued_same_day" : "12"
}
, {
  "number_of_applications_recieved" : "17",
  "percent_permits_issued_same_day" : "71",
  "date_application_recieved" : "2015-10-19T00:00:00",
  "permits_issued_same_day" : "12"
}
, {
  "number_of_applications_recieved" : "17",
  "percent_permits_issued_same_day" : "59",
  "date_application_recieved" : "2015-10-20T00:00:00",
  "permits_issued_same_day" : "10"
}
, {
  "number_of_applications_recieved" : "10",
  "percent_permits_issued_same_day" : "70",
  "date_application_recieved" : "2015-10-21T00:00:00",
  "permits_issued_same_day" : "7"
}
, {
  "number_of_applications_recieved" : "29",
  "percent_permits_issued_same_day" : "79",
  "date_application_recieved" : "2015-10-22T00:00:00",
  "permits_issued_same_day" : "23"
}
, {
  "number_of_applications_recieved" : "24",
  "percent_permits_issued_same_day" : "92",
  "date_application_recieved" : "2015-10-23T00:00:00",
  "permits_issued_same_day" : "22"
}
, {
  "number_of_applications_recieved" : "20",
  "percent_permits_issued_same_day" : "65",
  "date_application_recieved" : "2015-10-26T00:00:00",
  "permits_issued_same_day" : "13"
}
, {
  "number_of_applications_recieved" : "20",
  "percent_permits_issued_same_day" : "65",
  "date_application_recieved" : "2015-10-27T00:00:00",
  "permits_issued_same_day" : "13"
}
, {
  "number_of_applications_recieved" : "19",
  "percent_permits_issued_same_day" : "58",
  "date_application_recieved" : "2015-10-28T00:00:00",
  "permits_issued_same_day" : "11"
}
, {
  "number_of_applications_recieved" : "24",
  "percent_permits_issued_same_day" : "67",
  "date_application_recieved" : "2015-10-30T00:00:00",
  "permits_issued_same_day" : "16"
}
, {
  "number_of_applications_recieved" : "19",
  "percent_permits_issued_same_day" : "79",
  "date_application_recieved" : "2015-10-29T00:00:00",
  "permits_issued_same_day" : "15"
}
, {
  "number_of_applications_recieved" : "21",
  "percent_permits_issued_same_day" : "76",
  "date_application_recieved" : "2015-11-02T00:00:00",
  "permits_issued_same_day" : "16"
}
, {
  "number_of_applications_recieved" : "21",
  "percent_permits_issued_same_day" : "67",
  "date_application_recieved" : "2015-09-01T00:00:00",
  "permits_issued_same_day" : "14"
}
, {
  "number_of_applications_recieved" : "17",
  "percent_permits_issued_same_day" : "59",
  "date_application_recieved" : "2015-11-03T00:00:00",
  "permits_issued_same_day" : "10"
}
, {
  "number_of_applications_recieved" : "20",
  "percent_permits_issued_same_day" : "50",
  "date_application_recieved" : "2015-11-04T00:00:00",
  "permits_issued_same_day" : "10"
}
, {
  "number_of_applications_recieved" : "21",
  "percent_permits_issued_same_day" : "76",
  "date_application_recieved" : "2015-11-05T00:00:00",
  "permits_issued_same_day" : "16"
}
, {
  "number_of_applications_recieved" : "23",
  "percent_permits_issued_same_day" : "57",
  "date_application_recieved" : "2015-11-06T00:00:00",
  "permits_issued_same_day" : "13"
}
, {
  "number_of_applications_recieved" : "19",
  "percent_permits_issued_same_day" : "84",
  "date_application_recieved" : "2015-11-09T00:00:00",
  "permits_issued_same_day" : "16"
}
, {
  "number_of_applications_recieved" : "15",
  "percent_permits_issued_same_day" : "60",
  "date_application_recieved" : "2015-11-10T00:00:00",
  "permits_issued_same_day" : "9"
}
, {
  "number_of_applications_recieved" : "28",
  "percent_permits_issued_same_day" : "68",
  "date_application_recieved" : "2015-11-12T00:00:00",
  "permits_issued_same_day" : "19"
}
, {
  "number_of_applications_recieved" : "19",
  "percent_permits_issued_same_day" : "74",
  "date_application_recieved" : "2015-11-13T00:00:00",
  "permits_issued_same_day" : "14"
}
, {
  "number_of_applications_recieved" : "21",
  "percent_permits_issued_same_day" : "52",
  "date_application_recieved" : "2015-11-16T00:00:00",
  "permits_issued_same_day" : "11"
}
, {
  "number_of_applications_recieved" : "23",
  "percent_permits_issued_same_day" : "65",
  "date_application_recieved" : "2015-11-17T00:00:00",
  "permits_issued_same_day" : "15"
}
, {
  "number_of_applications_recieved" : "33",
  "percent_permits_issued_same_day" : "76",
  "date_application_recieved" : "2015-11-19T00:00:00",
  "permits_issued_same_day" : "25"
}
, {
  "number_of_applications_recieved" : "22",
  "percent_permits_issued_same_day" : "68",
  "date_application_recieved" : "2015-11-18T00:00:00",
  "permits_issued_same_day" : "15"
}
, {
  "number_of_applications_recieved" : "36",
  "percent_permits_issued_same_day" : "61",
  "date_application_recieved" : "2015-11-20T00:00:00",
  "permits_issued_same_day" : "22"
}
, {
  "number_of_applications_recieved" : "29",
  "percent_permits_issued_same_day" : "52",
  "date_application_recieved" : "2015-11-23T00:00:00",
  "permits_issued_same_day" : "15"
}
 ]