[ {
  "office" : "Putnam Office",
  "zip_code" : "06260",
  "location" : "165 Kennedy Drive",
  "location_1" : {
    "needs_recoding" : false,
    "longitude" : "-71.91075301299963",
    "latitude" : "41.91350268700046",
    "human_address" : "{\"address\":\"165 Kennedy Drive\",\"city\":\"Putnam\",\"state\":\"CT\",\"zip\":\"06260\"}"
  },
  "type" : "Satellite",
  "url" : {
    "url" : "http://www.ct.gov/dmv/cwp/view.asp?a=808&q=244588"
  }
}
, {
  "office" : "Winsted Office",
  "zip_code" : "06098",
  "location" : "151 Torrington Road",
  "location_1" : {
    "needs_recoding" : false,
    "longitude" : "-73.07298215699967",
    "latitude" : "41.89578747200045",
    "human_address" : "{\"address\":\"151 Torrington Road\",\"city\":\"Winsted\",\"state\":\"CT\",\"zip\":\"06098\"}"
  },
  "type" : "Satellite",
  "url" : {
    "url" : "http://www.ct.gov/dmv/cwp/view.asp?a=808&q=244602"
  }
}
 ]