[ {
  "total_reading_goal_range" : "52.3",
  "total_mathematics_goal_range" : "59.4",
  "year" : "2007",
  "group" : "State"
}
, {
  "total_reading_goal_range" : "50.2",
  "total_mathematics_goal_range" : "60",
  "year" : "2007",
  "group" : "Male"
}
, {
  "total_reading_goal_range" : "54.5",
  "total_mathematics_goal_range" : "58.8",
  "year" : "2007",
  "group" : "Female"
}
, {
  "total_reading_goal_range" : "23.6",
  "total_mathematics_goal_range" : "31.4",
  "year" : "2007",
  "group" : "Black"
}
, {
  "total_reading_goal_range" : "22.9",
  "total_mathematics_goal_range" : "34",
  "year" : "2007",
  "group" : "Hispanic"
}
, {
  "total_reading_goal_range" : "65.1",
  "total_mathematics_goal_range" : "70.9",
  "year" : "2007",
  "group" : "White"
}
, {
  "total_reading_goal_range" : "66.2",
  "total_mathematics_goal_range" : "77.3",
  "year" : "2007",
  "group" : "Asian American"
}
, {
  "total_reading_goal_range" : "48.1",
  "total_mathematics_goal_range" : "55.2",
  "year" : "2007",
  "group" : "Am. Indian"
}
, {
  "total_reading_goal_range" : "23.4",
  "total_mathematics_goal_range" : "34.4",
  "year" : "2007",
  "group" : "F/R Meals"
}
, {
  "total_reading_goal_range" : "65.1",
  "total_mathematics_goal_range" : "70.6",
  "year" : "2007",
  "group" : "Full Price"
}
, {
  "total_reading_goal_range" : "15.3",
  "total_mathematics_goal_range" : "23.8",
  "year" : "2007",
  "group" : "Special Ed."
}
, {
  "total_reading_goal_range" : "56.5",
  "total_mathematics_goal_range" : "63.5",
  "year" : "2007",
  "group" : "Not Special Ed."
}
, {
  "total_reading_goal_range" : "10.3",
  "total_mathematics_goal_range" : "26.1",
  "year" : "2007",
  "group" : "ELL"
}
, {
  "total_reading_goal_range" : "54.8",
  "total_mathematics_goal_range" : "61.4",
  "year" : "2007",
  "group" : "Not ELL"
}
, {
  "total_reading_goal_range" : "52.1",
  "total_mathematics_goal_range" : "60.2",
  "year" : "2008",
  "group" : "State"
}
, {
  "total_reading_goal_range" : "48",
  "total_mathematics_goal_range" : "60.6",
  "year" : "2008",
  "group" : "Male"
}
, {
  "total_reading_goal_range" : "56.3",
  "total_mathematics_goal_range" : "59.9",
  "year" : "2008",
  "group" : "Female"
}
, {
  "total_reading_goal_range" : "26.6",
  "total_mathematics_goal_range" : "32.7",
  "year" : "2008",
  "group" : "Black"
}
, {
  "total_reading_goal_range" : "24",
  "total_mathematics_goal_range" : "36.3",
  "year" : "2008",
  "group" : "Hispanic"
}
, {
  "total_reading_goal_range" : "64",
  "total_mathematics_goal_range" : "71.4",
  "year" : "2008",
  "group" : "White"
}
, {
  "total_reading_goal_range" : "67",
  "total_mathematics_goal_range" : "77.7",
  "year" : "2008",
  "group" : "Asian American"
}
, {
  "total_reading_goal_range" : "44.7",
  "total_mathematics_goal_range" : "53.9",
  "year" : "2008",
  "group" : "Am. Indian"
}
, {
  "total_reading_goal_range" : "24.5",
  "total_mathematics_goal_range" : "34.6",
  "year" : "2008",
  "group" : "F/R Meals"
}
, {
  "total_reading_goal_range" : "65.2",
  "total_mathematics_goal_range" : "72.5",
  "year" : "2008",
  "group" : "Full Price"
}
, {
  "total_reading_goal_range" : "13.4",
  "total_mathematics_goal_range" : "25.9",
  "year" : "2008",
  "group" : "Special Ed."
}
, {
  "total_reading_goal_range" : "56.5",
  "total_mathematics_goal_range" : "64.2",
  "year" : "2008",
  "group" : "Not Special Ed."
}
, {
  "total_reading_goal_range" : "10.3",
  "total_mathematics_goal_range" : "27.3",
  "year" : "2008",
  "group" : "ELL"
}
, {
  "total_reading_goal_range" : "54.5",
  "total_mathematics_goal_range" : "62.1",
  "year" : "2008",
  "group" : "Not ELL"
}
, {
  "total_reading_goal_range" : "54.6",
  "total_mathematics_goal_range" : "63",
  "year" : "2009",
  "group" : "State"
}
, {
  "total_reading_goal_range" : "51",
  "total_mathematics_goal_range" : "63.8",
  "year" : "2009",
  "group" : "Male"
}
, {
  "total_reading_goal_range" : "58.3",
  "total_mathematics_goal_range" : "62.2",
  "year" : "2009",
  "group" : "Female"
}
, {
  "total_reading_goal_range" : "28.3",
  "total_mathematics_goal_range" : "33.9",
  "year" : "2009",
  "group" : "Black"
}
, {
  "total_reading_goal_range" : "27",
  "total_mathematics_goal_range" : "39",
  "year" : "2009",
  "group" : "Hispanic"
}
, {
  "total_reading_goal_range" : "66.7",
  "total_mathematics_goal_range" : "74.5",
  "year" : "2009",
  "group" : "White"
}
, {
  "total_reading_goal_range" : "67.9",
  "total_mathematics_goal_range" : "80.3",
  "year" : "2009",
  "group" : "Asian American"
}
, {
  "total_reading_goal_range" : "46.1",
  "total_mathematics_goal_range" : "52.7",
  "year" : "2009",
  "group" : "Am. Indian"
}
, {
  "total_reading_goal_range" : "27.5",
  "total_mathematics_goal_range" : "37.9",
  "year" : "2009",
  "group" : "F/R Meals"
}
, {
  "total_reading_goal_range" : "67.7",
  "total_mathematics_goal_range" : "75.3",
  "year" : "2009",
  "group" : "Full Price"
}
, {
  "total_reading_goal_range" : "19.3",
  "total_mathematics_goal_range" : "30.7",
  "year" : "2009",
  "group" : "Special Ed."
}
, {
  "total_reading_goal_range" : "57.3",
  "total_mathematics_goal_range" : "65.8",
  "year" : "2009",
  "group" : "Not Special Ed."
}
, {
  "total_reading_goal_range" : "12.4",
  "total_mathematics_goal_range" : "29.7",
  "year" : "2009",
  "group" : "ELL"
}
, {
  "total_reading_goal_range" : "57.3",
  "total_mathematics_goal_range" : "65.2",
  "year" : "2009",
  "group" : "Not ELL"
}
, {
  "total_reading_goal_range" : "57.1",
  "total_mathematics_goal_range" : "62.6",
  "year" : "2010",
  "group" : "State"
}
, {
  "total_reading_goal_range" : "55.9",
  "total_mathematics_goal_range" : "63.7",
  "year" : "2010",
  "group" : "Male"
}
, {
  "total_reading_goal_range" : "58.3",
  "total_mathematics_goal_range" : "61.4",
  "year" : "2010",
  "group" : "Female"
}
, {
  "total_reading_goal_range" : "31.8",
  "total_mathematics_goal_range" : "34.6",
  "year" : "2010",
  "group" : "Black"
}
, {
  "total_reading_goal_range" : "30.6",
  "total_mathematics_goal_range" : "39.3",
  "year" : "2010",
  "group" : "Hispanic"
}
, {
  "total_reading_goal_range" : "69.1",
  "total_mathematics_goal_range" : "73.9",
  "year" : "2010",
  "group" : "White"
}
, {
  "total_reading_goal_range" : "68.9",
  "total_mathematics_goal_range" : "80",
  "year" : "2010",
  "group" : "Asian American"
}
, {
  "total_reading_goal_range" : "49.7",
  "total_mathematics_goal_range" : "58.2",
  "year" : "2010",
  "group" : "Am. Indian"
}
, {
  "total_reading_goal_range" : "31.5",
  "total_mathematics_goal_range" : "38.9",
  "year" : "2010",
  "group" : "F/R Meals"
}
, {
  "total_reading_goal_range" : "70.7",
  "total_mathematics_goal_range" : "75.3",
  "year" : "2010",
  "group" : "Full Price"
}
, {
  "total_reading_goal_range" : "21.2",
  "total_mathematics_goal_range" : "31.3",
  "year" : "2010",
  "group" : "Special Ed."
}
, {
  "total_reading_goal_range" : "59.8",
  "total_mathematics_goal_range" : "65.3",
  "year" : "2010",
  "group" : "Not Special Ed."
}
, {
  "total_reading_goal_range" : "12.9",
  "total_mathematics_goal_range" : "27.9",
  "year" : "2010",
  "group" : "ELL"
}
, {
  "total_reading_goal_range" : "59.8",
  "total_mathematics_goal_range" : "64.7",
  "year" : "2010",
  "group" : "Not ELL"
}
, {
  "total_reading_goal_range" : "58.3",
  "total_mathematics_goal_range" : "63.2",
  "year" : "2011",
  "group" : "State"
}
, {
  "total_reading_goal_range" : "56.8",
  "total_mathematics_goal_range" : "64.3",
  "year" : "2011",
  "group" : "Male"
}
, {
  "total_reading_goal_range" : "59.9",
  "total_mathematics_goal_range" : "62.1",
  "year" : "2011",
  "group" : "Female"
}
, {
  "total_reading_goal_range" : "33.7",
  "total_mathematics_goal_range" : "36.4",
  "year" : "2011",
  "group" : "Black or African Am"
}
, {
  "total_reading_goal_range" : "33.7",
  "total_mathematics_goal_range" : "41.1",
  "year" : "2011",
  "group" : "Hisp/Lat or any race"
}
, {
  "total_reading_goal_range" : "69.8",
  "total_mathematics_goal_range" : "73.8",
  "year" : "2011",
  "group" : "White"
}
, {
  "total_reading_goal_range" : "70.3",
  "total_mathematics_goal_range" : "82.4",
  "year" : "2011",
  "group" : "Asian"
}
, {
  "total_reading_goal_range" : "39.6",
  "total_mathematics_goal_range" : "55.7",
  "year" : "2011",
  "group" : "Am Ind or AK Native"
}
, {
  "year" : "2011",
  "group" : "Nat of HI or Pac Isl"
}
, {
  "total_reading_goal_range" : "60.8",
  "total_mathematics_goal_range" : "65.8",
  "year" : "2011",
  "group" : "Two or more races"
}
, {
  "total_reading_goal_range" : "34",
  "total_mathematics_goal_range" : "40.7",
  "year" : "2011",
  "group" : "F/R Meals"
}
, {
  "total_reading_goal_range" : "72",
  "total_mathematics_goal_range" : "76",
  "year" : "2011",
  "group" : "Full Price"
}
, {
  "total_reading_goal_range" : "23",
  "total_mathematics_goal_range" : "32.8",
  "year" : "2011",
  "group" : "Special Ed."
}
, {
  "total_reading_goal_range" : "60.9",
  "total_mathematics_goal_range" : "65.8",
  "year" : "2011",
  "group" : "Not Special Ed."
}
, {
  "total_reading_goal_range" : "13.8",
  "total_mathematics_goal_range" : "30.7",
  "year" : "2011",
  "group" : "ELL"
}
, {
  "total_reading_goal_range" : "61.2",
  "total_mathematics_goal_range" : "65.4",
  "year" : "2011",
  "group" : "Not ELL"
}
, {
  "total_reading_goal_range" : "59.2",
  "total_mathematics_goal_range" : "66.8",
  "year" : "2012",
  "group" : "State"
}
, {
  "total_reading_goal_range" : "57.5",
  "total_mathematics_goal_range" : "67.8",
  "year" : "2012",
  "group" : "Male"
}
, {
  "total_reading_goal_range" : "61",
  "total_mathematics_goal_range" : "65.7",
  "year" : "2012",
  "group" : "Female"
}
, {
  "total_reading_goal_range" : "34.1",
  "total_mathematics_goal_range" : "38.3",
  "year" : "2012",
  "group" : "Black or African Am"
}
, {
  "total_reading_goal_range" : "34.6",
  "total_mathematics_goal_range" : "44.8",
  "year" : "2012",
  "group" : "Hisp/Lat or any race"
}
, {
  "total_reading_goal_range" : "70.9",
  "total_mathematics_goal_range" : "78.1",
  "year" : "2012",
  "group" : "White"
}
, {
  "total_reading_goal_range" : "72.7",
  "total_mathematics_goal_range" : "83",
  "year" : "2012",
  "group" : "Asian"
}
, {
  "total_reading_goal_range" : "53",
  "total_mathematics_goal_range" : "52.5",
  "year" : "2012",
  "group" : "Am Ind or AK Native"
}
, {
  "total_reading_goal_range" : "77.8",
  "total_mathematics_goal_range" : "88.5",
  "year" : "2012",
  "group" : "Nat of HI or Pac Isl"
}
, {
  "total_reading_goal_range" : "61.8",
  "total_mathematics_goal_range" : "67.1",
  "year" : "2012",
  "group" : "Two or more races"
}
, {
  "total_reading_goal_range" : "35.2",
  "total_mathematics_goal_range" : "44.1",
  "year" : "2012",
  "group" : "F/R Meals"
}
, {
  "total_reading_goal_range" : "73.1",
  "total_mathematics_goal_range" : "79.9",
  "year" : "2012",
  "group" : "Full Price"
}
, {
  "total_reading_goal_range" : "25.9",
  "total_mathematics_goal_range" : "34.6",
  "year" : "2012",
  "group" : "Special Ed."
}
, {
  "total_reading_goal_range" : "61.6",
  "total_mathematics_goal_range" : "69.4",
  "year" : "2012",
  "group" : "Not Special Ed."
}
, {
  "total_reading_goal_range" : "14.4",
  "total_mathematics_goal_range" : "29.9",
  "year" : "2012",
  "group" : "ELL"
}
, {
  "total_reading_goal_range" : "62",
  "total_mathematics_goal_range" : "69.1",
  "year" : "2012",
  "group" : "Not ELL"
}
, {
  "total_reading_goal_range" : "56.9",
  "total_mathematics_goal_range" : "61.6",
  "year" : "2013",
  "group" : "State"
}
, {
  "total_reading_goal_range" : "54.8",
  "total_mathematics_goal_range" : "62.7",
  "year" : "2013",
  "group" : "Male"
}
, {
  "total_reading_goal_range" : "59.1",
  "total_mathematics_goal_range" : "60.5",
  "year" : "2013",
  "group" : "Female"
}
, {
  "total_reading_goal_range" : "32.7",
  "total_mathematics_goal_range" : "34.3",
  "year" : "2013",
  "group" : "Black or African Am"
}
, {
  "total_reading_goal_range" : "32.1",
  "total_mathematics_goal_range" : "38.6",
  "year" : "2013",
  "group" : "Hisp/Lat or any race"
}
, {
  "total_reading_goal_range" : "69.4",
  "total_mathematics_goal_range" : "73.9",
  "year" : "2013",
  "group" : "White"
}
, {
  "total_reading_goal_range" : "70.3",
  "total_mathematics_goal_range" : "78.5",
  "year" : "2013",
  "group" : "Asian"
}
, {
  "total_reading_goal_range" : "41",
  "total_mathematics_goal_range" : "43.9",
  "year" : "2013",
  "group" : "Am Ind or AK Native"
}
, {
  "total_reading_goal_range" : "46.9",
  "total_mathematics_goal_range" : "59.4",
  "year" : "2013",
  "group" : "Nat of HI or Pac Isl"
}
, {
  "total_reading_goal_range" : "57.7",
  "total_mathematics_goal_range" : "62.2",
  "year" : "2013",
  "group" : "Two or more races"
}
, {
  "total_reading_goal_range" : "32.4",
  "total_mathematics_goal_range" : "38.1",
  "year" : "2013",
  "group" : "F/R Meals"
}
, {
  "total_reading_goal_range" : "71.5",
  "total_mathematics_goal_range" : "75.7",
  "year" : "2013",
  "group" : "Full Price"
}
, {
  "total_reading_goal_range" : "23.9",
  "total_mathematics_goal_range" : "30.5",
  "year" : "2013",
  "group" : "Special Ed."
}
, {
  "total_reading_goal_range" : "59.2",
  "total_mathematics_goal_range" : "64.2",
  "year" : "2013",
  "group" : "Not Special Ed."
}
, {
  "total_reading_goal_range" : "10.9",
  "total_mathematics_goal_range" : "21.8",
  "year" : "2013",
  "group" : "ELL"
}
, {
  "total_reading_goal_range" : "59.9",
  "total_mathematics_goal_range" : "64.2",
  "year" : "2013",
  "group" : "Not ELL"
}
 ]