[ {
  "click_on_the_link" : {
    "url" : "https://www.dmvselfservice.ct.gov/SpecialPermitForm.aspx"
  },
  "online_self_services_at_dmv" : "Special Permit Application"
}
, {
  "click_on_the_link" : {
    "url" : "https://www.dmvselfservice.ct.gov/LostStolenPlateForm.aspx"
  },
  "online_self_services_at_dmv" : "Lost Stolen Plate"
}
, {
  "click_on_the_link" : {
    "url" : "https://www.dmvselfservice.ct.gov/RegistrationVerificationService.aspx"
  },
  "online_self_services_at_dmv" : "Registration Verification"
}
, {
  "click_on_the_link" : {
    "url" : "https://www.dmvselfservice.ct.gov/VanityPlateService.aspx"
  },
  "online_self_services_at_dmv" : "Vanity Plate Lookup"
}
, {
  "click_on_the_link" : {
    "url" : "https://www.dmvselfservice.ct.gov/CDLSelfCertiForm.aspx"
  },
  "online_self_services_at_dmv" : "CDL self cert"
}
, {
  "click_on_the_link" : {
    "url" : "https://www.dmvselfservice.ct.gov/NemoService.aspx"
  },
  "online_self_services_at_dmv" : "Average Wait Time"
}
 ]