[ {
  "town_code" : "1",
  "municipality" : "ANDOVER",
  "number_of_returns" : "1491",
  "ct_income_tax" : "4606400"
}
, {
  "town_code" : "2",
  "municipality" : "ANSONIA",
  "number_of_returns" : "8229",
  "ct_income_tax" : "12859369"
}
, {
  "town_code" : "3",
  "municipality" : "ASHFORD",
  "number_of_returns" : "1995",
  "ct_income_tax" : "4921563"
}
, {
  "town_code" : "4",
  "municipality" : "AVON",
  "number_of_returns" : "7984",
  "ct_income_tax" : "72302384"
}
, {
  "town_code" : "5",
  "municipality" : "BARKHAMSTED",
  "number_of_returns" : "1796",
  "ct_income_tax" : "7035596"
}
, {
  "town_code" : "6",
  "municipality" : "BEACON FALLS",
  "number_of_returns" : "2689",
  "ct_income_tax" : "6830314"
}
, {
  "town_code" : "7",
  "municipality" : "BERLIN",
  "number_of_returns" : "9451",
  "ct_income_tax" : "31448702"
}
, {
  "town_code" : "8",
  "municipality" : "BETHANY",
  "number_of_returns" : "2447",
  "ct_income_tax" : "12990194"
}
, {
  "town_code" : "9",
  "municipality" : "BETHEL",
  "number_of_returns" : "8189",
  "ct_income_tax" : "22736846"
}
, {
  "town_code" : "10",
  "municipality" : "BETHLEHEM",
  "number_of_returns" : "1618",
  "ct_income_tax" : "4924307"
}
, {
  "town_code" : "11",
  "municipality" : "BLOOMFIELD",
  "number_of_returns" : "10322",
  "ct_income_tax" : "29158464"
}
, {
  "town_code" : "12",
  "municipality" : "BOLTON",
  "number_of_returns" : "2343",
  "ct_income_tax" : "8970370"
}
, {
  "town_code" : "13",
  "municipality" : "BOZRAH",
  "number_of_returns" : "1144",
  "ct_income_tax" : "2861694"
}
, {
  "town_code" : "14",
  "municipality" : "BRANFORD",
  "number_of_returns" : "13599",
  "ct_income_tax" : "51614022"
}
, {
  "town_code" : "15",
  "municipality" : "BRIDGEPORT",
  "number_of_returns" : "56379",
  "ct_income_tax" : "51904762"
}
, {
  "town_code" : "16",
  "municipality" : "BRIDGEWATER",
  "number_of_returns" : "773",
  "ct_income_tax" : "4583023"
}
, {
  "town_code" : "17",
  "municipality" : "BRISTOL",
  "number_of_returns" : "27309",
  "ct_income_tax" : "56025216"
}
, {
  "town_code" : "18",
  "municipality" : "BROOKFIELD",
  "number_of_returns" : "7420",
  "ct_income_tax" : "26980986"
}
, {
  "town_code" : "19",
  "municipality" : "BROOKLYN",
  "number_of_returns" : "3245",
  "ct_income_tax" : "6794955"
}
, {
  "town_code" : "20",
  "municipality" : "BURLINGTON",
  "number_of_returns" : "4057",
  "ct_income_tax" : "18446848"
}
, {
  "town_code" : "21",
  "municipality" : "CANAAN",
  "number_of_returns" : "1805",
  "ct_income_tax" : "3869201"
}
, {
  "town_code" : "22",
  "municipality" : "CANTERBURY",
  "number_of_returns" : "2278",
  "ct_income_tax" : "4569592"
}
, {
  "town_code" : "23",
  "municipality" : "CANTON",
  "number_of_returns" : "4487",
  "ct_income_tax" : "21998820"
}
, {
  "town_code" : "24",
  "municipality" : "CHAPLIN",
  "number_of_returns" : "1014",
  "ct_income_tax" : "1935421"
}
, {
  "town_code" : "25",
  "municipality" : "CHESHIRE",
  "number_of_returns" : "11720",
  "ct_income_tax" : "60675031"
}
, {
  "town_code" : "26",
  "municipality" : "CHESTER",
  "number_of_returns" : "1719",
  "ct_income_tax" : "6006533"
}
, {
  "town_code" : "27",
  "municipality" : "CLINTON",
  "number_of_returns" : "6044",
  "ct_income_tax" : "18218929"
}
, {
  "town_code" : "28",
  "municipality" : "COLCHESTER",
  "number_of_returns" : "7089",
  "ct_income_tax" : "22425528"
}
, {
  "town_code" : "29",
  "municipality" : "COLEBROOK",
  "number_of_returns" : "289",
  "ct_income_tax" : "1039788"
}
, {
  "town_code" : "30",
  "municipality" : "COLUMBIA",
  "number_of_returns" : "2538",
  "ct_income_tax" : "8166912"
}
, {
  "town_code" : "31",
  "municipality" : "CORNWALL",
  "number_of_returns" : "701",
  "ct_income_tax" : "2625292"
}
, {
  "town_code" : "32",
  "municipality" : "COVENTRY",
  "number_of_returns" : "5541",
  "ct_income_tax" : "16266228"
}
, {
  "town_code" : "33",
  "municipality" : "CROMWELL",
  "number_of_returns" : "6736",
  "ct_income_tax" : "23689748"
}
, {
  "town_code" : "34",
  "municipality" : "DANBURY",
  "number_of_returns" : "32974",
  "ct_income_tax" : "62536655"
}
, {
  "town_code" : "35",
  "municipality" : "DARIEN",
  "number_of_returns" : "7849",
  "ct_income_tax" : "139855074"
}
, {
  "town_code" : "36",
  "municipality" : "DEEP RIVER",
  "number_of_returns" : "2117",
  "ct_income_tax" : "6914198"
}
, {
  "town_code" : "37",
  "municipality" : "DERBY",
  "number_of_returns" : "5596",
  "ct_income_tax" : "10090165"
}
, {
  "town_code" : "38",
  "municipality" : "DURHAM",
  "number_of_returns" : "3211",
  "ct_income_tax" : "15373835"
}
, {
  "town_code" : "39",
  "municipality" : "EASTFORD",
  "number_of_returns" : "664",
  "ct_income_tax" : "1654664"
}
, {
  "town_code" : "40",
  "municipality" : "EAST GRANBY",
  "number_of_returns" : "2381",
  "ct_income_tax" : "8501123"
}
, {
  "town_code" : "41",
  "municipality" : "EAST HADDAM",
  "number_of_returns" : "3584",
  "ct_income_tax" : "11805373"
}
, {
  "town_code" : "42",
  "municipality" : "EAST HAMPTON",
  "number_of_returns" : "5927",
  "ct_income_tax" : "20195372"
}
, {
  "town_code" : "43",
  "municipality" : "EAST HARTFORD",
  "number_of_returns" : "23466",
  "ct_income_tax" : "30864226"
}
, {
  "town_code" : "44",
  "municipality" : "EAST HAVEN",
  "number_of_returns" : "13057",
  "ct_income_tax" : "25922824"
}
, {
  "town_code" : "45",
  "municipality" : "EAST LYME",
  "number_of_returns" : "8028",
  "ct_income_tax" : "28932185"
}
, {
  "town_code" : "46",
  "municipality" : "EASTON",
  "number_of_returns" : "3049",
  "ct_income_tax" : "31136949"
}
, {
  "town_code" : "47",
  "municipality" : "EAST WINDSOR",
  "number_of_returns" : "5322",
  "ct_income_tax" : "11487864"
}
, {
  "town_code" : "48",
  "municipality" : "ELLINGTON",
  "number_of_returns" : "7024",
  "ct_income_tax" : "23259797"
}
, {
  "town_code" : "49",
  "municipality" : "ENFIELD",
  "number_of_returns" : "19111",
  "ct_income_tax" : "35634721"
}
, {
  "town_code" : "50",
  "municipality" : "ESSEX",
  "number_of_returns" : "3127",
  "ct_income_tax" : "18024583"
}
, {
  "town_code" : "51",
  "municipality" : "FAIRFIELD",
  "number_of_returns" : "23179",
  "ct_income_tax" : "160086528"
}
, {
  "town_code" : "52",
  "municipality" : "FARMINGTON",
  "number_of_returns" : "11682",
  "ct_income_tax" : "72706859"
}
, {
  "town_code" : "53",
  "municipality" : "FRANKLIN",
  "number_of_returns" : "865",
  "ct_income_tax" : "2336584"
}
, {
  "town_code" : "54",
  "municipality" : "GLASTONBURY",
  "number_of_returns" : "15078",
  "ct_income_tax" : "92421407"
}
, {
  "town_code" : "55",
  "municipality" : "GOSHEN",
  "number_of_returns" : "1281",
  "ct_income_tax" : "4524907"
}
, {
  "town_code" : "56",
  "municipality" : "GRANBY",
  "number_of_returns" : "4881",
  "ct_income_tax" : "21614401"
}
, {
  "town_code" : "57",
  "municipality" : "GREENWICH",
  "number_of_returns" : "25611",
  "ct_income_tax" : "619906088"
}
, {
  "town_code" : "58",
  "municipality" : "GRISWOLD",
  "number_of_returns" : "5536",
  "ct_income_tax" : "9673328"
}
, {
  "town_code" : "59",
  "municipality" : "GROTON",
  "number_of_returns" : "10729",
  "ct_income_tax" : "22121226"
}
, {
  "town_code" : "60",
  "municipality" : "GUILFORD",
  "number_of_returns" : "9667",
  "ct_income_tax" : "56590473"
}
, {
  "town_code" : "61",
  "municipality" : "HADDAM",
  "number_of_returns" : "3708",
  "ct_income_tax" : "13672495"
}
, {
  "town_code" : "62",
  "municipality" : "HAMDEN",
  "number_of_returns" : "24938",
  "ct_income_tax" : "69450228"
}
, {
  "town_code" : "63",
  "municipality" : "HAMPTON",
  "number_of_returns" : "1087",
  "ct_income_tax" : "2521573"
}
, {
  "town_code" : "64",
  "municipality" : "HARTFORD",
  "number_of_returns" : "47192",
  "ct_income_tax" : "42196083"
}
, {
  "town_code" : "65",
  "municipality" : "HARTLAND",
  "number_of_returns" : "743",
  "ct_income_tax" : "2105074"
}
, {
  "town_code" : "66",
  "municipality" : "HARWINTON",
  "number_of_returns" : "2484",
  "ct_income_tax" : "9016028"
}
, {
  "town_code" : "67",
  "municipality" : "HEBRON",
  "number_of_returns" : "4062",
  "ct_income_tax" : "16386676"
}
, {
  "town_code" : "68",
  "municipality" : "KENT",
  "number_of_returns" : "1246",
  "ct_income_tax" : "4182976"
}
, {
  "town_code" : "69",
  "municipality" : "KILLINGLY",
  "number_of_returns" : "7528",
  "ct_income_tax" : "10080811"
}
, {
  "town_code" : "70",
  "municipality" : "KILLINGWORTH",
  "number_of_returns" : "2833",
  "ct_income_tax" : "11995689"
}
, {
  "town_code" : "71",
  "municipality" : "LEBANON",
  "number_of_returns" : "3185",
  "ct_income_tax" : "8113661"
}
, {
  "town_code" : "72",
  "municipality" : "LEDYARD",
  "number_of_returns" : "6547",
  "ct_income_tax" : "17222850"
}
, {
  "town_code" : "73",
  "municipality" : "LISBON",
  "number_of_returns" : "1612",
  "ct_income_tax" : "3916820"
}
, {
  "town_code" : "74",
  "municipality" : "LITCHFIELD",
  "number_of_returns" : "3666",
  "ct_income_tax" : "15515941"
}
, {
  "town_code" : "75",
  "municipality" : "LYME",
  "number_of_returns" : "917",
  "ct_income_tax" : "5380528"
}
, {
  "town_code" : "76",
  "municipality" : "MADISON",
  "number_of_returns" : "7797",
  "ct_income_tax" : "51852741"
}
, {
  "town_code" : "77",
  "municipality" : "MANCHESTER",
  "number_of_returns" : "26921",
  "ct_income_tax" : "57957464"
}
, {
  "town_code" : "78",
  "municipality" : "MANSFIELD",
  "number_of_returns" : "5460",
  "ct_income_tax" : "16769393"
}
, {
  "town_code" : "79",
  "municipality" : "MARLBOROUGH",
  "number_of_returns" : "2757",
  "ct_income_tax" : "11484152"
}
, {
  "town_code" : "80",
  "municipality" : "MERIDEN",
  "number_of_returns" : "26313",
  "ct_income_tax" : "44321345"
}
, {
  "town_code" : "81",
  "municipality" : "MIDDLEBURY",
  "number_of_returns" : "3342",
  "ct_income_tax" : "18115204"
}
, {
  "town_code" : "82",
  "municipality" : "MIDDLEFIELD",
  "number_of_returns" : "1979",
  "ct_income_tax" : "6619626"
}
, {
  "town_code" : "83",
  "municipality" : "MIDDLETOWN",
  "number_of_returns" : "20105",
  "ct_income_tax" : "48710544"
}
, {
  "town_code" : "84",
  "municipality" : "MILFORD",
  "number_of_returns" : "24874",
  "ct_income_tax" : "102797472"
}
, {
  "town_code" : "85",
  "municipality" : "MONROE",
  "number_of_returns" : "8418",
  "ct_income_tax" : "36368217"
}
, {
  "town_code" : "86",
  "municipality" : "MONTVILLE",
  "number_of_returns" : "8111",
  "ct_income_tax" : "16498744"
}
, {
  "town_code" : "87",
  "municipality" : "MORRIS",
  "number_of_returns" : "999",
  "ct_income_tax" : "3270008"
}
, {
  "town_code" : "88",
  "municipality" : "NAUGATUCK",
  "number_of_returns" : "14030",
  "ct_income_tax" : "26972130"
}
, {
  "town_code" : "89",
  "municipality" : "NEW BRITAIN",
  "number_of_returns" : "29407",
  "ct_income_tax" : "33036715"
}
, {
  "town_code" : "90",
  "municipality" : "NEW CANAAN",
  "number_of_returns" : "7852",
  "ct_income_tax" : "208802864"
}
, {
  "town_code" : "91",
  "municipality" : "NEW FAIRFIELD",
  "number_of_returns" : "5921",
  "ct_income_tax" : "17356122"
}
, {
  "town_code" : "92",
  "municipality" : "NEW HARTFORD",
  "number_of_returns" : "3095",
  "ct_income_tax" : "12386919"
}
, {
  "town_code" : "93",
  "municipality" : "NEW HAVEN",
  "number_of_returns" : "45589",
  "ct_income_tax" : "79085644"
}
, {
  "town_code" : "94",
  "municipality" : "NEWINGTON",
  "number_of_returns" : "14833",
  "ct_income_tax" : "36488946"
}
, {
  "town_code" : "95",
  "municipality" : "NEW LONDON",
  "number_of_returns" : "10432",
  "ct_income_tax" : "13288549"
}
, {
  "town_code" : "96",
  "municipality" : "NEW MILFORD",
  "number_of_returns" : "12173",
  "ct_income_tax" : "32030598"
}
, {
  "town_code" : "97",
  "municipality" : "NEWTOWN",
  "number_of_returns" : "11169",
  "ct_income_tax" : "60519969"
}
, {
  "town_code" : "98",
  "municipality" : "NORFOLK",
  "number_of_returns" : "768",
  "ct_income_tax" : "2402275"
}
, {
  "town_code" : "99",
  "municipality" : "NORTH BRANFORD",
  "number_of_returns" : "6729",
  "ct_income_tax" : "19977948"
}
, {
  "town_code" : "100",
  "municipality" : "NORTH CANAAN",
  "number_of_returns" : "261",
  "ct_income_tax" : "382365"
}
, {
  "town_code" : "101",
  "municipality" : "NORTH HAVEN",
  "number_of_returns" : "11169",
  "ct_income_tax" : "37227395"
}
, {
  "town_code" : "102",
  "municipality" : "NORTH STONINGTON",
  "number_of_returns" : "2338",
  "ct_income_tax" : "6614863"
}
, {
  "town_code" : "103",
  "municipality" : "NORWALK",
  "number_of_returns" : "38172",
  "ct_income_tax" : "122042409"
}
, {
  "town_code" : "104",
  "municipality" : "NORWICH",
  "number_of_returns" : "16984",
  "ct_income_tax" : "24508992"
}
, {
  "town_code" : "105",
  "municipality" : "OLD LYME",
  "number_of_returns" : "3629",
  "ct_income_tax" : "20340563"
}
, {
  "town_code" : "106",
  "municipality" : "OLD SAYBROOK",
  "number_of_returns" : "4865",
  "ct_income_tax" : "20490673"
}
, {
  "town_code" : "107",
  "municipality" : "ORANGE",
  "number_of_returns" : "6307",
  "ct_income_tax" : "35169415"
}
, {
  "town_code" : "108",
  "municipality" : "OXFORD",
  "number_of_returns" : "5518",
  "ct_income_tax" : "20459010"
}
, {
  "town_code" : "109",
  "municipality" : "PLAINFIELD",
  "number_of_returns" : "6248",
  "ct_income_tax" : "9179613"
}
, {
  "town_code" : "110",
  "municipality" : "PLAINVILLE",
  "number_of_returns" : "8567",
  "ct_income_tax" : "17296068"
}
, {
  "town_code" : "111",
  "municipality" : "PLYMOUTH",
  "number_of_returns" : "5585",
  "ct_income_tax" : "11450494"
}
, {
  "town_code" : "112",
  "municipality" : "POMFRET",
  "number_of_returns" : "1817",
  "ct_income_tax" : "5461126"
}
, {
  "town_code" : "113",
  "municipality" : "PORTLAND",
  "number_of_returns" : "4295",
  "ct_income_tax" : "14290027"
}
, {
  "town_code" : "114",
  "municipality" : "PRESTON",
  "number_of_returns" : "2085",
  "ct_income_tax" : "5061271"
}
, {
  "town_code" : "115",
  "municipality" : "PROSPECT",
  "number_of_returns" : "4274",
  "ct_income_tax" : "12836122"
}
, {
  "town_code" : "116",
  "municipality" : "PUTNAM",
  "number_of_returns" : "3876",
  "ct_income_tax" : "4976062"
}
, {
  "town_code" : "117",
  "municipality" : "REDDING",
  "number_of_returns" : "3863",
  "ct_income_tax" : "36590732"
}
, {
  "town_code" : "118",
  "municipality" : "RIDGEFIELD",
  "number_of_returns" : "9698",
  "ct_income_tax" : "102560062"
}
, {
  "town_code" : "119",
  "municipality" : "ROCKY HILL",
  "number_of_returns" : "9366",
  "ct_income_tax" : "31577010"
}
, {
  "town_code" : "120",
  "municipality" : "ROXBURY",
  "number_of_returns" : "994",
  "ct_income_tax" : "7391640"
}
, {
  "town_code" : "121",
  "municipality" : "SALEM",
  "number_of_returns" : "1841",
  "ct_income_tax" : "6941438"
}
, {
  "town_code" : "122",
  "municipality" : "SALISBURY",
  "number_of_returns" : "1581",
  "ct_income_tax" : "6167172"
}
, {
  "town_code" : "123",
  "municipality" : "SCOTLAND",
  "number_of_returns" : "328",
  "ct_income_tax" : "634655"
}
, {
  "town_code" : "124",
  "municipality" : "SEYMOUR",
  "number_of_returns" : "7385",
  "ct_income_tax" : "18421757"
}
, {
  "town_code" : "125",
  "municipality" : "SHARON",
  "number_of_returns" : "999",
  "ct_income_tax" : "6063872"
}
, {
  "town_code" : "126",
  "municipality" : "SHELTON",
  "number_of_returns" : "18060",
  "ct_income_tax" : "58718555"
}
, {
  "town_code" : "127",
  "municipality" : "SHERMAN",
  "number_of_returns" : "1598",
  "ct_income_tax" : "5915566"
}
, {
  "town_code" : "128",
  "municipality" : "SIMSBURY",
  "number_of_returns" : "9940",
  "ct_income_tax" : "69853404"
}
, {
  "town_code" : "129",
  "municipality" : "SOMERS",
  "number_of_returns" : "4211",
  "ct_income_tax" : "14878424"
}
, {
  "town_code" : "130",
  "municipality" : "SOUTHBURY",
  "number_of_returns" : "8705",
  "ct_income_tax" : "39307706"
}
, {
  "town_code" : "131",
  "municipality" : "SOUTHINGTON",
  "number_of_returns" : "19453",
  "ct_income_tax" : "62881981"
}
, {
  "town_code" : "132",
  "municipality" : "SOUTH WINDSOR",
  "number_of_returns" : "11848",
  "ct_income_tax" : "45772687"
}
, {
  "town_code" : "133",
  "municipality" : "SPRAGUE",
  "number_of_returns" : "1488",
  "ct_income_tax" : "2702655"
}
, {
  "town_code" : "134",
  "municipality" : "STAFFORD",
  "number_of_returns" : "5142",
  "ct_income_tax" : "10169710"
}
, {
  "town_code" : "135",
  "municipality" : "STAMFORD",
  "number_of_returns" : "55567",
  "ct_income_tax" : "228878512"
}
, {
  "town_code" : "136",
  "municipality" : "STERLING",
  "number_of_returns" : "1364",
  "ct_income_tax" : "2011462"
}
, {
  "town_code" : "137",
  "municipality" : "STONINGTON",
  "number_of_returns" : "12160",
  "ct_income_tax" : "42579553"
}
, {
  "town_code" : "138",
  "municipality" : "STRATFORD",
  "number_of_returns" : "23784",
  "ct_income_tax" : "53770482"
}
, {
  "town_code" : "139",
  "municipality" : "SUFFIELD",
  "number_of_returns" : "6020",
  "ct_income_tax" : "24438123"
}
, {
  "town_code" : "140",
  "municipality" : "THOMASTON",
  "number_of_returns" : "3547",
  "ct_income_tax" : "7869608"
}
, {
  "town_code" : "141",
  "municipality" : "THOMPSON",
  "number_of_returns" : "3993",
  "ct_income_tax" : "4446791"
}
, {
  "town_code" : "142",
  "municipality" : "TOLLAND",
  "number_of_returns" : "6366",
  "ct_income_tax" : "27234199"
}
, {
  "town_code" : "143",
  "municipality" : "TORRINGTON",
  "number_of_returns" : "15686",
  "ct_income_tax" : "27331254"
}
, {
  "town_code" : "144",
  "municipality" : "TRUMBULL",
  "number_of_returns" : "15352",
  "ct_income_tax" : "68557799"
}
, {
  "town_code" : "145",
  "municipality" : "UNION",
  "number_of_returns" : "341",
  "ct_income_tax" : "905978"
}
, {
  "town_code" : "146",
  "municipality" : "VERNON",
  "number_of_returns" : "13745",
  "ct_income_tax" : "32993113"
}
, {
  "town_code" : "147",
  "municipality" : "VOLUNTOWN",
  "number_of_returns" : "1198",
  "ct_income_tax" : "2358717"
}
, {
  "town_code" : "148",
  "municipality" : "WALLINGFORD",
  "number_of_returns" : "20699",
  "ct_income_tax" : "60321990"
}
, {
  "town_code" : "149",
  "municipality" : "WARREN",
  "number_of_returns" : "435",
  "ct_income_tax" : "1217479"
}
, {
  "town_code" : "150",
  "municipality" : "WASHINGTON",
  "number_of_returns" : "1876",
  "ct_income_tax" : "9184970"
}
, {
  "town_code" : "151",
  "municipality" : "WATERBURY",
  "number_of_returns" : "45141",
  "ct_income_tax" : "49759850"
}
, {
  "town_code" : "152",
  "municipality" : "WATERFORD",
  "number_of_returns" : "9249",
  "ct_income_tax" : "26952934"
}
, {
  "town_code" : "153",
  "municipality" : "WATERTOWN",
  "number_of_returns" : "9969",
  "ct_income_tax" : "27198700"
}
, {
  "town_code" : "154",
  "municipality" : "WESTBROOK",
  "number_of_returns" : "3131",
  "ct_income_tax" : "9544864"
}
, {
  "town_code" : "155",
  "municipality" : "WEST HARTFORD",
  "number_of_returns" : "27744",
  "ct_income_tax" : "137050991"
}
, {
  "town_code" : "156",
  "municipality" : "WEST HAVEN",
  "number_of_returns" : "23669",
  "ct_income_tax" : "36228841"
}
, {
  "town_code" : "157",
  "municipality" : "WESTON",
  "number_of_returns" : "3901",
  "ct_income_tax" : "57156637"
}
, {
  "town_code" : "158",
  "municipality" : "WESTPORT",
  "number_of_returns" : "11226",
  "ct_income_tax" : "204755753"
}
, {
  "town_code" : "159",
  "municipality" : "WETHERSFIELD",
  "number_of_returns" : "12827",
  "ct_income_tax" : "39124331"
}
, {
  "town_code" : "160",
  "municipality" : "WILLINGTON",
  "number_of_returns" : "2538",
  "ct_income_tax" : "6989329"
}
, {
  "town_code" : "161",
  "municipality" : "WILTON",
  "number_of_returns" : "7066",
  "ct_income_tax" : "91184650"
}
, {
  "town_code" : "162",
  "municipality" : "WINCHESTER",
  "number_of_returns" : "5238",
  "ct_income_tax" : "9606929"
}
, {
  "town_code" : "163",
  "municipality" : "WINDHAM",
  "number_of_returns" : "9190",
  "ct_income_tax" : "10694717"
}
, {
  "town_code" : "164",
  "municipality" : "WINDSOR",
  "number_of_returns" : "14067",
  "ct_income_tax" : "35769105"
}
, {
  "town_code" : "165",
  "municipality" : "WINDSOR LOCKS",
  "number_of_returns" : "6152",
  "ct_income_tax" : "11677351"
}
, {
  "town_code" : "166",
  "municipality" : "WOLCOTT",
  "number_of_returns" : "7406",
  "ct_income_tax" : "19329635"
}
, {
  "town_code" : "167",
  "municipality" : "WOODBRIDGE",
  "number_of_returns" : "3962",
  "ct_income_tax" : "36788864"
}
, {
  "town_code" : "168",
  "municipality" : "WOODBURY",
  "number_of_returns" : "4515",
  "ct_income_tax" : "20378218"
}
, {
  "town_code" : "169",
  "municipality" : "WOODSTOCK",
  "number_of_returns" : "3404",
  "ct_income_tax" : "8600367"
}
, {
  "municipality" : "Total",
  "number_of_returns" : "1525277",
  "ct_income_tax" : "5689753059"
}
 ]