[ {
  "license_restrictions" : "NO AIR BRAKES( L )",
  "nov_2013" : "5357",
  "nov_2014" : "5250",
  "nov_2012" : "5498"
}
, {
  "license_restrictions" : "AUTOMATIC TRANS( E )",
  "nov_2013" : "1540",
  "nov_2014" : "1535",
  "nov_2012" : "1556"
}
, {
  "license_restrictions" : "MECHANICAL AID( C )",
  "nov_2013" : "1431",
  "nov_2014" : "1416",
  "nov_2012" : "1449"
}
, {
  "license_restrictions" : "CDL INTRASTATE ONLY( K )",
  "nov_2013" : "1100",
  "nov_2014" : "1272",
  "nov_2012" : "1074"
}
, {
  "license_restrictions" : "HEARING AID( U )",
  "nov_2013" : "588",
  "nov_2014" : "590",
  "nov_2012" : "561"
}
, {
  "license_restrictions" : "MED WAIVER( W )",
  "nov_2013" : "545",
  "nov_2014" : "582",
  "nov_2012" : "533"
}
, {
  "license_restrictions" : "NO LIMIT ACCESS( R )",
  "nov_2013" : "422",
  "nov_2014" : "403",
  "nov_2012" : "473"
}
, {
  "license_restrictions" : "OUTSIDE MIRROR( F )",
  "nov_2013" : "470",
  "nov_2014" : "461",
  "nov_2012" : "464"
}
, {
  "license_restrictions" : "LIMIT TO DAY( G )",
  "nov_2013" : "376",
  "nov_2014" : "368",
  "nov_2012" : "405"
}
, {
  "license_restrictions" : "PROSTHETIC AID( D )",
  "nov_2013" : "71",
  "nov_2014" : "69",
  "nov_2012" : "77"
}
 ]