[ {
  "phone_number" : "(860) 249-9625",
  "location" : "500 ALBANY AV",
  "description" : "Community Health Services, Inc.",
  "name" : "Community Health Services, Inc.",
  "geom" : {
    "needs_recoding" : false,
    "longitude" : "-72.6849759475512",
    "latitude" : "41.7778861525514"
  }
}
, {
  "phone_number" : "(860) 808-8607",
  "location" : "500 ALBANY AV",
  "description" : "Clinical Services - Adult Medicine",
  "name" : "Community Health Services, Inc.",
  "geom" : {
    "needs_recoding" : false,
    "longitude" : "-72.6849759475512",
    "latitude" : "41.7778861525514"
  }
}
, {
  "phone_number" : "(860) 808-8720",
  "location" : "500 ALBANY AV",
  "description" : "Clinical Services - Adolescent Medicine",
  "name" : "Community Health Services, Inc.",
  "geom" : {
    "needs_recoding" : false,
    "longitude" : "-72.6849759475512",
    "latitude" : "41.7778861525514"
  }
}
, {
  "phone_number" : "(860) 808-8796",
  "location" : "500 ALBANY AV",
  "description" : "Clinical Services - Behavioral Health",
  "name" : "Community Health Services, Inc.",
  "geom" : {
    "needs_recoding" : false,
    "longitude" : "-72.6849759475512",
    "latitude" : "41.7778861525514"
  }
}
, {
  "phone_number" : "(860) 808-8720",
  "location" : "500 ALBANY AV",
  "description" : "Clinical Services - Pediatrics",
  "name" : "Community Health Services, Inc.",
  "geom" : {
    "needs_recoding" : false,
    "longitude" : "-72.6849759475512",
    "latitude" : "41.7778861525514"
  }
}
, {
  "phone_number" : "(860) 808-8745",
  "location" : "500 ALBANY AV",
  "description" : "Clinical Services - Dental Program",
  "name" : "Community Health Services, Inc.",
  "geom" : {
    "needs_recoding" : false,
    "longitude" : "-72.6849759475512",
    "latitude" : "41.7778861525514"
  }
}
, {
  "phone_number" : "(860) 808-8785",
  "location" : "500 ALBANY AV",
  "description" : "Support Service - Revenue Management",
  "name" : "Community Health Services, Inc.",
  "geom" : {
    "needs_recoding" : false,
    "longitude" : "-72.6849759475512",
    "latitude" : "41.7778861525514"
  }
}
, {
  "phone_number" : "(860) 808-8770",
  "location" : "500 ALBANY AV",
  "description" : "Support Services - Medical Records",
  "name" : "Community Health Services, Inc.",
  "geom" : {
    "needs_recoding" : false,
    "longitude" : "-72.6849759475512",
    "latitude" : "41.7778861525514"
  }
}
, {
  "phone_number" : "(860) 808-8786",
  "location" : "500 ALBANY AV",
  "description" : "Support Services - Medicaid Outreach Worker/Access to Care",
  "name" : "Community Health Services, Inc.",
  "geom" : {
    "needs_recoding" : false,
    "longitude" : "-72.6849759475512",
    "latitude" : "41.7778861525514"
  }
}
, {
  "phone_number" : "(860) 550-7500",
  "location" : "21 GRAND ST",
  "description" : "Charter Oak Health Center, Inc.",
  "name" : "Charter Oak Health Center, Inc.",
  "geom" : {
    "needs_recoding" : false,
    "longitude" : "-72.6855334560653",
    "latitude" : "41.759250096054"
  }
}
, {
  "phone_number" : "(860) 550-7500",
  "location" : "401 NEW BRITAIN AV",
  "description" : "Satellite - Charter Oak Health Center, Inc.",
  "name" : "Charter Oak Health Center, Inc.",
  "geom" : {
    "needs_recoding" : false,
    "longitude" : "-72.6960099183982",
    "latitude" : "41.7399713668717"
  }
}
, {
  "phone_number" : "(860) 951-7112",
  "location" : "401 FLATBUSH AV",
  "description" : "Satellite - Albert I Prince Regional Vocational Technical School - School-based Health Center",
  "name" : "Charter Oak Health Center, Inc.",
  "geom" : {
    "needs_recoding" : false,
    "longitude" : "-72.7069599191928",
    "latitude" : "41.7428410122877"
  }
}
, {
  "phone_number" : "(860) 545-9300",
  "location" : "282 WASHINGTON ST",
  "description" : "Satellite - COHC at CCMC (Charter Oak Health Center at Connecticut Children's Medical Center",
  "name" : "Charter Oak Health Center, Inc.",
  "geom" : {
    "needs_recoding" : false,
    "longitude" : "-72.6821781354167",
    "latitude" : "41.7538748671282"
  }
}
, {
  "phone_number" : "(860) 714-4212",
  "location" : "99 WOODLAND ST",
  "description" : "Asylum Hill Family Practice",
  "name" : "Asylum Hill Family Practice",
  "geom" : {
    "needs_recoding" : false,
    "longitude" : "-72.7001641101977",
    "latitude" : "41.7744029976458"
  }
}
, {
  "phone_number" : "(860) 724-0071",
  "location" : "75 MAIN ST",
  "description" : "South Park Inn",
  "name" : "Hartford Homeless Shelters/Clinics",
  "geom" : {
    "needs_recoding" : false,
    "longitude" : "-72.6761720915547",
    "latitude" : "41.7565084379224"
  }
}
, {
  "phone_number" : "(860) 724-4823",
  "location" : "574 PARK ST",
  "description" : "Immaculate Conception Shelter",
  "name" : "Hartford Homeless Shelters/Clinics",
  "geom" : {
    "needs_recoding" : false,
    "longitude" : "-72.6863665241152",
    "latitude" : "41.7581555896394"
  }
}
, {
  "phone_number" : "(860) 722-6922 CONTACT: JOSE VEGA CELL: (860) 214-1905",
  "location" : "34 HUYSHOPE AV",
  "description" : "McKinney Shelter",
  "name" : "Hartford Homeless Shelters/Clinics",
  "geom" : {
    "needs_recoding" : false,
    "longitude" : "-72.6661760481738",
    "latitude" : "41.7577173268238"
  }
}
, {
  "phone_number" : "(860) 525-3447",
  "location" : "437 SHELDON ST",
  "description" : "Open Hearth",
  "name" : "Hartford Homeless Shelters/Clinics",
  "geom" : {
    "needs_recoding" : false,
    "longitude" : "-72.6660322866926",
    "latitude" : "41.7583511520621"
  }
}
, {
  "phone_number" : "(860) 560-4100",
  "location" : "118 MAIN ST",
  "description" : "Mercy Housing and Shelter",
  "name" : "Hartford Homeless Shelters/Clinics",
  "geom" : {
    "needs_recoding" : false,
    "longitude" : "-72.6751087262975",
    "latitude" : "41.7569523265891"
  }
}
, {
  "phone_number" : "(860) 724-1061",
  "location" : "27 CHESTNUT ST",
  "description" : "House of Bread",
  "name" : "Hartford Homeless Shelters/Clinics",
  "geom" : {
    "needs_recoding" : false,
    "longitude" : "-72.6808159710957",
    "latitude" : "41.7733529446348"
  }
}
, {
  "phone_number" : "(860) 524-1730",
  "location" : "120 SIGOURNEY ST",
  "description" : "Loaves and Fishes Ministries",
  "name" : "Hartford Homeless Shelters/Clinics",
  "geom" : {
    "needs_recoding" : false,
    "longitude" : "-72.6931780925149",
    "latitude" : "41.7686148444475"
  }
}
, {
  "phone_number" : "(860) 525-1163 ext. 291",
  "location" : "135 BROAD ST",
  "description" : "YWCA",
  "name" : "Hartford Homeless Shelters/Clinics",
  "geom" : {
    "needs_recoding" : false,
    "longitude" : "-72.6865809368271",
    "latitude" : "41.7674999763613"
  }
}
, {
  "phone_number" : "(860) 545-5000",
  "location" : "80 SEYMOUR ST",
  "description" : "Hartford Hospital",
  "name" : "Hartford Area Hospitals",
  "geom" : {
    "needs_recoding" : false,
    "longitude" : "-72.6798876605316",
    "latitude" : "41.7538186126512"
  }
}
, {
  "phone_number" : "(860) 545-9000",
  "location" : "282 WASHINGTON ST",
  "description" : "Connecticut Children Medical Center (CCMC)",
  "name" : "Hartford Area Hospitals",
  "geom" : {
    "needs_recoding" : false,
    "longitude" : "-72.6821781354167",
    "latitude" : "41.7538748671282"
  }
}
, {
  "phone_number" : "(860) 714-4000 (877) 783-7262",
  "location" : "114 WOODLAND ST",
  "description" : "Saint Francis Hospital and Medical Center",
  "name" : "Hartford Area Hospitals",
  "geom" : {
    "needs_recoding" : false,
    "longitude" : "-72.6987481375234",
    "latitude" : "41.7755247845828"
  }
}
, {
  "phone_number" : "(860) 714-3500 (800) 789-7709",
  "location" : "490 BLUE HILLS AV",
  "description" : "Mount Sinai Rehabilitation Hospital",
  "name" : "Hartford Area Hospitals",
  "geom" : {
    "needs_recoding" : false,
    "longitude" : "-72.6939284258752",
    "latitude" : "41.7995265996867"
  }
}
 ]