[ {
  "gender_female" : "672",
  "race_asian" : "28",
  "race_white_not_of_hispanic_origin" : "44",
  "grade_pk" : "43",
  "neighborhood" : "Asylum Hill",
  "grade_3" : "98",
  "race_hispanic_latino" : "538",
  "grade_2" : "105",
  "grade_1" : "125",
  "grade_7" : "77",
  "grade_6" : "94",
  "grade_5" : "85",
  "grade_4" : "86",
  "grade_12" : "85",
  "grade_8" : "105",
  "grade_11" : "78",
  "grade_9" : "162",
  "gender_male" : "709",
  "year" : "2007-2008",
  "race_black" : "770",
  "grade_10" : "99",
  "race_american_indian" : "1",
  "grade_kf" : "139"
}
, {
  "gender_female" : "610",
  "race_asian" : "72",
  "race_white_not_of_hispanic_origin" : "48",
  "grade_pk" : "29",
  "neighborhood" : "Asylum Hill",
  "grade_3" : "95",
  "race_hispanic_latino" : "436",
  "grade_2" : "105",
  "grade_1" : "114",
  "grade_7" : "95",
  "grade_6" : "86",
  "grade_5" : "68",
  "grade_4" : "96",
  "grade_12" : "70",
  "grade_8" : "80",
  "grade_11" : "66",
  "grade_9" : "105",
  "gender_male" : "610",
  "year" : "2008-2009",
  "race_black" : "663",
  "grade_10" : "112",
  "race_american_indian" : "1",
  "grade_kf" : "99"
}
, {
  "gender_female" : "592",
  "race_asian" : "121",
  "race_white_not_of_hispanic_origin" : "46",
  "grade_pk" : "37",
  "neighborhood" : "Asylum Hill",
  "grade_3" : "103",
  "race_hispanic_latino" : "405",
  "grade_2" : "112",
  "grade_1" : "114",
  "grade_7" : "74",
  "grade_6" : "70",
  "grade_5" : "82",
  "grade_4" : "94",
  "grade_12" : "65",
  "grade_8" : "81",
  "grade_11" : "89",
  "grade_9" : "94",
  "gender_male" : "628",
  "year" : "2009-2010",
  "race_black" : "644",
  "grade_10" : "90",
  "race_american_indian" : "4",
  "grade_kf" : "115"
}
, {
  "gender_female" : "1376",
  "race_asian" : "20",
  "race_white_not_of_hispanic_origin" : "121",
  "grade_pk" : "95",
  "neighborhood" : "Barry Square",
  "grade_3" : "219",
  "race_hispanic_latino" : "2017",
  "grade_2" : "197",
  "grade_1" : "239",
  "grade_7" : "184",
  "grade_6" : "192",
  "grade_5" : "211",
  "grade_4" : "215",
  "grade_12" : "137",
  "grade_8" : "222",
  "grade_11" : "139",
  "grade_9" : "315",
  "gender_male" : "1390",
  "year" : "2007-2008",
  "race_black" : "605",
  "grade_10" : "168",
  "race_american_indian" : "3",
  "grade_kf" : "233"
}
, {
  "gender_female" : "1256",
  "race_asian" : "31",
  "race_white_not_of_hispanic_origin" : "121",
  "grade_pk" : "75",
  "neighborhood" : "Barry Square",
  "grade_3" : "190",
  "race_hispanic_latino" : "1882",
  "grade_2" : "202",
  "grade_1" : "244",
  "grade_7" : "198",
  "grade_6" : "165",
  "grade_5" : "189",
  "grade_4" : "219",
  "grade_12" : "121",
  "grade_8" : "158",
  "grade_11" : "150",
  "grade_9" : "281",
  "gender_male" : "1310",
  "year" : "2008-2009",
  "race_black" : "530",
  "grade_10" : "153",
  "race_american_indian" : "2",
  "grade_kf" : "221"
}
, {
  "gender_female" : "1247",
  "race_asian" : "41",
  "race_white_not_of_hispanic_origin" : "102",
  "grade_pk" : "105",
  "neighborhood" : "Barry Square",
  "grade_3" : "191",
  "race_hispanic_latino" : "1864",
  "grade_2" : "212",
  "grade_1" : "224",
  "grade_7" : "158",
  "grade_6" : "192",
  "grade_5" : "218",
  "grade_4" : "181",
  "grade_12" : "109",
  "grade_8" : "197",
  "grade_11" : "147",
  "grade_9" : "244",
  "gender_male" : "1302",
  "year" : "2009-2010",
  "race_black" : "538",
  "grade_10" : "144",
  "race_american_indian" : "4",
  "grade_kf" : "227"
}
, {
  "gender_female" : "851",
  "race_asian" : "6",
  "race_white_not_of_hispanic_origin" : "50",
  "grade_pk" : "71",
  "neighborhood" : "Behind The Rocks",
  "grade_3" : "144",
  "race_hispanic_latino" : "1414",
  "grade_2" : "147",
  "grade_1" : "148",
  "grade_7" : "146",
  "grade_6" : "131",
  "grade_5" : "147",
  "grade_4" : "160",
  "grade_12" : "88",
  "grade_8" : "141",
  "grade_11" : "87",
  "grade_9" : "159",
  "gender_male" : "943",
  "year" : "2007-2008",
  "race_black" : "321",
  "grade_10" : "95",
  "race_american_indian" : "3",
  "grade_kf" : "130"
}
, {
  "gender_female" : "816",
  "race_asian" : "6",
  "race_white_not_of_hispanic_origin" : "42",
  "grade_pk" : "83",
  "neighborhood" : "Behind The Rocks",
  "grade_3" : "135",
  "race_hispanic_latino" : "1371",
  "grade_2" : "151",
  "grade_1" : "121",
  "grade_7" : "137",
  "grade_6" : "126",
  "grade_5" : "144",
  "grade_4" : "141",
  "grade_12" : "86",
  "grade_8" : "133",
  "grade_11" : "85",
  "grade_9" : "113",
  "gender_male" : "900",
  "year" : "2008-2009",
  "race_black" : "295",
  "grade_10" : "128",
  "race_american_indian" : "2",
  "grade_kf" : "133"
}
, {
  "gender_female" : "826",
  "race_asian" : "6",
  "race_white_not_of_hispanic_origin" : "40",
  "grade_pk" : "82",
  "neighborhood" : "Behind The Rocks",
  "grade_3" : "145",
  "race_hispanic_latino" : "1387",
  "grade_2" : "119",
  "grade_1" : "136",
  "grade_7" : "125",
  "grade_6" : "150",
  "grade_5" : "133",
  "grade_4" : "143",
  "grade_12" : "81",
  "grade_8" : "125",
  "grade_11" : "117",
  "grade_9" : "138",
  "gender_male" : "891",
  "year" : "2009-2010",
  "race_black" : "282",
  "grade_10" : "91",
  "race_american_indian" : "2",
  "grade_kf" : "132"
}
, {
  "gender_female" : "855",
  "race_asian" : "1",
  "race_white_not_of_hispanic_origin" : "14",
  "grade_pk" : "85",
  "neighborhood" : "Blue Hills",
  "grade_3" : "136",
  "race_hispanic_latino" : "188",
  "grade_2" : "132",
  "grade_1" : "155",
  "grade_7" : "124",
  "grade_6" : "126",
  "grade_5" : "141",
  "grade_4" : "141",
  "grade_12" : "131",
  "grade_8" : "134",
  "grade_11" : "122",
  "grade_9" : "155",
  "gender_male" : "1042",
  "year" : "2007-2008",
  "race_black" : "1689",
  "grade_10" : "143",
  "race_american_indian" : "5",
  "grade_kf" : "172"
}
, {
  "gender_female" : "809",
  "race_asian" : "0",
  "race_white_not_of_hispanic_origin" : "13",
  "grade_pk" : "55",
  "neighborhood" : "Blue Hills",
  "grade_3" : "123",
  "race_hispanic_latino" : "154",
  "grade_2" : "147",
  "grade_1" : "117",
  "grade_7" : "120",
  "grade_6" : "131",
  "grade_5" : "103",
  "grade_4" : "136",
  "grade_12" : "118",
  "grade_8" : "128",
  "grade_11" : "118",
  "grade_9" : "119",
  "gender_male" : "884",
  "year" : "2008-2009",
  "race_black" : "1520",
  "grade_10" : "149",
  "race_american_indian" : "6",
  "grade_kf" : "129"
}
, {
  "gender_female" : "707",
  "race_asian" : "0",
  "race_white_not_of_hispanic_origin" : "15",
  "grade_pk" : "72",
  "neighborhood" : "Blue Hills",
  "grade_3" : "129",
  "race_hispanic_latino" : "152",
  "grade_2" : "109",
  "grade_1" : "117",
  "grade_7" : "116",
  "grade_6" : "105",
  "grade_5" : "115",
  "grade_4" : "109",
  "grade_12" : "104",
  "grade_8" : "116",
  "grade_11" : "118",
  "grade_9" : "101",
  "gender_male" : "800",
  "year" : "2009-2010",
  "race_black" : "1337",
  "grade_10" : "110",
  "race_american_indian" : "3",
  "grade_kf" : "86"
}
, {
  "gender_female" : "677",
  "race_asian" : "3",
  "race_white_not_of_hispanic_origin" : "19",
  "grade_pk" : "55",
  "neighborhood" : "Clay-Arsenal",
  "grade_3" : "98",
  "race_hispanic_latino" : "681",
  "grade_2" : "109",
  "grade_1" : "127",
  "grade_7" : "103",
  "grade_6" : "86",
  "grade_5" : "96",
  "grade_4" : "107",
  "grade_12" : "33",
  "grade_8" : "116",
  "grade_11" : "57",
  "grade_9" : "131",
  "gender_male" : "653",
  "year" : "2007-2008",
  "race_black" : "627",
  "grade_10" : "85",
  "race_american_indian" : "0",
  "grade_kf" : "127"
}
, {
  "gender_female" : "626",
  "race_asian" : "4",
  "race_white_not_of_hispanic_origin" : "16",
  "grade_pk" : "40",
  "neighborhood" : "Clay-Arsenal",
  "grade_3" : "102",
  "race_hispanic_latino" : "666",
  "grade_2" : "103",
  "grade_1" : "114",
  "grade_7" : "85",
  "grade_6" : "99",
  "grade_5" : "91",
  "grade_4" : "88",
  "grade_12" : "56",
  "grade_8" : "93",
  "grade_11" : "74",
  "grade_9" : "100",
  "gender_male" : "628",
  "year" : "2008-2009",
  "race_black" : "567",
  "grade_10" : "106",
  "race_american_indian" : "1",
  "grade_kf" : "103"
}
, {
  "gender_female" : "638",
  "race_asian" : "4",
  "race_white_not_of_hispanic_origin" : "29",
  "grade_pk" : "52",
  "neighborhood" : "Clay-Arsenal",
  "grade_3" : "98",
  "race_hispanic_latino" : "692",
  "grade_2" : "104",
  "grade_1" : "118",
  "grade_7" : "91",
  "grade_6" : "99",
  "grade_5" : "94",
  "grade_4" : "102",
  "grade_12" : "65",
  "grade_8" : "91",
  "grade_11" : "67",
  "grade_9" : "105",
  "gender_male" : "631",
  "year" : "2009-2010",
  "race_black" : "543",
  "grade_10" : "83",
  "race_american_indian" : "1",
  "grade_kf" : "100"
}
, {
  "gender_female" : "55",
  "race_asian" : "2",
  "race_white_not_of_hispanic_origin" : "18",
  "grade_pk" : "2",
  "neighborhood" : "Downtown",
  "grade_3" : "9",
  "race_hispanic_latino" : "58",
  "grade_2" : "1",
  "grade_1" : "7",
  "grade_7" : "6",
  "grade_6" : "9",
  "grade_5" : "11",
  "grade_4" : "9",
  "grade_12" : "11",
  "grade_8" : "6",
  "grade_11" : "10",
  "grade_9" : "14",
  "gender_male" : "56",
  "year" : "2007-2008",
  "race_black" : "33",
  "grade_10" : "11",
  "race_american_indian" : "0",
  "grade_kf" : "5"
}
, {
  "gender_female" : "52",
  "race_asian" : "3",
  "race_white_not_of_hispanic_origin" : "25",
  "grade_pk" : "7",
  "neighborhood" : "Downtown",
  "grade_3" : "4",
  "race_hispanic_latino" : "64",
  "grade_2" : "4",
  "grade_1" : "2",
  "grade_7" : "8",
  "grade_6" : "13",
  "grade_5" : "9",
  "grade_4" : "9",
  "grade_12" : "8",
  "grade_8" : "8",
  "grade_11" : "9",
  "grade_9" : "12",
  "gender_male" : "60",
  "year" : "2008-2009",
  "race_black" : "20",
  "grade_10" : "11",
  "race_american_indian" : "0",
  "grade_kf" : "8"
}
, {
  "gender_female" : "56",
  "race_asian" : "6",
  "race_white_not_of_hispanic_origin" : "23",
  "grade_pk" : "6",
  "neighborhood" : "Downtown",
  "grade_3" : "5",
  "race_hispanic_latino" : "63",
  "grade_2" : "7",
  "grade_1" : "12",
  "grade_7" : "14",
  "grade_6" : "7",
  "grade_5" : "11",
  "grade_4" : "4",
  "grade_12" : "9",
  "grade_8" : "12",
  "grade_11" : "10",
  "grade_9" : "10",
  "gender_male" : "67",
  "year" : "2009-2010",
  "race_black" : "31",
  "grade_10" : "10",
  "race_american_indian" : "0",
  "grade_kf" : "6"
}
, {
  "gender_female" : "964",
  "race_asian" : "12",
  "race_white_not_of_hispanic_origin" : "33",
  "grade_pk" : "80",
  "neighborhood" : "Frog Hollow",
  "grade_3" : "170",
  "race_hispanic_latino" : "1547",
  "grade_2" : "161",
  "grade_1" : "157",
  "grade_7" : "132",
  "grade_6" : "154",
  "grade_5" : "166",
  "grade_4" : "171",
  "grade_12" : "74",
  "grade_8" : "118",
  "grade_11" : "70",
  "grade_9" : "216",
  "gender_male" : "985",
  "year" : "2007-2008",
  "race_black" : "357",
  "grade_10" : "98",
  "race_american_indian" : "0",
  "grade_kf" : "182"
}
, {
  "gender_female" : "913",
  "race_asian" : "8",
  "race_white_not_of_hispanic_origin" : "39",
  "grade_pk" : "83",
  "neighborhood" : "Frog Hollow",
  "grade_3" : "167",
  "race_hispanic_latino" : "1513",
  "grade_2" : "149",
  "grade_1" : "156",
  "grade_7" : "144",
  "grade_6" : "170",
  "grade_5" : "159",
  "grade_4" : "146",
  "grade_12" : "58",
  "grade_8" : "135",
  "grade_11" : "76",
  "grade_9" : "161",
  "gender_male" : "986",
  "year" : "2008-2009",
  "race_black" : "339",
  "grade_10" : "136",
  "race_american_indian" : "0",
  "grade_kf" : "159"
}
, {
  "gender_female" : "861",
  "race_asian" : "14",
  "race_white_not_of_hispanic_origin" : "42",
  "grade_pk" : "91",
  "neighborhood" : "Frog Hollow",
  "grade_3" : "136",
  "race_hispanic_latino" : "1418",
  "grade_2" : "130",
  "grade_1" : "154",
  "grade_7" : "154",
  "grade_6" : "143",
  "grade_5" : "143",
  "grade_4" : "149",
  "grade_12" : "70",
  "grade_8" : "108",
  "grade_11" : "95",
  "grade_9" : "150",
  "gender_male" : "940",
  "year" : "2009-2010",
  "race_black" : "327",
  "grade_10" : "107",
  "race_american_indian" : "0",
  "grade_kf" : "171"
}
, {
  "gender_female" : "1",
  "race_asian" : "0",
  "race_white_not_of_hispanic_origin" : "0",
  "neighborhood" : "North Meadows",
  "race_hispanic_latino" : "1",
  "year" : "2007-2008",
  "race_black" : "0",
  "race_american_indian" : "0",
  "grade_kf" : "1"
}
, {
  "gender_female" : "1",
  "race_asian" : "0",
  "race_white_not_of_hispanic_origin" : "0",
  "neighborhood" : "North Meadows",
  "race_hispanic_latino" : "1",
  "grade_1" : "1",
  "year" : "2008-2009",
  "race_black" : "0",
  "race_american_indian" : "0"
}
, {
  "gender_female" : "1",
  "race_asian" : "0",
  "race_white_not_of_hispanic_origin" : "1",
  "neighborhood" : "North Meadows",
  "race_hispanic_latino" : "1",
  "grade_7" : "1",
  "grade_9" : "1",
  "gender_male" : "1",
  "year" : "2009-2010",
  "race_black" : "0",
  "race_american_indian" : "0"
}
, {
  "gender_female" : "1013",
  "race_asian" : "6",
  "race_white_not_of_hispanic_origin" : "18",
  "grade_pk" : "70",
  "neighborhood" : "Northeast",
  "grade_3" : "188",
  "race_hispanic_latino" : "623",
  "grade_2" : "182",
  "grade_1" : "177",
  "grade_7" : "168",
  "grade_6" : "158",
  "grade_5" : "162",
  "grade_4" : "165",
  "grade_12" : "88",
  "grade_8" : "172",
  "grade_11" : "101",
  "grade_9" : "201",
  "gender_male" : "1142",
  "year" : "2007-2008",
  "race_black" : "1504",
  "grade_10" : "140",
  "race_american_indian" : "4",
  "grade_kf" : "183"
}
, {
  "gender_female" : "1021",
  "race_asian" : "8",
  "race_white_not_of_hispanic_origin" : "24",
  "grade_pk" : "63",
  "neighborhood" : "Northeast",
  "grade_3" : "163",
  "race_hispanic_latino" : "644",
  "grade_2" : "190",
  "grade_1" : "176",
  "grade_7" : "131",
  "grade_6" : "175",
  "grade_5" : "155",
  "grade_4" : "189",
  "grade_12" : "110",
  "grade_8" : "147",
  "grade_11" : "126",
  "grade_9" : "150",
  "gender_male" : "1136",
  "year" : "2008-2009",
  "race_black" : "1477",
  "grade_10" : "188",
  "race_american_indian" : "4",
  "grade_kf" : "194"
}
, {
  "gender_female" : "1000",
  "race_asian" : "6",
  "race_white_not_of_hispanic_origin" : "29",
  "grade_pk" : "77",
  "neighborhood" : "Northeast",
  "grade_3" : "179",
  "race_hispanic_latino" : "628",
  "grade_2" : "159",
  "grade_1" : "194",
  "grade_7" : "161",
  "grade_6" : "157",
  "grade_5" : "157",
  "grade_4" : "161",
  "grade_12" : "129",
  "grade_8" : "130",
  "grade_11" : "114",
  "grade_9" : "163",
  "gender_male" : "1076",
  "year" : "2009-2010",
  "race_black" : "1412",
  "grade_10" : "131",
  "race_american_indian" : "1",
  "grade_kf" : "164"
}
, {
  "gender_female" : "563",
  "race_asian" : "37",
  "race_white_not_of_hispanic_origin" : "75",
  "grade_pk" : "45",
  "neighborhood" : "Parkville",
  "grade_3" : "94",
  "race_hispanic_latino" : "779",
  "grade_2" : "108",
  "grade_1" : "92",
  "grade_7" : "83",
  "grade_6" : "92",
  "grade_5" : "105",
  "grade_4" : "108",
  "grade_12" : "32",
  "grade_8" : "65",
  "grade_11" : "45",
  "grade_9" : "100",
  "gender_male" : "583",
  "year" : "2007-2008",
  "race_black" : "251",
  "grade_10" : "62",
  "race_american_indian" : "4",
  "grade_kf" : "115"
}
, {
  "gender_female" : "532",
  "race_asian" : "29",
  "race_white_not_of_hispanic_origin" : "69",
  "grade_pk" : "42",
  "neighborhood" : "Parkville",
  "grade_3" : "91",
  "race_hispanic_latino" : "740",
  "grade_2" : "71",
  "grade_1" : "101",
  "grade_7" : "84",
  "grade_6" : "92",
  "grade_5" : "101",
  "grade_4" : "76",
  "grade_12" : "36",
  "grade_8" : "78",
  "grade_11" : "49",
  "grade_9" : "76",
  "gender_male" : "534",
  "year" : "2008-2009",
  "race_black" : "227",
  "grade_10" : "60",
  "race_american_indian" : "1",
  "grade_kf" : "109"
}
, {
  "gender_female" : "472",
  "race_asian" : "24",
  "race_white_not_of_hispanic_origin" : "52",
  "grade_pk" : "23",
  "neighborhood" : "Parkville",
  "grade_3" : "70",
  "race_hispanic_latino" : "684",
  "grade_2" : "77",
  "grade_1" : "102",
  "grade_7" : "84",
  "grade_6" : "79",
  "grade_5" : "69",
  "grade_4" : "79",
  "grade_12" : "38",
  "grade_8" : "72",
  "grade_11" : "44",
  "grade_9" : "74",
  "gender_male" : "479",
  "year" : "2009-2010",
  "race_black" : "190",
  "grade_10" : "62",
  "race_american_indian" : "1",
  "grade_kf" : "78"
}
, {
  "gender_female" : "180",
  "race_asian" : "2",
  "race_white_not_of_hispanic_origin" : "14",
  "grade_pk" : "17",
  "neighborhood" : "Sheldon-Charter Oak",
  "grade_3" : "29",
  "race_hispanic_latino" : "272",
  "grade_2" : "24",
  "grade_1" : "41",
  "grade_7" : "24",
  "grade_6" : "22",
  "grade_5" : "34",
  "grade_4" : "36",
  "grade_12" : "8",
  "grade_8" : "32",
  "grade_11" : "19",
  "grade_9" : "48",
  "gender_male" : "202",
  "year" : "2007-2008",
  "race_black" : "94",
  "grade_10" : "19",
  "race_american_indian" : "0",
  "grade_kf" : "29"
}
, {
  "gender_female" : "194",
  "race_asian" : "2",
  "race_white_not_of_hispanic_origin" : "15",
  "grade_pk" : "17",
  "neighborhood" : "Sheldon-Charter Oak",
  "grade_3" : "24",
  "race_hispanic_latino" : "274",
  "grade_2" : "36",
  "grade_1" : "35",
  "grade_7" : "28",
  "grade_6" : "35",
  "grade_5" : "28",
  "grade_4" : "33",
  "grade_12" : "12",
  "grade_8" : "28",
  "grade_11" : "22",
  "grade_9" : "41",
  "gender_male" : "210",
  "year" : "2008-2009",
  "race_black" : "112",
  "grade_10" : "31",
  "race_american_indian" : "1",
  "grade_kf" : "34"
}
, {
  "gender_female" : "186",
  "race_asian" : "0",
  "race_white_not_of_hispanic_origin" : "7",
  "grade_pk" : "18",
  "neighborhood" : "Sheldon-Charter Oak",
  "grade_3" : "31",
  "race_hispanic_latino" : "269",
  "grade_2" : "30",
  "grade_1" : "26",
  "grade_7" : "28",
  "grade_6" : "26",
  "grade_5" : "35",
  "grade_4" : "28",
  "grade_12" : "15",
  "grade_8" : "23",
  "grade_11" : "33",
  "grade_9" : "35",
  "gender_male" : "198",
  "year" : "2009-2010",
  "race_black" : "108",
  "grade_10" : "27",
  "race_american_indian" : "0",
  "grade_kf" : "29"
}
, {
  "gender_female" : "1172",
  "race_asian" : "38",
  "race_white_not_of_hispanic_origin" : "356",
  "grade_pk" : "84",
  "neighborhood" : "South End",
  "grade_3" : "174",
  "race_hispanic_latino" : "1560",
  "grade_2" : "168",
  "grade_1" : "203",
  "grade_7" : "193",
  "grade_6" : "177",
  "grade_5" : "169",
  "grade_4" : "196",
  "grade_12" : "99",
  "grade_8" : "193",
  "grade_11" : "144",
  "grade_9" : "250",
  "gender_male" : "1223",
  "year" : "2007-2008",
  "race_black" : "434",
  "grade_10" : "161",
  "race_american_indian" : "7",
  "grade_kf" : "184"
}
, {
  "gender_female" : "1133",
  "race_asian" : "38",
  "race_white_not_of_hispanic_origin" : "330",
  "grade_pk" : "75",
  "neighborhood" : "South End",
  "grade_3" : "157",
  "race_hispanic_latino" : "1539",
  "grade_2" : "206",
  "grade_1" : "186",
  "grade_7" : "178",
  "grade_6" : "153",
  "grade_5" : "193",
  "grade_4" : "173",
  "grade_12" : "116",
  "grade_8" : "187",
  "grade_11" : "145",
  "grade_9" : "202",
  "gender_male" : "1186",
  "year" : "2008-2009",
  "race_black" : "406",
  "grade_10" : "155",
  "race_american_indian" : "6",
  "grade_kf" : "193"
}
, {
  "gender_female" : "1100",
  "race_asian" : "42",
  "race_white_not_of_hispanic_origin" : "337",
  "grade_pk" : "78",
  "neighborhood" : "South End",
  "grade_3" : "180",
  "race_hispanic_latino" : "1445",
  "grade_2" : "174",
  "grade_1" : "169",
  "grade_7" : "159",
  "grade_6" : "179",
  "grade_5" : "171",
  "grade_4" : "162",
  "grade_12" : "121",
  "grade_8" : "170",
  "grade_11" : "130",
  "grade_9" : "214",
  "gender_male" : "1136",
  "year" : "2009-2010",
  "race_black" : "408",
  "grade_10" : "107",
  "race_american_indian" : "4",
  "grade_kf" : "222"
}
, {
  "gender_female" : "231",
  "race_asian" : "8",
  "race_white_not_of_hispanic_origin" : "34",
  "grade_pk" : "19",
  "neighborhood" : "South Green",
  "grade_3" : "34",
  "race_hispanic_latino" : "346",
  "grade_2" : "40",
  "grade_1" : "41",
  "grade_7" : "38",
  "grade_6" : "46",
  "grade_5" : "30",
  "grade_4" : "40",
  "grade_12" : "25",
  "grade_8" : "31",
  "grade_11" : "24",
  "grade_9" : "59",
  "gender_male" : "274",
  "year" : "2007-2008",
  "race_black" : "115",
  "grade_10" : "36",
  "race_american_indian" : "2",
  "grade_kf" : "42"
}
, {
  "gender_female" : "255",
  "race_asian" : "24",
  "race_white_not_of_hispanic_origin" : "41",
  "grade_pk" : "18",
  "neighborhood" : "South Green",
  "grade_3" : "42",
  "race_hispanic_latino" : "364",
  "grade_2" : "48",
  "grade_1" : "40",
  "grade_7" : "42",
  "grade_6" : "28",
  "grade_5" : "41",
  "grade_4" : "41",
  "grade_12" : "19",
  "grade_8" : "38",
  "grade_11" : "33",
  "grade_9" : "46",
  "gender_male" : "273",
  "year" : "2008-2009",
  "race_black" : "96",
  "grade_10" : "47",
  "race_american_indian" : "3",
  "grade_kf" : "45"
}
, {
  "gender_female" : "233",
  "race_asian" : "20",
  "race_white_not_of_hispanic_origin" : "42",
  "grade_pk" : "27",
  "neighborhood" : "South Green",
  "grade_3" : "38",
  "race_hispanic_latino" : "342",
  "grade_2" : "30",
  "grade_1" : "41",
  "grade_7" : "28",
  "grade_6" : "33",
  "grade_5" : "33",
  "grade_4" : "42",
  "grade_12" : "24",
  "grade_8" : "34",
  "grade_11" : "31",
  "grade_9" : "52",
  "gender_male" : "256",
  "year" : "2009-2010",
  "race_black" : "84",
  "grade_10" : "27",
  "race_american_indian" : "1",
  "grade_kf" : "49"
}
, {
  "gender_female" : "21",
  "race_asian" : "1",
  "race_white_not_of_hispanic_origin" : "2",
  "grade_pk" : "1",
  "neighborhood" : "South Meadows",
  "grade_3" : "2",
  "race_hispanic_latino" : "21",
  "grade_2" : "3",
  "grade_1" : "2",
  "grade_7" : "2",
  "grade_6" : "2",
  "grade_5" : "3",
  "grade_4" : "2",
  "grade_12" : "1",
  "grade_8" : "4",
  "grade_11" : "1",
  "grade_9" : "1",
  "gender_male" : "11",
  "year" : "2007-2008",
  "race_black" : "8",
  "grade_10" : "3",
  "race_american_indian" : "0",
  "grade_kf" : "5"
}
, {
  "gender_female" : "21",
  "race_asian" : "0",
  "race_white_not_of_hispanic_origin" : "2",
  "grade_pk" : "1",
  "neighborhood" : "South Meadows",
  "grade_3" : "3",
  "race_hispanic_latino" : "28",
  "grade_2" : "3",
  "grade_1" : "3",
  "grade_7" : "1",
  "grade_6" : "4",
  "grade_5" : "4",
  "grade_4" : "2",
  "grade_12" : "1",
  "grade_8" : "3",
  "grade_11" : "2",
  "grade_9" : "2",
  "gender_male" : "17",
  "year" : "2008-2009",
  "race_black" : "8",
  "grade_10" : "3",
  "race_american_indian" : "0",
  "grade_kf" : "6"
}
, {
  "gender_female" : "16",
  "race_asian" : "0",
  "race_white_not_of_hispanic_origin" : "2",
  "neighborhood" : "South Meadows",
  "grade_3" : "1",
  "race_hispanic_latino" : "20",
  "grade_2" : "3",
  "grade_1" : "5",
  "grade_7" : "2",
  "grade_6" : "3",
  "grade_5" : "2",
  "grade_4" : "2",
  "grade_8" : "1",
  "grade_11" : "1",
  "grade_9" : "3",
  "gender_male" : "12",
  "year" : "2009-2010",
  "race_black" : "6",
  "grade_10" : "1",
  "race_american_indian" : "0",
  "grade_kf" : "4"
}
, {
  "gender_female" : "608",
  "race_asian" : "26",
  "race_white_not_of_hispanic_origin" : "76",
  "grade_pk" : "38",
  "neighborhood" : "South West",
  "grade_3" : "99",
  "race_hispanic_latino" : "862",
  "grade_2" : "97",
  "grade_1" : "98",
  "grade_7" : "95",
  "grade_6" : "99",
  "grade_5" : "103",
  "grade_4" : "105",
  "grade_12" : "79",
  "grade_8" : "114",
  "grade_11" : "74",
  "grade_9" : "120",
  "gender_male" : "679",
  "year" : "2007-2008",
  "race_black" : "307",
  "grade_10" : "65",
  "race_american_indian" : "16",
  "grade_kf" : "101"
}
, {
  "gender_female" : "589",
  "race_asian" : "31",
  "race_white_not_of_hispanic_origin" : "69",
  "grade_pk" : "33",
  "neighborhood" : "South West",
  "grade_3" : "89",
  "race_hispanic_latino" : "824",
  "grade_2" : "99",
  "grade_1" : "104",
  "grade_7" : "95",
  "grade_6" : "105",
  "grade_5" : "107",
  "grade_4" : "104",
  "grade_12" : "60",
  "grade_8" : "97",
  "grade_11" : "66",
  "grade_9" : "102",
  "gender_male" : "666",
  "year" : "2008-2009",
  "race_black" : "318",
  "grade_10" : "82",
  "race_american_indian" : "13",
  "grade_kf" : "112"
}
, {
  "gender_female" : "599",
  "race_asian" : "25",
  "race_white_not_of_hispanic_origin" : "65",
  "grade_pk" : "46",
  "neighborhood" : "South West",
  "grade_3" : "96",
  "race_hispanic_latino" : "818",
  "grade_2" : "91",
  "grade_1" : "114",
  "grade_7" : "111",
  "grade_6" : "97",
  "grade_5" : "109",
  "grade_4" : "99",
  "grade_12" : "71",
  "grade_8" : "97",
  "grade_11" : "84",
  "grade_9" : "87",
  "gender_male" : "645",
  "year" : "2009-2010",
  "race_black" : "326",
  "grade_10" : "80",
  "race_american_indian" : "10",
  "grade_kf" : "62"
}
, {
  "gender_female" : "637",
  "race_asian" : "2",
  "race_white_not_of_hispanic_origin" : "24",
  "grade_pk" : "50",
  "neighborhood" : "Upper Albany",
  "grade_3" : "100",
  "race_hispanic_latino" : "229",
  "grade_2" : "116",
  "grade_1" : "124",
  "grade_7" : "87",
  "grade_6" : "78",
  "grade_5" : "104",
  "grade_4" : "94",
  "grade_12" : "81",
  "grade_8" : "104",
  "grade_11" : "78",
  "grade_9" : "125",
  "gender_male" : "707",
  "year" : "2007-2008",
  "race_black" : "1089",
  "grade_10" : "85",
  "race_american_indian" : "0",
  "grade_kf" : "118"
}
, {
  "gender_female" : "630",
  "race_asian" : "3",
  "race_white_not_of_hispanic_origin" : "15",
  "grade_pk" : "42",
  "neighborhood" : "Upper Albany",
  "grade_3" : "113",
  "race_hispanic_latino" : "214",
  "grade_2" : "102",
  "grade_1" : "116",
  "grade_7" : "71",
  "grade_6" : "99",
  "grade_5" : "84",
  "grade_4" : "93",
  "grade_12" : "74",
  "grade_8" : "97",
  "grade_11" : "66",
  "grade_9" : "94",
  "gender_male" : "641",
  "year" : "2008-2009",
  "race_black" : "1039",
  "grade_10" : "117",
  "race_american_indian" : "0",
  "grade_kf" : "103"
}
, {
  "gender_female" : "585",
  "race_asian" : "4",
  "race_white_not_of_hispanic_origin" : "14",
  "grade_pk" : "39",
  "neighborhood" : "Upper Albany",
  "grade_3" : "93",
  "race_hispanic_latino" : "199",
  "grade_2" : "100",
  "grade_1" : "94",
  "grade_7" : "82",
  "grade_6" : "78",
  "grade_5" : "74",
  "grade_4" : "104",
  "grade_12" : "62",
  "grade_8" : "78",
  "grade_11" : "90",
  "grade_9" : "108",
  "gender_male" : "571",
  "year" : "2009-2010",
  "race_black" : "937",
  "grade_10" : "79",
  "race_american_indian" : "2",
  "grade_kf" : "75"
}
, {
  "gender_female" : "287",
  "race_asian" : "13",
  "race_white_not_of_hispanic_origin" : "72",
  "grade_pk" : "33",
  "neighborhood" : "West End",
  "grade_3" : "46",
  "race_hispanic_latino" : "296",
  "grade_2" : "49",
  "grade_1" : "55",
  "grade_7" : "44",
  "grade_6" : "44",
  "grade_5" : "42",
  "grade_4" : "37",
  "grade_12" : "40",
  "grade_8" : "41",
  "grade_11" : "30",
  "grade_9" : "58",
  "gender_male" : "326",
  "year" : "2007-2008",
  "race_black" : "230",
  "grade_10" : "45",
  "race_american_indian" : "2",
  "grade_kf" : "49"
}
, {
  "gender_female" : "295",
  "race_asian" : "7",
  "race_white_not_of_hispanic_origin" : "80",
  "grade_pk" : "29",
  "neighborhood" : "West End",
  "grade_3" : "56",
  "race_hispanic_latino" : "280",
  "grade_2" : "48",
  "grade_1" : "49",
  "grade_7" : "56",
  "grade_6" : "46",
  "grade_5" : "43",
  "grade_4" : "47",
  "grade_12" : "25",
  "grade_8" : "50",
  "grade_11" : "36",
  "grade_9" : "50",
  "gender_male" : "338",
  "year" : "2008-2009",
  "race_black" : "264",
  "grade_10" : "51",
  "race_american_indian" : "2",
  "grade_kf" : "47"
}
, {
  "gender_female" : "325",
  "race_asian" : "9",
  "race_white_not_of_hispanic_origin" : "76",
  "grade_pk" : "40",
  "neighborhood" : "West End",
  "grade_3" : "55",
  "race_hispanic_latino" : "300",
  "grade_2" : "41",
  "grade_1" : "54",
  "grade_7" : "57",
  "grade_6" : "55",
  "grade_5" : "47",
  "grade_4" : "45",
  "grade_12" : "42",
  "grade_8" : "61",
  "grade_11" : "46",
  "grade_9" : "41",
  "gender_male" : "350",
  "year" : "2009-2010",
  "race_black" : "289",
  "grade_10" : "41",
  "race_american_indian" : "1",
  "grade_kf" : "50"
}
 ]