[ {
  "year" : "2001",
  "cmv_reportable_accidents" : "1107",
  "number_of_inspections_performed" : "19843"
}
, {
  "year" : "2002",
  "cmv_reportable_accidents" : "991",
  "number_of_inspections_performed" : "24417"
}
, {
  "year" : "2003",
  "cmv_reportable_accidents" : "1010",
  "number_of_inspections_performed" : "21952"
}
, {
  "year" : "2004",
  "cmv_reportable_accidents" : "1111",
  "number_of_inspections_performed" : "17027"
}
, {
  "year" : "2005",
  "cmv_reportable_accidents" : "1296",
  "number_of_inspections_performed" : "18106"
}
, {
  "year" : "2006",
  "cmv_reportable_accidents" : "952",
  "number_of_inspections_performed" : "23347"
}
, {
  "year" : "2007",
  "cmv_reportable_accidents" : "1165",
  "number_of_inspections_performed" : "19387"
}
, {
  "year" : "2008",
  "cmv_reportable_accidents" : "919",
  "number_of_inspections_performed" : "22660"
}
, {
  "year" : "2009",
  "cmv_reportable_accidents" : "748",
  "number_of_inspections_performed" : "22303"
}
, {
  "year" : "2010",
  "cmv_reportable_accidents" : "741",
  "number_of_inspections_performed" : "22155"
}
, {
  "year" : "2011",
  "cmv_reportable_accidents" : "827",
  "number_of_inspections_performed" : "19852"
}
, {
  "year" : "2012",
  "cmv_reportable_accidents" : "709",
  "number_of_inspections_performed" : "21048"
}
, {
  "year" : "2013",
  "cmv_reportable_accidents" : "897",
  "number_of_inspections_performed" : "20720"
}
, {
  "cmv_reportable_accidents" : "532",
  "number_of_inspections_performed" : "12687"
}
 ]