{
  "id" : "57m7-8hcy",
  "name" : "Approximate Sewer Service Areas",
  "attribution" : "Office of Policy and Management",
  "averageRating" : 0,
  "category" : "Housing and Development",
  "createdAt" : 1395515000,
  "description" : "Approximate (unofficial) area served by public sewers. Data was compiled by the Office of Policy and Management with input from municipalities and Regional Planning Organizations.",
  "displayType" : "map",
  "downloadCount" : 0,
  "indexUpdatedAt" : 1414649106,
  "licenseId" : "PUBLIC_DOMAIN",
  "newBackend" : false,
  "numberOfComments" : 0,
  "oid" : 7602259,
  "publicationAppendEnabled" : false,
  "publicationDate" : 1395515059,
  "publicationStage" : "published",
  "rowClass" : "",
  "tableId" : 1519920,
  "totalTimesRated" : 0,
  "viewCount" : 300,
  "viewLastModified" : 1395515189,
  "viewType" : "tabular",
  "columns" : [ {
    "id" : 139276756,
    "name" : "OBJECTID_1",
    "dataTypeName" : "number",
    "description" : "OBJECTID_1",
    "fieldName" : "objectid_1",
    "position" : 1,
    "renderTypeName" : "number",
    "tableColumnId" : 18779424,
    "width" : 100,
    "format" : { }
  }, {
    "id" : 139276757,
    "name" : "OBJECTID",
    "dataTypeName" : "number",
    "description" : "OBJECTID",
    "fieldName" : "objectid",
    "position" : 2,
    "renderTypeName" : "number",
    "tableColumnId" : 18779425,
    "width" : 100,
    "format" : { }
  }, {
    "id" : 139276758,
    "name" : "TOWN",
    "dataTypeName" : "text",
    "description" : "TOWN",
    "fieldName" : "town",
    "position" : 3,
    "renderTypeName" : "text",
    "tableColumnId" : 18779426,
    "width" : 100,
    "format" : { }
  }, {
    "id" : 139276759,
    "name" : "Sewers",
    "dataTypeName" : "text",
    "description" : "Sewers",
    "fieldName" : "sewers",
    "position" : 4,
    "renderTypeName" : "text",
    "tableColumnId" : 18779427,
    "width" : 100,
    "format" : { }
  }, {
    "id" : 139276760,
    "name" : "Service_Pr",
    "dataTypeName" : "text",
    "description" : "Service_Pr",
    "fieldName" : "service_pr",
    "position" : 5,
    "renderTypeName" : "text",
    "tableColumnId" : 18779428,
    "width" : 100,
    "format" : { }
  }, {
    "id" : 139276761,
    "name" : "Shape_Leng",
    "dataTypeName" : "number",
    "description" : "Shape_Leng",
    "fieldName" : "shape_leng",
    "position" : 6,
    "renderTypeName" : "number",
    "tableColumnId" : 18779429,
    "width" : 100,
    "format" : { }
  }, {
    "id" : 139276762,
    "name" : "Shape",
    "dataTypeName" : "geospatial",
    "description" : "Shape",
    "fieldName" : "shape",
    "position" : 7,
    "renderTypeName" : "geospatial",
    "tableColumnId" : 18779430,
    "width" : 100,
    "format" : { },
    "subColumnTypes" : [ "human_address", "latitude", "longitude", "machine_address", "needs_recoding", "geometry" ]
  }, {
    "id" : 139276763,
    "name" : "Shape.area",
    "dataTypeName" : "number",
    "description" : "Shape.area",
    "fieldName" : "shape_area",
    "position" : 8,
    "renderTypeName" : "number",
    "tableColumnId" : 18779431,
    "width" : 100,
    "format" : { }
  }, {
    "id" : 139276764,
    "name" : "Shape.len",
    "dataTypeName" : "number",
    "description" : "Shape.len",
    "fieldName" : "shape_len",
    "position" : 9,
    "renderTypeName" : "number",
    "tableColumnId" : 18779433,
    "width" : 100,
    "format" : { }
  } ],
  "displayFormat" : {
    "plotStyle" : "point"
  },
  "grants" : [ {
    "inherited" : false,
    "type" : "viewer",
    "flags" : [ "public" ]
  } ],
  "license" : {
    "name" : "Public Domain"
  },
  "metadata" : {
    "custom_fields" : {
      "drawingInfo.renderer" : {
        "symbol.type" : "esriSFS",
        "symbol.style" : "esriSFSSolid"
      },
      "Basic" : {
        "copyrightText" : "",
        "type" : "Feature Layer",
        "definitionExpression" : "",
        "Source" : "http://www.gismaps.ct.gov/CTGIS/rest/services/OPM_Sewer/MapServer/0",
        "id" : "0",
        "minScale" : "100000",
        "displayField" : "TOWN",
        "htmlPopupType" : "esriServerHTMLPopupTypeAsHTMLText",
        "name" : "Approx. Sewer Serv.",
        "hasAttachments" : "false",
        "currentVersion" : "10.03",
        "capabilities" : "Map,Query,Data",
        "maxScale" : "0",
        "Spatial Reference wkid" : "102100",
        "defaultVisibility" : "true",
        "geometryType" : "esriGeometryPolygon"
      },
      "drawingInfo.renderer.symbol" : {
        "outline.type" : "esriSLS",
        "outline.width" : "0.4",
        "outline.style" : "esriSLSSolid"
      },
      "drawingInfo" : {
        "transparency" : "0",
        "renderer.description" : "",
        "renderer.type" : "simple",
        "renderer.label" : ""
      }
    },
    "renderTypeConfig" : {
      "visible" : {
        "map" : true
      }
    },
    "availableDisplayTypes" : [ "map", "table", "fatrow", "page" ],
    "rdfSubject" : "0",
    "rowIdentifier" : "0",
    "rdfClass" : ""
  },
  "northWest" : {
    "long" : -73.6752861485023,
    "lat" : 42.0385531076815
  },
  "owner" : {
    "id" : "cvy9-n6sb",
    "displayName" : "Tyler Kleykamp",
    "roleName" : "administrator",
    "screenName" : "Tyler Kleykamp",
    "rights" : [ "create_datasets", "edit_others_datasets", "edit_sdp", "edit_site_theme", "moderate_comments", "manage_users", "chown_datasets", "edit_nominations", "approve_nominations", "feature_items", "federations", "manage_stories", "manage_approval", "change_configurations", "view_domain", "view_others_datasets", "edit_pages", "create_pages", "view_goals", "view_dashboards", "edit_goals", "edit_dashboards", "create_dashboards" ]
  },
  "query" : { },
  "rights" : [ "read" ],
  "southEast" : {
    "long" : -71.8102564127344,
    "lat" : 40.9889268647708
  },
  "tableAuthor" : {
    "id" : "cvy9-n6sb",
    "displayName" : "Tyler Kleykamp",
    "roleName" : "administrator",
    "screenName" : "Tyler Kleykamp",
    "rights" : [ "create_datasets", "edit_others_datasets", "edit_sdp", "edit_site_theme", "moderate_comments", "manage_users", "chown_datasets", "edit_nominations", "approve_nominations", "feature_items", "federations", "manage_stories", "manage_approval", "change_configurations", "view_domain", "view_others_datasets", "edit_pages", "create_pages", "view_goals", "view_dashboards", "edit_goals", "edit_dashboards", "create_dashboards" ]
  },
  "tags" : [ "sewer" ],
  "flags" : [ "default" ]
}
