[ {
  "medianhouseholdincome" : "25009",
  "somecollegenodegreeper25plus" : "18",
  "blackorafricanamerican" : "1245",
  "bachelorsdegreeper25plus" : "7",
  "whitealoneper" : "58",
  "femalepopulationper" : "53",
  "totalhouseholds" : "1848",
  "femalepopulation" : "2892",
  "census_tract_by_year" : "5049 - 1990",
  "year" : "1990",
  "census_tract" : "5049",
  "blackorafricanamericanper" : "23",
  "rentervacancyrateper" : "60",
  "population25andover" : "3054",
  "employedper" : "61",
  "totalpopulation" : "5482",
  "neighborhood" : "Behind the Rocks",
  "femalehouseholderper" : "29",
  "highschoolgraduateorhigherper25plus" : "58",
  "precentbachelorsdegreeorhigherper25plus" : "11",
  "allpeoplewhoseincomeinpast12monthsisbelowpovertylineper" : "22",
  "unemployedper" : "7",
  "population16yearsandoverinlaborforceper" : "68",
  "other" : "935",
  "malepopulation" : "2590",
  "vacanthousingunits" : "109",
  "year_by_census_track" : "1990 - 5049",
  "population18_24" : "671",
  "highschoolgraduateorequivalencyper25plus" : "29",
  "malepopulationper" : "47",
  "otherper" : "17",
  "whitealone" : "3184",
  "homeownervacancyrateper" : "7",
  "femalehouseholder" : "535",
  "graduateorprofessionaldegreeper25plus" : "4"
}
, {
  "medianhouseholdincome" : "29758",
  "privatewageandsalaryworkersper" : "79",
  "somecollegenodegreeper25plus" : "13",
  "blackorafricanamerican" : "713",
  "percapitaincome" : "16797",
  "bachelorsdegreeper25plus" : "2",
  "whitealoneper" : "14",
  "femalepopulationper" : "52",
  "totalhouseholds" : "1411",
  "femalepopulation" : "2282",
  "occupiedhousingunitsper" : "94",
  "census_tract_by_year" : "5049 - 2000",
  "householdswithsocialsecurityincomeper" : "32",
  "puertorican" : "2534",
  "year" : "2000",
  "selfemployedworkersinownnotincorporatedbusiness" : "4",
  "lessthan9thgradeper25plus" : "37",
  "census_tract" : "5049",
  "blackorafricanamericanper" : "16",
  "rentervacancyrateper" : "7",
  "hispaniclatinopopulation" : "2901",
  "population25andover" : "2491",
  "hispaniclatinopopulationper" : "66",
  "employedper" : "51",
  "totalpopulation" : "4415",
  "mexican" : "28",
  "neighborhood" : "Behind the Rocks",
  "femalehouseholderper" : "32",
  "nothispanicorlatino" : "1514",
  "highschoolgraduateorhigherper25plus" : "53",
  "precentbachelorsdegreeorhigherper25plus" : "4",
  "householdswithearningsper" : "74",
  "allpeoplewhoseincomeinpast12monthsisbelowpovertylineper" : "26",
  "owneroccupiedunitsper" : "37",
  "renteroccupiedunitsper" : "63",
  "medianageyears" : "30",
  "unemployedper" : "3",
  "population16yearsandoverinlaborforceper" : "54",
  "governmentworkersper" : "17",
  "puertoricanper" : "57",
  "mexicanper" : "1",
  "vacanthousingunitsper" : "6",
  "renteroccupiedunits" : "883",
  "other" : "1971",
  "householdswithpublicassistanceincomeper" : "8",
  "otherhispanicorlatinoper" : "7",
  "malepopulation" : "2133",
  "highschoolgraduateorequivalencyper18_24" : "47",
  "peopleunder18belowthepovertylevelper" : "33",
  "vacanthousingunits" : "96",
  "year_by_census_track" : "2000 - 5049",
  "otherhispanicorlatino" : "321",
  "occupiedhousingunits" : "1411",
  "population18_24" : "465",
  "nothispanicorlatinoper" : "34",
  "highschoolgraduateorequivalencyper25plus" : "33",
  "somecollegeorassociatesdegreeper18_24" : "11",
  "femaleheadedfamilieswhoseincomeinpast12monthsisbelowpovertylineper" : "30",
  "malepopulationper" : "48",
  "_9th_12thgradenodiplomaper25plus" : "21",
  "otherper" : "45",
  "familieswhoseincomeinpast12monthsisbelowpovertylineper" : "24",
  "whitealone" : "619",
  "homeownervacancyrateper" : "1",
  "femalehouseholder" : "454",
  "associatesdegreeper25plus" : "3",
  "lessthanhighschoolgraduateper18_24" : "39",
  "graduateorprofessionaldegreeper25plus" : "2",
  "owneroccupiedunits" : "528",
  "bachelorsdegreeorhigherper18_24" : "3"
}
, {
  "medianhouseholdincome" : "32465",
  "privatewageandsalaryworkersper" : "82",
  "somecollegenodegreeper25plus" : "18",
  "blackorafricanamerican" : "925",
  "percapitaincome" : "14431",
  "bachelorsdegreeper25plus" : "6",
  "whitealoneper" : "27",
  "femalepopulationper" : "51",
  "totalhouseholds" : "1489",
  "femalepopulation" : "2319",
  "occupiedhousingunitsper" : "93",
  "census_tract_by_year" : "5049 - 2010",
  "householdswithsocialsecurityincomeper" : "25",
  "puertorican" : "2708",
  "year" : "2010",
  "selfemployedworkersinownnotincorporatedbusiness" : "5",
  "lessthan9thgradeper25plus" : "18",
  "census_tract" : "5049",
  "blackorafricanamericanper" : "20",
  "rentervacancyrateper" : "7",
  "hispaniclatinopopulation" : "3193",
  "population25andover" : "2791",
  "hispaniclatinopopulationper" : "70",
  "employedper" : "56",
  "totalpopulation" : "4548",
  "mexican" : "70",
  "neighborhood" : "Behind the Rocks",
  "femalehouseholderper" : "34",
  "nothispanicorlatino" : "3255",
  "highschoolgraduateorhigherper25plus" : "62",
  "precentbachelorsdegreeorhigherper25plus" : "6",
  "nothispanicorlatinootherper" : "2",
  "withfoodstampsnapbenefitsinpast12monthsperofhouseholds" : "27",
  "householdswithearningsper" : "84",
  "allpeoplewhoseincomeinpast12monthsisbelowpovertylineper" : "19",
  "owneroccupiedunitsper" : "35",
  "renteroccupiedunitsper" : "65",
  "medianageyears" : "31",
  "unemployedper" : "5",
  "population16yearsandoverinlaborforceper" : "61",
  "governmentworkersper" : "13",
  "puertoricanper" : "60",
  "mexicanper" : "2",
  "vacanthousingunitsper" : "7",
  "renteroccupiedunits" : "970",
  "nothispanicorlatinoother" : "67",
  "other" : "1672",
  "householdswithpublicassistanceincomeper" : "5",
  "otherhispanicorlatinoper" : "9",
  "malepopulation" : "2229",
  "highschoolgraduateorequivalencyper18_24" : "26",
  "peopleunder18belowthepovertylevelper" : "24",
  "vacanthousingunits" : "119",
  "year_by_census_track" : "2010 - 5049",
  "otherhispanicorlatino" : "402",
  "occupiedhousingunits" : "1489",
  "population18_24" : "233",
  "nothispanicorlatinoper" : "30",
  "highschoolgraduateorequivalencyper25plus" : "34",
  "somecollegeorassociatesdegreeper18_24" : "38",
  "femaleheadedfamilieswhoseincomeinpast12monthsisbelowpovertylineper" : "17",
  "malepopulationper" : "49",
  "_9th_12thgradenodiplomaper25plus" : "20",
  "otherper" : "37",
  "familieswhoseincomeinpast12monthsisbelowpovertylineper" : "15",
  "whitealone" : "1230",
  "homeownervacancyrateper" : "3",
  "femalehouseholder" : "512",
  "associatesdegreeper25plus" : "5",
  "lessthanhighschoolgraduateper18_24" : "32",
  "graduateorprofessionaldegreeper25plus" : "0",
  "owneroccupiedunits" : "519",
  "bachelorsdegreeorhigherper18_24" : "4"
}
 ]