[ {
  "numberofsessions" : "28",
  "adults" : "4162",
  "children" : "6252",
  "date" : "2015-10-01T00:00:00"
}
, {
  "numberofsessions" : "15",
  "adults" : "1446",
  "children" : "853",
  "date" : "2015-09-01T00:00:00"
}
, {
  "numberofsessions" : "16",
  "adults" : "1026",
  "children" : "1704",
  "date" : "2015-08-01T00:00:00"
}
, {
  "numberofsessions" : "15",
  "adults" : "2586",
  "children" : "1392",
  "date" : "2015-07-01T00:00:00"
}
, {
  "numberofsessions" : "9",
  "adults" : "1379",
  "children" : "2925",
  "date" : "2015-06-01T00:00:00"
}
, {
  "numberofsessions" : "9",
  "adults" : "904",
  "children" : "1279",
  "date" : "2015-05-01T00:00:00"
}
, {
  "numberofsessions" : "2",
  "adults" : "156",
  "children" : "346",
  "date" : "2015-04-01T00:00:00"
}
, {
  "numberofsessions" : "5",
  "adults" : "209",
  "children" : "215",
  "date" : "2015-03-01T00:00:00"
}
, {
  "numberofsessions" : "4",
  "adults" : "43",
  "children" : "64",
  "date" : "2015-02-01T00:00:00"
}
, {
  "numberofsessions" : "5",
  "adults" : "243",
  "children" : "215",
  "date" : "2015-01-01T00:00:00"
}
, {
  "numberofsessions" : "11",
  "adults" : "893",
  "children" : "2405",
  "date" : "2014-12-01T00:00:00"
}
, {
  "numberofsessions" : "8",
  "adults" : "125",
  "children" : "595",
  "date" : "2014-11-01T00:00:00"
}
, {
  "numberofsessions" : "31",
  "adults" : "2799",
  "children" : "4190",
  "date" : "2014-10-01T00:00:00"
}
, {
  "numberofsessions" : "27",
  "adults" : "3683",
  "children" : "1336",
  "date" : "2014-09-01T00:00:00"
}
, {
  "numberofsessions" : "3",
  "adults" : "280",
  "children" : "275",
  "date" : "2014-08-01T00:00:00"
}
, {
  "numberofsessions" : "8",
  "adults" : "138",
  "children" : "462",
  "date" : "2014-07-01T00:00:00"
}
, {
  "numberofsessions" : "13",
  "adults" : "136",
  "children" : "978",
  "date" : "2014-06-01T00:00:00"
}
, {
  "numberofsessions" : "20",
  "adults" : "2881",
  "children" : "3934",
  "date" : "2014-05-01T00:00:00"
}
, {
  "numberofsessions" : "13",
  "adults" : "1206",
  "children" : "2092",
  "date" : "2014-04-01T00:00:00"
}
, {
  "numberofsessions" : "12",
  "adults" : "962",
  "children" : "299",
  "date" : "2014-03-01T00:00:00"
}
, {
  "numberofsessions" : "12",
  "adults" : "255",
  "children" : "244",
  "date" : "2014-02-01T00:00:00"
}
, {
  "numberofsessions" : "10",
  "adults" : "97",
  "children" : "359",
  "date" : "2014-01-01T00:00:00"
}
, {
  "numberofsessions" : "16",
  "adults" : "1605",
  "children" : "688",
  "date" : "2013-12-01T00:00:00"
}
, {
  "numberofsessions" : "18",
  "adults" : "431",
  "children" : "891",
  "date" : "2013-11-01T00:00:00"
}
, {
  "numberofsessions" : "31",
  "adults" : "14546",
  "children" : "7724",
  "date" : "2013-10-01T00:00:00"
}
, {
  "numberofsessions" : "16",
  "adults" : "2553",
  "children" : "1549",
  "date" : "2013-09-01T00:00:00"
}
, {
  "numberofsessions" : "18",
  "adults" : "2579",
  "children" : "3589",
  "date" : "2013-08-01T00:00:00"
}
, {
  "numberofsessions" : "17",
  "adults" : "7874",
  "children" : "1474",
  "date" : "2013-07-01T00:00:00"
}
, {
  "numberofsessions" : "13",
  "adults" : "1710",
  "children" : "1986",
  "date" : "2013-06-01T00:00:00"
}
, {
  "numberofsessions" : "10",
  "adults" : "943",
  "children" : "887",
  "date" : "2013-05-01T00:00:00"
}
, {
  "numberofsessions" : "11",
  "adults" : "1435",
  "children" : "1258",
  "date" : "2013-04-01T00:00:00"
}
, {
  "numberofsessions" : "13",
  "adults" : "535",
  "children" : "2344",
  "date" : "2013-03-01T00:00:00"
}
, {
  "numberofsessions" : "15",
  "adults" : "2644",
  "children" : "4407",
  "date" : "2013-02-01T00:00:00"
}
, {
  "numberofsessions" : "17",
  "adults" : "677",
  "children" : "848",
  "date" : "2013-01-01T00:00:00"
}
, {
  "numberofsessions" : "15",
  "adults" : "2127",
  "children" : "1225",
  "date" : "2012-12-01T00:00:00"
}
, {
  "numberofsessions" : "12",
  "adults" : "242",
  "children" : "694",
  "date" : "2012-11-01T00:00:00"
}
, {
  "numberofsessions" : "21",
  "adults" : "2462",
  "children" : "1499",
  "date" : "2012-10-01T00:00:00"
}
, {
  "numberofsessions" : "13",
  "adults" : "2476",
  "children" : "2643",
  "date" : "2012-09-01T00:00:00"
}
, {
  "numberofsessions" : "24",
  "adults" : "1355",
  "children" : "1655",
  "date" : "2012-08-01T00:00:00"
}
, {
  "numberofsessions" : "10",
  "adults" : "955",
  "children" : "360",
  "date" : "2012-07-01T00:00:00"
}
, {
  "numberofsessions" : "21",
  "adults" : "2281",
  "children" : "2075",
  "date" : "2012-06-01T00:00:00"
}
, {
  "numberofsessions" : "30",
  "adults" : "1705",
  "children" : "2701",
  "date" : "2012-05-01T00:00:00"
}
, {
  "numberofsessions" : "9",
  "adults" : "704",
  "children" : "1518",
  "date" : "2012-04-01T00:00:00"
}
, {
  "numberofsessions" : "24",
  "adults" : "388",
  "children" : "241",
  "date" : "2012-03-01T00:00:00"
}
, {
  "numberofsessions" : "11",
  "adults" : "229",
  "children" : "81",
  "date" : "2012-02-01T00:00:00"
}
, {
  "numberofsessions" : "31",
  "adults" : "739",
  "children" : "583",
  "date" : "2012-01-01T00:00:00"
}
, {
  "numberofsessions" : "31",
  "adults" : "1230",
  "children" : "1980",
  "date" : "2011-12-01T00:00:00"
}
, {
  "numberofsessions" : "13",
  "adults" : "96",
  "children" : "362",
  "date" : "2011-11-01T00:00:00"
}
, {
  "numberofsessions" : "18",
  "adults" : "281",
  "children" : "1476",
  "date" : "2011-10-01T00:00:00"
}
, {
  "numberofsessions" : "9",
  "adults" : "8518",
  "children" : "3268",
  "date" : "2011-09-01T00:00:00"
}
, {
  "numberofsessions" : "11",
  "adults" : "1761",
  "children" : "1313",
  "date" : "2011-08-01T00:00:00"
}
, {
  "numberofsessions" : "10",
  "adults" : "65",
  "children" : "83",
  "date" : "2011-07-01T00:00:00"
}
, {
  "numberofsessions" : "22",
  "adults" : "1602",
  "children" : "786",
  "date" : "2011-06-01T00:00:00"
}
, {
  "numberofsessions" : "41",
  "adults" : "1250",
  "children" : "1730",
  "date" : "2011-05-01T00:00:00"
}
, {
  "numberofsessions" : "18",
  "adults" : "154",
  "children" : "781",
  "date" : "2011-04-01T00:00:00"
}
, {
  "numberofsessions" : "16",
  "adults" : "17199",
  "children" : "2104",
  "date" : "2011-03-01T00:00:00"
}
, {
  "numberofsessions" : "8",
  "adults" : "99",
  "children" : "122",
  "date" : "2011-02-01T00:00:00"
}
, {
  "numberofsessions" : "9",
  "adults" : "1210",
  "children" : "1098",
  "date" : "2011-01-01T00:00:00"
}
 ]