[ {
  "emsresponseunder4min" : "35",
  "ems_count" : "62",
  "emsresponseunder4minpercent" : "56",
  "alarm_date" : "2015-11-23T00:00:00",
  "allcallsunder4minpercent" : "52",
  "fireresponseunder4min" : "1",
  "fire_count" : "1",
  "total_calls" : "80",
  "allcallsunder4min" : "42",
  "otherresponseunder4min" : "6",
  "fireresponseunder4minpercent" : "100",
  "otherresponseunder4minpercent" : "35",
  "other_count" : "17"
}
, {
  "emsresponseunder4min" : "26",
  "ems_count" : "41",
  "emsresponseunder4minpercent" : "63",
  "alarm_date" : "2015-11-22T00:00:00",
  "allcallsunder4minpercent" : "64",
  "fireresponseunder4min" : "1",
  "fire_count" : "2",
  "total_calls" : "59",
  "allcallsunder4min" : "38",
  "otherresponseunder4min" : "11",
  "fireresponseunder4minpercent" : "50",
  "otherresponseunder4minpercent" : "69",
  "other_count" : "16"
}
, {
  "emsresponseunder4min" : "30",
  "ems_count" : "47",
  "emsresponseunder4minpercent" : "64",
  "alarm_date" : "2015-11-21T00:00:00",
  "allcallsunder4minpercent" : "62",
  "fireresponseunder4min" : "2",
  "fire_count" : "2",
  "total_calls" : "76",
  "allcallsunder4min" : "47",
  "otherresponseunder4min" : "15",
  "fireresponseunder4minpercent" : "100",
  "otherresponseunder4minpercent" : "56",
  "other_count" : "27"
}
, {
  "emsresponseunder4min" : "34",
  "ems_count" : "59",
  "emsresponseunder4minpercent" : "58",
  "alarm_date" : "2015-11-20T00:00:00",
  "allcallsunder4minpercent" : "57",
  "fireresponseunder4min" : "4",
  "fire_count" : "4",
  "total_calls" : "82",
  "allcallsunder4min" : "47",
  "otherresponseunder4min" : "9",
  "fireresponseunder4minpercent" : "100",
  "otherresponseunder4minpercent" : "47",
  "other_count" : "19"
}
, {
  "emsresponseunder4min" : "23",
  "ems_count" : "42",
  "emsresponseunder4minpercent" : "55",
  "alarm_date" : "2015-11-19T00:00:00",
  "allcallsunder4minpercent" : "57",
  "fireresponseunder4min" : "2",
  "fire_count" : "2",
  "total_calls" : "58",
  "allcallsunder4min" : "33",
  "otherresponseunder4min" : "8",
  "fireresponseunder4minpercent" : "100",
  "otherresponseunder4minpercent" : "57",
  "other_count" : "14"
}
, {
  "emsresponseunder4min" : "35",
  "ems_count" : "57",
  "emsresponseunder4minpercent" : "61",
  "alarm_date" : "2015-11-18T00:00:00",
  "allcallsunder4minpercent" : "60",
  "fireresponseunder4min" : "1",
  "fire_count" : "1",
  "total_calls" : "73",
  "allcallsunder4min" : "44",
  "otherresponseunder4min" : "8",
  "fireresponseunder4minpercent" : "100",
  "otherresponseunder4minpercent" : "53",
  "other_count" : "15"
}
, {
  "emsresponseunder4min" : "21",
  "ems_count" : "36",
  "emsresponseunder4minpercent" : "58",
  "alarm_date" : "2015-11-17T00:00:00",
  "allcallsunder4minpercent" : "59",
  "fireresponseunder4min" : "1",
  "fire_count" : "2",
  "total_calls" : "54",
  "allcallsunder4min" : "32",
  "otherresponseunder4min" : "10",
  "fireresponseunder4minpercent" : "50",
  "otherresponseunder4minpercent" : "62",
  "other_count" : "16"
}
, {
  "emsresponseunder4min" : "28",
  "ems_count" : "51",
  "emsresponseunder4minpercent" : "55",
  "alarm_date" : "2015-11-16T00:00:00",
  "allcallsunder4minpercent" : "55",
  "fireresponseunder4min" : "0",
  "fire_count" : "0",
  "total_calls" : "64",
  "allcallsunder4min" : "35",
  "otherresponseunder4min" : "7",
  "fireresponseunder4minpercent" : "0",
  "otherresponseunder4minpercent" : "54",
  "other_count" : "13"
}
, {
  "emsresponseunder4min" : "28",
  "ems_count" : "43",
  "emsresponseunder4minpercent" : "65",
  "alarm_date" : "2015-11-15T00:00:00",
  "allcallsunder4minpercent" : "61",
  "fireresponseunder4min" : "1",
  "fire_count" : "3",
  "total_calls" : "59",
  "allcallsunder4min" : "36",
  "otherresponseunder4min" : "7",
  "fireresponseunder4minpercent" : "33",
  "otherresponseunder4minpercent" : "54",
  "other_count" : "13"
}
, {
  "emsresponseunder4min" : "34",
  "ems_count" : "56",
  "emsresponseunder4minpercent" : "61",
  "alarm_date" : "2015-11-14T00:00:00",
  "allcallsunder4minpercent" : "58",
  "fireresponseunder4min" : "0",
  "fire_count" : "0",
  "total_calls" : "71",
  "allcallsunder4min" : "41",
  "otherresponseunder4min" : "7",
  "fireresponseunder4minpercent" : "0",
  "otherresponseunder4minpercent" : "47",
  "other_count" : "15"
}
, {
  "emsresponseunder4min" : "23",
  "ems_count" : "46",
  "emsresponseunder4minpercent" : "50",
  "alarm_date" : "2015-11-13T00:00:00",
  "allcallsunder4minpercent" : "45",
  "fireresponseunder4min" : "0",
  "fire_count" : "0",
  "total_calls" : "65",
  "allcallsunder4min" : "29",
  "otherresponseunder4min" : "6",
  "fireresponseunder4minpercent" : "0",
  "otherresponseunder4minpercent" : "32",
  "other_count" : "19"
}
, {
  "emsresponseunder4min" : "20",
  "ems_count" : "44",
  "emsresponseunder4minpercent" : "45",
  "alarm_date" : "2015-11-12T00:00:00",
  "allcallsunder4minpercent" : "45",
  "fireresponseunder4min" : "0",
  "fire_count" : "1",
  "total_calls" : "60",
  "allcallsunder4min" : "27",
  "otherresponseunder4min" : "7",
  "fireresponseunder4minpercent" : "0",
  "otherresponseunder4minpercent" : "47",
  "other_count" : "15"
}
, {
  "emsresponseunder4min" : "31",
  "ems_count" : "53",
  "emsresponseunder4minpercent" : "58",
  "alarm_date" : "2015-11-11T00:00:00",
  "allcallsunder4minpercent" : "58",
  "fireresponseunder4min" : "1",
  "fire_count" : "1",
  "total_calls" : "74",
  "allcallsunder4min" : "43",
  "otherresponseunder4min" : "11",
  "fireresponseunder4minpercent" : "100",
  "otherresponseunder4minpercent" : "55",
  "other_count" : "20"
}
, {
  "emsresponseunder4min" : "36",
  "ems_count" : "60",
  "emsresponseunder4minpercent" : "60",
  "alarm_date" : "2015-11-10T00:00:00",
  "allcallsunder4minpercent" : "57",
  "fireresponseunder4min" : "1",
  "fire_count" : "2",
  "total_calls" : "81",
  "allcallsunder4min" : "46",
  "otherresponseunder4min" : "9",
  "fireresponseunder4minpercent" : "50",
  "otherresponseunder4minpercent" : "47",
  "other_count" : "19"
}
, {
  "emsresponseunder4min" : "31",
  "ems_count" : "48",
  "emsresponseunder4minpercent" : "65",
  "alarm_date" : "2015-11-09T00:00:00",
  "allcallsunder4minpercent" : "59",
  "fireresponseunder4min" : "3",
  "fire_count" : "3",
  "total_calls" : "75",
  "allcallsunder4min" : "44",
  "otherresponseunder4min" : "10",
  "fireresponseunder4minpercent" : "100",
  "otherresponseunder4minpercent" : "42",
  "other_count" : "24"
}
, {
  "emsresponseunder4min" : "33",
  "ems_count" : "53",
  "emsresponseunder4minpercent" : "62",
  "alarm_date" : "2015-11-08T00:00:00",
  "allcallsunder4minpercent" : "59",
  "fireresponseunder4min" : "3",
  "fire_count" : "3",
  "total_calls" : "74",
  "allcallsunder4min" : "44",
  "otherresponseunder4min" : "8",
  "fireresponseunder4minpercent" : "100",
  "otherresponseunder4minpercent" : "44",
  "other_count" : "18"
}
, {
  "emsresponseunder4min" : "31",
  "ems_count" : "49",
  "emsresponseunder4minpercent" : "63",
  "alarm_date" : "2015-11-07T00:00:00",
  "allcallsunder4minpercent" : "64",
  "fireresponseunder4min" : "2",
  "fire_count" : "6",
  "total_calls" : "77",
  "allcallsunder4min" : "49",
  "otherresponseunder4min" : "16",
  "fireresponseunder4minpercent" : "33",
  "otherresponseunder4minpercent" : "73",
  "other_count" : "22"
}
, {
  "emsresponseunder4min" : "35",
  "ems_count" : "55",
  "emsresponseunder4minpercent" : "64",
  "alarm_date" : "2015-11-06T00:00:00",
  "allcallsunder4minpercent" : "65",
  "fireresponseunder4min" : "1",
  "fire_count" : "1",
  "total_calls" : "77",
  "allcallsunder4min" : "50",
  "otherresponseunder4min" : "14",
  "fireresponseunder4minpercent" : "100",
  "otherresponseunder4minpercent" : "67",
  "other_count" : "21"
}
, {
  "emsresponseunder4min" : "28",
  "ems_count" : "57",
  "emsresponseunder4minpercent" : "49",
  "alarm_date" : "2015-11-05T00:00:00",
  "allcallsunder4minpercent" : "52",
  "fireresponseunder4min" : "4",
  "fire_count" : "6",
  "total_calls" : "79",
  "allcallsunder4min" : "41",
  "otherresponseunder4min" : "9",
  "fireresponseunder4minpercent" : "67",
  "otherresponseunder4minpercent" : "56",
  "other_count" : "16"
}
, {
  "emsresponseunder4min" : "34",
  "ems_count" : "50",
  "emsresponseunder4minpercent" : "68",
  "alarm_date" : "2015-11-04T00:00:00",
  "allcallsunder4minpercent" : "62",
  "fireresponseunder4min" : "2",
  "fire_count" : "3",
  "total_calls" : "69",
  "allcallsunder4min" : "43",
  "otherresponseunder4min" : "7",
  "fireresponseunder4minpercent" : "67",
  "otherresponseunder4minpercent" : "44",
  "other_count" : "16"
}
, {
  "emsresponseunder4min" : "26",
  "ems_count" : "45",
  "emsresponseunder4minpercent" : "58",
  "alarm_date" : "2015-11-03T00:00:00",
  "allcallsunder4minpercent" : "54",
  "fireresponseunder4min" : "2",
  "fire_count" : "3",
  "total_calls" : "72",
  "allcallsunder4min" : "39",
  "otherresponseunder4min" : "11",
  "fireresponseunder4minpercent" : "67",
  "otherresponseunder4minpercent" : "46",
  "other_count" : "24"
}
, {
  "emsresponseunder4min" : "35",
  "ems_count" : "51",
  "emsresponseunder4minpercent" : "69",
  "alarm_date" : "2015-11-02T00:00:00",
  "allcallsunder4minpercent" : "64",
  "fireresponseunder4min" : "0",
  "fire_count" : "0",
  "total_calls" : "69",
  "allcallsunder4min" : "44",
  "otherresponseunder4min" : "9",
  "fireresponseunder4minpercent" : "0",
  "otherresponseunder4minpercent" : "50",
  "other_count" : "18"
}
, {
  "emsresponseunder4min" : "18",
  "ems_count" : "38",
  "emsresponseunder4minpercent" : "47",
  "alarm_date" : "2015-11-01T00:00:00",
  "allcallsunder4minpercent" : "47",
  "fireresponseunder4min" : "0",
  "fire_count" : "1",
  "total_calls" : "64",
  "allcallsunder4min" : "30",
  "otherresponseunder4min" : "12",
  "fireresponseunder4minpercent" : "0",
  "otherresponseunder4minpercent" : "48",
  "other_count" : "25"
}
, {
  "emsresponseunder4min" : "45",
  "ems_count" : "62",
  "emsresponseunder4minpercent" : "73",
  "alarm_date" : "2015-10-31T00:00:00",
  "allcallsunder4minpercent" : "67",
  "fireresponseunder4min" : "0",
  "fire_count" : "0",
  "total_calls" : "81",
  "allcallsunder4min" : "54",
  "otherresponseunder4min" : "9",
  "fireresponseunder4minpercent" : "0",
  "otherresponseunder4minpercent" : "47",
  "other_count" : "19"
}
, {
  "emsresponseunder4min" : "30",
  "ems_count" : "49",
  "emsresponseunder4minpercent" : "61",
  "alarm_date" : "2015-10-30T00:00:00",
  "allcallsunder4minpercent" : "54",
  "fireresponseunder4min" : "2",
  "fire_count" : "3",
  "total_calls" : "63",
  "allcallsunder4min" : "34",
  "otherresponseunder4min" : "2",
  "fireresponseunder4minpercent" : "67",
  "otherresponseunder4minpercent" : "18",
  "other_count" : "11"
}
, {
  "emsresponseunder4min" : "23",
  "ems_count" : "35",
  "emsresponseunder4minpercent" : "66",
  "alarm_date" : "2015-10-29T00:00:00",
  "allcallsunder4minpercent" : "62",
  "fireresponseunder4min" : "0",
  "fire_count" : "1",
  "total_calls" : "64",
  "allcallsunder4min" : "40",
  "otherresponseunder4min" : "17",
  "fireresponseunder4minpercent" : "0",
  "otherresponseunder4minpercent" : "61",
  "other_count" : "28"
}
, {
  "emsresponseunder4min" : "26",
  "ems_count" : "40",
  "emsresponseunder4minpercent" : "65",
  "alarm_date" : "2015-10-28T00:00:00",
  "allcallsunder4minpercent" : "68",
  "fireresponseunder4min" : "2",
  "fire_count" : "2",
  "total_calls" : "65",
  "allcallsunder4min" : "44",
  "otherresponseunder4min" : "16",
  "fireresponseunder4minpercent" : "100",
  "otherresponseunder4minpercent" : "70",
  "other_count" : "23"
}
, {
  "emsresponseunder4min" : "28",
  "ems_count" : "38",
  "emsresponseunder4minpercent" : "74",
  "alarm_date" : "2015-10-27T00:00:00",
  "allcallsunder4minpercent" : "71",
  "fireresponseunder4min" : "0",
  "fire_count" : "1",
  "total_calls" : "55",
  "allcallsunder4min" : "39",
  "otherresponseunder4min" : "11",
  "fireresponseunder4minpercent" : "0",
  "otherresponseunder4minpercent" : "69",
  "other_count" : "16"
}
, {
  "emsresponseunder4min" : "26",
  "ems_count" : "48",
  "emsresponseunder4minpercent" : "54",
  "alarm_date" : "2015-10-26T00:00:00",
  "allcallsunder4minpercent" : "53",
  "fireresponseunder4min" : "0",
  "fire_count" : "0",
  "total_calls" : "62",
  "allcallsunder4min" : "33",
  "otherresponseunder4min" : "7",
  "fireresponseunder4minpercent" : "0",
  "otherresponseunder4minpercent" : "50",
  "other_count" : "14"
}
, {
  "emsresponseunder4min" : "32",
  "ems_count" : "55",
  "emsresponseunder4minpercent" : "58",
  "alarm_date" : "2015-10-25T00:00:00",
  "allcallsunder4minpercent" : "62",
  "fireresponseunder4min" : "6",
  "fire_count" : "7",
  "total_calls" : "79",
  "allcallsunder4min" : "49",
  "otherresponseunder4min" : "11",
  "fireresponseunder4minpercent" : "86",
  "otherresponseunder4minpercent" : "65",
  "other_count" : "17"
}
, {
  "emsresponseunder4min" : "18",
  "ems_count" : "41",
  "emsresponseunder4minpercent" : "44",
  "alarm_date" : "2015-10-24T00:00:00",
  "allcallsunder4minpercent" : "45",
  "fireresponseunder4min" : "2",
  "fire_count" : "4",
  "total_calls" : "66",
  "allcallsunder4min" : "30",
  "otherresponseunder4min" : "10",
  "fireresponseunder4minpercent" : "50",
  "otherresponseunder4minpercent" : "48",
  "other_count" : "21"
}
, {
  "emsresponseunder4min" : "34",
  "ems_count" : "59",
  "emsresponseunder4minpercent" : "58",
  "alarm_date" : "2015-10-23T00:00:00",
  "allcallsunder4minpercent" : "61",
  "fireresponseunder4min" : "1",
  "fire_count" : "1",
  "total_calls" : "75",
  "allcallsunder4min" : "46",
  "otherresponseunder4min" : "11",
  "fireresponseunder4minpercent" : "100",
  "otherresponseunder4minpercent" : "73",
  "other_count" : "15"
}
, {
  "emsresponseunder4min" : "33",
  "ems_count" : "50",
  "emsresponseunder4minpercent" : "66",
  "alarm_date" : "2015-10-22T00:00:00",
  "allcallsunder4minpercent" : "60",
  "fireresponseunder4min" : "2",
  "fire_count" : "2",
  "total_calls" : "72",
  "allcallsunder4min" : "43",
  "otherresponseunder4min" : "8",
  "fireresponseunder4minpercent" : "100",
  "otherresponseunder4minpercent" : "40",
  "other_count" : "20"
}
, {
  "emsresponseunder4min" : "41",
  "ems_count" : "50",
  "emsresponseunder4minpercent" : "82",
  "alarm_date" : "2015-10-21T00:00:00",
  "allcallsunder4minpercent" : "74",
  "fireresponseunder4min" : "3",
  "fire_count" : "4",
  "total_calls" : "70",
  "allcallsunder4min" : "52",
  "otherresponseunder4min" : "8",
  "fireresponseunder4minpercent" : "75",
  "otherresponseunder4minpercent" : "50",
  "other_count" : "16"
}
, {
  "emsresponseunder4min" : "25",
  "ems_count" : "38",
  "emsresponseunder4minpercent" : "66",
  "alarm_date" : "2015-10-20T00:00:00",
  "allcallsunder4minpercent" : "58",
  "fireresponseunder4min" : "1",
  "fire_count" : "3",
  "total_calls" : "55",
  "allcallsunder4min" : "32",
  "otherresponseunder4min" : "6",
  "fireresponseunder4minpercent" : "33",
  "otherresponseunder4minpercent" : "43",
  "other_count" : "14"
}
, {
  "emsresponseunder4min" : "30",
  "ems_count" : "46",
  "emsresponseunder4minpercent" : "65",
  "alarm_date" : "2015-10-19T00:00:00",
  "allcallsunder4minpercent" : "62",
  "fireresponseunder4min" : "1",
  "fire_count" : "4",
  "total_calls" : "65",
  "allcallsunder4min" : "40",
  "otherresponseunder4min" : "9",
  "fireresponseunder4minpercent" : "25",
  "otherresponseunder4minpercent" : "60",
  "other_count" : "15"
}
, {
  "emsresponseunder4min" : "23",
  "ems_count" : "40",
  "emsresponseunder4minpercent" : "57",
  "alarm_date" : "2015-10-18T00:00:00",
  "allcallsunder4minpercent" : "46",
  "fireresponseunder4min" : "2",
  "fire_count" : "4",
  "total_calls" : "56",
  "allcallsunder4min" : "26",
  "otherresponseunder4min" : "1",
  "fireresponseunder4minpercent" : "50",
  "otherresponseunder4minpercent" : "8",
  "other_count" : "12"
}
, {
  "emsresponseunder4min" : "31",
  "ems_count" : "55",
  "emsresponseunder4minpercent" : "56",
  "alarm_date" : "2015-10-17T00:00:00",
  "allcallsunder4minpercent" : "56",
  "fireresponseunder4min" : "2",
  "fire_count" : "6",
  "total_calls" : "80",
  "allcallsunder4min" : "45",
  "otherresponseunder4min" : "12",
  "fireresponseunder4minpercent" : "33",
  "otherresponseunder4minpercent" : "63",
  "other_count" : "19"
}
, {
  "emsresponseunder4min" : "28",
  "ems_count" : "47",
  "emsresponseunder4minpercent" : "60",
  "alarm_date" : "2015-10-16T00:00:00",
  "allcallsunder4minpercent" : "62",
  "fireresponseunder4min" : "1",
  "fire_count" : "1",
  "total_calls" : "60",
  "allcallsunder4min" : "37",
  "otherresponseunder4min" : "8",
  "fireresponseunder4minpercent" : "100",
  "otherresponseunder4minpercent" : "67",
  "other_count" : "12"
}
, {
  "emsresponseunder4min" : "26",
  "ems_count" : "49",
  "emsresponseunder4minpercent" : "53",
  "alarm_date" : "2015-10-15T00:00:00",
  "allcallsunder4minpercent" : "48",
  "fireresponseunder4min" : "1",
  "fire_count" : "3",
  "total_calls" : "71",
  "allcallsunder4min" : "34",
  "otherresponseunder4min" : "7",
  "fireresponseunder4minpercent" : "33",
  "otherresponseunder4minpercent" : "37",
  "other_count" : "19"
}
, {
  "emsresponseunder4min" : "19",
  "ems_count" : "44",
  "emsresponseunder4minpercent" : "43",
  "alarm_date" : "2015-10-14T00:00:00",
  "allcallsunder4minpercent" : "51",
  "fireresponseunder4min" : "2",
  "fire_count" : "2",
  "total_calls" : "63",
  "allcallsunder4min" : "32",
  "otherresponseunder4min" : "11",
  "fireresponseunder4minpercent" : "100",
  "otherresponseunder4minpercent" : "65",
  "other_count" : "17"
}
, {
  "emsresponseunder4min" : "41",
  "ems_count" : "55",
  "emsresponseunder4minpercent" : "75",
  "alarm_date" : "2015-10-13T00:00:00",
  "allcallsunder4minpercent" : "70",
  "fireresponseunder4min" : "1",
  "fire_count" : "1",
  "total_calls" : "82",
  "allcallsunder4min" : "57",
  "otherresponseunder4min" : "15",
  "fireresponseunder4minpercent" : "100",
  "otherresponseunder4minpercent" : "58",
  "other_count" : "26"
}
, {
  "emsresponseunder4min" : "28",
  "ems_count" : "48",
  "emsresponseunder4minpercent" : "58",
  "alarm_date" : "2015-10-12T00:00:00",
  "allcallsunder4minpercent" : "56",
  "fireresponseunder4min" : "1",
  "fire_count" : "1",
  "total_calls" : "59",
  "allcallsunder4min" : "33",
  "otherresponseunder4min" : "4",
  "fireresponseunder4minpercent" : "100",
  "otherresponseunder4minpercent" : "40",
  "other_count" : "10"
}
, {
  "emsresponseunder4min" : "22",
  "ems_count" : "34",
  "emsresponseunder4minpercent" : "65",
  "alarm_date" : "2015-10-11T00:00:00",
  "allcallsunder4minpercent" : "67",
  "fireresponseunder4min" : "1",
  "fire_count" : "1",
  "total_calls" : "52",
  "allcallsunder4min" : "35",
  "otherresponseunder4min" : "12",
  "fireresponseunder4minpercent" : "100",
  "otherresponseunder4minpercent" : "71",
  "other_count" : "17"
}
, {
  "emsresponseunder4min" : "28",
  "ems_count" : "40",
  "emsresponseunder4minpercent" : "70",
  "alarm_date" : "2015-10-10T00:00:00",
  "allcallsunder4minpercent" : "64",
  "fireresponseunder4min" : "0",
  "fire_count" : "0",
  "total_calls" : "61",
  "allcallsunder4min" : "39",
  "otherresponseunder4min" : "11",
  "fireresponseunder4minpercent" : "0",
  "otherresponseunder4minpercent" : "52",
  "other_count" : "21"
}
, {
  "emsresponseunder4min" : "42",
  "ems_count" : "55",
  "emsresponseunder4minpercent" : "76",
  "alarm_date" : "2015-10-09T00:00:00",
  "allcallsunder4minpercent" : "72",
  "fireresponseunder4min" : "1",
  "fire_count" : "1",
  "total_calls" : "72",
  "allcallsunder4min" : "52",
  "otherresponseunder4min" : "9",
  "fireresponseunder4minpercent" : "100",
  "otherresponseunder4minpercent" : "56",
  "other_count" : "16"
}
, {
  "emsresponseunder4min" : "32",
  "ems_count" : "45",
  "emsresponseunder4minpercent" : "71",
  "alarm_date" : "2015-10-08T00:00:00",
  "allcallsunder4minpercent" : "67",
  "fireresponseunder4min" : "2",
  "fire_count" : "2",
  "total_calls" : "67",
  "allcallsunder4min" : "45",
  "otherresponseunder4min" : "11",
  "fireresponseunder4minpercent" : "100",
  "otherresponseunder4minpercent" : "55",
  "other_count" : "20"
}
, {
  "emsresponseunder4min" : "31",
  "ems_count" : "59",
  "emsresponseunder4minpercent" : "53",
  "alarm_date" : "2015-10-07T00:00:00",
  "allcallsunder4minpercent" : "54",
  "fireresponseunder4min" : "0",
  "fire_count" : "1",
  "total_calls" : "69",
  "allcallsunder4min" : "37",
  "otherresponseunder4min" : "6",
  "fireresponseunder4minpercent" : "0",
  "otherresponseunder4minpercent" : "67",
  "other_count" : "9"
}
, {
  "emsresponseunder4min" : "28",
  "ems_count" : "48",
  "emsresponseunder4minpercent" : "58",
  "alarm_date" : "2015-10-06T00:00:00",
  "allcallsunder4minpercent" : "56",
  "fireresponseunder4min" : "1",
  "fire_count" : "3",
  "total_calls" : "62",
  "allcallsunder4min" : "35",
  "otherresponseunder4min" : "6",
  "fireresponseunder4minpercent" : "33",
  "otherresponseunder4minpercent" : "55",
  "other_count" : "11"
}
, {
  "emsresponseunder4min" : "35",
  "ems_count" : "59",
  "emsresponseunder4minpercent" : "59",
  "alarm_date" : "2015-10-05T00:00:00",
  "allcallsunder4minpercent" : "57",
  "fireresponseunder4min" : "1",
  "fire_count" : "2",
  "total_calls" : "80",
  "allcallsunder4min" : "46",
  "otherresponseunder4min" : "10",
  "fireresponseunder4minpercent" : "50",
  "otherresponseunder4minpercent" : "53",
  "other_count" : "19"
}
, {
  "emsresponseunder4min" : "30",
  "ems_count" : "48",
  "emsresponseunder4minpercent" : "62",
  "alarm_date" : "2015-10-04T00:00:00",
  "allcallsunder4minpercent" : "59",
  "fireresponseunder4min" : "0",
  "fire_count" : "0",
  "total_calls" : "68",
  "allcallsunder4min" : "40",
  "otherresponseunder4min" : "10",
  "fireresponseunder4minpercent" : "0",
  "otherresponseunder4minpercent" : "50",
  "other_count" : "20"
}
, {
  "emsresponseunder4min" : "22",
  "ems_count" : "47",
  "emsresponseunder4minpercent" : "47",
  "alarm_date" : "2015-10-03T00:00:00",
  "allcallsunder4minpercent" : "45",
  "fireresponseunder4min" : "1",
  "fire_count" : "3",
  "total_calls" : "65",
  "allcallsunder4min" : "29",
  "otherresponseunder4min" : "6",
  "fireresponseunder4minpercent" : "33",
  "otherresponseunder4minpercent" : "40",
  "other_count" : "15"
}
, {
  "emsresponseunder4min" : "27",
  "ems_count" : "50",
  "emsresponseunder4minpercent" : "54",
  "alarm_date" : "2015-10-02T00:00:00",
  "allcallsunder4minpercent" : "53",
  "fireresponseunder4min" : "1",
  "fire_count" : "1",
  "total_calls" : "75",
  "allcallsunder4min" : "40",
  "otherresponseunder4min" : "12",
  "fireresponseunder4minpercent" : "100",
  "otherresponseunder4minpercent" : "50",
  "other_count" : "24"
}
, {
  "emsresponseunder4min" : "25",
  "ems_count" : "40",
  "emsresponseunder4minpercent" : "62",
  "alarm_date" : "2015-10-01T00:00:00",
  "allcallsunder4minpercent" : "60",
  "fireresponseunder4min" : "0",
  "fire_count" : "0",
  "total_calls" : "55",
  "allcallsunder4min" : "33",
  "otherresponseunder4min" : "8",
  "fireresponseunder4minpercent" : "0",
  "otherresponseunder4minpercent" : "53",
  "other_count" : "15"
}
, {
  "emsresponseunder4min" : "22",
  "ems_count" : "36",
  "emsresponseunder4minpercent" : "61",
  "alarm_date" : "2015-09-30T00:00:00",
  "allcallsunder4minpercent" : "57",
  "fireresponseunder4min" : "1",
  "fire_count" : "1",
  "total_calls" : "51",
  "allcallsunder4min" : "29",
  "otherresponseunder4min" : "6",
  "fireresponseunder4minpercent" : "100",
  "otherresponseunder4minpercent" : "43",
  "other_count" : "14"
}
, {
  "emsresponseunder4min" : "31",
  "ems_count" : "56",
  "emsresponseunder4minpercent" : "55",
  "alarm_date" : "2015-09-29T00:00:00",
  "allcallsunder4minpercent" : "58",
  "fireresponseunder4min" : "4",
  "fire_count" : "5",
  "total_calls" : "79",
  "allcallsunder4min" : "46",
  "otherresponseunder4min" : "11",
  "fireresponseunder4minpercent" : "80",
  "otherresponseunder4minpercent" : "61",
  "other_count" : "18"
}
, {
  "emsresponseunder4min" : "37",
  "ems_count" : "56",
  "emsresponseunder4minpercent" : "66",
  "alarm_date" : "2015-09-28T00:00:00",
  "allcallsunder4minpercent" : "66",
  "fireresponseunder4min" : "0",
  "fire_count" : "0",
  "total_calls" : "68",
  "allcallsunder4min" : "45",
  "otherresponseunder4min" : "8",
  "fireresponseunder4minpercent" : "0",
  "otherresponseunder4minpercent" : "67",
  "other_count" : "12"
}
, {
  "emsresponseunder4min" : "36",
  "ems_count" : "49",
  "emsresponseunder4minpercent" : "73",
  "alarm_date" : "2015-09-27T00:00:00",
  "allcallsunder4minpercent" : "70",
  "fireresponseunder4min" : "4",
  "fire_count" : "7",
  "total_calls" : "74",
  "allcallsunder4min" : "52",
  "otherresponseunder4min" : "12",
  "fireresponseunder4minpercent" : "57",
  "otherresponseunder4minpercent" : "67",
  "other_count" : "18"
}
, {
  "emsresponseunder4min" : "31",
  "ems_count" : "42",
  "emsresponseunder4minpercent" : "74",
  "alarm_date" : "2015-09-26T00:00:00",
  "allcallsunder4minpercent" : "68",
  "fireresponseunder4min" : "4",
  "fire_count" : "5",
  "total_calls" : "63",
  "allcallsunder4min" : "43",
  "otherresponseunder4min" : "8",
  "fireresponseunder4minpercent" : "80",
  "otherresponseunder4minpercent" : "50",
  "other_count" : "16"
}
, {
  "emsresponseunder4min" : "30",
  "ems_count" : "49",
  "emsresponseunder4minpercent" : "61",
  "alarm_date" : "2015-09-25T00:00:00",
  "allcallsunder4minpercent" : "64",
  "fireresponseunder4min" : "3",
  "fire_count" : "4",
  "total_calls" : "77",
  "allcallsunder4min" : "49",
  "otherresponseunder4min" : "16",
  "fireresponseunder4minpercent" : "75",
  "otherresponseunder4minpercent" : "67",
  "other_count" : "24"
}
, {
  "emsresponseunder4min" : "23",
  "ems_count" : "44",
  "emsresponseunder4minpercent" : "52",
  "alarm_date" : "2015-09-24T00:00:00",
  "allcallsunder4minpercent" : "53",
  "fireresponseunder4min" : "0",
  "fire_count" : "2",
  "total_calls" : "53",
  "allcallsunder4min" : "28",
  "otherresponseunder4min" : "5",
  "fireresponseunder4minpercent" : "0",
  "otherresponseunder4minpercent" : "71",
  "other_count" : "7"
}
, {
  "emsresponseunder4min" : "24",
  "ems_count" : "42",
  "emsresponseunder4minpercent" : "57",
  "alarm_date" : "2015-09-23T00:00:00",
  "allcallsunder4minpercent" : "59",
  "fireresponseunder4min" : "1",
  "fire_count" : "2",
  "total_calls" : "64",
  "allcallsunder4min" : "38",
  "otherresponseunder4min" : "13",
  "fireresponseunder4minpercent" : "50",
  "otherresponseunder4minpercent" : "65",
  "other_count" : "20"
}
, {
  "emsresponseunder4min" : "34",
  "ems_count" : "52",
  "emsresponseunder4minpercent" : "65",
  "alarm_date" : "2015-09-22T00:00:00",
  "allcallsunder4minpercent" : "62",
  "fireresponseunder4min" : "2",
  "fire_count" : "2",
  "total_calls" : "64",
  "allcallsunder4min" : "40",
  "otherresponseunder4min" : "4",
  "fireresponseunder4minpercent" : "100",
  "otherresponseunder4minpercent" : "40",
  "other_count" : "10"
}
, {
  "emsresponseunder4min" : "33",
  "ems_count" : "47",
  "emsresponseunder4minpercent" : "70",
  "alarm_date" : "2015-09-21T00:00:00",
  "allcallsunder4minpercent" : "73",
  "fireresponseunder4min" : "1",
  "fire_count" : "2",
  "total_calls" : "70",
  "allcallsunder4min" : "51",
  "otherresponseunder4min" : "17",
  "fireresponseunder4minpercent" : "50",
  "otherresponseunder4minpercent" : "81",
  "other_count" : "21"
}
, {
  "emsresponseunder4min" : "18",
  "ems_count" : "33",
  "emsresponseunder4minpercent" : "55",
  "alarm_date" : "2015-09-20T00:00:00",
  "allcallsunder4minpercent" : "52",
  "fireresponseunder4min" : "0",
  "fire_count" : "2",
  "total_calls" : "46",
  "allcallsunder4min" : "24",
  "otherresponseunder4min" : "6",
  "fireresponseunder4minpercent" : "0",
  "otherresponseunder4minpercent" : "55",
  "other_count" : "11"
}
, {
  "emsresponseunder4min" : "21",
  "ems_count" : "45",
  "emsresponseunder4minpercent" : "47",
  "alarm_date" : "2015-09-19T00:00:00",
  "allcallsunder4minpercent" : "48",
  "fireresponseunder4min" : "2",
  "fire_count" : "2",
  "total_calls" : "65",
  "allcallsunder4min" : "31",
  "otherresponseunder4min" : "8",
  "fireresponseunder4minpercent" : "100",
  "otherresponseunder4minpercent" : "44",
  "other_count" : "18"
}
, {
  "emsresponseunder4min" : "39",
  "ems_count" : "53",
  "emsresponseunder4minpercent" : "74",
  "alarm_date" : "2015-09-18T00:00:00",
  "allcallsunder4minpercent" : "70",
  "fireresponseunder4min" : "0",
  "fire_count" : "2",
  "total_calls" : "66",
  "allcallsunder4min" : "46",
  "otherresponseunder4min" : "7",
  "fireresponseunder4minpercent" : "0",
  "otherresponseunder4minpercent" : "64",
  "other_count" : "11"
}
, {
  "emsresponseunder4min" : "30",
  "ems_count" : "50",
  "emsresponseunder4minpercent" : "60",
  "alarm_date" : "2015-09-17T00:00:00",
  "allcallsunder4minpercent" : "56",
  "fireresponseunder4min" : "1",
  "fire_count" : "3",
  "total_calls" : "62",
  "allcallsunder4min" : "35",
  "otherresponseunder4min" : "4",
  "fireresponseunder4minpercent" : "33",
  "otherresponseunder4minpercent" : "44",
  "other_count" : "9"
}
, {
  "emsresponseunder4min" : "34",
  "ems_count" : "62",
  "emsresponseunder4minpercent" : "55",
  "alarm_date" : "2015-09-16T00:00:00",
  "allcallsunder4minpercent" : "58",
  "fireresponseunder4min" : "1",
  "fire_count" : "2",
  "total_calls" : "76",
  "allcallsunder4min" : "44",
  "otherresponseunder4min" : "9",
  "fireresponseunder4minpercent" : "50",
  "otherresponseunder4minpercent" : "75",
  "other_count" : "12"
}
, {
  "emsresponseunder4min" : "32",
  "ems_count" : "52",
  "emsresponseunder4minpercent" : "62",
  "alarm_date" : "2015-09-15T00:00:00",
  "allcallsunder4minpercent" : "55",
  "fireresponseunder4min" : "1",
  "fire_count" : "2",
  "total_calls" : "67",
  "allcallsunder4min" : "37",
  "otherresponseunder4min" : "4",
  "fireresponseunder4minpercent" : "50",
  "otherresponseunder4minpercent" : "31",
  "other_count" : "13"
}
, {
  "emsresponseunder4min" : "35",
  "ems_count" : "51",
  "emsresponseunder4minpercent" : "69",
  "alarm_date" : "2015-09-14T00:00:00",
  "allcallsunder4minpercent" : "62",
  "fireresponseunder4min" : "4",
  "fire_count" : "4",
  "total_calls" : "73",
  "allcallsunder4min" : "45",
  "otherresponseunder4min" : "6",
  "fireresponseunder4minpercent" : "100",
  "otherresponseunder4minpercent" : "33",
  "other_count" : "18"
}
, {
  "emsresponseunder4min" : "34",
  "ems_count" : "52",
  "emsresponseunder4minpercent" : "65",
  "alarm_date" : "2015-09-13T00:00:00",
  "allcallsunder4minpercent" : "62",
  "fireresponseunder4min" : "0",
  "fire_count" : "1",
  "total_calls" : "63",
  "allcallsunder4min" : "39",
  "otherresponseunder4min" : "5",
  "fireresponseunder4minpercent" : "0",
  "otherresponseunder4minpercent" : "50",
  "other_count" : "10"
}
, {
  "emsresponseunder4min" : "33",
  "ems_count" : "57",
  "emsresponseunder4minpercent" : "58",
  "alarm_date" : "2015-09-12T00:00:00",
  "allcallsunder4minpercent" : "59",
  "fireresponseunder4min" : "0",
  "fire_count" : "0",
  "total_calls" : "81",
  "allcallsunder4min" : "48",
  "otherresponseunder4min" : "15",
  "fireresponseunder4minpercent" : "0",
  "otherresponseunder4minpercent" : "62",
  "other_count" : "24"
}
, {
  "emsresponseunder4min" : "39",
  "ems_count" : "57",
  "emsresponseunder4minpercent" : "68",
  "alarm_date" : "2015-09-11T00:00:00",
  "allcallsunder4minpercent" : "73",
  "fireresponseunder4min" : "2",
  "fire_count" : "2",
  "total_calls" : "73",
  "allcallsunder4min" : "53",
  "otherresponseunder4min" : "12",
  "fireresponseunder4minpercent" : "100",
  "otherresponseunder4minpercent" : "86",
  "other_count" : "14"
}
, {
  "emsresponseunder4min" : "39",
  "ems_count" : "58",
  "emsresponseunder4minpercent" : "67",
  "alarm_date" : "2015-09-10T00:00:00",
  "allcallsunder4minpercent" : "64",
  "fireresponseunder4min" : "0",
  "fire_count" : "0",
  "total_calls" : "80",
  "allcallsunder4min" : "51",
  "otherresponseunder4min" : "12",
  "fireresponseunder4minpercent" : "0",
  "otherresponseunder4minpercent" : "55",
  "other_count" : "22"
}
, {
  "emsresponseunder4min" : "24",
  "ems_count" : "52",
  "emsresponseunder4minpercent" : "46",
  "alarm_date" : "2015-09-09T00:00:00",
  "allcallsunder4minpercent" : "54",
  "fireresponseunder4min" : "2",
  "fire_count" : "3",
  "total_calls" : "70",
  "allcallsunder4min" : "38",
  "otherresponseunder4min" : "12",
  "fireresponseunder4minpercent" : "67",
  "otherresponseunder4minpercent" : "80",
  "other_count" : "15"
}
, {
  "emsresponseunder4min" : "33",
  "ems_count" : "62",
  "emsresponseunder4minpercent" : "53",
  "alarm_date" : "2015-09-08T00:00:00",
  "allcallsunder4minpercent" : "56",
  "fireresponseunder4min" : "4",
  "fire_count" : "4",
  "total_calls" : "89",
  "allcallsunder4min" : "50",
  "otherresponseunder4min" : "13",
  "fireresponseunder4minpercent" : "100",
  "otherresponseunder4minpercent" : "57",
  "other_count" : "23"
}
, {
  "emsresponseunder4min" : "32",
  "ems_count" : "44",
  "emsresponseunder4minpercent" : "73",
  "alarm_date" : "2015-09-07T00:00:00",
  "allcallsunder4minpercent" : "73",
  "fireresponseunder4min" : "2",
  "fire_count" : "4",
  "total_calls" : "71",
  "allcallsunder4min" : "52",
  "otherresponseunder4min" : "18",
  "fireresponseunder4minpercent" : "50",
  "otherresponseunder4minpercent" : "78",
  "other_count" : "23"
}
, {
  "emsresponseunder4min" : "30",
  "ems_count" : "50",
  "emsresponseunder4minpercent" : "60",
  "alarm_date" : "2015-09-06T00:00:00",
  "allcallsunder4minpercent" : "56",
  "fireresponseunder4min" : "0",
  "fire_count" : "1",
  "total_calls" : "70",
  "allcallsunder4min" : "39",
  "otherresponseunder4min" : "9",
  "fireresponseunder4minpercent" : "0",
  "otherresponseunder4minpercent" : "47",
  "other_count" : "19"
}
, {
  "emsresponseunder4min" : "24",
  "ems_count" : "44",
  "emsresponseunder4minpercent" : "55",
  "alarm_date" : "2015-09-05T00:00:00",
  "allcallsunder4minpercent" : "60",
  "fireresponseunder4min" : "4",
  "fire_count" : "5",
  "total_calls" : "67",
  "allcallsunder4min" : "40",
  "otherresponseunder4min" : "12",
  "fireresponseunder4minpercent" : "80",
  "otherresponseunder4minpercent" : "67",
  "other_count" : "18"
}
, {
  "emsresponseunder4min" : "28",
  "ems_count" : "44",
  "emsresponseunder4minpercent" : "64",
  "alarm_date" : "2015-09-04T00:00:00",
  "allcallsunder4minpercent" : "65",
  "fireresponseunder4min" : "0",
  "fire_count" : "1",
  "total_calls" : "65",
  "allcallsunder4min" : "42",
  "otherresponseunder4min" : "14",
  "fireresponseunder4minpercent" : "0",
  "otherresponseunder4minpercent" : "70",
  "other_count" : "20"
}
, {
  "emsresponseunder4min" : "25",
  "ems_count" : "47",
  "emsresponseunder4minpercent" : "53",
  "alarm_date" : "2015-09-03T00:00:00",
  "allcallsunder4minpercent" : "58",
  "fireresponseunder4min" : "3",
  "fire_count" : "5",
  "total_calls" : "73",
  "allcallsunder4min" : "42",
  "otherresponseunder4min" : "14",
  "fireresponseunder4minpercent" : "60",
  "otherresponseunder4minpercent" : "67",
  "other_count" : "21"
}
, {
  "emsresponseunder4min" : "24",
  "ems_count" : "40",
  "emsresponseunder4minpercent" : "60",
  "alarm_date" : "2015-09-02T00:00:00",
  "allcallsunder4minpercent" : "55",
  "fireresponseunder4min" : "0",
  "fire_count" : "0",
  "total_calls" : "60",
  "allcallsunder4min" : "33",
  "otherresponseunder4min" : "9",
  "fireresponseunder4minpercent" : "0",
  "otherresponseunder4minpercent" : "45",
  "other_count" : "20"
}
, {
  "emsresponseunder4min" : "40",
  "ems_count" : "54",
  "emsresponseunder4minpercent" : "74",
  "alarm_date" : "2015-09-01T00:00:00",
  "allcallsunder4minpercent" : "68",
  "fireresponseunder4min" : "1",
  "fire_count" : "2",
  "total_calls" : "72",
  "allcallsunder4min" : "49",
  "otherresponseunder4min" : "8",
  "fireresponseunder4minpercent" : "50",
  "otherresponseunder4minpercent" : "50",
  "other_count" : "16"
}
, {
  "emsresponseunder4min" : "37",
  "ems_count" : "49",
  "emsresponseunder4minpercent" : "76",
  "alarm_date" : "2015-08-31T00:00:00",
  "allcallsunder4minpercent" : "70",
  "fireresponseunder4min" : "1",
  "fire_count" : "2",
  "total_calls" : "67",
  "allcallsunder4min" : "47",
  "otherresponseunder4min" : "9",
  "fireresponseunder4minpercent" : "50",
  "otherresponseunder4minpercent" : "56",
  "other_count" : "16"
}
, {
  "emsresponseunder4min" : "39",
  "ems_count" : "59",
  "emsresponseunder4minpercent" : "66",
  "alarm_date" : "2015-08-30T00:00:00",
  "allcallsunder4minpercent" : "60",
  "fireresponseunder4min" : "0",
  "fire_count" : "1",
  "total_calls" : "75",
  "allcallsunder4min" : "45",
  "otherresponseunder4min" : "6",
  "fireresponseunder4minpercent" : "0",
  "otherresponseunder4minpercent" : "40",
  "other_count" : "15"
}
, {
  "emsresponseunder4min" : "33",
  "ems_count" : "51",
  "emsresponseunder4minpercent" : "65",
  "alarm_date" : "2015-08-29T00:00:00",
  "allcallsunder4minpercent" : "57",
  "fireresponseunder4min" : "2",
  "fire_count" : "4",
  "total_calls" : "79",
  "allcallsunder4min" : "45",
  "otherresponseunder4min" : "10",
  "fireresponseunder4minpercent" : "50",
  "otherresponseunder4minpercent" : "42",
  "other_count" : "24"
}
, {
  "emsresponseunder4min" : "17",
  "ems_count" : "28",
  "emsresponseunder4minpercent" : "61",
  "alarm_date" : "2015-08-28T00:00:00",
  "allcallsunder4minpercent" : "59",
  "fireresponseunder4min" : "1",
  "fire_count" : "2",
  "total_calls" : "46",
  "allcallsunder4min" : "27",
  "otherresponseunder4min" : "9",
  "fireresponseunder4minpercent" : "50",
  "otherresponseunder4minpercent" : "56",
  "other_count" : "16"
}
, {
  "emsresponseunder4min" : "26",
  "ems_count" : "36",
  "emsresponseunder4minpercent" : "72",
  "alarm_date" : "2015-08-27T00:00:00",
  "allcallsunder4minpercent" : "65",
  "fireresponseunder4min" : "0",
  "fire_count" : "2",
  "total_calls" : "62",
  "allcallsunder4min" : "40",
  "otherresponseunder4min" : "14",
  "fireresponseunder4minpercent" : "0",
  "otherresponseunder4minpercent" : "58",
  "other_count" : "24"
}
, {
  "emsresponseunder4min" : "29",
  "ems_count" : "46",
  "emsresponseunder4minpercent" : "63",
  "alarm_date" : "2015-08-26T00:00:00",
  "allcallsunder4minpercent" : "61",
  "fireresponseunder4min" : "0",
  "fire_count" : "0",
  "total_calls" : "64",
  "allcallsunder4min" : "39",
  "otherresponseunder4min" : "10",
  "fireresponseunder4minpercent" : "0",
  "otherresponseunder4minpercent" : "56",
  "other_count" : "18"
}
, {
  "emsresponseunder4min" : "32",
  "ems_count" : "50",
  "emsresponseunder4minpercent" : "64",
  "alarm_date" : "2015-08-25T00:00:00",
  "allcallsunder4minpercent" : "58",
  "fireresponseunder4min" : "5",
  "fire_count" : "5",
  "total_calls" : "73",
  "allcallsunder4min" : "42",
  "otherresponseunder4min" : "5",
  "fireresponseunder4minpercent" : "100",
  "otherresponseunder4minpercent" : "28",
  "other_count" : "18"
}
, {
  "emsresponseunder4min" : "27",
  "ems_count" : "39",
  "emsresponseunder4minpercent" : "69",
  "alarm_date" : "2015-08-24T00:00:00",
  "allcallsunder4minpercent" : "64",
  "fireresponseunder4min" : "1",
  "fire_count" : "1",
  "total_calls" : "59",
  "allcallsunder4min" : "38",
  "otherresponseunder4min" : "10",
  "fireresponseunder4minpercent" : "100",
  "otherresponseunder4minpercent" : "53",
  "other_count" : "19"
}
, {
  "emsresponseunder4min" : "13",
  "ems_count" : "26",
  "emsresponseunder4minpercent" : "50",
  "alarm_date" : "2015-08-23T00:00:00",
  "allcallsunder4minpercent" : "62",
  "fireresponseunder4min" : "2",
  "fire_count" : "2",
  "total_calls" : "42",
  "allcallsunder4min" : "26",
  "otherresponseunder4min" : "11",
  "fireresponseunder4minpercent" : "100",
  "otherresponseunder4minpercent" : "79",
  "other_count" : "14"
}
, {
  "emsresponseunder4min" : "24",
  "ems_count" : "38",
  "emsresponseunder4minpercent" : "63",
  "alarm_date" : "2015-08-22T00:00:00",
  "allcallsunder4minpercent" : "58",
  "fireresponseunder4min" : "1",
  "fire_count" : "3",
  "total_calls" : "60",
  "allcallsunder4min" : "35",
  "otherresponseunder4min" : "10",
  "fireresponseunder4minpercent" : "33",
  "otherresponseunder4minpercent" : "53",
  "other_count" : "19"
}
, {
  "emsresponseunder4min" : "39",
  "ems_count" : "54",
  "emsresponseunder4minpercent" : "72",
  "alarm_date" : "2015-08-21T00:00:00",
  "allcallsunder4minpercent" : "70",
  "fireresponseunder4min" : "0",
  "fire_count" : "1",
  "total_calls" : "80",
  "allcallsunder4min" : "56",
  "otherresponseunder4min" : "17",
  "fireresponseunder4minpercent" : "0",
  "otherresponseunder4minpercent" : "68",
  "other_count" : "25"
}
, {
  "emsresponseunder4min" : "32",
  "ems_count" : "58",
  "emsresponseunder4minpercent" : "55",
  "alarm_date" : "2015-08-20T00:00:00",
  "allcallsunder4minpercent" : "49",
  "fireresponseunder4min" : "1",
  "fire_count" : "3",
  "total_calls" : "77",
  "allcallsunder4min" : "38",
  "otherresponseunder4min" : "5",
  "fireresponseunder4minpercent" : "33",
  "otherresponseunder4minpercent" : "31",
  "other_count" : "16"
}
, {
  "emsresponseunder4min" : "34",
  "ems_count" : "46",
  "emsresponseunder4minpercent" : "74",
  "alarm_date" : "2015-08-19T00:00:00",
  "allcallsunder4minpercent" : "63",
  "fireresponseunder4min" : "1",
  "fire_count" : "1",
  "total_calls" : "76",
  "allcallsunder4min" : "48",
  "otherresponseunder4min" : "13",
  "fireresponseunder4minpercent" : "100",
  "otherresponseunder4minpercent" : "45",
  "other_count" : "29"
}
, {
  "emsresponseunder4min" : "26",
  "ems_count" : "37",
  "emsresponseunder4minpercent" : "70",
  "alarm_date" : "2015-08-18T00:00:00",
  "allcallsunder4minpercent" : "71",
  "fireresponseunder4min" : "0",
  "fire_count" : "0",
  "total_calls" : "52",
  "allcallsunder4min" : "37",
  "otherresponseunder4min" : "11",
  "fireresponseunder4minpercent" : "0",
  "otherresponseunder4minpercent" : "73",
  "other_count" : "15"
}
, {
  "emsresponseunder4min" : "36",
  "ems_count" : "63",
  "emsresponseunder4minpercent" : "57",
  "alarm_date" : "2015-08-17T00:00:00",
  "allcallsunder4minpercent" : "55",
  "fireresponseunder4min" : "0",
  "fire_count" : "1",
  "total_calls" : "80",
  "allcallsunder4min" : "44",
  "otherresponseunder4min" : "8",
  "fireresponseunder4minpercent" : "0",
  "otherresponseunder4minpercent" : "50",
  "other_count" : "16"
}
, {
  "emsresponseunder4min" : "31",
  "ems_count" : "44",
  "emsresponseunder4minpercent" : "70",
  "alarm_date" : "2015-08-16T00:00:00",
  "allcallsunder4minpercent" : "63",
  "fireresponseunder4min" : "0",
  "fire_count" : "1",
  "total_calls" : "63",
  "allcallsunder4min" : "40",
  "otherresponseunder4min" : "9",
  "fireresponseunder4minpercent" : "0",
  "otherresponseunder4minpercent" : "50",
  "other_count" : "18"
}
, {
  "emsresponseunder4min" : "31",
  "ems_count" : "61",
  "emsresponseunder4minpercent" : "51",
  "alarm_date" : "2015-08-15T00:00:00",
  "allcallsunder4minpercent" : "47",
  "fireresponseunder4min" : "0",
  "fire_count" : "4",
  "total_calls" : "87",
  "allcallsunder4min" : "41",
  "otherresponseunder4min" : "10",
  "fireresponseunder4minpercent" : "0",
  "otherresponseunder4minpercent" : "45",
  "other_count" : "22"
}
, {
  "emsresponseunder4min" : "45",
  "ems_count" : "63",
  "emsresponseunder4minpercent" : "71",
  "alarm_date" : "2015-08-14T00:00:00",
  "allcallsunder4minpercent" : "71",
  "fireresponseunder4min" : "0",
  "fire_count" : "1",
  "total_calls" : "84",
  "allcallsunder4min" : "60",
  "otherresponseunder4min" : "15",
  "fireresponseunder4minpercent" : "0",
  "otherresponseunder4minpercent" : "75",
  "other_count" : "20"
}
, {
  "emsresponseunder4min" : "29",
  "ems_count" : "46",
  "emsresponseunder4minpercent" : "63",
  "alarm_date" : "2015-08-13T00:00:00",
  "allcallsunder4minpercent" : "58",
  "fireresponseunder4min" : "1",
  "fire_count" : "1",
  "total_calls" : "60",
  "allcallsunder4min" : "35",
  "otherresponseunder4min" : "5",
  "fireresponseunder4minpercent" : "100",
  "otherresponseunder4minpercent" : "38",
  "other_count" : "13"
}
, {
  "emsresponseunder4min" : "33",
  "ems_count" : "51",
  "emsresponseunder4minpercent" : "65",
  "alarm_date" : "2015-08-12T00:00:00",
  "allcallsunder4minpercent" : "61",
  "fireresponseunder4min" : "0",
  "fire_count" : "1",
  "total_calls" : "72",
  "allcallsunder4min" : "44",
  "otherresponseunder4min" : "11",
  "fireresponseunder4minpercent" : "0",
  "otherresponseunder4minpercent" : "55",
  "other_count" : "20"
}
, {
  "emsresponseunder4min" : "35",
  "ems_count" : "49",
  "emsresponseunder4minpercent" : "71",
  "alarm_date" : "2015-08-11T00:00:00",
  "allcallsunder4minpercent" : "69",
  "fireresponseunder4min" : "0",
  "fire_count" : "1",
  "total_calls" : "64",
  "allcallsunder4min" : "44",
  "otherresponseunder4min" : "9",
  "fireresponseunder4minpercent" : "0",
  "otherresponseunder4minpercent" : "64",
  "other_count" : "14"
}
, {
  "emsresponseunder4min" : "23",
  "ems_count" : "36",
  "emsresponseunder4minpercent" : "64",
  "alarm_date" : "2015-08-10T00:00:00",
  "allcallsunder4minpercent" : "63",
  "fireresponseunder4min" : "2",
  "fire_count" : "5",
  "total_calls" : "60",
  "allcallsunder4min" : "38",
  "otherresponseunder4min" : "13",
  "fireresponseunder4minpercent" : "40",
  "otherresponseunder4minpercent" : "68",
  "other_count" : "19"
}
, {
  "emsresponseunder4min" : "27",
  "ems_count" : "42",
  "emsresponseunder4minpercent" : "64",
  "alarm_date" : "2015-08-09T00:00:00",
  "allcallsunder4minpercent" : "64",
  "fireresponseunder4min" : "1",
  "fire_count" : "2",
  "total_calls" : "61",
  "allcallsunder4min" : "39",
  "otherresponseunder4min" : "11",
  "fireresponseunder4minpercent" : "50",
  "otherresponseunder4minpercent" : "65",
  "other_count" : "17"
}
, {
  "emsresponseunder4min" : "58",
  "ems_count" : "69",
  "emsresponseunder4minpercent" : "84",
  "alarm_date" : "2015-08-08T00:00:00",
  "allcallsunder4minpercent" : "71",
  "fireresponseunder4min" : "0",
  "fire_count" : "3",
  "total_calls" : "92",
  "allcallsunder4min" : "65",
  "otherresponseunder4min" : "7",
  "fireresponseunder4minpercent" : "0",
  "otherresponseunder4minpercent" : "35",
  "other_count" : "20"
}
, {
  "emsresponseunder4min" : "28",
  "ems_count" : "42",
  "emsresponseunder4minpercent" : "67",
  "alarm_date" : "2015-08-07T00:00:00",
  "allcallsunder4minpercent" : "67",
  "fireresponseunder4min" : "2",
  "fire_count" : "3",
  "total_calls" : "60",
  "allcallsunder4min" : "40",
  "otherresponseunder4min" : "10",
  "fireresponseunder4minpercent" : "67",
  "otherresponseunder4minpercent" : "67",
  "other_count" : "15"
}
, {
  "emsresponseunder4min" : "25",
  "ems_count" : "44",
  "emsresponseunder4minpercent" : "57",
  "alarm_date" : "2015-08-06T00:00:00",
  "allcallsunder4minpercent" : "56",
  "fireresponseunder4min" : "2",
  "fire_count" : "2",
  "total_calls" : "71",
  "allcallsunder4min" : "40",
  "otherresponseunder4min" : "13",
  "fireresponseunder4minpercent" : "100",
  "otherresponseunder4minpercent" : "52",
  "other_count" : "25"
}
, {
  "emsresponseunder4min" : "32",
  "ems_count" : "48",
  "emsresponseunder4minpercent" : "67",
  "alarm_date" : "2015-08-05T00:00:00",
  "allcallsunder4minpercent" : "61",
  "fireresponseunder4min" : "2",
  "fire_count" : "3",
  "total_calls" : "74",
  "allcallsunder4min" : "45",
  "otherresponseunder4min" : "11",
  "fireresponseunder4minpercent" : "67",
  "otherresponseunder4minpercent" : "48",
  "other_count" : "23"
}
, {
  "emsresponseunder4min" : "32",
  "ems_count" : "50",
  "emsresponseunder4minpercent" : "64",
  "alarm_date" : "2015-08-04T00:00:00",
  "allcallsunder4minpercent" : "61",
  "fireresponseunder4min" : "0",
  "fire_count" : "3",
  "total_calls" : "71",
  "allcallsunder4min" : "43",
  "otherresponseunder4min" : "11",
  "fireresponseunder4minpercent" : "0",
  "otherresponseunder4minpercent" : "61",
  "other_count" : "18"
}
, {
  "emsresponseunder4min" : "29",
  "ems_count" : "50",
  "emsresponseunder4minpercent" : "58",
  "alarm_date" : "2015-08-03T00:00:00",
  "allcallsunder4minpercent" : "52",
  "fireresponseunder4min" : "1",
  "fire_count" : "6",
  "total_calls" : "69",
  "allcallsunder4min" : "36",
  "otherresponseunder4min" : "6",
  "fireresponseunder4minpercent" : "17",
  "otherresponseunder4minpercent" : "46",
  "other_count" : "13"
}
, {
  "emsresponseunder4min" : "31",
  "ems_count" : "44",
  "emsresponseunder4minpercent" : "70",
  "alarm_date" : "2015-08-02T00:00:00",
  "allcallsunder4minpercent" : "67",
  "fireresponseunder4min" : "1",
  "fire_count" : "1",
  "total_calls" : "69",
  "allcallsunder4min" : "46",
  "otherresponseunder4min" : "14",
  "fireresponseunder4minpercent" : "100",
  "otherresponseunder4minpercent" : "58",
  "other_count" : "24"
}
, {
  "emsresponseunder4min" : "24",
  "ems_count" : "41",
  "emsresponseunder4minpercent" : "59",
  "alarm_date" : "2015-08-01T00:00:00",
  "allcallsunder4minpercent" : "58",
  "fireresponseunder4min" : "2",
  "fire_count" : "3",
  "total_calls" : "64",
  "allcallsunder4min" : "37",
  "otherresponseunder4min" : "11",
  "fireresponseunder4minpercent" : "67",
  "otherresponseunder4minpercent" : "55",
  "other_count" : "20"
}
, {
  "emsresponseunder4min" : "23",
  "ems_count" : "42",
  "emsresponseunder4minpercent" : "55",
  "alarm_date" : "2015-07-31T00:00:00",
  "allcallsunder4minpercent" : "52",
  "fireresponseunder4min" : "0",
  "fire_count" : "0",
  "total_calls" : "64",
  "allcallsunder4min" : "33",
  "otherresponseunder4min" : "10",
  "fireresponseunder4minpercent" : "0",
  "otherresponseunder4minpercent" : "45",
  "other_count" : "22"
}
, {
  "emsresponseunder4min" : "31",
  "ems_count" : "44",
  "emsresponseunder4minpercent" : "70",
  "alarm_date" : "2015-07-30T00:00:00",
  "allcallsunder4minpercent" : "58",
  "fireresponseunder4min" : "1",
  "fire_count" : "2",
  "total_calls" : "67",
  "allcallsunder4min" : "39",
  "otherresponseunder4min" : "7",
  "fireresponseunder4minpercent" : "50",
  "otherresponseunder4minpercent" : "33",
  "other_count" : "21"
}
, {
  "emsresponseunder4min" : "29",
  "ems_count" : "43",
  "emsresponseunder4minpercent" : "67",
  "alarm_date" : "2015-07-29T00:00:00",
  "allcallsunder4minpercent" : "64",
  "fireresponseunder4min" : "1",
  "fire_count" : "1",
  "total_calls" : "56",
  "allcallsunder4min" : "36",
  "otherresponseunder4min" : "6",
  "fireresponseunder4minpercent" : "100",
  "otherresponseunder4minpercent" : "50",
  "other_count" : "12"
}
, {
  "emsresponseunder4min" : "43",
  "ems_count" : "69",
  "emsresponseunder4minpercent" : "62",
  "alarm_date" : "2015-07-28T00:00:00",
  "allcallsunder4minpercent" : "61",
  "fireresponseunder4min" : "0",
  "fire_count" : "2",
  "total_calls" : "95",
  "allcallsunder4min" : "58",
  "otherresponseunder4min" : "15",
  "fireresponseunder4minpercent" : "0",
  "otherresponseunder4minpercent" : "62",
  "other_count" : "24"
}
, {
  "emsresponseunder4min" : "26",
  "ems_count" : "46",
  "emsresponseunder4minpercent" : "57",
  "alarm_date" : "2015-07-27T00:00:00",
  "allcallsunder4minpercent" : "64",
  "fireresponseunder4min" : "1",
  "fire_count" : "1",
  "total_calls" : "61",
  "allcallsunder4min" : "39",
  "otherresponseunder4min" : "12",
  "fireresponseunder4minpercent" : "100",
  "otherresponseunder4minpercent" : "86",
  "other_count" : "14"
}
, {
  "emsresponseunder4min" : "21",
  "ems_count" : "35",
  "emsresponseunder4minpercent" : "60",
  "alarm_date" : "2015-07-26T00:00:00",
  "allcallsunder4minpercent" : "62",
  "fireresponseunder4min" : "1",
  "fire_count" : "2",
  "total_calls" : "50",
  "allcallsunder4min" : "31",
  "otherresponseunder4min" : "9",
  "fireresponseunder4minpercent" : "50",
  "otherresponseunder4minpercent" : "69",
  "other_count" : "13"
}
, {
  "emsresponseunder4min" : "33",
  "ems_count" : "44",
  "emsresponseunder4minpercent" : "75",
  "alarm_date" : "2015-07-25T00:00:00",
  "allcallsunder4minpercent" : "71",
  "fireresponseunder4min" : "1",
  "fire_count" : "3",
  "total_calls" : "65",
  "allcallsunder4min" : "46",
  "otherresponseunder4min" : "12",
  "fireresponseunder4minpercent" : "33",
  "otherresponseunder4minpercent" : "67",
  "other_count" : "18"
}
, {
  "emsresponseunder4min" : "25",
  "ems_count" : "42",
  "emsresponseunder4minpercent" : "60",
  "alarm_date" : "2015-07-24T00:00:00",
  "allcallsunder4minpercent" : "62",
  "fireresponseunder4min" : "0",
  "fire_count" : "0",
  "total_calls" : "56",
  "allcallsunder4min" : "35",
  "otherresponseunder4min" : "10",
  "fireresponseunder4minpercent" : "0",
  "otherresponseunder4minpercent" : "71",
  "other_count" : "14"
}
, {
  "emsresponseunder4min" : "29",
  "ems_count" : "46",
  "emsresponseunder4minpercent" : "63",
  "alarm_date" : "2015-07-23T00:00:00",
  "allcallsunder4minpercent" : "58",
  "fireresponseunder4min" : "1",
  "fire_count" : "2",
  "total_calls" : "72",
  "allcallsunder4min" : "42",
  "otherresponseunder4min" : "12",
  "fireresponseunder4minpercent" : "50",
  "otherresponseunder4minpercent" : "50",
  "other_count" : "24"
}
, {
  "emsresponseunder4min" : "22",
  "ems_count" : "32",
  "emsresponseunder4minpercent" : "69",
  "alarm_date" : "2015-07-22T00:00:00",
  "allcallsunder4minpercent" : "64",
  "fireresponseunder4min" : "0",
  "fire_count" : "1",
  "total_calls" : "47",
  "allcallsunder4min" : "30",
  "otherresponseunder4min" : "8",
  "fireresponseunder4minpercent" : "0",
  "otherresponseunder4minpercent" : "57",
  "other_count" : "14"
}
, {
  "emsresponseunder4min" : "24",
  "ems_count" : "39",
  "emsresponseunder4minpercent" : "62",
  "alarm_date" : "2015-07-21T00:00:00",
  "allcallsunder4minpercent" : "59",
  "fireresponseunder4min" : "0",
  "fire_count" : "2",
  "total_calls" : "80",
  "allcallsunder4min" : "47",
  "otherresponseunder4min" : "23",
  "fireresponseunder4minpercent" : "0",
  "otherresponseunder4minpercent" : "59",
  "other_count" : "39"
}
, {
  "emsresponseunder4min" : "21",
  "ems_count" : "37",
  "emsresponseunder4minpercent" : "57",
  "alarm_date" : "2015-07-20T00:00:00",
  "allcallsunder4minpercent" : "53",
  "fireresponseunder4min" : "0",
  "fire_count" : "0",
  "total_calls" : "57",
  "allcallsunder4min" : "30",
  "otherresponseunder4min" : "9",
  "fireresponseunder4minpercent" : "0",
  "otherresponseunder4minpercent" : "45",
  "other_count" : "20"
}
, {
  "emsresponseunder4min" : "31",
  "ems_count" : "51",
  "emsresponseunder4minpercent" : "61",
  "alarm_date" : "2015-07-19T00:00:00",
  "allcallsunder4minpercent" : "61",
  "fireresponseunder4min" : "2",
  "fire_count" : "4",
  "total_calls" : "71",
  "allcallsunder4min" : "43",
  "otherresponseunder4min" : "10",
  "fireresponseunder4minpercent" : "50",
  "otherresponseunder4minpercent" : "62",
  "other_count" : "16"
}
, {
  "emsresponseunder4min" : "24",
  "ems_count" : "44",
  "emsresponseunder4minpercent" : "55",
  "alarm_date" : "2015-07-18T00:00:00",
  "allcallsunder4minpercent" : "55",
  "fireresponseunder4min" : "0",
  "fire_count" : "0",
  "total_calls" : "75",
  "allcallsunder4min" : "41",
  "otherresponseunder4min" : "17",
  "fireresponseunder4minpercent" : "0",
  "otherresponseunder4minpercent" : "55",
  "other_count" : "31"
}
, {
  "emsresponseunder4min" : "26",
  "ems_count" : "44",
  "emsresponseunder4minpercent" : "59",
  "alarm_date" : "2015-07-17T00:00:00",
  "allcallsunder4minpercent" : "60",
  "fireresponseunder4min" : "1",
  "fire_count" : "2",
  "total_calls" : "60",
  "allcallsunder4min" : "36",
  "otherresponseunder4min" : "9",
  "fireresponseunder4minpercent" : "50",
  "otherresponseunder4minpercent" : "64",
  "other_count" : "14"
}
, {
  "emsresponseunder4min" : "23",
  "ems_count" : "43",
  "emsresponseunder4minpercent" : "53",
  "alarm_date" : "2015-07-16T00:00:00",
  "allcallsunder4minpercent" : "62",
  "fireresponseunder4min" : "3",
  "fire_count" : "3",
  "total_calls" : "69",
  "allcallsunder4min" : "43",
  "otherresponseunder4min" : "17",
  "fireresponseunder4minpercent" : "100",
  "otherresponseunder4minpercent" : "74",
  "other_count" : "23"
}
, {
  "emsresponseunder4min" : "30",
  "ems_count" : "50",
  "emsresponseunder4minpercent" : "60",
  "alarm_date" : "2015-07-15T00:00:00",
  "allcallsunder4minpercent" : "63",
  "fireresponseunder4min" : "0",
  "fire_count" : "0",
  "total_calls" : "71",
  "allcallsunder4min" : "45",
  "otherresponseunder4min" : "15",
  "fireresponseunder4minpercent" : "0",
  "otherresponseunder4minpercent" : "71",
  "other_count" : "21"
}
, {
  "emsresponseunder4min" : "32",
  "ems_count" : "50",
  "emsresponseunder4minpercent" : "64",
  "alarm_date" : "2015-07-14T00:00:00",
  "allcallsunder4minpercent" : "63",
  "fireresponseunder4min" : "3",
  "fire_count" : "3",
  "total_calls" : "65",
  "allcallsunder4min" : "41",
  "otherresponseunder4min" : "6",
  "fireresponseunder4minpercent" : "100",
  "otherresponseunder4minpercent" : "50",
  "other_count" : "12"
}
, {
  "emsresponseunder4min" : "33",
  "ems_count" : "50",
  "emsresponseunder4minpercent" : "66",
  "alarm_date" : "2015-07-13T00:00:00",
  "allcallsunder4minpercent" : "66",
  "fireresponseunder4min" : "1",
  "fire_count" : "2",
  "total_calls" : "79",
  "allcallsunder4min" : "52",
  "otherresponseunder4min" : "18",
  "fireresponseunder4minpercent" : "50",
  "otherresponseunder4minpercent" : "67",
  "other_count" : "27"
}
, {
  "emsresponseunder4min" : "23",
  "ems_count" : "39",
  "emsresponseunder4minpercent" : "59",
  "alarm_date" : "2015-07-12T00:00:00",
  "allcallsunder4minpercent" : "58",
  "fireresponseunder4min" : "1",
  "fire_count" : "2",
  "total_calls" : "59",
  "allcallsunder4min" : "34",
  "otherresponseunder4min" : "10",
  "fireresponseunder4minpercent" : "50",
  "otherresponseunder4minpercent" : "56",
  "other_count" : "18"
}
, {
  "emsresponseunder4min" : "33",
  "ems_count" : "41",
  "emsresponseunder4minpercent" : "80",
  "alarm_date" : "2015-07-11T00:00:00",
  "allcallsunder4minpercent" : "76",
  "fireresponseunder4min" : "1",
  "fire_count" : "3",
  "total_calls" : "58",
  "allcallsunder4min" : "44",
  "otherresponseunder4min" : "10",
  "fireresponseunder4minpercent" : "33",
  "otherresponseunder4minpercent" : "71",
  "other_count" : "14"
}
, {
  "emsresponseunder4min" : "28",
  "ems_count" : "53",
  "emsresponseunder4minpercent" : "53",
  "alarm_date" : "2015-07-10T00:00:00",
  "allcallsunder4minpercent" : "49",
  "fireresponseunder4min" : "1",
  "fire_count" : "1",
  "total_calls" : "76",
  "allcallsunder4min" : "37",
  "otherresponseunder4min" : "8",
  "fireresponseunder4minpercent" : "100",
  "otherresponseunder4minpercent" : "36",
  "other_count" : "22"
}
, {
  "emsresponseunder4min" : "26",
  "ems_count" : "44",
  "emsresponseunder4minpercent" : "59",
  "alarm_date" : "2015-07-09T00:00:00",
  "allcallsunder4minpercent" : "56",
  "fireresponseunder4min" : "4",
  "fire_count" : "4",
  "total_calls" : "64",
  "allcallsunder4min" : "36",
  "otherresponseunder4min" : "6",
  "fireresponseunder4minpercent" : "100",
  "otherresponseunder4minpercent" : "38",
  "other_count" : "16"
}
, {
  "emsresponseunder4min" : "32",
  "ems_count" : "49",
  "emsresponseunder4minpercent" : "65",
  "alarm_date" : "2015-07-08T00:00:00",
  "allcallsunder4minpercent" : "60",
  "fireresponseunder4min" : "1",
  "fire_count" : "1",
  "total_calls" : "65",
  "allcallsunder4min" : "39",
  "otherresponseunder4min" : "6",
  "fireresponseunder4minpercent" : "100",
  "otherresponseunder4minpercent" : "40",
  "other_count" : "15"
}
, {
  "emsresponseunder4min" : "27",
  "ems_count" : "51",
  "emsresponseunder4minpercent" : "53",
  "alarm_date" : "2015-07-07T00:00:00",
  "allcallsunder4minpercent" : "48",
  "fireresponseunder4min" : "1",
  "fire_count" : "2",
  "total_calls" : "75",
  "allcallsunder4min" : "36",
  "otherresponseunder4min" : "8",
  "fireresponseunder4minpercent" : "50",
  "otherresponseunder4minpercent" : "36",
  "other_count" : "22"
}
, {
  "emsresponseunder4min" : "24",
  "ems_count" : "40",
  "emsresponseunder4minpercent" : "60",
  "alarm_date" : "2015-07-06T00:00:00",
  "allcallsunder4minpercent" : "59",
  "fireresponseunder4min" : "0",
  "fire_count" : "0",
  "total_calls" : "61",
  "allcallsunder4min" : "36",
  "otherresponseunder4min" : "12",
  "fireresponseunder4minpercent" : "0",
  "otherresponseunder4minpercent" : "57",
  "other_count" : "21"
}
, {
  "emsresponseunder4min" : "24",
  "ems_count" : "44",
  "emsresponseunder4minpercent" : "55",
  "alarm_date" : "2015-07-05T00:00:00",
  "allcallsunder4minpercent" : "54",
  "fireresponseunder4min" : "0",
  "fire_count" : "1",
  "total_calls" : "61",
  "allcallsunder4min" : "33",
  "otherresponseunder4min" : "9",
  "fireresponseunder4minpercent" : "0",
  "otherresponseunder4minpercent" : "56",
  "other_count" : "16"
}
, {
  "emsresponseunder4min" : "30",
  "ems_count" : "50",
  "emsresponseunder4minpercent" : "60",
  "alarm_date" : "2015-07-04T00:00:00",
  "allcallsunder4minpercent" : "61",
  "fireresponseunder4min" : "1",
  "fire_count" : "2",
  "total_calls" : "74",
  "allcallsunder4min" : "45",
  "otherresponseunder4min" : "14",
  "fireresponseunder4minpercent" : "50",
  "otherresponseunder4minpercent" : "64",
  "other_count" : "22"
}
, {
  "emsresponseunder4min" : "38",
  "ems_count" : "47",
  "emsresponseunder4minpercent" : "81",
  "alarm_date" : "2015-07-03T00:00:00",
  "allcallsunder4minpercent" : "77",
  "fireresponseunder4min" : "3",
  "fire_count" : "6",
  "total_calls" : "74",
  "allcallsunder4min" : "57",
  "otherresponseunder4min" : "16",
  "fireresponseunder4minpercent" : "50",
  "otherresponseunder4minpercent" : "76",
  "other_count" : "21"
}
, {
  "emsresponseunder4min" : "37",
  "ems_count" : "63",
  "emsresponseunder4minpercent" : "59",
  "alarm_date" : "2015-07-02T00:00:00",
  "allcallsunder4minpercent" : "56",
  "fireresponseunder4min" : "0",
  "fire_count" : "0",
  "total_calls" : "81",
  "allcallsunder4min" : "45",
  "otherresponseunder4min" : "8",
  "fireresponseunder4minpercent" : "0",
  "otherresponseunder4minpercent" : "44",
  "other_count" : "18"
}
 ]