[ {
  "businessname" : "BLOOMFIELD EYE SURGERY CENTER LLC",
  "zip" : "06002-3444",
  "credentialnumber" : "271",
  "recordrefreshedon" : "2015-03-23T00:00:00",
  "statusreason" : "CURRENT",
  "status" : "ACTIVE",
  "expirationdate" : "2017-03-31T00:00:00",
  "dba" : "EYE SURGERY CENTER, THE",
  "state" : "CT",
  "type" : "LIMITED LIABILITY COMPANY",
  "credentialtype" : "ASC",
  "credential" : "Ambulatory Surgical Center",
  "city" : "BLOOMFIELD",
  "credentialid" : "930224",
  "address" : "4 NORTHWESTERN DR",
  "issuedate" : "2009-04-01T00:00:00",
  "name" : "BLOOMFIELD EYE SURGERY CENTER LLC",
  "active" : "1",
  "fullcredentialcode" : "ASC.0000271",
  "effectivedate" : "2015-04-01T00:00:00"
}
, {
  "businessname" : "CONNECTICUT EYE SURGERY CENTER SOUTH L.L.C.",
  "zip" : "06461-1677",
  "credentialnumber" : "277",
  "recordrefreshedon" : "2013-12-13T00:00:00",
  "statusreason" : "CURRENT",
  "status" : "ACTIVE",
  "expirationdate" : "2015-12-31T00:00:00",
  "dba" : "CONNECTICUT EYE SURGERY CENTER SOUTH L.L.C.",
  "state" : "CT",
  "type" : "LIMITED LIABILITY COMPANY",
  "credentialtype" : "ASC",
  "credential" : "Ambulatory Surgical Center",
  "city" : "MILFORD",
  "credentialid" : "930084",
  "address" : "60 WELLINGTON RD",
  "issuedate" : "2010-01-01T00:00:00",
  "name" : "CONNECTICUT EYE SURGERY CENTER SOUTH L.L.C.",
  "active" : "1",
  "fullcredentialcode" : "ASC.0000277",
  "effectivedate" : "2014-01-01T00:00:00"
}
, {
  "businessname" : "FAIRFIELD SURGERY CENTER LLC",
  "zip" : "06824-5340",
  "credentialnumber" : "268",
  "recordrefreshedon" : "2015-04-10T00:00:00",
  "statusreason" : "CURRENT",
  "status" : "ACTIVE",
  "expirationdate" : "2017-03-31T00:00:00",
  "dba" : "FAIRFIELD SURGERY CENTER, LLC",
  "state" : "CT",
  "type" : "LIMITED LIABILITY COMPANY",
  "credentialtype" : "ASC",
  "credential" : "Ambulatory Surgical Center",
  "city" : "FAIRFIELD",
  "credentialid" : "930223",
  "address" : "75 KINGS HIGHWAY CUTOFF",
  "issuedate" : "2009-04-01T00:00:00",
  "name" : "FAIRFIELD SURGERY CENTER LLC",
  "active" : "1",
  "fullcredentialcode" : "ASC.0000268",
  "effectivedate" : "2015-04-01T00:00:00"
}
, {
  "businessname" : "SHORELINE SURGERY CENTER LLC",
  "zip" : "06437-5101",
  "credentialnumber" : "281",
  "recordrefreshedon" : "2014-03-03T00:00:00",
  "statusreason" : "CURRENT",
  "status" : "ACTIVE",
  "expirationdate" : "2016-03-31T00:00:00",
  "dba" : "SHORELINE SURGERY CENTER, LLC",
  "state" : "CT",
  "type" : "LIMITED LIABILITY COMPANY",
  "credentialtype" : "ASC",
  "credential" : "Ambulatory Surgical Center",
  "city" : "GUILFORD",
  "credentialid" : "930090",
  "address" : "111 GOOSE LN",
  "issuedate" : "2010-04-01T00:00:00",
  "name" : "SHORELINE SURGERY CENTER LLC",
  "active" : "1",
  "fullcredentialcode" : "ASC.0000281",
  "effectivedate" : "2014-04-01T00:00:00"
}
, {
  "businessname" : "ENDOSCOPY CENTER OF NORTHWEST CONNECTICUT LLC",
  "zip" : "06790",
  "credentialnumber" : "278",
  "recordrefreshedon" : "2013-12-13T00:00:00",
  "statusreason" : "CURRENT",
  "status" : "ACTIVE",
  "expirationdate" : "2015-12-31T00:00:00",
  "dba" : "ENDOSCOPY CENTER OF NORTHWEST CONNECTICUT, LLC",
  "state" : "CT",
  "type" : "LIMITED LIABILITY COMPANY",
  "credentialtype" : "ASC",
  "credential" : "Ambulatory Surgical Center",
  "city" : "Torrington",
  "credentialid" : "930085",
  "address" : "245 Alvord Park, Suite B",
  "issuedate" : "2010-01-01T00:00:00",
  "name" : "ENDOSCOPY CENTER OF NORTHWEST CONNECTICUT LLC",
  "active" : "1",
  "fullcredentialcode" : "ASC.0000278",
  "effectivedate" : "2014-01-01T00:00:00"
}
, {
  "businessname" : "GARY J. PRICE M.D. P.C.",
  "zip" : "064372076",
  "credentialnumber" : "312",
  "recordrefreshedon" : "2015-06-15T00:00:00",
  "statusreason" : "CURRENT",
  "status" : "ACTIVE",
  "expirationdate" : "2015-06-30T00:00:00",
  "dba" : "GARY J. PRICE, M.D., CENTER FOR AESTHETIC SURGERY",
  "state" : "CT",
  "type" : "CORPORATION",
  "credentialtype" : "ASC",
  "credential" : "Ambulatory Surgical Center",
  "city" : "GUILFORD",
  "credentialid" : "929684",
  "address" : "5 DURHAM RD STE 1-8",
  "issuedate" : "2009-07-01T00:00:00",
  "name" : "GARY J. PRICE M.D. P.C.",
  "active" : "1",
  "fullcredentialcode" : "ASC.0000312",
  "effectivedate" : "2013-07-01T00:00:00"
}
, {
  "businessname" : "GREGORY BRUCATO M.D. LLC",
  "zip" : "068774030",
  "credentialnumber" : "313",
  "recordrefreshedon" : "2015-09-23T00:00:00",
  "statusreason" : "CURRENT",
  "status" : "ACTIVE",
  "expirationdate" : "2015-09-30T00:00:00",
  "dba" : "BRUCATO PLASTIC SURGERY CENTER, LLC",
  "state" : "CT",
  "type" : "LIMITED LIABILITY COMPANY",
  "credentialtype" : "ASC",
  "credential" : "Ambulatory Surgical Center",
  "city" : "RIDGEFIELD",
  "credentialid" : "929688",
  "address" : "38 GROVE ST # B",
  "issuedate" : "2009-10-01T00:00:00",
  "name" : "GREGORY BRUCATO M.D. LLC",
  "active" : "1",
  "fullcredentialcode" : "ASC.0000313",
  "effectivedate" : "2013-10-01T00:00:00"
}
, {
  "businessname" : "LEIF O. NORDBERG M.D. LLC",
  "zip" : "069023654",
  "credentialnumber" : "316",
  "recordrefreshedon" : "2015-09-10T00:00:00",
  "statusreason" : "CLOSED",
  "status" : "CLOSED",
  "expirationdate" : "2015-09-30T00:00:00",
  "dba" : "OFFICE OF LEIF O. NORDBERG, M.D.",
  "state" : "CT",
  "type" : "LIMITED LIABILITY COMPANY",
  "credentialtype" : "ASC",
  "credential" : "Ambulatory Surgical Center",
  "city" : "STAMFORD",
  "credentialid" : "929693",
  "address" : "166 W BROAD ST STE 401",
  "issuedate" : "2009-10-01T00:00:00",
  "name" : "LEIF O. NORDBERG M.D. LLC",
  "active" : "0",
  "fullcredentialcode" : "ASC.0000316",
  "effectivedate" : "2013-10-01T00:00:00"
}
, {
  "businessname" : "CONSTITUTION EYE SURGERY CENTER LLC",
  "zip" : "06111",
  "credentialnumber" : "164",
  "recordrefreshedon" : "2011-02-18T00:00:00",
  "statusreason" : "CLOSED",
  "status" : "CLOSED",
  "expirationdate" : "2011-09-30T00:00:00",
  "dba" : "CONSTITUTION EYE SURGERY CENTER, LLC",
  "state" : "CT",
  "type" : "BUSINESS",
  "credentialtype" : "ASC",
  "credential" : "Ambulatory Surgical Center",
  "city" : "Newington",
  "credentialid" : "930519",
  "address" : "505 Willard Avenue",
  "issuedate" : "2009-10-01T00:00:00",
  "name" : "CONSTITUTION EYE SURGERY CENTER LLC",
  "active" : "0",
  "fullcredentialcode" : "ASC.0000164",
  "effectivedate" : "2009-10-01T00:00:00"
}
, {
  "businessname" : "NEIL A. GORDON M.D. P.C.",
  "zip" : "06897-2216",
  "credentialnumber" : "297",
  "recordrefreshedon" : "2014-09-10T00:00:00",
  "statusreason" : "CURRENT",
  "status" : "ACTIVE",
  "expirationdate" : "2016-09-30T00:00:00",
  "dba" : "SPLIT ROCK SURGICAL ASSOCIATES",
  "state" : "CT",
  "type" : "CORPORATION",
  "credentialtype" : "ASC",
  "credential" : "Ambulatory Surgical Center",
  "city" : "WILTON",
  "credentialid" : "929627",
  "address" : "539 DANBURY RD",
  "issuedate" : "2008-10-01T00:00:00",
  "name" : "NEIL A. GORDON M.D. P.C.",
  "active" : "1",
  "fullcredentialcode" : "ASC.0000297",
  "effectivedate" : "2014-10-01T00:00:00"
}
, {
  "businessname" : "PLASTIC SURGERY OF SOUTHERN CONNECTICUT LLC",
  "zip" : "06880-4604",
  "credentialnumber" : "293",
  "recordrefreshedon" : "2014-06-11T00:00:00",
  "statusreason" : "CURRENT",
  "status" : "ACTIVE",
  "expirationdate" : "2016-06-30T00:00:00",
  "dba" : "PLASTIC SURGERY OF SOUTHERN CONNECTICUT, LLC",
  "state" : "CT",
  "type" : "LIMITED LIABILITY COMPANY",
  "credentialtype" : "ASC",
  "credential" : "Ambulatory Surgical Center",
  "city" : "WESTPORT",
  "credentialid" : "929645",
  "address" : "208 POST RD W",
  "issuedate" : "2008-07-01T00:00:00",
  "name" : "PLASTIC SURGERY OF SOUTHERN CONNECTICUT LLC",
  "active" : "1",
  "fullcredentialcode" : "ASC.0000293",
  "effectivedate" : "2014-07-01T00:00:00"
}
, {
  "businessname" : "HARTFORD SURGERY CENTER LLC",
  "zip" : "061062528",
  "credentialnumber" : "290",
  "recordrefreshedon" : "2015-09-23T00:00:00",
  "statusreason" : "CURRENT",
  "status" : "ACTIVE",
  "expirationdate" : "2015-09-30T00:00:00",
  "dba" : "HARTFORD SURGICAL CENTER",
  "state" : "CT",
  "type" : "LIMITED LIABILITY COMPANY",
  "credentialtype" : "ASC",
  "credential" : "Ambulatory Surgical Center",
  "city" : "HARTFORD",
  "credentialid" : "929932",
  "address" : "100 RETREAT AVE",
  "issuedate" : "2009-10-01T00:00:00",
  "name" : "HARTFORD SURGERY CENTER LLC",
  "active" : "1",
  "fullcredentialcode" : "ASC.0000290",
  "effectivedate" : "2013-10-01T00:00:00"
}
, {
  "businessname" : "ORTHOPEDIC ASSOCIATES OF HARTFORD P.C.",
  "zip" : "06067-3449",
  "credentialnumber" : "280",
  "recordrefreshedon" : "2014-03-03T00:00:00",
  "statusreason" : "CURRENT",
  "status" : "ACTIVE",
  "expirationdate" : "2016-03-31T00:00:00",
  "dba" : "ORTHOPEDIC ASSOCIATES SURGERY CENTER, LLC",
  "state" : "CT",
  "type" : "CORPORATION",
  "credentialtype" : "ASC",
  "credential" : "Ambulatory Surgical Center",
  "city" : "ROCKY HILL",
  "credentialid" : "929850",
  "address" : "1111 CROMWELL AVE",
  "issuedate" : "2008-04-01T00:00:00",
  "name" : "ORTHOPEDIC ASSOCIATES OF HARTFORD P.C.",
  "active" : "1",
  "fullcredentialcode" : "ASC.0000280",
  "effectivedate" : "2014-04-01T00:00:00"
}
, {
  "businessname" : "CT GI ENDOSCOPY CENTER LLC",
  "zip" : "06002-3444",
  "credentialnumber" : "300",
  "recordrefreshedon" : "2015-03-23T00:00:00",
  "statusreason" : "CURRENT",
  "status" : "ACTIVE",
  "expirationdate" : "2017-03-31T00:00:00",
  "dba" : "CT GI ENDOSCOPY CENTER, LLC",
  "state" : "CT",
  "type" : "LIMITED LIABILITY COMPANY",
  "credentialtype" : "ASC",
  "credential" : "Ambulatory Surgical Center",
  "city" : "BLOOMFIELD",
  "credentialid" : "929666",
  "address" : "4 NORTHWESTERN DR",
  "issuedate" : "2009-04-01T00:00:00",
  "name" : "CT GI ENDOSCOPY CENTER LLC",
  "active" : "1",
  "fullcredentialcode" : "ASC.0000300",
  "effectivedate" : "2015-04-01T00:00:00"
}
, {
  "businessname" : "CENTER FOR ADVANCED REPRODUCTIVE SERVICES PC",
  "zip" : "06030-0001",
  "credentialnumber" : "319",
  "recordrefreshedon" : "2015-01-28T00:00:00",
  "statusreason" : "CLOSED",
  "status" : "CLOSED",
  "expirationdate" : "2015-12-31T00:00:00",
  "dba" : "CENTER FOR ADVANCED REPRODUCTIVE SERVICES",
  "state" : "CT",
  "type" : "CORPORATION",
  "credentialtype" : "ASC",
  "credential" : "Ambulatory Surgical Center",
  "city" : "FARMINGTON",
  "credentialid" : "929699",
  "address" : "263 FARMINGTON AVE",
  "issuedate" : "2010-01-01T00:00:00",
  "name" : "CENTER FOR ADVANCED REPRODUCTIVE SERVICES PC",
  "active" : "0",
  "fullcredentialcode" : "ASC.0000319",
  "effectivedate" : "2014-01-01T00:00:00"
}
, {
  "businessname" : "DIGESTIVE DISEASE ASSOCIATES ENDOSCOPY SUITE",
  "zip" : "06405-3828",
  "credentialnumber" : "322",
  "recordrefreshedon" : "2014-09-10T00:00:00",
  "statusreason" : "CURRENT",
  "status" : "ACTIVE",
  "expirationdate" : "2016-09-30T00:00:00",
  "dba" : "DIGESTIVE DISEASE ASSOCIATES ENDOSCOPY SUITE",
  "state" : "CT",
  "type" : "PARTNERSHIP",
  "credentialtype" : "ASC",
  "credential" : "Ambulatory Surgical Center",
  "city" : "BRANFORD",
  "credentialid" : "929108",
  "address" : "229 MONTOWESE ST",
  "issuedate" : "2008-12-01T00:00:00",
  "name" : "DIGESTIVE DISEASE ASSOCIATES ENDOSCOPY SUITE",
  "active" : "1",
  "fullcredentialcode" : "ASC.0000322",
  "effectivedate" : "2014-10-01T00:00:00"
}
, {
  "businessname" : "GASTROENTEROLOGY ASSOCIATES OF FAIRFIELD COUNTY PC",
  "zip" : "06824-6232",
  "credentialnumber" : "282",
  "recordrefreshedon" : "2014-06-11T00:00:00",
  "statusreason" : "CURRENT",
  "status" : "ACTIVE",
  "expirationdate" : "2016-06-30T00:00:00",
  "dba" : "ENDOSCOPY CENTER OF FAIRFIELD, THE",
  "state" : "CT",
  "type" : "CORPORATION",
  "credentialtype" : "ASC",
  "credential" : "Ambulatory Surgical Center",
  "city" : "FAIRFIELD",
  "credentialid" : "929856",
  "address" : "425 POST RD",
  "issuedate" : "2008-07-01T00:00:00",
  "name" : "GASTROENTEROLOGY ASSOCIATES OF FAIRFIELD COUNTY PC",
  "active" : "1",
  "fullcredentialcode" : "ASC.0000282",
  "effectivedate" : "2014-07-01T00:00:00"
}
, {
  "businessname" : "WILTON SURGERY CENTER LLC",
  "zip" : "068974075",
  "credentialnumber" : "289",
  "recordrefreshedon" : "2015-06-15T00:00:00",
  "statusreason" : "CURRENT",
  "status" : "ACTIVE",
  "expirationdate" : "2015-06-30T00:00:00",
  "dba" : "WILTON SURGERY CENTER, LLC",
  "state" : "CT",
  "type" : "LIMITED LIABILITY COMPANY",
  "credentialtype" : "ASC",
  "credential" : "Ambulatory Surgical Center",
  "city" : "WILTON",
  "credentialid" : "929878",
  "address" : "195 DANBURY RD",
  "issuedate" : "2009-07-01T00:00:00",
  "name" : "WILTON SURGERY CENTER LLC",
  "active" : "1",
  "fullcredentialcode" : "ASC.0000289",
  "effectivedate" : "2013-07-01T00:00:00"
}
, {
  "businessname" : "ENDOSCOPY CENTER OF CONNECTICUT LLC",
  "zip" : "06437-4335",
  "credentialnumber" : "296",
  "recordrefreshedon" : "2014-09-10T00:00:00",
  "statusreason" : "CURRENT",
  "status" : "ACTIVE",
  "expirationdate" : "2016-09-30T00:00:00",
  "dba" : "ENDOSCOPY CENTER OF CONNECTICUT, LLC",
  "state" : "CT",
  "type" : "LIMITED LIABILITY PARTNERSHIP",
  "credentialtype" : "ASC",
  "credential" : "Ambulatory Surgical Center",
  "city" : "GUILFORD",
  "credentialid" : "929652",
  "address" : "1591 BOSTON POST RD",
  "issuedate" : "2008-10-01T00:00:00",
  "name" : "ENDOSCOPY CENTER OF CONNECTICUT LLC",
  "active" : "1",
  "fullcredentialcode" : "ASC.0000296",
  "effectivedate" : "2014-10-01T00:00:00"
}
, {
  "businessname" : "WESTERN CONNECTICUT ORTHOPEDIC SURGICAL CENTER, LLC",
  "zip" : "06811-4959",
  "credentialnumber" : "304",
  "recordrefreshedon" : "2014-10-01T00:00:00",
  "statusreason" : "CLOSED",
  "status" : "CLOSED",
  "expirationdate" : "2015-03-31T00:00:00",
  "dba" : "WESTERN CONNECTICUT ORTHOPEDIC SURGICAL CENTER, LLC",
  "state" : "CT",
  "type" : "LIMITED LIABILITY COMPANY",
  "credentialtype" : "ASC",
  "credential" : "Ambulatory Surgical Center",
  "city" : "DANBURY",
  "credentialid" : "929668",
  "address" : "35 TAMARACK AVE",
  "issuedate" : "2009-04-01T00:00:00",
  "name" : "WESTERN CONNECTICUT ORTHOPEDIC SURGICAL CENTER, LLC",
  "active" : "0",
  "fullcredentialcode" : "ASC.0000304",
  "effectivedate" : "2013-04-01T00:00:00"
}
, {
  "businessname" : "CONNECTICUT CENTER PLASTIC SURGERY OPERATING SUITE LLC",
  "zip" : "064372076",
  "credentialnumber" : "314",
  "recordrefreshedon" : "2015-04-27T00:00:00",
  "statusreason" : "CLOSED",
  "status" : "CLOSED",
  "expirationdate" : "2015-09-30T00:00:00",
  "dba" : "CONNECTICUT CENTER FOR PLASTIC SURGERY",
  "state" : "CT",
  "type" : "LIMITED LIABILITY PARTNERSHIP",
  "credentialtype" : "ASC",
  "credential" : "Ambulatory Surgical Center",
  "city" : "GUILFORD",
  "credentialid" : "929690",
  "address" : "5 DURHAM RD",
  "issuedate" : "2009-10-01T00:00:00",
  "name" : "CONNECTICUT CENTER PLASTIC SURGERY OPERATING SUITE LLC",
  "active" : "0",
  "fullcredentialcode" : "ASC.0000314",
  "effectivedate" : "2013-10-01T00:00:00"
}
, {
  "businessname" : "REPRODUCTIVE MEDICINE ASSOCIATES OF CONNECTICUT PC",
  "zip" : "06850-1202",
  "credentialnumber" : "320",
  "recordrefreshedon" : "2015-01-28T00:00:00",
  "statusreason" : "CLOSED",
  "status" : "CLOSED",
  "expirationdate" : "2015-12-31T00:00:00",
  "dba" : "REPRODUCTIVE MEDICINE ASSOCIATES OF CONNECTICUT",
  "state" : "CT",
  "type" : "CORPORATION",
  "credentialtype" : "ASC",
  "credential" : "Ambulatory Surgical Center",
  "city" : "NORWALK",
  "credentialid" : "929702",
  "address" : "10 GLOVER AVE",
  "issuedate" : "2010-01-01T00:00:00",
  "name" : "REPRODUCTIVE MEDICINE ASSOCIATES OF CONNECTICUT PC",
  "active" : "0",
  "fullcredentialcode" : "ASC.0000320",
  "effectivedate" : "2014-01-01T00:00:00"
}
, {
  "businessname" : "ENDOSCOPY CENTER OF CONNECTICUT LLC",
  "zip" : "06518-3691",
  "credentialnumber" : "279",
  "recordrefreshedon" : "2013-12-13T00:00:00",
  "statusreason" : "CURRENT",
  "status" : "ACTIVE",
  "expirationdate" : "2015-12-31T00:00:00",
  "dba" : "ENDOSCOPY CENTER OF CONNECTICUT, LLC",
  "state" : "CT",
  "type" : "LIMITED LIABILITY PARTNERSHIP",
  "credentialtype" : "ASC",
  "credential" : "Ambulatory Surgical Center",
  "city" : "HAMDEN",
  "credentialid" : "930088",
  "address" : "2200 WHITNEY AVE",
  "issuedate" : "2010-01-01T00:00:00",
  "name" : "ENDOSCOPY CENTER OF CONNECTICUT LLC",
  "active" : "1",
  "fullcredentialcode" : "ASC.0000279",
  "effectivedate" : "2014-01-01T00:00:00"
}
, {
  "businessname" : "CENTRAL CONNECTICUT ENDOSCOPY CENTER LLC",
  "zip" : "06062",
  "credentialnumber" : "291",
  "recordrefreshedon" : "2015-09-23T00:00:00",
  "statusreason" : "CURRENT",
  "status" : "ACTIVE",
  "expirationdate" : "2015-09-30T00:00:00",
  "dba" : "CENTRAL CONNECTICUT ENDOSCOPY CENTER, LLC",
  "state" : "CT",
  "type" : "LIMITED LIABILITY COMPANY",
  "credentialtype" : "ASC",
  "credential" : "Ambulatory Surgical Center",
  "city" : "PLAINVILLE",
  "credentialid" : "929884",
  "address" : "440 NEW BRITAIN AVENUE",
  "issuedate" : "2009-10-01T00:00:00",
  "name" : "CENTRAL CONNECTICUT ENDOSCOPY CENTER LLC",
  "active" : "1",
  "fullcredentialcode" : "ASC.0000291",
  "effectivedate" : "2013-10-01T00:00:00"
}
, {
  "businessname" : "NORTH HAVEN SURGERY CENTER LLC",
  "zip" : "06473-1724",
  "credentialnumber" : "306",
  "recordrefreshedon" : "2015-04-10T00:00:00",
  "statusreason" : "CURRENT",
  "status" : "ACTIVE",
  "expirationdate" : "2017-03-31T00:00:00",
  "dba" : "NORTH HAVEN SURGERY CENTER, LLC",
  "state" : "CT",
  "type" : "LIMITED LIABILITY COMPANY",
  "credentialtype" : "ASC",
  "credential" : "Ambulatory Surgical Center",
  "city" : "NORTH HAVEN",
  "credentialid" : "929674",
  "address" : "52 WASHINGTON AVE STE A",
  "issuedate" : "2009-04-01T00:00:00",
  "name" : "NORTH HAVEN SURGERY CENTER LLC",
  "active" : "1",
  "fullcredentialcode" : "ASC.0000306",
  "effectivedate" : "2015-04-01T00:00:00"
}
, {
  "businessname" : "DANBURY SURGICAL CENTER L.P.",
  "zip" : "06810-4015",
  "credentialnumber" : "269",
  "recordrefreshedon" : "2015-03-20T00:00:00",
  "statusreason" : "CURRENT",
  "status" : "ACTIVE",
  "expirationdate" : "2017-03-31T00:00:00",
  "dba" : "DANBURY SURGICAL CENTER",
  "state" : "CT",
  "type" : "LIMITED LIABILITY PARTNERSHIP",
  "credentialtype" : "ASC",
  "credential" : "Ambulatory Surgical Center",
  "city" : "DANBURY",
  "credentialid" : "930472",
  "address" : "73 SAND PIT RD STE 101",
  "issuedate" : "2009-04-01T00:00:00",
  "name" : "DANBURY SURGICAL CENTER L.P.",
  "active" : "1",
  "fullcredentialcode" : "ASC.0000269",
  "effectivedate" : "2015-04-01T00:00:00"
}
, {
  "businessname" : "SURGERY CENTER OF FAIRFIELD COUNTY LLC",
  "zip" : "06606",
  "credentialnumber" : "283",
  "recordrefreshedon" : "2013-03-12T00:00:00",
  "statusreason" : "CLOSED",
  "status" : "CLOSED",
  "expirationdate" : "2014-09-30T00:00:00",
  "dba" : "SURGERY CENTER OF FAIRFIELD COUNTY",
  "state" : "CT",
  "type" : "LIMITED LIABILITY COMPANY",
  "credentialtype" : "ASC",
  "credential" : "Ambulatory Surgical Center",
  "city" : "BRIDGEPORT",
  "credentialid" : "929933",
  "address" : "4920 Main Street",
  "issuedate" : "2008-10-01T00:00:00",
  "name" : "SURGERY CENTER OF FAIRFIELD COUNTY LLC",
  "active" : "0",
  "fullcredentialcode" : "ASC.0000283",
  "effectivedate" : "2012-10-01T00:00:00"
}
, {
  "businessname" : "EASTERN CONNECTICUT ENDOSCOPY CENTER LLC",
  "zip" : "06360-2173",
  "credentialnumber" : "295",
  "recordrefreshedon" : "2014-09-10T00:00:00",
  "statusreason" : "CURRENT",
  "status" : "ACTIVE",
  "expirationdate" : "2016-09-30T00:00:00",
  "dba" : "EASTERN CONNECTICUT ENDOSCOPY CENTER, LLC",
  "state" : "CT",
  "type" : "LIMITED LIABILITY COMPANY",
  "credentialtype" : "ASC",
  "credential" : "Ambulatory Surgical Center",
  "city" : "NORWICH",
  "credentialid" : "929651",
  "address" : "79 WAWECUS ST STE 107",
  "issuedate" : "2008-10-01T00:00:00",
  "name" : "EASTERN CONNECTICUT ENDOSCOPY CENTER LLC",
  "active" : "1",
  "fullcredentialcode" : "ASC.0000295",
  "effectivedate" : "2014-10-01T00:00:00"
}
, {
  "businessname" : "PRIMED GASTROENTEROLOGY LLC",
  "zip" : "066114552",
  "credentialnumber" : "276",
  "recordrefreshedon" : "2015-05-20T00:00:00",
  "statusreason" : "CLOSED",
  "status" : "CLOSED",
  "expirationdate" : "2016-12-31T00:00:00",
  "dba" : "FAIRFIELD COUNTY ENDOSCOPY CENTER",
  "state" : "CT",
  "type" : "LIMITED LIABILITY COMPANY",
  "credentialtype" : "ASC",
  "credential" : "Ambulatory Surgical Center",
  "city" : "TRUMBULL",
  "credentialid" : "930072",
  "address" : "888 WHITE PLAINS RD STE 210",
  "issuedate" : "2009-01-01T00:00:00",
  "name" : "PRIMED GASTROENTEROLOGY LLC",
  "active" : "0",
  "fullcredentialcode" : "ASC.0000276",
  "effectivedate" : "2015-01-01T00:00:00"
}
, {
  "businessname" : "NAUGATUCK VALLEY ENDOSCOPY CENTER LLC",
  "zip" : "06708-3121",
  "credentialnumber" : "284",
  "recordrefreshedon" : "2014-10-29T00:00:00",
  "status" : "ACTIVE",
  "expirationdate" : "2016-09-30T00:00:00",
  "dba" : "NAUGATUCK VALLEY ENDOSCOPY CENTER, LLC",
  "state" : "CT",
  "type" : "LIMITED LIABILITY COMPANY",
  "credentialtype" : "ASC",
  "credential" : "Ambulatory Surgical Center",
  "city" : "WATERBURY",
  "credentialid" : "929860",
  "address" : "1312 W MAIN ST",
  "issuedate" : "2008-10-01T00:00:00",
  "name" : "NAUGATUCK VALLEY ENDOSCOPY CENTER LLC",
  "active" : "1",
  "fullcredentialcode" : "ASC.0000284",
  "effectivedate" : "2014-10-01T00:00:00"
}
, {
  "businessname" : "AESTHETIC SURGERY CENTER",
  "zip" : "06511-4429",
  "credentialnumber" : "318",
  "recordrefreshedon" : "2013-12-13T00:00:00",
  "statusreason" : "CURRENT",
  "status" : "ACTIVE",
  "expirationdate" : "2015-12-31T00:00:00",
  "dba" : "AESTHETIC SURGERY CENTER",
  "state" : "CT",
  "type" : "INDIVIDUAL",
  "credentialtype" : "ASC",
  "credential" : "Ambulatory Surgical Center",
  "city" : "NEW HAVEN",
  "credentialid" : "929698",
  "address" : "330 ORCHARD ST STE 211",
  "issuedate" : "2010-01-01T00:00:00",
  "name" : "AESTHETIC SURGERY CENTER",
  "active" : "1",
  "fullcredentialcode" : "ASC.0000318",
  "effectivedate" : "2014-01-01T00:00:00"
}
, {
  "businessname" : "DIAGNOSTIC ENDOSCOPY LLC",
  "zip" : "06902-1265",
  "credentialnumber" : "301",
  "recordrefreshedon" : "2015-03-20T00:00:00",
  "statusreason" : "CURRENT",
  "status" : "ACTIVE",
  "expirationdate" : "2017-03-31T00:00:00",
  "dba" : "DIAGNOSTIC ENDOSCOPY, LLC",
  "state" : "CT",
  "type" : "LIMITED LIABILITY COMPANY",
  "credentialtype" : "ASC",
  "credential" : "Ambulatory Surgical Center",
  "city" : "STAMFORD",
  "credentialid" : "929667",
  "address" : "778 LONG RIDGE RD",
  "issuedate" : "2009-04-01T00:00:00",
  "name" : "DIAGNOSTIC ENDOSCOPY LLC",
  "active" : "1",
  "fullcredentialcode" : "ASC.0000301",
  "effectivedate" : "2015-04-01T00:00:00"
}
, {
  "businessname" : "GLASTONBURY ENDOSCOPY CENTER LLC",
  "zip" : "06033-4305",
  "credentialnumber" : "327",
  "recordrefreshedon" : "2015-03-23T00:00:00",
  "statusreason" : "CURRENT",
  "status" : "ACTIVE",
  "expirationdate" : "2017-03-31T00:00:00",
  "dba" : "GLASTONBURY ENDOSCOPY CENTER, LLC",
  "state" : "CT",
  "type" : "LIMITED LIABILITY COMPANY",
  "credentialtype" : "ASC",
  "credential" : "Ambulatory Surgical Center",
  "city" : "GLASTONBURY",
  "credentialid" : "929146",
  "address" : "300 WESTERN BLVD STE 100",
  "issuedate" : "2009-03-31T00:00:00",
  "name" : "GLASTONBURY ENDOSCOPY CENTER LLC",
  "active" : "1",
  "fullcredentialcode" : "ASC.0000327",
  "effectivedate" : "2015-04-01T00:00:00"
}
, {
  "businessname" : "MIDDLESEX CENTER FOR ADVANCED ORTHOPEDIC SURGERY LLC",
  "zip" : "06457-4789",
  "credentialnumber" : "329",
  "recordrefreshedon" : "2014-03-03T00:00:00",
  "statusreason" : "CURRENT",
  "status" : "ACTIVE",
  "expirationdate" : "2016-03-31T00:00:00",
  "dba" : "MIDDLESEX CENTER FOR ADVANCED ORTHOPEDIC SURGERY, LLC",
  "state" : "CT",
  "type" : "LIMITED LIABILITY COMPANY",
  "credentialtype" : "ASC",
  "credential" : "Ambulatory Surgical Center",
  "city" : "MIDDLETOWN",
  "credentialid" : "934587",
  "address" : "510 SAYBROOK RD",
  "issuedate" : "2010-06-04T00:00:00",
  "name" : "MIDDLESEX CENTER FOR ADVANCED ORTHOPEDIC SURGERY LLC",
  "active" : "1",
  "fullcredentialcode" : "ASC.0000329",
  "effectivedate" : "2014-04-01T00:00:00"
}
, {
  "businessname" : "SSC II LLC",
  "zip" : "06437-5101",
  "credentialnumber" : "323",
  "recordrefreshedon" : "2014-09-30T00:00:00",
  "statusreason" : "CURRENT",
  "status" : "ACTIVE",
  "expirationdate" : "2016-09-30T00:00:00",
  "dba" : "SSC II, LLC",
  "state" : "CT",
  "type" : "LIMITED LIABILITY COMPANY",
  "credentialtype" : "ASC",
  "credential" : "Ambulatory Surgical Center",
  "city" : "GUILFORD",
  "credentialid" : "929122",
  "address" : "111 GOOSE LN",
  "issuedate" : "2008-12-16T00:00:00",
  "name" : "SSC II LLC",
  "active" : "1",
  "fullcredentialcode" : "ASC.0000323",
  "effectivedate" : "2014-10-01T00:00:00"
}
, {
  "businessname" : "EVERGREEN ENDOSCOPY CENTER LLC",
  "zip" : "06074-5556",
  "credentialnumber" : "324",
  "recordrefreshedon" : "2014-12-10T00:00:00",
  "statusreason" : "CURRENT",
  "status" : "ACTIVE",
  "expirationdate" : "2016-12-31T00:00:00",
  "dba" : "EVERGREEN ENDOSCOPY CENTER, LLC",
  "state" : "CT",
  "type" : "LIMITED LIABILITY COMPANY",
  "credentialtype" : "ASC",
  "credential" : "Ambulatory Surgical Center",
  "city" : "SOUTH WINDSOR",
  "credentialid" : "929137",
  "address" : "2400 TAMARACK AVE STE 100",
  "issuedate" : "2009-02-05T00:00:00",
  "name" : "EVERGREEN ENDOSCOPY CENTER LLC",
  "active" : "1",
  "fullcredentialcode" : "ASC.0000324",
  "effectivedate" : "2015-01-01T00:00:00"
}
, {
  "businessname" : "MIDDLESEX ENDOSCOPY CENTER LLC",
  "zip" : "06457-4777",
  "credentialnumber" : "287",
  "recordrefreshedon" : "2015-03-20T00:00:00",
  "statusreason" : "CURRENT",
  "status" : "ACTIVE",
  "expirationdate" : "2017-03-31T00:00:00",
  "dba" : "MIDDLESEX ENDOSCOPY CENTER, LLC",
  "state" : "CT",
  "type" : "LIMITED LIABILITY COMPANY",
  "credentialtype" : "ASC",
  "credential" : "Ambulatory Surgical Center",
  "city" : "MIDDLETOWN",
  "credentialid" : "929875",
  "address" : "410 SAYBROOK RD STE 200",
  "issuedate" : "2009-04-01T00:00:00",
  "name" : "MIDDLESEX ENDOSCOPY CENTER LLC",
  "active" : "1",
  "fullcredentialcode" : "ASC.0000287",
  "effectivedate" : "2015-04-01T00:00:00"
}
, {
  "businessname" : "GAD LAVY MD",
  "zip" : "06905-5359",
  "credentialnumber" : "298",
  "recordrefreshedon" : "2014-12-19T00:00:00",
  "statusreason" : "CLOSED",
  "status" : "CLOSED",
  "expirationdate" : "2016-12-31T00:00:00",
  "dba" : "NEW ENGLAND FERTILITY INSTITUTE",
  "state" : "CT",
  "type" : "SOLE PROPRIETOR",
  "credentialtype" : "ASC",
  "credential" : "Ambulatory Surgical Center",
  "city" : "STAMFORD",
  "credentialid" : "929664",
  "address" : "1275 SUMMER ST",
  "issuedate" : "2009-01-01T00:00:00",
  "name" : "GAD LAVY MD",
  "active" : "0",
  "fullcredentialcode" : "ASC.0000298",
  "effectivedate" : "2015-01-01T00:00:00"
}
, {
  "businessname" : "AESTHETIC SURGERY CENTER, LLC",
  "zip" : "068204744",
  "credentialnumber" : "317",
  "recordrefreshedon" : "2015-10-06T00:00:00",
  "statusreason" : "CURRENT",
  "status" : "ACTIVE",
  "expirationdate" : "2015-09-30T00:00:00",
  "dba" : "DARIEN MEDICAL ARTS, LLC",
  "state" : "CT",
  "type" : "LIMITED LIABILITY COMPANY",
  "credentialtype" : "ASC",
  "credential" : "Ambulatory Surgical Center",
  "city" : "DARIEN",
  "credentialid" : "929694",
  "address" : "722 POST RD",
  "issuedate" : "2009-10-01T00:00:00",
  "name" : "AESTHETIC SURGERY CENTER, LLC",
  "active" : "1",
  "fullcredentialcode" : "ASC.0000317",
  "effectivedate" : "2013-10-01T00:00:00"
}
, {
  "businessname" : "GLASTONBURY SURGERY CENTER LLC",
  "zip" : "06033-1208",
  "credentialnumber" : "328",
  "recordrefreshedon" : "2013-12-13T00:00:00",
  "statusreason" : "CURRENT",
  "status" : "ACTIVE",
  "expirationdate" : "2015-12-31T00:00:00",
  "dba" : "GLASTONBURY SURGERY CENTER, LLC",
  "state" : "CT",
  "type" : "LIMITED LIABILITY COMPANY",
  "credentialtype" : "ASC",
  "credential" : "Ambulatory Surgical Center",
  "city" : "GLASTONBURY",
  "credentialid" : "929191",
  "address" : "195 EASTERN BLVD",
  "issuedate" : "2010-03-24T00:00:00",
  "name" : "GLASTONBURY SURGERY CENTER LLC",
  "active" : "1",
  "fullcredentialcode" : "ASC.0000328",
  "effectivedate" : "2014-01-01T00:00:00"
}
, {
  "businessname" : "WATERBURY OUTPATIENT SURGERY CENTER",
  "zip" : "067082514",
  "credentialnumber" : "71",
  "recordrefreshedon" : "2015-09-23T00:00:00",
  "statusreason" : "CURRENT",
  "status" : "ACTIVE",
  "expirationdate" : "2015-09-30T00:00:00",
  "dba" : "WATERBURY OUTPATIENT SURGERY CENTER",
  "state" : "CT",
  "type" : "CORPORATION",
  "credentialtype" : "ASC",
  "credential" : "Ambulatory Surgical Center",
  "city" : "WATERBURY",
  "credentialid" : "930679",
  "address" : "87 GRANDVIEW AVE",
  "issuedate" : "2009-10-01T00:00:00",
  "name" : "WATERBURY OUTPATIENT SURGERY CENTER",
  "active" : "1",
  "fullcredentialcode" : "ASC.0000071",
  "effectivedate" : "2013-10-01T00:00:00"
}
, {
  "businessname" : "LASER AND VISION SURGERY CENTER LLC",
  "zip" : "060405986",
  "credentialnumber" : "163",
  "recordrefreshedon" : "2015-06-15T00:00:00",
  "statusreason" : "CURRENT",
  "status" : "ACTIVE",
  "expirationdate" : "2015-06-30T00:00:00",
  "dba" : "LASER AND VISION SURGERY CENTER, LLC",
  "state" : "CT",
  "type" : "LIMITED LIABILITY COMPANY",
  "credentialtype" : "ASC",
  "credential" : "Ambulatory Surgical Center",
  "city" : "MANCHESTER",
  "credentialid" : "930713",
  "address" : "178 HARTFORD RD",
  "issuedate" : "2009-07-01T00:00:00",
  "name" : "LASER AND VISION SURGERY CENTER LLC",
  "active" : "1",
  "fullcredentialcode" : "ASC.0000163",
  "effectivedate" : "2013-07-01T00:00:00"
}
, {
  "businessname" : "ADVANCED COLON CARE INC.",
  "zip" : "06475-2143",
  "credentialnumber" : "307",
  "recordrefreshedon" : "2015-04-10T00:00:00",
  "statusreason" : "CURRENT",
  "status" : "ACTIVE",
  "expirationdate" : "2017-03-31T00:00:00",
  "dba" : "SHORELINE COLONOSCOPY SUITES",
  "state" : "CT",
  "type" : "CORPORATION",
  "credentialtype" : "ASC",
  "credential" : "Ambulatory Surgical Center",
  "city" : "OLD SAYBROOK",
  "credentialid" : "929676",
  "address" : "929 BOSTON POST RD",
  "issuedate" : "2009-04-01T00:00:00",
  "name" : "ADVANCED COLON CARE INC.",
  "active" : "1",
  "fullcredentialcode" : "ASC.0000307",
  "effectivedate" : "2015-04-01T00:00:00"
}
, {
  "businessname" : "SAINT FRANCIS GI ENDOSCOPY LLC",
  "zip" : "06095-2700",
  "credentialnumber" : "321",
  "recordrefreshedon" : "2014-09-10T00:00:00",
  "statusreason" : "CURRENT",
  "status" : "ACTIVE",
  "expirationdate" : "2016-09-30T00:00:00",
  "dba" : "SAINT FRANCIS GI ENDOSCOPY, LLC",
  "state" : "CT",
  "type" : "LIMITED LIABILITY COMPANY",
  "credentialtype" : "ASC",
  "credential" : "Ambulatory Surgical Center",
  "city" : "WINDSOR",
  "credentialid" : "929099",
  "address" : "360 BLOOMFIELD AVE STE 204",
  "issuedate" : "2008-10-30T00:00:00",
  "name" : "SAINT FRANCIS GI ENDOSCOPY LLC",
  "active" : "1",
  "fullcredentialcode" : "ASC.0000321",
  "effectivedate" : "2014-10-01T00:00:00"
}
, {
  "businessname" : "NEW VISION CATARACT CENTER L.L.C.",
  "zip" : "06850-4000",
  "credentialnumber" : "267",
  "recordrefreshedon" : "2014-06-25T00:00:00",
  "statusreason" : "CURRENT",
  "status" : "ACTIVE",
  "expirationdate" : "2016-06-30T00:00:00",
  "dba" : "NEW VISION CATARACT CENTER",
  "state" : "CT",
  "type" : "LIMITED LIABILITY COMPANY",
  "credentialtype" : "ASC",
  "credential" : "Ambulatory Surgical Center",
  "city" : "NORWALK",
  "credentialid" : "930216",
  "address" : "605 WEST AVE",
  "issuedate" : "2008-07-01T00:00:00",
  "name" : "NEW VISION CATARACT CENTER L.L.C.",
  "active" : "1",
  "fullcredentialcode" : "ASC.0000267",
  "effectivedate" : "2014-07-01T00:00:00"
}
, {
  "businessname" : "CONSTITUTION  SURGERY CENTER EAST L.L.C.",
  "zip" : "063851215",
  "credentialnumber" : "272",
  "recordrefreshedon" : "2015-09-30T00:00:00",
  "statusreason" : "CURRENT",
  "status" : "ACTIVE",
  "expirationdate" : "2015-09-30T00:00:00",
  "dba" : "CONSTITUTION SURGERY CENTER EAST, L.L.C.",
  "state" : "CT",
  "type" : "LIMITED LIABILITY COMPANY",
  "credentialtype" : "ASC",
  "credential" : "Ambulatory Surgical Center",
  "city" : "WATERFORD",
  "credentialid" : "930297",
  "address" : "174 CROSS RD",
  "issuedate" : "2009-10-01T00:00:00",
  "name" : "CONSTITUTION  SURGERY CENTER EAST L.L.C.",
  "active" : "1",
  "fullcredentialcode" : "ASC.0000272",
  "effectivedate" : "2013-10-01T00:00:00"
}
, {
  "businessname" : "CT PLASTIC SURGERY CENTER INC.",
  "zip" : "06033",
  "credentialnumber" : "326",
  "recordrefreshedon" : "2011-02-14T00:00:00",
  "statusreason" : "CLOSED",
  "status" : "CLOSED",
  "expirationdate" : "2010-12-31T00:00:00",
  "dba" : "PLASTIC SURGERY CENTER, INC.",
  "state" : "CT",
  "type" : "BUSINESS",
  "credentialtype" : "ASC",
  "credential" : "Ambulatory Surgical Center",
  "city" : "Glastonbury",
  "credentialid" : "929141",
  "address" : "120 Hebron Avenue",
  "issuedate" : "2009-02-27T00:00:00",
  "name" : "CT PLASTIC SURGERY CENTER INC.",
  "active" : "0",
  "fullcredentialcode" : "ASC.0000326",
  "effectivedate" : "2010-10-08T00:00:00"
}
, {
  "businessname" : "ASSOCIATED PLASTIC AND RECONSTRUCTIVE SURGEONS P.C.",
  "zip" : "060023088",
  "credentialnumber" : "309",
  "recordrefreshedon" : "2015-09-02T00:00:00",
  "statusreason" : "CLOSED",
  "status" : "CLOSED",
  "expirationdate" : "2015-03-31T00:00:00",
  "dba" : "DR. FELICE'S YOUTHFUL IMAGES",
  "state" : "CT",
  "type" : "CORPORATION",
  "credentialtype" : "ASC",
  "credential" : "Ambulatory Surgical Center",
  "city" : "BLOOMFIELD",
  "credentialid" : "929678",
  "address" : "580 COTTAGE GROVE RD STE 103",
  "issuedate" : "2009-04-01T00:00:00",
  "name" : "ASSOCIATED PLASTIC AND RECONSTRUCTIVE SURGEONS P.C.",
  "active" : "0",
  "fullcredentialcode" : "ASC.0000309",
  "effectivedate" : "2013-04-01T00:00:00"
}
, {
  "businessname" : "NAUGATUCK VALLEY SURGICAL CENTER LIMITED PARTNERSHIP",
  "zip" : "06708",
  "credentialnumber" : "70",
  "recordrefreshedon" : "2012-01-27T00:00:00",
  "statusreason" : "CLOSED",
  "status" : "CLOSED",
  "expirationdate" : "2011-09-30T00:00:00",
  "dba" : "NAUGATUCK VALLEY SURGICAL CENTER",
  "state" : "CT",
  "type" : "BUSINESS",
  "credentialtype" : "ASC",
  "credential" : "Ambulatory Surgical Center",
  "city" : "WATERBURY",
  "credentialid" : "930685",
  "address" : "160 ROBBINS STREET",
  "issuedate" : "2009-10-01T00:00:00",
  "name" : "NAUGATUCK VALLEY SURGICAL CENTER LIMITED PARTNERSHIP",
  "active" : "0",
  "fullcredentialcode" : "ASC.0000070",
  "effectivedate" : "2009-10-01T00:00:00"
}
, {
  "businessname" : "LITCHFIELD HILLS SURGERY CENTER LLC",
  "zip" : "06790-3493",
  "credentialnumber" : "285",
  "recordrefreshedon" : "2014-12-10T00:00:00",
  "statusreason" : "CURRENT",
  "status" : "ACTIVE",
  "expirationdate" : "2016-12-31T00:00:00",
  "dba" : "LITCHFIELD HILLS SURGERY CENTER",
  "state" : "CT",
  "type" : "LIMITED LIABILITY COMPANY",
  "credentialtype" : "ASC",
  "credential" : "Ambulatory Surgical Center",
  "city" : "TORRINGTON",
  "credentialid" : "929869",
  "address" : "245 ALVORD PARK RD",
  "issuedate" : "2009-01-01T00:00:00",
  "name" : "LITCHFIELD HILLS SURGERY CENTER LLC",
  "active" : "1",
  "fullcredentialcode" : "ASC.0000285",
  "effectivedate" : "2015-01-01T00:00:00"
}
, {
  "businessname" : "COASTAL DIGESTIVE CARE CENTER LLC",
  "zip" : "06320-6073",
  "credentialnumber" : "303",
  "recordrefreshedon" : "2015-03-23T00:00:00",
  "statusreason" : "CURRENT",
  "status" : "ACTIVE",
  "expirationdate" : "2017-03-31T00:00:00",
  "dba" : "COASTAL DIGESTIVE CARE CENTER, LLC",
  "state" : "CT",
  "type" : "LIMITED LIABILITY COMPANY",
  "credentialtype" : "ASC",
  "credential" : "Ambulatory Surgical Center",
  "city" : "NEW LONDON",
  "credentialid" : "929670",
  "address" : "234A BANK ST",
  "issuedate" : "2009-04-01T00:00:00",
  "name" : "COASTAL DIGESTIVE CARE CENTER LLC",
  "active" : "1",
  "fullcredentialcode" : "ASC.0000303",
  "effectivedate" : "2015-04-01T00:00:00"
}
, {
  "businessname" : "PERSONAL CHOICE SURGICAL CENTER, LLC",
  "zip" : "06457-3647",
  "credentialnumber" : "325",
  "recordrefreshedon" : "2014-12-11T00:00:00",
  "statusreason" : "CURRENT",
  "status" : "ACTIVE",
  "expirationdate" : "2016-12-31T00:00:00",
  "dba" : "PERSONAL CHOICE SURGICAL CENTER, LLC",
  "state" : "CT",
  "type" : "LIMITED LIABILITY COMPANY",
  "credentialtype" : "ASC",
  "credential" : "Ambulatory Surgical Center",
  "city" : "MIDDLETOWN",
  "credentialid" : "929140",
  "address" : "85 CHURCH ST STE 500",
  "issuedate" : "2009-02-27T00:00:00",
  "name" : "PERSONAL CHOICE SURGICAL CENTER, LLC",
  "active" : "1",
  "fullcredentialcode" : "ASC.0000325",
  "effectivedate" : "2015-01-01T00:00:00"
}
, {
  "businessname" : "SUMMER STREET AMBULATORY SURGERY CENTE, THE",
  "zip" : "06905-5326",
  "credentialnumber" : "299",
  "recordrefreshedon" : "2015-03-20T00:00:00",
  "statusreason" : "CURRENT",
  "status" : "ACTIVE",
  "expirationdate" : "2017-03-31T00:00:00",
  "dba" : "SUMMER STREET AMBULATORY SURGERY CENTER, THE",
  "state" : "CT",
  "type" : "CORPORATION",
  "credentialtype" : "ASC",
  "credential" : "Ambulatory Surgical Center",
  "city" : "STAMFORD",
  "credentialid" : "929665",
  "address" : "1290 SUMMER ST STE 3100",
  "issuedate" : "2009-04-01T00:00:00",
  "name" : "SUMMER STREET AMBULATORY SURGERY CENTE, THE",
  "active" : "1",
  "fullcredentialcode" : "ASC.0000299",
  "effectivedate" : "2015-04-01T00:00:00"
}
, {
  "businessname" : "CONNECTICUT SURGERY CENTER",
  "zip" : "06105",
  "credentialnumber" : "270",
  "recordrefreshedon" : "2015-03-23T00:00:00",
  "statusreason" : "CURRENT",
  "status" : "ACTIVE",
  "expirationdate" : "2017-03-31T00:00:00",
  "dba" : "CONNECTICUT SURGERY CENTER",
  "state" : "CT",
  "type" : "LIMITED LIABILITY PARTNERSHIP",
  "credentialtype" : "ASC",
  "credential" : "Ambulatory Surgical Center",
  "city" : "HARTFORD",
  "credentialid" : "930473",
  "address" : "81 GILLETTE ST",
  "issuedate" : "2009-04-01T00:00:00",
  "name" : "CONNECTICUT SURGERY CENTER",
  "active" : "1",
  "fullcredentialcode" : "ASC.0000270",
  "effectivedate" : "2015-04-01T00:00:00"
}
, {
  "businessname" : "ROBBINS EYE CENTER PC",
  "zip" : "06606-1802",
  "credentialnumber" : "162",
  "recordrefreshedon" : "2015-04-10T00:00:00",
  "statusreason" : "CURRENT",
  "status" : "ACTIVE",
  "expirationdate" : "2017-03-31T00:00:00",
  "dba" : "ROBBINS EYE CENTER, PC",
  "state" : "CT",
  "type" : "CORPORATION",
  "credentialtype" : "ASC",
  "credential" : "Ambulatory Surgical Center",
  "city" : "BRIDGEPORT",
  "credentialid" : "930712",
  "address" : "4695 MAIN ST",
  "issuedate" : "2009-04-01T00:00:00",
  "name" : "ROBBINS EYE CENTER PC",
  "active" : "1",
  "fullcredentialcode" : "ASC.0000162",
  "effectivedate" : "2015-04-01T00:00:00"
}
, {
  "businessname" : "ORTHOPAEDIC & NEUROSURGERY CENTER OF GREENWICH, LLC",
  "zip" : "06830-6074",
  "credentialnumber" : "333",
  "recordrefreshedon" : "2015-04-10T00:00:00",
  "statusreason" : "CURRENT",
  "status" : "ACTIVE",
  "expirationdate" : "2017-03-31T00:00:00",
  "dba" : "ORTHOPAEDIC & NEUROSURGERY CENTER OF GREENWICH, LL",
  "state" : "CT",
  "type" : "LIMITED LIABILITY COMPANY",
  "credentialtype" : "ASC",
  "credential" : "Ambulatory Surgical Center",
  "city" : "GREENWICH",
  "credentialid" : "993620",
  "address" : "55 HOLLY HILL LN",
  "issuedate" : "2011-04-14T00:00:00",
  "name" : "ORTHOPAEDIC & NEUROSURGERY CENTER OF GREENWICH, LLC",
  "active" : "1",
  "fullcredentialcode" : "ASC.0000333",
  "effectivedate" : "2015-04-01T00:00:00"
}
, {
  "businessname" : "NORWALK SURGERY CENTER, LLC",
  "zip" : "068514698",
  "credentialnumber" : "335",
  "recordrefreshedon" : "2015-06-15T00:00:00",
  "statusreason" : "CURRENT",
  "status" : "ACTIVE",
  "expirationdate" : "2015-06-30T00:00:00",
  "dba" : "NORWALK SURGERY CENTER, LLC",
  "state" : "CT",
  "type" : "LIMITED LIABILITY COMPANY",
  "credentialtype" : "ASC",
  "credential" : "Ambulatory Surgical Center",
  "city" : "NORWALK",
  "credentialid" : "1031564",
  "address" : "40 CROSS ST STE 120",
  "issuedate" : "2011-08-30T00:00:00",
  "name" : "NORWALK SURGERY CENTER, LLC",
  "active" : "1",
  "fullcredentialcode" : "ASC.0000335",
  "effectivedate" : "2013-07-01T00:00:00"
}
, {
  "businessname" : "CONNECTICUT FERTILITY ASSOCIATES",
  "zip" : "06606-1300",
  "credentialnumber" : "332",
  "recordrefreshedon" : "2014-09-10T00:00:00",
  "statusreason" : "CURRENT",
  "status" : "ACTIVE",
  "expirationdate" : "2016-09-30T00:00:00",
  "dba" : "CONNECTICUT FERTILITY ASSOCIATES",
  "state" : "CT",
  "type" : "CORPORATION",
  "credentialtype" : "ASC",
  "credential" : "Ambulatory Surgical Center",
  "city" : "BRIDGEPORT",
  "credentialid" : "969873",
  "address" : "4920 MAIN ST STE 306",
  "issuedate" : "2010-10-06T00:00:00",
  "name" : "CONNECTICUT FERTILITY ASSOCIATES",
  "active" : "1",
  "fullcredentialcode" : "ASC.0000332",
  "effectivedate" : "2014-10-01T00:00:00"
}
, {
  "businessname" : "YALE HEALTH CENTER OUTPATIENT SERVICES",
  "zip" : "06511-3603",
  "credentialnumber" : "331",
  "recordrefreshedon" : "2014-06-11T00:00:00",
  "statusreason" : "CURRENT",
  "status" : "ACTIVE",
  "expirationdate" : "2016-06-30T00:00:00",
  "dba" : "YALE HEALTH CENTER OUTPATIENT SERVICES",
  "state" : "CT",
  "type" : "CORPORATION",
  "credentialtype" : "ASC",
  "credential" : "Ambulatory Surgical Center",
  "city" : "NEW HAVEN",
  "credentialid" : "969284",
  "address" : "55 LOCK ST",
  "issuedate" : "2010-08-28T00:00:00",
  "name" : "YALE HEALTH CENTER OUTPATIENT SERVICES",
  "active" : "1",
  "fullcredentialcode" : "ASC.0000331",
  "effectivedate" : "2014-07-01T00:00:00"
}
, {
  "businessname" : "MILFORD PODIATRY ASSOCIATES P.C.",
  "zip" : "06460-6661",
  "credentialnumber" : "161",
  "recordrefreshedon" : "2014-06-11T00:00:00",
  "statusreason" : "CURRENT",
  "status" : "ACTIVE",
  "expirationdate" : "2016-06-30T00:00:00",
  "dba" : "CONNECTICUT FOOT SURGERY CENTER",
  "state" : "CT",
  "type" : "CORPORATION",
  "credentialtype" : "ASC",
  "credential" : "Ambulatory Surgical Center",
  "city" : "MILFORD",
  "credentialid" : "930330",
  "address" : "318 NEW HAVEN AVE",
  "issuedate" : "2008-07-01T00:00:00",
  "name" : "MILFORD PODIATRY ASSOCIATES P.C.",
  "active" : "1",
  "fullcredentialcode" : "ASC.0000161",
  "effectivedate" : "2014-07-01T00:00:00"
}
, {
  "businessname" : "SURGERY CENTER OF FAIRFIELD COUNTY",
  "zip" : "06611-4816",
  "credentialnumber" : "337",
  "recordrefreshedon" : "2014-12-31T00:00:00",
  "statusreason" : "CURRENT",
  "status" : "ACTIVE",
  "expirationdate" : "2016-12-31T00:00:00",
  "dba" : "SURGERY CENTER OF FAIRFIELD COUNTY",
  "state" : "CT",
  "type" : "LIMITED LIABILITY COMPANY",
  "credentialtype" : "ASC",
  "credential" : "Ambulatory Surgical Center",
  "city" : "TRUMBULL",
  "credentialid" : "1153170",
  "address" : "112 QUARRY RD",
  "issuedate" : "2013-03-12T00:00:00",
  "name" : "SURGERY CENTER OF FAIRFIELD COUNTY",
  "active" : "1",
  "fullcredentialcode" : "ASC.0000337",
  "effectivedate" : "2015-01-01T00:00:00"
}
, {
  "businessname" : "RIVER VALLEY ASC, LLC",
  "zip" : "063606533",
  "credentialnumber" : "338",
  "recordrefreshedon" : "2015-08-20T00:00:00",
  "statusreason" : "CURRENT",
  "status" : "ACTIVE",
  "expirationdate" : "2015-06-30T00:00:00",
  "dba" : "RIVER VALLEY ASC, LLC",
  "state" : "CT",
  "type" : "CORPORATION",
  "credentialtype" : "ASC",
  "credential" : "Ambulatory Surgical Center",
  "city" : "NORWICH",
  "credentialid" : "1177110",
  "address" : "45 SALEM TPKE",
  "issuedate" : "2013-07-30T00:00:00",
  "name" : "RIVER VALLEY ASC, LLC",
  "active" : "1",
  "fullcredentialcode" : "ASC.0000338",
  "effectivedate" : "2013-07-30T00:00:00"
}
, {
  "businessname" : "SURGICAL CENTER OF CONNECTICUT, LLC, THE",
  "zip" : "06606-1300",
  "credentialnumber" : "340",
  "recordrefreshedon" : "2014-04-28T00:00:00",
  "statusreason" : "CURRENT",
  "status" : "ACTIVE",
  "expirationdate" : "2016-03-31T00:00:00",
  "dba" : "SURGICAL CENTER OF CONNECTICUT, LLC, THE",
  "state" : "CT",
  "type" : "LIMITED LIABILITY COMPANY",
  "credentialtype" : "ASC",
  "credential" : "Ambulatory Surgical Center",
  "city" : "BRIDGEPORT",
  "credentialid" : "1217113",
  "address" : "4920 MAIN ST",
  "issuedate" : "2014-04-15T00:00:00",
  "name" : "SURGICAL CENTER OF CONNECTICUT, LLC, THE",
  "active" : "1",
  "fullcredentialcode" : "ASC.0000340",
  "effectivedate" : "2014-04-14T00:00:00"
}
, {
  "businessname" : "CENTER FOR ADVANCED REPRODUCTIVE SERVICES, PC",
  "zip" : "06032-2568",
  "credentialnumber" : "344",
  "recordrefreshedon" : "2015-01-28T00:00:00",
  "statusreason" : "CURRENT",
  "status" : "ACTIVE",
  "expirationdate" : "2016-12-31T00:00:00",
  "dba" : "CENTER FOR ADVANCED REPRODUCTIVE SERVICES, PC",
  "state" : "CT",
  "type" : "CORPORATION",
  "credentialtype" : "ASC",
  "credential" : "Ambulatory Surgical Center",
  "city" : "FARMINGTON",
  "credentialid" : "1264687",
  "address" : "2 BATTERSON PARK RD",
  "issuedate" : "2015-01-28T00:00:00",
  "name" : "CENTER FOR ADVANCED REPRODUCTIVE SERVICES, PC",
  "active" : "1",
  "fullcredentialcode" : "ASC.0000344",
  "effectivedate" : "2015-01-16T00:00:00"
}
, {
  "businessname" : "REPRODUCTIVE MEDICINE ASSOCIATES OF CONNECTICUT, PC",
  "zip" : "06851-1080",
  "credentialnumber" : "345",
  "recordrefreshedon" : "2015-01-28T00:00:00",
  "statusreason" : "CURRENT",
  "status" : "ACTIVE",
  "expirationdate" : "2016-12-31T00:00:00",
  "dba" : "REPRODUCTIVE MEDICINE ASSOCIATES OF CONNECTICUT, PC",
  "state" : "CT",
  "type" : "CORPORATION",
  "credentialtype" : "ASC",
  "credential" : "Ambulatory Surgical Center",
  "city" : "NORWALK",
  "credentialid" : "1264753",
  "address" : "761 MAIN AVE",
  "issuedate" : "2015-01-28T00:00:00",
  "name" : "REPRODUCTIVE MEDICINE ASSOCIATES OF CONNECTICUT, PC",
  "active" : "1",
  "fullcredentialcode" : "ASC.0000345",
  "effectivedate" : "2015-01-23T00:00:00"
}
, {
  "businessname" : "CONNECTICUT ORTHOPAEDIC SPECIALISTS OUTPATIENT SURGICAL CENTER, LLC",
  "zip" : "06405-3061",
  "credentialnumber" : "339",
  "recordrefreshedon" : "2014-01-31T00:00:00",
  "statusreason" : "CURRENT",
  "status" : "ACTIVE",
  "expirationdate" : "2015-12-31T00:00:00",
  "dba" : "CONNECTICUT ORTHOPAEDIC SPECIALISTS OUTPATIENT SURGICAL CENTER, LLC",
  "state" : "CT",
  "type" : "LIMITED LIABILITY COMPANY",
  "credentialtype" : "ASC",
  "credential" : "Ambulatory Surgical Center",
  "city" : "BRANFORD",
  "credentialid" : "1204521",
  "address" : "84 N MAIN ST BLDG 2",
  "issuedate" : "2014-01-30T00:00:00",
  "name" : "CONNECTICUT ORTHOPAEDIC SPECIALISTS OUTPATIENT SURGICAL CENTER, LLC",
  "active" : "1",
  "fullcredentialcode" : "ASC.0000339",
  "effectivedate" : "2014-01-30T00:00:00"
}
, {
  "businessname" : "SOUTHINGTON SURGERY CENTER",
  "zip" : "06489-3268",
  "credentialnumber" : "341",
  "recordrefreshedon" : "2014-09-25T00:00:00",
  "statusreason" : "CURRENT",
  "status" : "ACTIVE",
  "expirationdate" : "2016-06-30T00:00:00",
  "dba" : "SOUTHINGTON SURGERY CENTER",
  "state" : "CT",
  "type" : "LIMITED LIABILITY COMPANY",
  "credentialtype" : "ASC",
  "credential" : "Ambulatory Surgical Center",
  "city" : "SOUTHINGTON",
  "credentialid" : "1247324",
  "address" : "81 MERIDEN AVE STE C3",
  "issuedate" : "2014-09-25T00:00:00",
  "name" : "SOUTHINGTON SURGERY CENTER",
  "active" : "1",
  "fullcredentialcode" : "ASC.0000341",
  "effectivedate" : "2014-09-23T00:00:00"
}
, {
  "businessname" : "WESTERN CONNECTICUT ORHOPEDIC SURGICAL CENTER, LLC",
  "zip" : "06810-6814",
  "credentialnumber" : "342",
  "recordrefreshedon" : "2014-10-01T00:00:00",
  "statusreason" : "CURRENT",
  "status" : "ACTIVE",
  "expirationdate" : "2016-09-30T00:00:00",
  "dba" : "WESTERN CONNECTICUT ORHOPEDIC SURGICAL CENTER, LLC",
  "state" : "CT",
  "type" : "LIMITED LIABILITY COMPANY",
  "credentialtype" : "ASC",
  "credential" : "Ambulatory Surgical Center",
  "city" : "DANBURY",
  "credentialid" : "1248188",
  "address" : "226 WHITE ST",
  "issuedate" : "2014-10-01T00:00:00",
  "name" : "WESTERN CONNECTICUT ORHOPEDIC SURGICAL CENTER, LLC",
  "active" : "1",
  "fullcredentialcode" : "ASC.0000342",
  "effectivedate" : "2014-09-24T00:00:00"
}
, {
  "businessname" : "STAMFORD ASC, LLC",
  "zip" : "06905-5359",
  "credentialnumber" : "343",
  "recordrefreshedon" : "2014-12-19T00:00:00",
  "statusreason" : "CURRENT",
  "status" : "ACTIVE",
  "expirationdate" : "2016-09-30T00:00:00",
  "dba" : "STAMFORD ASC, LLC",
  "state" : "CT",
  "type" : "LIMITED LIABILITY COMPANY",
  "credentialtype" : "ASC",
  "credential" : "Ambulatory Surgical Center",
  "city" : "STAMFORD",
  "credentialid" : "1259702",
  "address" : "1275 SUMMER ST",
  "issuedate" : "2014-12-19T00:00:00",
  "name" : "STAMFORD ASC, LLC",
  "active" : "1",
  "fullcredentialcode" : "ASC.0000343",
  "effectivedate" : "2014-12-15T00:00:00"
}
, {
  "businessname" : "GUILFORD SURGERY CENTER, LLC",
  "zip" : "06437",
  "credentialnumber" : "346",
  "recordrefreshedon" : "2015-04-27T00:00:00",
  "statusreason" : "CURRENT",
  "status" : "ACTIVE",
  "expirationdate" : "2017-03-31T00:00:00",
  "dba" : "GUILFORD SURGERY CENTER, LLC",
  "state" : "CT",
  "type" : "LIMITED LIABILITY COMPANY",
  "credentialtype" : "ASC",
  "credential" : "Ambulatory Surgical Center",
  "city" : "GUILFORD",
  "credentialid" : "1280654",
  "address" : "5 DURHAM ROAD",
  "issuedate" : "2015-04-27T00:00:00",
  "name" : "GUILFORD SURGERY CENTER, LLC",
  "active" : "1",
  "fullcredentialcode" : "ASC.0000346",
  "effectivedate" : "2015-04-24T00:00:00"
}
, {
  "businessname" : "CENTER FOR AMBULATORY SURGERY LLC",
  "zip" : "068804328",
  "credentialnumber" : "292",
  "recordrefreshedon" : "2015-03-02T00:00:00",
  "statusreason" : "INACTIVE",
  "status" : "INACTIVE",
  "dba" : "CENTER FOR AMBULATORY SURGERY, LLC",
  "state" : "CT",
  "type" : "LIMITED LIABILITY COMPANY",
  "credentialtype" : "ASC",
  "credential" : "Ambulatory Surgical Center",
  "city" : "WESTPORT",
  "credentialid" : "929889",
  "address" : "32 IMPERIAL AVE",
  "issuedate" : "2009-10-01T00:00:00",
  "name" : "CENTER FOR AMBULATORY SURGERY LLC",
  "active" : "0",
  "fullcredentialcode" : "ASC.0000292"
}
, {
  "businessname" : "FAIRFIELD COUNTY ENDOSCOPY CENTER",
  "zip" : "066114552",
  "credentialnumber" : "347",
  "recordrefreshedon" : "2015-05-20T00:00:00",
  "statusreason" : "CURRENT",
  "status" : "ACTIVE",
  "dba" : "FAIRFIELD COUNTY ENDOSCOPY CENTER",
  "state" : "CT",
  "type" : "LIMITED LIABILITY COMPANY",
  "credentialtype" : "ASC",
  "credential" : "Ambulatory Surgical Center",
  "city" : "TRUMBULL",
  "credentialid" : "1285794",
  "address" : "888 WHITE PLAINS RD",
  "issuedate" : "2015-05-20T00:00:00",
  "name" : "FAIRFIELD COUNTY ENDOSCOPY CENTER",
  "active" : "1",
  "fullcredentialcode" : "ASC.0000347"
}
, {
  "businessname" : "CVW BODY DESIGN CENTER-STAMFORD",
  "zip" : "06902",
  "credentialnumber" : "348",
  "recordrefreshedon" : "2015-09-10T00:00:00",
  "statusreason" : "ISSUED IN ERROR",
  "status" : "INACTIVE",
  "dba" : "CVW BODY DESIGN CENTER-STAMFORD",
  "state" : "CT",
  "type" : "LIMITED LIABILITY COMPANY",
  "credentialtype" : "ASC",
  "credential" : "Ambulatory Surgical Center",
  "city" : "STAMFORD",
  "credentialid" : "1306428",
  "address" : "2001 WEST MAIN STREET",
  "name" : "CVW BODY DESIGN CENTER-STAMFORD",
  "active" : "0",
  "fullcredentialcode" : "ASC.0000348"
}
, {
  "businessname" : "CVW BODY DESIGN CENTER-STAMFORD",
  "zip" : "069024557",
  "credentialnumber" : "349",
  "recordrefreshedon" : "2015-08-27T00:00:00",
  "statusreason" : "CURRENT",
  "status" : "ACTIVE",
  "dba" : "CVW BODY DESIGN CENTER-STAMFORD",
  "state" : "CT",
  "type" : "LIMITED LIABILITY COMPANY",
  "credentialtype" : "ASC",
  "credential" : "Ambulatory Surgical Center",
  "city" : "STAMFORD",
  "credentialid" : "1307512",
  "address" : "2001 W MAIN ST STE 155",
  "issuedate" : "2015-08-27T00:00:00",
  "name" : "CVW BODY DESIGN CENTER-STAMFORD",
  "active" : "1",
  "fullcredentialcode" : "ASC.0000349"
}
, {
  "businessname" : "BLOOMFIELD ASC, LLC",
  "zip" : "060023088",
  "credentialnumber" : "350",
  "recordrefreshedon" : "2015-09-01T00:00:00",
  "statusreason" : "CURRENT",
  "status" : "ACTIVE",
  "dba" : "BLOOMFIELD ASC, LLC",
  "state" : "CT",
  "type" : "LIMITED LIABILITY COMPANY",
  "credentialtype" : "ASC",
  "credential" : "Ambulatory Surgical Center",
  "city" : "BLOOMFIELD",
  "credentialid" : "1308292",
  "address" : "580 COTTAGE GROVE RD STE 103",
  "issuedate" : "2015-09-01T00:00:00",
  "name" : "BLOOMFIELD ASC, LLC",
  "active" : "1",
  "fullcredentialcode" : "ASC.0000350"
}
 ]