[ {
  "office" : "Milford Office",
  "zip_code" : "06460",
  "location" : "70 West River Street",
  "location_1" : {
    "needs_recoding" : false,
    "longitude" : "-73.05897758999964",
    "latitude" : "41.22661128700048",
    "human_address" : "{\"address\":\"70 West River Street\",\"city\":\"Milford\",\"state\":\"CT\",\"zip\":\"06460\"}"
  },
  "type" : "Photo License Center",
  "url" : {
    "url" : "http://www.ct.gov/dmv/cwp/view.asp?a=808&q=244594"
  }
}
, {
  "office" : "Derby Photo License Center",
  "zip_code" : "06418",
  "location" : "12 Main St",
  "location_1" : {
    "needs_recoding" : false,
    "longitude" : "-73.08142523699962",
    "latitude" : "41.31865520800045",
    "human_address" : "{\"address\":\"12 Main St\",\"city\":\"Derby\",\"state\":\"CT\",\"zip\":\"06418\"}"
  },
  "type" : "Photo License Center",
  "url" : {
    "url" : "http://www.ct.gov/dmv/cwp/view.asp?a=808&q=244584"
  }
}
, {
  "office" : "Middletown Photo License Center",
  "zip_code" : "06457",
  "location" : "386 Main Street ",
  "location_1" : {
    "needs_recoding" : false,
    "longitude" : "-72.65038473999965",
    "latitude" : "41.56149369500048",
    "human_address" : "{\"address\":\"386 Main Street\",\"city\":\"Middletown\",\"state\":\"CT\",\"zip\":\"06457\"}"
  },
  "type" : "Photo License Center",
  "url" : {
    "url" : "http://www.ct.gov/dmv/cwp/view.asp?a=808&q=244592"
  }
}
 ]