{
  "id" : "85dv-izg4",
  "name" : "CT DCF Region Boundaries",
  "attribution" : "Department of Children and Families",
  "averageRating" : 0,
  "blobFilename" : "DCF_Region_Boundaries.zip",
  "blobFileSize" : 122165,
  "blobId" : "oEdRc805LuXtSZbOOYRCw_zCEltG0cXugcYbkcP_xrw",
  "blobMimeType" : "application/zip; charset=binary",
  "category" : "Health and Human Services",
  "createdAt" : 1403639346,
  "description" : "This is a boundary file showing the catchment area for which each of the 6 DCFRegions is responsible. Catchment areas are comprised of complete Towns, but not necessarily complete Zip Codes. Data is as of 7/1/2014, is unlikely to change frequently, and will be updated only as changes are made to the catchment areas.",
  "displayType" : "map",
  "downloadCount" : 159,
  "indexUpdatedAt" : 1449091867,
  "licenseId" : "PUBLIC_DOMAIN",
  "newBackend" : true,
  "numberOfComments" : 0,
  "oid" : 15140774,
  "publicationAppendEnabled" : false,
  "publicationDate" : 1403639348,
  "publicationGroup" : 5805386,
  "publicationStage" : "published",
  "tableId" : 5805386,
  "totalTimesRated" : 0,
  "viewCount" : 73,
  "viewLastModified" : 1403643951,
  "viewType" : "geo",
  "childViews" : [ "6x92-eigx" ],
  "columns" : [ ],
  "displayFormat" : {
    "bkgdLayers" : [ {
      "alias" : "Roads",
      "opacity" : 1,
      "layerKey" : "Google Roadmap"
    }, {
      "alias" : "Satellite",
      "opacity" : 1,
      "layerKey" : "Google Satellite"
    }, {
      "alias" : "ESRI",
      "opacity" : 1,
      "layerKey" : "World Street Map (ESRI)"
    } ],
    "disableGeolocator" : false,
    "exclusiveLayers" : true,
    "viewDefinitions" : [ {
      "uid" : "self",
      "opacity" : 1
    } ]
  },
  "grants" : [ {
    "inherited" : false,
    "type" : "viewer",
    "flags" : [ "public" ]
  } ],
  "license" : {
    "name" : "Public Domain"
  },
  "metadata" : {
    "renderTypeConfig" : {
      "visible" : {
        "map" : true
      }
    },
    "availableDisplayTypes" : [ "map", "table", "fatrow", "page" ],
    "geo" : {
      "owsUrl" : "/api/geospatial/85dv-izg4",
      "isNbe" : true,
      "bbox" : "-73.72777600000003,40.950918000000016,-71.78699400000006,42.050588",
      "layers" : "6x92-eigx",
      "featureIdAttribute" : "_SocrataID",
      "bboxCrs" : "EPSG:4326",
      "namespace" : "_85dv-izg4"
    }
  },
  "owner" : {
    "id" : "hd87-ziyn",
    "displayName" : "Fred North",
    "roleName" : "editor",
    "screenName" : "Fred North",
    "rights" : [ "create_datasets", "view_domain", "create_pages", "view_goals", "view_dashboards" ]
  },
  "query" : { },
  "rights" : [ "read" ],
  "tableAuthor" : {
    "id" : "hd87-ziyn",
    "displayName" : "Fred North",
    "roleName" : "editor",
    "screenName" : "Fred North",
    "rights" : [ "create_datasets", "view_domain", "create_pages", "view_goals", "view_dashboards" ]
  },
  "tags" : [ "dcf", "department of children and families", "region", "regions", "boundary", "boundaries" ],
  "flags" : [ "default" ]
}
