{
  "id" : "8bzn-e4av",
  "name" : "DEP Property",
  "attribution" : "Department of Energy and Environmental Protection",
  "attributionLink" : "http://www.ct.gov/deep/cwp/view.asp?a=2698&q=322898&deepNav_GID=1707#OutdoorRecreation",
  "averageRating" : 0,
  "blobFilename" : "DEP_Property_shp.zip",
  "blobFileSize" : 1171066,
  "blobId" : "heCPQjzvoREuwUcVCcfxhrCNAIHLRDniOB3zWZ8WWps",
  "blobMimeType" : "application/zip; charset=binary",
  "category" : "Environment and Natural Resources",
  "createdAt" : 1395774208,
  "description" : "DEP Property includes parcels of land owned and managed by the Connecticut Department of Energy and Environmental Protection (DEEP) for the purpose of preserving open space, protecting natural habitats, managing wildlife, controlling floods, and providing the general public with outdoor recreational opportunities such as hiking, biking, swimming, fishing, boating, camping and hunting. It primarily includes the following types of DEP Property: state forest, state park, state park scenic reserve, state park trail, natural area preserve, historic preserve, wildlife area, wildlife sanctuary, DEP owned waterbody, water access, flood control, and fish hatchery. DEP Property is based on information from DEP land record information and is updated upon acquisition of new parcels of land.",
  "displayType" : "map",
  "downloadCount" : 9,
  "indexUpdatedAt" : 1449091865,
  "licenseId" : "PUBLIC_DOMAIN",
  "newBackend" : true,
  "numberOfComments" : 0,
  "oid" : 15140766,
  "publicationAppendEnabled" : false,
  "publicationDate" : 1395774216,
  "publicationGroup" : 5805380,
  "publicationStage" : "published",
  "tableId" : 5805380,
  "totalTimesRated" : 0,
  "viewCount" : 380,
  "viewLastModified" : 1401997141,
  "viewType" : "geo",
  "childViews" : [ "c4iq-8ckc" ],
  "columns" : [ ],
  "displayFormat" : {
    "plotStyle" : "point"
  },
  "grants" : [ {
    "inherited" : false,
    "type" : "viewer",
    "flags" : [ "public" ]
  } ],
  "license" : {
    "name" : "Public Domain"
  },
  "metadata" : {
    "renderTypeConfig" : {
      "visible" : {
        "map" : true
      }
    },
    "availableDisplayTypes" : [ "map", "table", "fatrow", "page" ],
    "geo" : {
      "owsUrl" : "/api/geospatial/8bzn-e4av",
      "isNbe" : true,
      "bbox" : "-73.6749778353471,41.033069234812785,-71.78723037176866,42.078799191933264",
      "layers" : "c4iq-8ckc",
      "featureIdAttribute" : "_SocrataID",
      "bboxCrs" : "EPSG:4326",
      "namespace" : "_8bzn-e4av"
    }
  },
  "owner" : {
    "id" : "cvy9-n6sb",
    "displayName" : "Tyler Kleykamp",
    "roleName" : "administrator",
    "screenName" : "Tyler Kleykamp",
    "rights" : [ "create_datasets", "edit_others_datasets", "edit_sdp", "edit_site_theme", "moderate_comments", "manage_users", "chown_datasets", "edit_nominations", "approve_nominations", "feature_items", "federations", "manage_stories", "manage_approval", "change_configurations", "view_domain", "view_others_datasets", "edit_pages", "create_pages", "view_goals", "view_dashboards", "edit_goals", "edit_dashboards", "create_dashboards" ]
  },
  "query" : { },
  "rights" : [ "read" ],
  "tableAuthor" : {
    "id" : "cvy9-n6sb",
    "displayName" : "Tyler Kleykamp",
    "roleName" : "administrator",
    "screenName" : "Tyler Kleykamp",
    "rights" : [ "create_datasets", "edit_others_datasets", "edit_sdp", "edit_site_theme", "moderate_comments", "manage_users", "chown_datasets", "edit_nominations", "approve_nominations", "feature_items", "federations", "manage_stories", "manage_approval", "change_configurations", "view_domain", "view_others_datasets", "edit_pages", "create_pages", "view_goals", "view_dashboards", "edit_goals", "edit_dashboards", "create_dashboards" ]
  },
  "tags" : [ "deep", "dep", "property" ],
  "flags" : [ "default" ]
}
