[ {
  "scope" : "A public/private partnership between the Metro Hartford Alliance, the Greater Hartford Arts Council, the Metropolitan District Commission, The Travelers, the Hartford Business Improvement District, the Bushnell Center for the Performing Arts, the City of Hartford and others.  The iQuilt Partnership seeks to promote economic innovation and redevelopment of the state Capital by activating and enlivening the walkable urban fabric between the City’s world-class collection  of cultural institutions.",
  "assistant" : "None",
  "manager" : "Thomas Deller",
  "address" : "City Wide",
  "name" : "iQuilt Partnership",
  "geom" : {
    "needs_recoding" : false,
    "longitude" : "-72.6523993202769",
    "latitude" : "41.7688245737231"
  },
  "ds_department" : "Other",
  "district" : "CityWide",
  "cur_status" : "Other",
  "ds_milestones" : "1/2012: Final Strategic Plan presented; 5/2012: Pilot signage installed as part of City Hall plaza restoration; 6/2012- US DOT awards Hartford $10M TIGER grant for Hartford’s Intermodal Triangle; 9/2012: City of Hartford, Hartford BID, and Greater Hartford Arts Council partner in stall pedestrian-oriented way finding signage throughout downtown; Envision Fest draws people to celebrate walking, culture, and innovation; 11/2012-1/2013- Winterfest attracts tens of thousands to Bushnell Park."
}
, {
  "scope" : "The North Park Project will build on the Redevelopment Plan for the Downtown North Project (2008) with a detailed design vision and guiding master plan including form-based land use regulations, building design guidelines,which allow for a streamlined permitting process, and a Request for Proposals for the area's redevelopment.",
  "assistant" : "Caitlin Fitzpatrick",
  "manager" : "Laura McMenamin",
  "ds_timeline" : "Tasks overlap: Task 1 Outreach, Mapping, Background Info 13-May-13; Task 2A Market Analysis 17-June-13; Task 2B Urban Design Framework 24-June-13; Task 2C Implementation Plan 12-August-13; Task 2D Draft Design Guidelines  14-Oct-13; Task 2E Draft Zoning 21-Oct-13; Task 2FRevised Master Plan 28-Oct-13; Task 5B RFP 30-Dec-13; Real Time Planning",
  "address" : "Downtown North Redevelopment Area",
  "name" : "Sustainable North Project ",
  "geom" : {
    "needs_recoding" : false,
    "longitude" : "-72.6797318077923",
    "latitude" : "41.7663336852887"
  },
  "steps" : "Other",
  "ds_department" : "Planning",
  "district" : "Central",
  "cur_status" : "Other",
  "ds_milestones" : "Contract Terms: work to be completed by December 31, 2013",
  "total_fund" : "296,625"
}
, {
  "scope" : "The goal of this project is to assess and integrate the relevant transportation studies and plans that will serve the long term mobility needs of the City and the Capitol Region, and represent the interests of the City of Hartford in the planning, coordination, financing, development and implementation of transportation related initiatives happening in and around Hartford.",
  "assistant" : "Caitlin Fitzpatrick",
  "manager" : "Laura McMenamin",
  "ds_timeline" : "Task 1  Integrate Existing Plans into GHITS 31-May-13; Task 2A  Integrate GHITS with One City one Plan 31-Jul-13; Task 2B New Elements 30-Sep-13; Task 3 Stakeholder Consultation ongoing; Task 4 Action Plan 31-Jan-14; Task 5 Funding Facilitation 31-Jan-14; Task 6 Ongoing GHITAP Coordination 31-Mar-14; Task 7 Monitor and Manage City Projects 31-May 14; Task 8 Final Plan 31-Jul-14",
  "address" : "City Wide",
  "name" : "Greater Hartford Transportation Plan ",
  "geom" : {
    "needs_recoding" : false,
    "longitude" : "-72.6475913081221",
    "latitude" : "41.7701423393609"
  },
  "steps" : "Other",
  "ds_department" : "Planning",
  "district" : "CityWide",
  "cur_status" : "Other",
  "ds_milestones" : "Contract Term:From: 12/24/12To: 7/31/14",
  "total_fund" : "304,670"
}
, {
  "scope" : "The Hartford Downtown Circulation Study led to the development of a series of improvement projects aimed at improving mobility for a variety of transportation modes in the core of the city. These improvement projects will enable the City to enhance the downtown transportation network in an effort to support economic growth and investments, improve regional and local connectivity, and create accessibility through a variety of transportation modes, including walking, transit, and driving.",
  "assistant" : "None",
  "manager" : "Donald Chapman",
  "ds_timeline" : "December 2013 - Design CompleteSpring 2014 - Begin Implementation on Market Street and Columbus Boulevard",
  "address" : "City Wide",
  "name" : "Downtown Circulation Plan ",
  "geom" : {
    "needs_recoding" : false,
    "longitude" : "-72.6533269575465",
    "latitude" : "41.7708534324392"
  },
  "ds_department" : "Planning",
  "district" : "Central",
  "cur_status" : "Design",
  "ds_milestones" : "September 14, 2010 – P&Z approved Downtown Circulation Study report by VHB"
}
, {
  "scope" : "The Intermodal Triangle is an implementation of the iQuilt plan,  funded by a competitive TIGER Grant from USDOT and the City of Hartford. The project will  transform Union Station into an intermodal hub and connect it to Main Street (in anticipation of tripling train service in 2016), stitch together Bushnell Park and the Downtown core, and improve transit connectivity.",
  "assistant" : "None",
  "manager" : "Jeffrey Cormier",
  "ds_timeline" : "22 May 2013 - Public Forum @ Hartford Public LibraryOctober 2013 - Design FinalizedWinter 2013 - Out to BidSpring 2014 - Construction BeginsFall 2015 - Construction Complete",
  "address" : "City Wide",
  "name" : "Hartford's Intermodel Triangle ",
  "geom" : {
    "needs_recoding" : false,
    "longitude" : "-72.6540879056955",
    "latitude" : "41.7707865319363"
  },
  "steps" : "Construction",
  "ds_department" : "Planning",
  "district" : "Central",
  "cur_status" : "Design",
  "ds_milestones" : "January 2012 - Notice of Available FundsMarch 2012 - Submission by Hartford TeamJune 2012 - Notice of AwardOctober 2012 - Hartford City Council Authorizes Mayor to Accept FundsDecember 2012 - Contract signed with US DOT6/2013: preliminary design10/2013: semi-final design11/2013: final designSpring 2014 - Required Start of Construction"
}
, {
  "scope" : "The Planning Division assists the Neighborhood Revitalization Zone groups with amendments to their strategic plans.",
  "assistant" : "None",
  "manager" : "Jonathan Mullen",
  "ds_timeline" : "Spring -  2014 Adoption of Blue Hills Strategic Plan by P&Z Adoption of South Green NRZ by P&ZSummer 2014 - Behind the Rocks/Soutwest NRZ first draft of Strategic Plan ",
  "address" : "City Wide",
  "name" : "Neighborhood Strategic Plans",
  "geom" : {
    "needs_recoding" : false,
    "longitude" : "-72.6504622226091",
    "latitude" : "41.7701276990877"
  },
  "ds_department" : "Planning",
  "district" : "CityWide",
  "ds_milestones" : "MARG Plan adopted by P&ZWECA Plan adopted by P&Z"
}
, {
  "scope" : "The purpose of this project is to create a plan for fully functional parks and open space system within the city. Goals:1. Ensure attractive and functional year-round places;2. Connect traditional and non-traditional spaces (community gardens, cemeteries, greenways, etc.)3. Develop an innovative funding mechanism;4. Develop clear guidance for maintenance and operation;5. Develop action plan and strategies for implementation. ",
  "assistant" : "Irena Lazic",
  "manager" : "Jullian Massey",
  "ds_timeline" : "April 2014-Anticipated plan adoption.",
  "address" : "City Wide",
  "name" : "Parks and Open Space System Plan ",
  "geom" : {
    "needs_recoding" : false,
    "longitude" : "-72.6531924456245",
    "latitude" : "41.7701414556365"
  },
  "ds_department" : "Planning",
  "district" : "City Wide",
  "cur_status" : "Design",
  "ds_milestones" : "April 2013: Selected Sasaki Associates for consultant.April-May 2013- Sasaki conducted an inventory of all existing parks and open spaces.June 2013-First steering committee meeting held and stakeholder interviews were conducted.July 2013-First public forum held at Hartford Public Library.October 2013-Second public forum held the Hartford Public Library.December 2013-Stakeholder meeting was held to discuss concept plans and third and final public forum was held at the Arroyo Center",
  "total_fund" : "$350,000"
}
, {
  "scope" : "New Country Mini Cooper currently shares a site with New Country BWM.  Mini is seeking to expand its operations and locate into a space uniquely suited to their needs.  The proposed project will construct a 12,700 sf structure to be situated on 1.6 acres along Weston Street.  The site will have a parking capacity for 121 cars.  Approximately 15 new jobs are expected to be created.",
  "assistant" : "None",
  "manager" : "Stephen Cole",
  "ds_timeline" : "Construction began in Summer 2013 and will conclude in Fall 2012.  The Company is requesting a Tax Fixing Agreement that is currently pending before the City Council.",
  "address" : "1 Weston Street",
  "name" : "New Country Mini Cooper",
  "geom" : {
    "needs_recoding" : false,
    "longitude" : "-72.6645753672631",
    "latitude" : "41.7816601164524"
  },
  "steps" : "Design",
  "ds_department" : "Economic Development",
  "district" : "North",
  "cur_status" : "Predesign",
  "ds_milestones" : "Applicant has received wetlands permit.Applicant submitted documents for preliminary review in order to receive Tax Fixing Agreement",
  "total_fund" : "$3,090,000"
}
, {
  "scope" : "Ninigret Partners, LLC and Utile Inc. were selected to conduct an economic analysis and development capacity assessment.  The purpose of the study is to achieve an understanding of labor and industry markets in the city.  Focus is placed on economic catalysts and accelerants to growth.  This incorporates existing plans (iQuilt, OCOP) and creates an integrated document with a coherent vision, positioning, specific programming and plan of action for the city.",
  "assistant" : "None",
  "manager" : "Stephen Cole",
  "ds_timeline" : "on-going as needed.Test fit scenarios will be completed by Summer 2013.Project Complete",
  "name" : "Economic Analysis & Development Capacity ",
  "geom" : {
    "needs_recoding" : false,
    "longitude" : "-72.6518180157247",
    "latitude" : "41.7675773914128"
  },
  "steps" : "Close Out",
  "ds_department" : "Economic Development",
  "district" : "Other",
  "cur_status" : "Close Out",
  "ds_milestones" : "Response submitted to UConn RFP seeking to locate downtown.  City proposal cited 1214 Main Street as proposed location for Greater Hartford Campus.  ",
  "total_fund" : "107,000"
}
, {
  "scope" : "One City, One Plan adopted in June 2010 provided guidance for the updating of the zoning code to include form and performance based elements. ",
  "assistant" : "Other",
  "manager" : "Jonathan Mullen",
  "ds_timeline" : " April 2014- Zone Changes to Broad Street sent to Capital Region Council of Governments (CRCOG) for Review. Revised Use table to Planning and Zoning Commission for comment.May - 2014 Zone Changes to Planning and Zoning Commission for Adoption",
  "address" : "City Wide",
  "name" : "Zoning Regulations Update ",
  "geom" : {
    "needs_recoding" : false,
    "longitude" : "-72.6522446056279",
    "latitude" : "41.7701799328048"
  },
  "steps" : "Other",
  "ds_department" : "Planning",
  "district" : "City Wide",
  "cur_status" : "Design",
  "ds_milestones" : "Sale of Alcoholic Beverages including Cafe Night Clubs, and Grocery Beer Permits Downtown Parking, Landscaping, Site Plan Review Criteria, Definitions. Zoning Map Changes include North Main Street New Park Avenue, Bartholomew Avenue, Park and Washington Streets, Ashley and Garden Streets, and Farmington AvenueTemporary Sign RegulationsMedical Marijuana Regulations, Hookah Lounge Regulations, Pawn Shop Regulations, Adult Education, Planned Residential Developments, Definitions"
}
, {
  "scope" : "City will revise current planning and zoning regulations to include transit-orineted development principles utilizing form/performance based regulations.",
  "assistant" : "Caitlin Fitzpatrick",
  "manager" : "Laura McMenamin",
  "ds_timeline" : "Contract between DOT and City From: December 1, 2012 To: November 30, 2015",
  "address" : "City Wide",
  "name" : "Form Based Planning and Zoning Regulations ",
  "geom" : {
    "needs_recoding" : false,
    "longitude" : "-72.651259429248",
    "latitude" : "41.7701776644989"
  },
  "steps" : "Consultant Selection",
  "ds_department" : "Planning",
  "district" : "CityWide",
  "cur_status" : "Other",
  "ds_milestones" : "Project will have three main phases: Current Conditions Analysis; Draft Zoning Regulations; Finalized Regulations",
  "total_fund" : "730,000"
}
, {
  "scope" : "The goal of the Downtown North Plan is to create mixed-use development opportunities by assembling development sites and removing obsolete and blighted buildings, while encouraging historic preservation in this area of Downtown.",
  "assistant" : "None",
  "manager" : "Glenn Geathers",
  "ds_timeline" : "Winter 2013-14 - Offers made on above referenced properties Spring 2014 - COC Approvals and closings on Property Acquisitions",
  "name" : "Downtown North Redevelopment ",
  "geom" : {
    "needs_recoding" : false,
    "longitude" : "-72.6694972055093",
    "latitude" : "41.77000796971"
  },
  "steps" : "Design",
  "ds_department" : "Economic Development",
  "district" : "Central",
  "cur_status" : "Predesign",
  "ds_milestones" : "Spring 2014 - Acquisitions completed on properties on above referenced streets in the Downtown North project area.",
  "total_fund" : "0.00"
}
, {
  "scope" : "The proposed development  is for a mixed-use  residential housing development consisting of 190 units.  ",
  "assistant" : "Elisa Hobbs",
  "manager" : "Wayne Benjamin",
  "ds_timeline" : "Anticipated contruction to commence in Spring of 2014.",
  "address" : "5Constitution Plaza",
  "name" : "5 Constitution Plaza (Former Sonesta Hotel) ",
  "geom" : {
    "needs_recoding" : false,
    "longitude" : "-72.669588658995",
    "latitude" : "41.7666888886491"
  },
  "steps" : "Other",
  "ds_department" : "Economic Development",
  "district" : "Central",
  "cur_status" : "Other",
  "ds_milestones" : "Winter 2009-City Council approved the Constitution Plaza East Redevelopment PlanWinter 2011-Wonderworks acquired the former Sonesta Hotel.",
  "total_fund" : "$20 million"
}
, {
  "scope" : "The proposed development is for a mixed-use  residential housing development consisting of approximately 200 units.  The developer is seeking a tax fixing assessment agreement and financial assistance from the City for this development.",
  "assistant" : "Elisa Hobbs",
  "manager" : "Wayne Benjamin",
  "ds_timeline" : "Project on Hold",
  "address" : "3 Constitution Plaza",
  "name" : "3 Constitution Plaza ",
  "geom" : {
    "needs_recoding" : false,
    "longitude" : "-72.6696736421222",
    "latitude" : "41.7674364779701"
  },
  "steps" : "Other",
  "ds_department" : "Economic Development",
  "district" : "Central",
  "cur_status" : "Other",
  "ds_milestones" : "-Summer 2008: AI Engineers acquired teh Broadcast House Property-Winter 2009:  City Council approved the Constitution Plaza East Redevelopment Plan-Summer 2010:  AI Engineers completed demolition of the Broadcast House Building",
  "total_fund" : "$58,000,000"
}
, {
  "scope" : "The primary goal of the Albany Avenue/Woodland Street Project is to revitalize an extremely critical intersection in the Upper Albany Avenue area with a traditional strong neighborhood business presence so that businesses and residents are encouraged to remain in the area. The result envisioned would be the creation of neighborhood business space into a Town Center fronting an Albany Avenue and Woodland Street. ",
  "manager" : "Glenn Geathers",
  "ds_timeline" : "10-24-13 -A contractor was selected to initiate the remediation activities at the site in the 1st Qtr of 2013-2014.",
  "address" : "Multiple Addresses",
  "name" : "Albany/Woodland Redevelopment ",
  "geom" : {
    "needs_recoding" : false,
    "longitude" : "-72.6961336237266",
    "latitude" : "41.7819435666533"
  },
  "steps" : "Construction",
  "ds_department" : "Economic Development",
  "district" : "North",
  "cur_status" : "Design",
  "ds_milestones" : "Feb-2014 - RED Technologies contract executed. Agreement reached w/Goman -York  for brokerage agreement marketing of property for development. Contract projected for execution on 4-1-14.March 2014 - Remediation project statrs - 3-17-14.",
  "total_fund" : "$19,000"
}
, {
  "scope" : "The primary goal of the Downtown West Section II (Union Station – Walnut Street) Project is to remove obsolete and blighted buildings from a critical perimeter area of the Down-town and to create a development opportunity for mixed use and transit-oriented development (TOD).",
  "assistant" : "None",
  "manager" : "Glenn Geathers",
  "ds_timeline" : "Final Punchlist items completed - August 2013- Project Closeout - 3-11-14",
  "address" : "1-7 Myrtle Street",
  "name" : "Downtown West Section II Redevelopment ",
  "geom" : {
    "needs_recoding" : false,
    "longitude" : "-72.6821419041673",
    "latitude" : "41.7697002169687"
  },
  "steps" : "Close Out",
  "ds_department" : "Economic Development",
  "district" : "Central",
  "cur_status" : "Close Out",
  "ds_milestones" : "Abatement completed; Demolition began on April 2, 201",
  "total_fund" : "$3,258,000"
}
, {
  "scope" : "Samuel Colt’s industrial project spans 260 acres and over 600,000 square feet.  The renovation of Colt Firearms Complex is a massive development with the potential to positively impact the surrounding community and compliment other economic development projects in the city. This mixed-use project will have complementing commercial, retail, museum components and 149 residential units. Currently over 500 employees are  employed at this complex.",
  "manager" : "Wayne Benjamin",
  "name" : "Coltsville Project ",
  "geom" : {
    "needs_recoding" : false,
    "longitude" : "-72.6629361029127",
    "latitude" : "41.7568367340327"
  },
  "steps" : "Other",
  "ds_department" : "Economic Development",
  "district" : "Central",
  "cur_status" : "Other",
  "ds_milestones" : "-Insurity & CREC Performing Arts School leasing Sawtooth building-Designated a National Historic Landmark-National Park Designation under review",
  "total_fund" : "$120 million"
}
, {
  "scope" : "The primary goal of the project is to eliminate blight, which prevents further invest-ment in this neighborhood .This site is a 1.6 acre redevelopment area. The plan calls for mixed-use devel-opment at this location.",
  "assistant" : "None",
  "manager" : "Glenn Geathers",
  "ds_timeline" : "Spring 2014 - UST remediation @ 111 Homestead AvenueSummer 2014 - RFP properties for mixed-use development.",
  "address" : "Multiple Addresses",
  "name" : "Sigourney/Homestead",
  "geom" : {
    "needs_recoding" : false,
    "longitude" : "-72.6916147862037",
    "latitude" : "41.7768132179468"
  },
  "steps" : "Other",
  "ds_department" : "Economic Development",
  "district" : "North",
  "cur_status" : "Predesign",
  "ds_milestones" : "Area selected for study as part of the Urban Land Institute(ULI) Daniel Rose Fellowship Program whose mission is to isto encourage and support excellence in land usedecision making.",
  "total_fund" : "0.00"
}
, {
  "scope" : "The proposed development will convert  an approximately 350,000 SF vacant office building into a mixed use residential tower consisting of 285 residential units and 35,000 SF of retail space at the street level.  Of the total housing units, 80% would be market rate and 20% would be affordable. Affordable units will include 19 studios and 40 one bedroom units.  The developer is seeking a tax fixing assessment from the City to assist with this development.",
  "assistant" : "Elisa Hobbs",
  "manager" : "Wayne Benjamin",
  "ds_timeline" : "-Construction expected to start in the Spring of 2014",
  "address" : "777 Main Street",
  "name" : "777 Main Street ",
  "geom" : {
    "needs_recoding" : false,
    "longitude" : "-72.6736334367036",
    "latitude" : "41.7659470657864"
  },
  "steps" : "Other",
  "ds_department" : "Economic Development",
  "district" : "Central",
  "cur_status" : "Other",
  "ds_milestones" : "-Purchase agreement signed for $7M-August 2012, CRDA committed $17.7-June 2013, Tax fixing agreement approved ",
  "total_fund" : "$80 million"
}
, {
  "scope" : "A commercial building with approximately 100,000 SF of former office space. The preferred developer, Lewis/Pearl Ventures, LLC, intends to redevelop the property into restaurant or retail on the 1st floor with office/commercial space on the 2nd through 6th floors and 66 market rate residences on the remaining floors consisting of a mix of studios, 1 and 2 bedroom units.  Construction is anticipated to commence in 2014.  ",
  "assistant" : "Elisa Hobbs",
  "manager" : "Wayne Benjamin",
  "ds_timeline" : "-Sale and tax fixing agreements approved by Council.-Closing of 95-101 and 111 Pearl Street anticipated in the Spring of 2014.",
  "address" : "95-101Pearl Street",
  "name" : "Pearl-Trumbull Redevelopment  ",
  "geom" : {
    "needs_recoding" : false,
    "longitude" : "-72.6754570520357",
    "latitude" : "41.7661052702481"
  },
  "steps" : "Other",
  "ds_department" : "Economic Development",
  "district" : "Central",
  "cur_status" : "Other",
  "ds_milestones" : "-Received two responses in May 2012-Received DECD funding for environmental assessment-$500,000-Due diligence completed-CRDA is considering funding request",
  "total_fund" : "$50.5 Million"
}
, {
  "scope" : "Revitalization of the former Swift Factory gold leafing complex in the Northeast neighborhood. Property consists of 65,000 SF manufacturing factory, two houses on the property and vacant land. Project will offer affordable workspaces for occupancy by small manufacturing enterprises.",
  "assistant" : "None",
  "manager" : "Glenn Geathers",
  "ds_timeline" : "Spring 2013 - Development of 60 Love LaneWinter 2013- 60 Love Ln Renovations completed.",
  "address" : "Multiple Addresses",
  "name" : "Swift Factory Project ",
  "geom" : {
    "needs_recoding" : false,
    "longitude" : "-72.6811815180594",
    "latitude" : "41.7915019603531"
  },
  "steps" : "Construction",
  "ds_department" : "Economic Development",
  "district" : "North",
  "cur_status" : "Construction",
  "ds_milestones" : "Architectural/Engineering & Environmental consultants selected in October and December 2011. First draft of site program plan under review.Community meeting in process of being scheduled to obtain input on next phase of site program. Assisted developer with the submission of a $1,000,000application to the U.S. Economic Development Administration (EDA) for the project as part of the Comprehensive Economic Development Strategy (CEDS). Construction and abatement of 60 Love Ln.has commenced.",
  "total_fund" : "$106,784.80"
}
, {
  "scope" : "Located at Park and Broad Streets in the Frog Hollow Neighborhood. Potential site for Hispanic Cultural Center.",
  "assistant" : "None",
  "manager" : "Glenn Geathers",
  "ds_timeline" : "5-9-13 - Project Kick-off meeting6-1-13 Contract executed",
  "address" : "585 Park Street",
  "name" : "Lyric Theater ",
  "geom" : {
    "needs_recoding" : false,
    "longitude" : "-72.6866261761315",
    "latitude" : "41.7578704520316"
  },
  "steps" : "Predesign",
  "ds_department" : "Economic Development",
  "district" : "Central",
  "cur_status" : "Consultant Selection",
  "ds_milestones" : "Fall 2013-Tai Soo Kim Partners selected to lead project.Winter 2013-2014 - Due dilligence - neighborhood input process conducted by design team.Winter 2014 - Due dilligence process concludes that bldg. c/n/b saved. Non load bearing facade c/b/s. DS Staff   exploring new options for property.",
  "total_fund" : "0.00"
}
, {
  "scope" : "Harry Schwartz, former owner of CT’s Heritage Trail Winery is establishing a presence in Colt. Plans include a 3-phase build-out, ultimately occupying upwards of 10,000-15,000 sf. Chef Harry was successful negotiating exclusive food and beverage rights at the Colt campus for a 7 year duration.  Phase 1 is a small café space located at ground level.  Phase 2 will include a catering kitchen and showroom.  Phase 3 will include television broadcasts, as well as group dinners.  Total employment may r",
  "assistant" : "Jose Rodriguez",
  "manager" : "Stephen Cole",
  "ds_timeline" : "Ribbon cutting occurred in Winter 2012.  Phase 2 will begin upon successful negotiations for space with CREC in Summer 2013.  Phase 3 will launch End of Summer 2013.",
  "address" : "140 Huyshoppe Ave",
  "name" : "Colt Cafe",
  "geom" : {
    "needs_recoding" : false,
    "longitude" : "-72.6633872179045",
    "latitude" : "41.7565600058692"
  },
  "steps" : "Construction",
  "ds_department" : "Economic Development",
  "district" : "South",
  "cur_status" : "Construction",
  "ds_milestones" : "Lease signed for 6,000 sf. Business Plans are submitted to Small Business Assistance and loan applications is submitted for approx. $200,000.Chef Harry was considering locating in Providence, but was introduced to Development Services by Commissioner Jorgenson.  Harry reconsidered Hartford after touring several locations with Development Services staff.  Discussions with Colt regarding build out proved favorable and complimented incentives packages"
}
, {
  "scope" : "After a couple attempts, Panera representatives identified downtown as their preferred location.  City assisted user in identifying this location.  Project is fully permitted and construction commenced in Dec. 2012.",
  "manager" : "Wayne Benjamin",
  "address" : "Courthouse Square",
  "name" : "Panera Bread ",
  "geom" : {
    "needs_recoding" : false,
    "longitude" : "-72.672637872607",
    "latitude" : "41.7667954620614"
  },
  "steps" : "Other",
  "district" : "Central",
  "cur_status" : "Other"
}
, {
  "scope" : "This program helps small businesses grow by providing business planning assistance, packaging loans for lenders, facilitating business opportunities and community development through merchant associations and neighborhood revitalization zones, researching market opportunities, facilitating permits and approvals from local, state and federal  agencies, site selection assistance and façade improvements.  ",
  "assistant" : "Other",
  "manager" : "Jose Rodriguez",
  "address" : "City Wide",
  "name" : "Business Site Visits ",
  "geom" : {
    "needs_recoding" : false,
    "longitude" : "-72.6540230057558",
    "latitude" : "41.7673707183063"
  },
  "steps" : "Other",
  "ds_department" : "Economic Development",
  "district" : "City Wide",
  "cur_status" : "Other"
}
, {
  "scope" : "The project includes new front entry doors, windows, repointing, masonry work, lighting and signage. This is the transformation of a historic three story mixed use building.  With retail targeted for the first floor and commercial and residential on the second and third floors. ",
  "manager" : "Deborah Davis",
  "ds_timeline" : "- Design  Phase and Zoning review occurred in summer and fall of 2011 and winter of 2012- Closing occurred in June 2012- Construction began in September 2012- Construction will end in October  2013  ",
  "address" : "207-213 Garden Street",
  "name" : "207-213 Garden Street",
  "geom" : {
    "needs_recoding" : false,
    "longitude" : "-72.6529380776229",
    "latitude" : "41.7674599821489"
  },
  "steps" : "Close Out",
  "district" : "North",
  "ds_milestones" : "- Closing occurred in June 2012- Historic tax credits were secured by owner in spring of 2013- Construction completef October 31, 2013.",
  "total_fund" : "$204,175.00"
}
, {
  "scope" : "CIL Affordable Housing, Inc. will construct 24 zero-lot line townhomes at 40 Popieluszko Court, 110 & 120 Wyllys Street - three formerly vacant parcels at the Capewell factory site.  Construction to be completed in two phases, with 120 Wyllys as the 2nd phase.   All units will be sold to low/moderate-income families.      ",
  "assistant" : "Claude Trapp",
  "manager" : "Sharon Bailey",
  "ds_timeline" : "Phase I:  Sixteen units to be constructed by April 30, 2014, with all units sold by September 2014.  Phase II: Eight units to be developed by October 2015.  Environmental site assessment to complete by February 2014.   HUD approval and HOME loan closing by winter 2013/2014. ",
  "address" : "40 Popieluszko Court",
  "name" : "Capewell Townhomes",
  "geom" : {
    "needs_recoding" : false,
    "longitude" : "-72.6722299248602",
    "latitude" : "41.7574368114019"
  },
  "steps" : "Close Out",
  "ds_department" : "Housing & Property Management",
  "district" : "Central",
  "cur_status" : "Construction",
  "ds_milestones" : "Phase I:  Building I - 4 units - 100% complete with 4 units sold.  Building II - 4 units - 100% complete with 3 sold, and 1 under contract.  Buildings III & IV (each 4 units) - overall 65% complete.  Phase II: Title conveyed to CIL.",
  "total_fund" : "$8,438,110"
}
, {
  "scope" : "Former Capewell Horsenail factory is a vacant blighted structure in need of environmental assessment, remediation and subsequent development.  Former factory's 3-acre site includes a 3-story, 106,000 square foot industrial building that is listed on the National Register of Historic Places.  Proposed mixed-use development of 80 apartments or 67 condos is TBD.  ",
  "assistant" : "None",
  "manager" : "Wayne Benjamin",
  "ds_timeline" : "Environmental site assessments to start following consummation of developer's option-to-buy in mid-2013.  Development plan anticipated by end of 2013.  Remediation anticipated during 2014, with construction following in 2015-2016.",
  "address" : "70 Popieluszko Court",
  "name" : "Capewell Factory Revitalization ",
  "geom" : {
    "needs_recoding" : false,
    "longitude" : "-72.6712225057263",
    "latitude" : "41.7587815376398"
  },
  "steps" : "Design",
  "ds_department" : "Housing & Property Management",
  "district" : "Central",
  "cur_status" : "Predesign",
  "ds_milestones" : "Negotiations between property owner and private developer underway.  Three Brownfields applications submitted to date by Development Services.  One $2M grant awarded by DECD in April 2013.   EPA Clean-up grant for $635K and EPA Assessment grant for $150K pending.",
  "total_fund" : "$24,860,000"
}
, {
  "scope" : "NSP stabilizes neighborhoods affected by foreclosure, blight and overall disinvestment.  Through NSP, the City is creating new affordable, sustainable homeownership opportunities Citywide.",
  "assistant" : "Miriam Rodriguez",
  "manager" : "Jullianne Avallone",
  "ds_timeline" : "All NSP III funds must be expended by March 9, 2013.",
  "address" : "City Wide ",
  "name" : "Neighborhood Stabilization Program ",
  "geom" : {
    "needs_recoding" : false,
    "longitude" : "-72.6465146863783",
    "latitude" : "41.7648925689329"
  },
  "steps" : "Close Out",
  "ds_department" : "Housing & Property Management",
  "district" : "City Wide",
  "cur_status" : "Construction",
  "ds_milestones" : "All properties funded through NSP I have been sold to owner occupants.  First NSP III home was sold to a homebuyer in April 2013."
}
, {
  "scope" : "This project will redevelop 68,000 square feet of retail space at Front Street and Columbus Boulevard.  Phase I retail is complete.  Phase II is resdidential development.",
  "manager" : "Wayne Benjamin",
  "ds_timeline" : "-Construction of 115 apartments to begin in fall fo 2013.",
  "address" : "Front Street",
  "name" : "Front Street ",
  "geom" : {
    "needs_recoding" : false,
    "longitude" : "-72.6703833806516",
    "latitude" : "41.7622185777617"
  },
  "steps" : "Other",
  "ds_department" : "Economic Development",
  "district" : "Central",
  "cur_status" : "Other",
  "ds_milestones" : "-Spotlight Theatre opened in 2012, leasing 22,500 SF of space. -Infinity Music Hall leased 13,000 SF-projected opening fall 2013",
  "total_fund" : "$30 million"
}
, {
  "scope" : "Provides CDBG funds for repair and rehab of residential 1-4 unit structures to owner-occupant low to moderate income families, and to investor-owners with low to moderate income tenants.  Low and no interest rate loans for general repairs, remediatton of blight and lead, code violations and energy conservation.",
  "manager" : "Brian Mathews",
  "ds_timeline" : "July 1, 2012 - May 31, 2013",
  "address" : "City Wide",
  "name" : "Housing Preservation Loan Fund (HPLF)",
  "geom" : {
    "needs_recoding" : false,
    "longitude" : "-72.6505991351733",
    "latitude" : "41.7649592536999"
  },
  "ds_department" : "Housing & Property Management",
  "district" : "City Wide",
  "cur_status" : "Other",
  "ds_milestones" : "Minority and local contractor participation reaches 94% & 73% respectively; Full implementation of joint HHS/Housing Lead Program administration per MOU;Implementation of two Anti-Blight programs initiated by LSNI and administered by Housing;Authorization to utilize CIP funds for >80% AMI residents;  Awared DECD funds for blight remediation and general rehab;",
  "total_fund" : "$993,000"
}
, {
  "scope" : "Down payment and closing cost assistance provided  to homebuyers to purchase one-to-four family homes. Program partners include local and national banks, and homebuyer counseling agencies.  Available to low/moderate-income families. City homebuyer loans forgiven at end of required primary residency period.",
  "assistant" : "Brian Mathews",
  "manager" : "Sharon Bailey",
  "ds_timeline" : "Open rolling application process for bankers/homebuyers.  Funding provided at time of homebuyer's purchase.  Forty homebuyers provided with downpayment assistance by the end of FY13-14.",
  "address" : "Citywide",
  "name" : "HouseHartford Assistance Program ",
  "geom" : {
    "needs_recoding" : false,
    "longitude" : "-72.6539627183598",
    "latitude" : "41.7657809777626"
  },
  "steps" : "Other",
  "ds_department" : "Housing & Property Management",
  "district" : "City Wide",
  "cur_status" : "Other",
  "ds_milestones" : "Sixteen (16) applications received year to date in FY 13-14; with thirteen (13) homebuyers receiving assistance FYTD.   ",
  "total_fund" : "$371,788"
}
, {
  "scope" : "Facilitates development of new and substantially rehabilitated one and two family homes.  Bridges \"appraisal gap\" between the total cost of development and fair market value (FMV) of the property, and/or the \"affordability gap\" difference between FMV and the homebuyer's purchase mortgage. Funding commitments to developers - supports homeownership opportunities for low/moderate-income families when Federally funded, and for all families when State funded.  Primary residency requirement.",
  "assistant" : "Claude Trapp",
  "manager" : "Sharon Bailey",
  "ds_timeline" : "Open rolling application process for developers.  Funding provided at time of homebuyer's purchase. ",
  "address" : "Citywide",
  "name" : "Gap Financing Program ",
  "geom" : {
    "needs_recoding" : false,
    "longitude" : "-72.6518042216452",
    "latitude" : "41.7649841067702"
  },
  "steps" : "Construction",
  "ds_department" : "Housing & Property Management",
  "district" : "City Wide",
  "cur_status" : "Construction",
  "ds_milestones" : "Fourteen (14) homes sold during FY12-13.  Twelve (12) homes sold FY13-14 year-to-date.   ",
  "total_fund" : "$765,324"
}
, {
  "scope" : "Manage the City’s property for ultimate disposition.  Create re-use plans for City property for sale or lease, oversee the marketing and sales of City-owned property, negotiate leases and license agreements, supervise maintenance and securitization of properties, and contract for other services for City-owned property as needed. ",
  "assistant" : "Other",
  "manager" : "Jullianne Avallone",
  "ds_timeline" : "Ongoing",
  "name" : "Property Management Program ",
  "geom" : {
    "needs_recoding" : false,
    "longitude" : "-72.6491474377116",
    "latitude" : "41.7649460835764"
  },
  "steps" : "Other",
  "ds_department" : "Housing & Property Management",
  "district" : "City Wide",
  "cur_status" : "Other",
  "ds_milestones" : "June 2013: Proposals due for sale of City properties. Properties for sale include commercial, industrial and residential parcels.  July 2013: Put property maintenance on-call contract out to bid.",
  "total_fund" : "$210K  FY 12-13"
}
, {
  "scope" : "The utilization of the abated portion of taxes shall be used for the following purposes: 1. To reduce rents below the levels that would otherwise have been in place in the absence of such tax abatement 2. To improve the quality and design of such dwelling units 3.To effect occupancy od such dwelling units by persons and fmailies of varying income levels 4. To provide necessary related facilities and services in such dwelling units.",
  "manager" : "Miriam Rodriguez",
  "ds_timeline" : "Submit new tax abatement agreements to the state by May 2014. Conduct inspections from July - August 2014.",
  "name" : "Tax Abatement Program ",
  "geom" : {
    "needs_recoding" : false,
    "longitude" : "-72.652945722198",
    "latitude" : "41.7649761390034"
  },
  "ds_department" : "Housing & Property Management",
  "district" : "City Wide",
  "ds_milestones" : "Schedule inspections of 10% of units per project: 226 City, 138 State. Request Financial Statements for year 2013 and submit monitoring statement to Tax Collector for abatement adjustment. Finalize new tax abatement agreements with the State. "
}
, {
  "scope" : "Housing Choice Vouchers allow very low-income families to choose and lease or  purchase safe, decent, and affordable privately-owned rental housing.",
  "manager" : "Claude Trapp",
  "ds_timeline" : "2013-2014 Housing Assistance Payments: JUL =  $3,617,256; YTD = $3,617,256",
  "address" : "Multiple",
  "name" : "Section 8 Voucher Program ",
  "geom" : {
    "needs_recoding" : false,
    "longitude" : "-72.6478230714912",
    "latitude" : "41.7648972748175"
  },
  "ds_department" : "Housing & Property Management",
  "district" : "City Wide",
  "cur_status" : "Other",
  "ds_milestones" : "The City of Hartford, acting as a Public Housing Agency bagan a Section 8 program in 1976, with a 340 units HUD allocation.  The Program has continued a steady growth to its current size of approximately 4,900 units.  Monthly Housing Assistance Payments are made to approximately 3,000 property owners.",
  "total_fund" : "$42,000,000"
}
, {
  "scope" : "The Hartford Fair Rent Commission is empowered by state and local law to address unreasonable rent increases.  If the tenant believes that his/her rent increase is excessive, they can file a written complaint with the Fair Rent Commission.",
  "assistant" : "Celina Caez",
  "manager" : "Claude Trapp",
  "ds_timeline" : "Program Status - Complaints Received =102; Applications Processed = 45; Cases Mediated by Staff = 42; Cases Heard by Commission = 07 / YTD Activity",
  "name" : "Fair Rent Commission ",
  "geom" : {
    "needs_recoding" : false,
    "longitude" : "-72.6539759455572",
    "latitude" : "41.7649085127448"
  },
  "ds_department" : "Housing & Property Management",
  "district" : "City Wide",
  "ds_milestones" : "In 1977, the City of Hartford adopted the Fair Rent ordinance to address the unjust rental increases made to Hartfod tenants.  The Fair Rent Commission meets every 3rd Thursday of the month to hear cases."
}
, {
  "scope" : "Pump House Exhibitions from April 2014 - January 2015 The exhibitions range from Historical, Expressionist, and  Surrealism.  The timeline for the current exhibition is:  June 26, 2014 - August 21, 2014, \"IYABA  IB0 MANDINGO\" Expressionist paintings by artist Iyaba Ibo.  September 4, 2014 - October 23, 2014, The Artwork of Anthony Zito and Ken Bullaro.  November 2014 - January 2015, WinterFest ",
  "manager" : "Andres Chaparro",
  "ds_timeline" : "Press Release: May 30, 2014 the artwork delivered at the Pump House on June 13, 2014 the installation of the work on June 23, 24, 2014.  Opening Reception: June 26, 2014.  \"A. Zito & K. Bullaro\" Opening Reception September 4, 2014, 6pm - 8pm\"WinterFest Installation commences Nov.  2014 comes down Jaunary 2015",
  "address" : "60 Elm St",
  "name" : "Pump House Gallery ",
  "geom" : {
    "needs_recoding" : false,
    "longitude" : "-72.6769233855751",
    "latitude" : "41.7635009304613"
  },
  "steps" : "Other",
  "ds_department" : "Marketing Events Cultural Affairs",
  "ds_milestones" : "The current exhibit involved many steps from coordinating with organizers to reaching out to the community as well as the installation of the exhibition.  All completed and culminating to a impressive cultural display of support that's continuing throughout the the exhibition run.",
  "total_fund" : "$400 - $600 ea."
}
, {
  "scope" : "iConnect re-imagines the retail space and capitalizes on Hartford’s creative and commercial talents. A downtown has its strengths and weaknesses. Hartford has a thriving and growing residential and commercial base and a vibrant arts community but a glut of empty storefronts. The iConnect project aims to re-purpose those empty, street-level commercial spaces to create artist lofts and laboratories that will enliven downtown Hartford. ",
  "assistant" : "Lauren Varjabedian",
  "manager" : "Kristina Newman-Scott",
  "ds_timeline" : "Storefronts slated to open in July and August. Grant program ends on December 31st.",
  "address" : "Downtown Hartford",
  "name" : "iConnect, Project Storefronts Hartford ",
  "geom" : {
    "needs_recoding" : false,
    "longitude" : "-72.6542863481342",
    "latitude" : "41.7625497191419"
  },
  "steps" : "Construction",
  "ds_department" : "Marketing Events Cultural Affairs",
  "district" : "Central",
  "cur_status" : "Predesign",
  "ds_milestones" : "Received the $100,000 grant from the DECD to support iConnect. Branding is in process for installation in storefronts. ",
  "total_fund" : "200,000"
}
, {
  "scope" : "The One Percent for Art program  assures that 1% of the cost of all above ground capital improvement projects which exceed $500,000 will be set aside to fund the creation and placement of public art.",
  "assistant" : "Andres Chaparro",
  "manager" : "Kristina Newman-Scott",
  "ds_timeline" : "July: post national call to artistsAugust: Deadline for receipt of the proposals.September-October: InstallationNovember: Launch on opening night of Winterfest",
  "name" : "Percent for the Arts ",
  "geom" : {
    "needs_recoding" : false,
    "longitude" : "-72.6473263514348",
    "latitude" : "41.7625276578936"
  },
  "steps" : "Out to Bid",
  "ds_department" : "Marketing Events Cultural Affairs",
  "cur_status" : "Other",
  "ds_milestones" : "The amended Percent for the Arts ordinance was adopted by the Court of Common Council on May 29th, 2012 and approved by the Mayor on May 30, 2012. Thom Deller suggested changes to the ordinance in February, 2013. Those proposed changes are to be presented to council in July 2013.",
  "total_fund" : "333,700"
}
, {
  "scope" : "-To ensure that Zoning Regulations are complied with throuhgout the City.-To track  Zoning Enforcement activities and resolutions obtained. ",
  "manager" : "Daniel Loos",
  "ds_timeline" : "-Ongoing as complaints are received. -June-July 2013-Working on Temporary signage issues.-September 2013-Beginning proactive enforcement-2013/2014-Planning is revising Zoning regulations for content, clarity and relevance.",
  "address" : "Citywide",
  "name" : "Zoning Enforcement Program ",
  "geom" : {
    "needs_recoding" : false,
    "longitude" : "-72.6539759836848",
    "latitude" : "41.760698041904"
  },
  "ds_department" : "Licenses & Inspections",
  "district" : "City Wide",
  "cur_status" : "Other",
  "ds_milestones" : "-August 20, 2012-Zoning Assistant appointed. -April 15, 2013, second Zoning Assistant moved to L&I Division to assist with enforcement activities.-June 2013- Closed out all remaining open cases from FY11/12",
  "total_fund" : "Within FY 13/14"
}
, {
  "scope" : "Perform Trade inspections and document results in a timely manner",
  "manager" : "Daniel Loos",
  "ds_timeline" : "-Continue to address field issues and refine and implement  templates for tablets. ",
  "address" : "City Wide",
  "name" : "Building and Trades - Inspections ",
  "geom" : {
    "needs_recoding" : false,
    "longitude" : "-72.6524423814711",
    "latitude" : "41.7607324889264"
  },
  "ds_department" : "Licenses & Inspections",
  "district" : "City Wide",
  "cur_status" : "Other",
  "ds_milestones" : "-Implemented tablets on 11/1/12. -Started to customize templates for field violations and extended hours inspections within the tablets"
}
, {
  "scope" : "Establish citywide policy for granting tax abatements and assessment fixing agreements for development projects.  Policy focus on several abatement/fixing agreements enabled by state statute that target different types of development.",
  "manager" : "Jeffrey Cormier",
  "ds_timeline" : "7/2/13: Investigating CGS 81aa, 81r, 81t, 81u, 81m, 12-65e for components of policy",
  "address" : "City Wide",
  "name" : "Tax Abatement Policy ",
  "geom" : {
    "needs_recoding" : false,
    "longitude" : "-72.6541294653448",
    "latitude" : "41.7701880646527"
  },
  "steps" : "Other",
  "ds_department" : "Planning",
  "cur_status" : "Other",
  "ds_milestones" : "Draft policy statementDraft neighborhood business policy (CGS 12-65b)"
}
, {
  "scope" : "Corridor planning initiative to create vision for future of Albany/Homestead area and address economic development .",
  "manager" : "Jeffrey Cormier",
  "ds_timeline" : "10/2013 - 11/2013: Drafting action plan for Albany/Homestead corridor incorporating ULI, UADI, TACC, community input",
  "address" : "Albany-Homestead",
  "name" : "ULI Daniel Rose Fellowship ",
  "geom" : {
    "needs_recoding" : false,
    "longitude" : "-72.6964409641136",
    "latitude" : "41.7801534254012"
  },
  "steps" : "Other",
  "ds_department" : "Planning",
  "district" : "North",
  "ds_milestones" : "10/2012: ULI Board project proposal12/2012: Study Retreat1/2013: Hartford Study Visit4/2013: Community Workshop4/2013: Follow up Study Retreat5/24/13: TACC kickoff meeting of Albany/Woodland project6/25/13: TACC meeting with UADI to define scope7/16/13: TACC and UADI meeting with business group8/1/13: Mini-charrette Albany/Woodland8/7/13: Upper Albany merchants meeting9/23/13: Albany/Woodland vision statement11/2013: Daniel Rose Fellowship meeting with ULI"
}
, {
  "scope" : "Design guidelines are necessary to ensure that future development supports the goals and objectives of One City, One Plan.  These guidelines will promote a vision that regulates and guides the form and design of the urban environment  in ways that promote safe neighborhoods, vibrant commercial and retail areas, encourages pedestrian activity, preserves and respect the natural and built environment, and creates an identity for the City.  Good design is indivisible from good planning.",
  "manager" : "Caitlin Fitzpatrick",
  "ds_timeline" : "Spring 2013- Photographs of the City to include in Guidelines to illustrate conceptsJuly 2013- Complete draft with text and visuals ready for reviewOctober 2013- Revisions to document completeDecember 2013- AdoptionSummer 2014- Incorporate regulatory elements into city-wide zoning regulations rewrite ",
  "name" : "Design Guidelines ",
  "geom" : {
    "needs_recoding" : false,
    "longitude" : "-72.6494271871502",
    "latitude" : "41.7701388017692"
  },
  "ds_department" : "Planning",
  "cur_status" : "Other",
  "ds_milestones" : "October 2012- Research into existing city regulations and best practices completeNovember 2012- Draft of text ready for revisionsDecember 2012- Creation of visual models beginsFebruary 2013- 25% of visual models completeJune 2013- 50% of visuals complete"
}
, {
  "scope" : "Department of Development Services staff is actively identifying and pursuing new funding opportunities to leverage with existing assets and resources.",
  "manager" : "Thomas Deller",
  "ds_timeline" : "Division staff set a FY2013 goal to apply for $2 million from unique funding sources in order to support existing and upcoming projects.",
  "address" : "City wide",
  "name" : "Grants and Opportunities ",
  "geom" : {
    "needs_recoding" : false,
    "longitude" : "-72.6513914656648",
    "latitude" : "41.7689279732564"
  },
  "ds_department" : "Other",
  "district" : "City Wide",
  "cur_status" : "Other",
  "ds_milestones" : "At the start of fiscal year 2013, division staff set a goal to apply for $2 million from unique funding sources in order to support existing and upcoming projects.",
  "total_fund" : "75,000-100,000"
}
, {
  "scope" : "Determine appropriate policy utilizing Prevailing Wage ",
  "assistant" : "Jeffrey Cormier",
  "manager" : "Stephen Cole",
  "address" : "Citywide",
  "name" : "Prevailing Wage Policy ",
  "geom" : {
    "needs_recoding" : false,
    "longitude" : "-72.6455070926957",
    "latitude" : "41.7676019583785"
  },
  "ds_department" : "Economic Development",
  "district" : "CityWide",
  "cur_status" : "Predesign"
}
, {
  "scope" : "Establish impact statements for proposed and on-going construction and infrastructure projects",
  "assistant" : "Jeffrey Cormier",
  "manager" : "Stephen Cole",
  "ds_timeline" : "Review and analysis is on-going.",
  "address" : "Citywide",
  "name" : "Grand List Impact of Development Projects ",
  "geom" : {
    "needs_recoding" : false,
    "longitude" : "-72.6461752609857",
    "latitude" : "41.7676311474981"
  },
  "steps" : "Design",
  "ds_department" : "Economic Development",
  "cur_status" : "Predesign",
  "ds_milestones" : "Created preliminary list of all projects.  Met with project managers from each Division.  Scheduled meeting with Assessors Office to review projects and determine assessed value"
}
, {
  "scope" : "The city sought and received a $1m grant from the EDA to conduct a process that will produce a comprehensive strategy to foster and cultivate entrepreneurship in the city's economic development plan.",
  "manager" : "Stephen Cole",
  "ds_timeline" : "August 2013 - RFP released for website and graphic design servicesSeptember 2013 - Advisory Board convenes October 2013 - Challenge Grant RFP preparedNovember 2013 - Challenge Grant RFP releasedJanuary 2014 - Phase I Concludes",
  "name" : "EDA  SC2 ",
  "geom" : {
    "needs_recoding" : false,
    "longitude" : "-72.6509646235197",
    "latitude" : "41.7675518387502"
  },
  "steps" : "Design",
  "ds_department" : "Economic Development",
  "district" : "City Wide",
  "cur_status" : "Predesign",
  "ds_milestones" : "July 2012 - application submittedSept. 2012 - Award announcedMay 2013 - EDA approves city to proceed without EDA ConsultantJuly 2013 - EDA approves city's draft solicitation for website and graphic design servicesSeptember 2013 - RFP released for website designOctober 2013 - RFP closes."
}
, {
  "scope" : "DDS  is conducting a comprehensive Commercial Needs Analysis in the Parkville NRSA.  The survey will seek responses to questions posted within several broad topics, including job creation, city services and relations, challenges to success, financing/funding/capital, security, and opportunities and assets",
  "manager" : "Stephen Cole",
  "ds_timeline" : "Consultant selected - 6/20/13;Contract executed - 8/31/13;Questionnaire developed and surveys mailed 9/30/2013;Street surveys commence 8/30/13;First Draft due 10/30/13;Final Draft due 11/21/13",
  "name" : "Parkville Commercial Survey ",
  "geom" : {
    "needs_recoding" : false,
    "longitude" : "-72.7063997805481",
    "latitude" : "41.7571325818637"
  },
  "steps" : "Design",
  "ds_department" : "Economic Development",
  "district" : "West",
  "cur_status" : "Predesign",
  "ds_milestones" : "Funding appropriated - FY13;Scope of Services drafted -  May 2013;Vendor selected - May 2013"
}
, {
  "scope" : "\"Think it Drink it\" is an entreprenurial start-up that manufactures powdered sports and nutrition supplements.  ",
  "manager" : "Stephen Cole",
  "ds_timeline" : "Touring retail storefront downtown. Trial location est. at UConn.Product Launch Fall 2013;Website & e-Commerce site launched Spring 2013;Retail storefront launch Spring 2014.  Currently utilizing Step Up to hire 12 employees with 2 more by Dec 2013",
  "address" : "140 Huyshoppe Ave",
  "name" : "Think it Drink it ",
  "geom" : {
    "needs_recoding" : false,
    "longitude" : "-72.6630330534073",
    "latitude" : "41.756231527287"
  },
  "steps" : "Construction",
  "ds_department" : "Economic Development",
  "district" : "South",
  "cur_status" : "Design",
  "ds_milestones" : "Company incorporated;Lease signed with Colt;DECD funding awarded;Product Development"
}
, {
  "scope" : "A comprehensive Housing Market Study and Needs Analysis.  Consultant will provide housing policy recommendations and strategies utilizing data related to the conditions, challenges, and opportunities in the city’s housing market(s).  Results will be used to develop a meaningful sense of the housing market. The study is intended to offer community leaders and stakeholders a basis for formulating community-specific housing priorities, policy initiatives and intervention strategies.  ",
  "assistant" : "Donald Chapman",
  "manager" : "Stephen Cole",
  "ds_timeline" : "Study will conclude October 30, 2013.",
  "name" : "Housing Market Study ",
  "geom" : {
    "needs_recoding" : false,
    "longitude" : "-72.6504163412146",
    "latitude" : "41.7675677110875"
  },
  "steps" : "Close Out",
  "ds_department" : "Economic Development",
  "district" : "City Wide",
  "cur_status" : "Design",
  "ds_milestones" : "Phase I - Applied and received $200,000 Urban Action Grant from DECD to conduct study.Phase II - CIty drafted and released RFP.Contract was signed and returned after an extensive 10 week review process.",
  "total_fund" : "$110,800"
}
, {
  "scope" : "The purpose is to conduct a comprehensive review of existing parking supply and future needs to accommodate parking demands. The consultant will utilize and/or compile data related to the conditions, challenges and opportunities associated with the city’s publicly owned parking sites and infrastructure, as well as provide parking and transportation policy recommendations. Consideration will be given to whether public investment is necessary in order to be competetive with private providers.",
  "manager" : "Stephen Cole",
  "ds_timeline" : "RFP re-release scheduled in September.  Solicitation was available for 30 days.  RFP closed 10/7/13.  Review committee assembling 10/15/13.",
  "name" : "Parking Needs Analysis ",
  "geom" : {
    "needs_recoding" : false,
    "longitude" : "-72.6496908951205",
    "latitude" : "41.767538496756"
  },
  "steps" : "Consultant Selection",
  "ds_department" : "Economic Development",
  "district" : "City Wide",
  "cur_status" : "Consultant Selection",
  "ds_milestones" : "April 2013 - RFP completed.July 2013 - Eco Dev met with HPA for final review and release.October 2013 - RFP closed."
}
, {
  "scope" : "Business Visitations is an important component to maintaining strong working relationships with the existing business community.  ",
  "manager" : "Stephen Cole",
  "ds_timeline" : "The program is intended to be cyclical.  Initial round of outreach efforts will occur in the Parkville NRSA.  284 businesses will be contacted during a comprehensive survey to ascertain the nature and quality of questions to ask during visitations.",
  "address" : "Citywide",
  "name" : "Business Visits ",
  "geom" : {
    "needs_recoding" : false,
    "longitude" : "-72.6490417287508",
    "latitude" : "41.7675665169232"
  },
  "steps" : "Other",
  "ds_department" : "Economic Development",
  "cur_status" : "Other",
  "ds_milestones" : "The program is in the midst of being reinvented to include recording visitations and outreach efforts to start-ups and businesses expressing an interest in relocating to Hartford."
}
, {
  "scope" : "A proposal to revise the current special events fee structure ordinance. ",
  "manager" : "Kejuan Dillard",
  "ds_timeline" : "*Projected completion date August  2014",
  "address" : "250 Constitution Plaza, 4th Floor",
  "name" : "Special Events Fee Ordinance Revision ",
  "geom" : {
    "needs_recoding" : false,
    "longitude" : "-72.6453020297647",
    "latitude" : "41.7625789339636"
  },
  "steps" : "Construction",
  "ds_department" : "Marketing Events Cultural Affairs",
  "cur_status" : "Design",
  "ds_milestones" : "*Currently researching fee structures in other cities. Compiling a report of findings for next Special Events Task Force Meeting taking place on Tuesday, April 1st, 2014. *Submitted a report to the task force regarding the history of the special events fee structure and a proposal for the new fee structure. "
}
, {
  "scope" : "Managing events such as: weddings, wedding pictures, fashion shows, etc. that take place in City Hall.",
  "manager" : "Kejuan Dillard",
  "ds_timeline" : "Upcoming events include:Weddings, Fashion shows, and receptions.",
  "address" : "550 Main Street ",
  "name" : "City Hall Events ",
  "geom" : {
    "needs_recoding" : false,
    "longitude" : "-72.6535502006947",
    "latitude" : "41.7618238219286"
  },
  "steps" : "Other",
  "ds_department" : "Marketing Events Cultural Affairs",
  "cur_status" : "Other"
}
, {
  "scope" : "Creating a process for artists/art organizations to request to exhibit art in City Hall. ",
  "assistant" : "Andres Chaparro",
  "manager" : "Kejuan Dillard",
  "ds_timeline" : "The process is expected to be completed by the end of July 2013",
  "address" : "550 Main Street",
  "name" : "Art in the Atrium ",
  "geom" : {
    "needs_recoding" : false,
    "longitude" : "-72.6521183498263",
    "latitude" : "41.761882171176"
  },
  "steps" : "Other",
  "ds_department" : "Marketing Events Cultural Affairs",
  "cur_status" : "Other"
}
, {
  "scope" : "Winterfest is Hartford’s  annual holiday event featuring free public skating, holiday themed programs, food, arts and culture. It is a collaboration between The City Of Hartford, the iQuilt, GHAC, BID, Bushnell Foundation, ISCC, the Carousel and the BFDH.",
  "assistant" : "Lauren Varjabedian",
  "manager" : "Kristina Newman-Scott",
  "ds_timeline" : "May—September: planning October: implementation, November 29th: launch, February 2014: close",
  "address" : "Bushnell Park",
  "name" : "iQuilt - WinterFest ",
  "geom" : {
    "needs_recoding" : false,
    "longitude" : "-72.6497131728385",
    "latitude" : "41.7625842810104"
  },
  "steps" : "Other",
  "ds_department" : "Marketing Events Cultural Affairs",
  "district" : "Central",
  "cur_status" : "Other",
  "ds_milestones" : "Winterfest Hartford raised $317,702 for  our 2012/13 Winter Program. The event attracted an additional 10,000 vistors with one month less of programming. Over 100,000 people participated in the event."
}
, {
  "scope" : "Envistionfest Hartford is a one day festival organized by the iQuilt partnership to promote walking, culture and innovation in the City of Hartford.",
  "assistant" : "Lauren Varjabedian",
  "manager" : "Kristina Newman-Scott",
  "ds_timeline" : "May: Planning kick offJune: Marketing outreachJuly-August—planningSeptember 21—Event day",
  "address" : "Downtown Hartford",
  "name" : "iQuilt - EnvisionFest ",
  "geom" : {
    "needs_recoding" : false,
    "longitude" : "-72.6480797224187",
    "latitude" : "41.7625514043804"
  },
  "steps" : "Other",
  "ds_department" : "Marketing Events Cultural Affairs",
  "district" : "Central",
  "cur_status" : "Other",
  "ds_milestones" : "Envisionfest 2013 has secured funding through the iQuilt Partnership"
}
, {
  "scope" : "Annual festival taking place Riverfront Plaza. The City of Hartford has a team participate in the races every year. Putting a team together.",
  "manager" : "Kejuan Dillard",
  "ds_timeline" : "Race will take place on Saturday, August 17th",
  "address" : "250 Constitution Plaza, 4th Floor",
  "name" : "Dragon Boat races and Festival ",
  "geom" : {
    "needs_recoding" : false,
    "longitude" : "-72.6516060612422",
    "latitude" : "41.7619055570947"
  },
  "ds_department" : "Marketing Events Cultural Affairs",
  "cur_status" : "Other",
  "ds_milestones" : "- Team Roster Finalized - June 18th"
}
, {
  "scope" : "To continuously update a weekly, monthly and seasonal news letter and press releases for both MECA / City  run events and at well as City permitted events.",
  "manager" : "Lauren Varjabedian",
  "address" : "250 Constitution Plaza",
  "name" : "MECA Newsletter ",
  "geom" : {
    "needs_recoding" : false,
    "longitude" : "-72.6535715784778",
    "latitude" : "41.7625601435767"
  },
  "steps" : "Design",
  "ds_department" : "Marketing Events Cultural Affairs",
  "cur_status" : "Predesign"
}
, {
  "scope" : "The return of Mayor Segarra’s outdoor free movie program. We are offering free movies as well as entertainment  in a Hartford park every Friday night from June 14th to September 6th. This year we will be offering 13  movies in 8 parks.  ",
  "assistant" : "Lauren Varjabedian",
  "manager" : "Kristina Newman-Scott",
  "ds_timeline" : "6/14 Back to the Future Bushnell Park6/21 Vertigo Riverside Park6/28 Princess Bride Elizabeth Park7/5 A League of Their Own Bushnell Park7/12 Ghostbusters Pope Park7/19 Lilo and Stich Keney Park7/26 North by Northwest Riverside Park8/2 Goonies Goodwin Park8/9 McKenna Bushnell Park8/16 FoodStamped Old State House Lawn8/23 Birds Riverside Park8/30 Muppet Movie Elizabeth Park9/6 Big Colt Park",
  "address" : "8 Parks throughout Hartford",
  "name" : "Free Movie Program ",
  "geom" : {
    "needs_recoding" : false,
    "longitude" : "-72.6516374200981",
    "latitude" : "41.7625751597929"
  },
  "ds_department" : "Marketing Events Cultural Affairs",
  "total_fund" : "$18,000.00"
}
, {
  "scope" : "This project  is comprised of new entry doors, new windows, lighting, electrical , repointing, masonry and signage.  It also includes metals, wood & plastic, thermal & moisture protection,awnings and electrical. It is also a mixed use building with a restaurant downstairs and residential on the second floor.   ",
  "manager" : "Deborah Davis",
  "ds_timeline" : "-  Design Phase occurred  in the Fall 2011 and Winter 2012-  Planning & Zoning approval occurred in Spring of 2012-  Closing occurred in June 2012-  Bid was awarded in January 2012-  Construction will end February   2014  ",
  "address" : "50 Elm Street",
  "name" : "50 Elm Street ",
  "geom" : {
    "needs_recoding" : false,
    "longitude" : "-72.6755979143256",
    "latitude" : "41.7622646861373"
  },
  "steps" : "Other",
  "ds_department" : "Economic Development",
  "district" : "Central",
  "cur_status" : "Construction",
  "ds_milestones" : "- Closing occurred in June 2012      -Construction began in September 2012 Installation of all of the front entry doors- Construction will be complete in March  2014.  ",
  "total_fund" : "$211,228.00"
}
, {
  "scope" : "Project Best -Small Business Energy Assistance Program : Visited 10 small businesses with Rosa Jacinto of SAMA and intro  to Project Best -The business will rec'd $250 credit  and upto $1k for energy crs for the purchase of energy converving eq.",
  "assistant" : "Other",
  "manager" : "Jose Rodriguez",
  "ds_timeline" : "July 2013",
  "address" : "City Wide",
  "name" : "Energy Assistance for Small Businesses ",
  "geom" : {
    "needs_recoding" : false,
    "longitude" : "-72.6468946501987",
    "latitude" : "41.7676338847752"
  },
  "steps" : "Other",
  "ds_department" : "Economic Development",
  "cur_status" : "Other"
}
, {
  "scope" : "-To recieve applications for permits and to issue permits at the counter or within the same day of application for simple permits. -The project was initiated on September 14, 2012 and is very labor intensive and involves not only the Licenses and Inspections personel but also sometimes Planning and the Fire Marshal's Office. ",
  "manager" : "Daniel Loos",
  "ds_timeline" : "-September 14, 2012 -Initiated program-November 25, 2012- Building Plans Examiner started-Ongoing daily reporting of results-2014-To automate some of the simple permits by use of Electronic application, payment of fees and permit issuance via the Web.",
  "address" : "City Wide",
  "name" : "Same Day Permit Issuance ",
  "geom" : {
    "needs_recoding" : false,
    "longitude" : "-72.6519303461794",
    "latitude" : "41.7606845019249"
  },
  "ds_department" : "Licenses & Inspections",
  "district" : "City Wide",
  "cur_status" : "Other",
  "ds_milestones" : "-Program Initiation-September 12, 2012-First partial months results-31% of applications received permits were issued the same day-March 2013 -attained a high percentage of 45% of the applications recieved that the permit was issued  the same day",
  "total_fund" : "Within FY 13/14"
}
, {
  "assistant" : "None",
  "manager" : "Wilnelia Santos",
  "name" : "United Way Campaign ",
  "geom" : {
    "needs_recoding" : false,
    "longitude" : "-72.6531354351532",
    "latitude" : "41.7688361051716"
  },
  "ds_department" : "Other",
  "cur_status" : "Predesign"
}
, {
  "scope" : "Christian Activities Council (CAC) sponsored homeownership development - conversion of six rental units into six affordable 2-bedroom condominium units.  Substantial rehabilitation of a boarded and blighted 'perfect-six.' ",
  "assistant" : "Claude Trapp",
  "manager" : "Sharon Bailey",
  "ds_timeline" : "Sales of unsold units anticipated by end of FY13-14.",
  "address" : "54 Edgewood Street",
  "name" : "Edgewood Gardens ",
  "geom" : {
    "needs_recoding" : false,
    "longitude" : "-72.6916203320264",
    "latitude" : "41.7788032254542"
  },
  "steps" : "Close Out",
  "ds_department" : "Housing & Property Management",
  "district" : "North",
  "cur_status" : "Close Out",
  "ds_milestones" : "Construction 100% complete.  Four units sold.  ",
  "total_fund" : "$1,657,707"
}
, {
  "scope" : "SINA/Pope Park Zion, LLC developing five affordable homeownership properties - four newly constructed 2-family homes and one rehabilitated 1-family home at 52 Franklin Avenue, which was boarded and blighted.   Primary residency requirement.",
  "assistant" : "Claude Trapp",
  "manager" : "Sharon Bailey",
  "ds_timeline" : "Construction complete by July 2014.  Homebuyer sales by December 2014.",
  "address" : "52 Franklin, 235 & 237 Zion, 46 School & 59 Colonial Streets",
  "name" : "Cityscape Homeownership Phase V ",
  "geom" : {
    "needs_recoding" : false,
    "longitude" : "-72.6774342762701",
    "latitude" : "41.7505134424482"
  },
  "steps" : "Close Out",
  "ds_department" : "Housing & Property Management",
  "district" : "Central",
  "cur_status" : "Construction",
  "ds_milestones" : "Construction 70% complete.",
  "total_fund" : "$2,074,540"
}
, {
  "scope" : "The Conversion of the Old Northwest School into the John E. Rogers African American Cultural Center.",
  "manager" : "Glenn Geathers",
  "ds_timeline" : "Winter 2013-2014 - RFP for Construction Manager published. Capitol Restoration (HTFD. MBE Company) selected.Spring 2014 - Subcontractor selection. A public event to commence construction is projected for mid-May 2014.",
  "address" : "1240 Albany Ave",
  "name" : "John E. Rogers African American Cultural Center",
  "geom" : {
    "needs_recoding" : false,
    "longitude" : "-72.6968521113099",
    "latitude" : "41.7829099969567"
  },
  "steps" : "Design",
  "ds_department" : "Economic Development",
  "district" : "North",
  "cur_status" : "Predesign",
  "ds_milestones" : "12-30-13 - Selection of Construction Manager.2-1-14 - Selection of General Contractor.Commence construction - May 2014"
}
, {
  "manager" : "Jose Rodriguez",
  "address" : "213 Garden St",
  "name" : "Cousins Liquor Store ",
  "geom" : {
    "needs_recoding" : false,
    "longitude" : "-72.6870901807868",
    "latitude" : "41.7736511667532"
  },
  "steps" : "Other",
  "ds_department" : "Economic Development",
  "cur_status" : "Other"
}
, {
  "manager" : "Jose Rodriguez",
  "ds_timeline" : "Sept 2013",
  "address" : "544 Ledyard St",
  "name" : "Jarosz Welding ",
  "geom" : {
    "needs_recoding" : false,
    "longitude" : "-72.6692936577445",
    "latitude" : "41.7315052005686"
  },
  "steps" : "Other",
  "ds_department" : "Economic Development",
  "cur_status" : "Other"
}
, {
  "manager" : "Jose Rodriguez",
  "address" : "87 Meadow Street",
  "name" : "B Jimenez ",
  "geom" : {
    "needs_recoding" : false,
    "longitude" : "-72.6684291348877",
    "latitude" : "41.744155890257"
  },
  "ds_department" : "Economic Development",
  "cur_status" : "Other"
}
, {
  "scope" : "Restaurant - General Assistance & Liq Permit",
  "manager" : "Jose Rodriguez",
  "ds_timeline" : "Initial meeting Sept 2013",
  "address" : "90 Bartholomew Av",
  "name" : "Bear Smokehouse ",
  "geom" : {
    "needs_recoding" : false,
    "longitude" : "-72.7034736713642",
    "latitude" : "41.7550847837913"
  },
  "cur_status" : "Other"
}
, {
  "scope" : "This project will entail installation of new awnings and masonry work.",
  "manager" : "Deborah Davis",
  "ds_timeline" : "Loan Closing  4-2013Architect Design -Scope of Service  10 -2013",
  "address" : "1756-1758 Park Street",
  "name" : "1756-1758 Park Street",
  "geom" : {
    "needs_recoding" : false,
    "longitude" : "-72.7077143437389",
    "latitude" : "41.7571143481815"
  },
  "steps" : "Construction",
  "ds_department" : "Economic Development",
  "cur_status" : "Out to Bid",
  "ds_milestones" : "Conducted the closing in April 2013 - The owner went out of the country and we had to wait for the response to proceed with the project .",
  "total_fund" : "$20,000.00"
}
, {
  "scope" : "This project includes new front entry doors, windows and new lighting.",
  "manager" : "Deborah Davis",
  "ds_timeline" : "Completed the bidding 3/2014",
  "address" : "315 Franklin Avenue",
  "name" : "315 Franklin  Avenue ",
  "geom" : {
    "needs_recoding" : false,
    "longitude" : "-72.6764301915403",
    "latitude" : "41.7416155384604"
  },
  "steps" : "Construction",
  "ds_department" : "Economic Development",
  "cur_status" : "Out to Bid",
  "ds_milestones" : "Completed  Scope of Service;Completed the Bidding Stage;",
  "total_fund" : "$20,000.00"
}
, {
  "scope" : "This is a mixed use project with three apartments on the 2nd and 3rd floors and two commercial spaces on the first floor.  The Facade program activities will include repointing, new front entry doors, windows, lighting and new signage. ",
  "manager" : "Deborah Davis",
  "ds_timeline" : "Closing occurred 12-2013Architect Initiated Scope of  Service and Design Work 1-2014",
  "address" : "387-389 Capitol Avenue ",
  "name" : "387-389 Capitol Avenue",
  "geom" : {
    "needs_recoding" : false,
    "longitude" : "-72.6885470998367",
    "latitude" : "41.7637488559717"
  },
  "steps" : "Construction",
  "ds_department" : "Economic Development",
  "district" : "Central",
  "cur_status" : "Design",
  "ds_milestones" : "Closing occured 12-2013Architect initiated design work -1-2014",
  "total_fund" : "$20,000.00"
}
, {
  "scope" : "The Parkville Municipal Development Plan (MDP)  project area  consists of approximately 300 acres and is located in a neighborhood on the west side of Hartford bounded by Flatbush Avenue to the south and Hawthorn Street to the north. The Plan seeks to accomplish three major goals: 1) support existing businesses; 2) attract additional private investment; and 3) provide necessary infrastructure to the area.  Thirteen specific action items were identified in the Plan to help meet these goals.",
  "assistant" : "None",
  "manager" : "Elisa Hobbs",
  "ds_timeline" : "Next steps-* Continue working with DECD regarding grant application* Continue working with private developer to obtain environmental reports and remedial action plan.* Continue working with Amtrak to obtain easement over portion of their property*Continue to work with DECD during their due diligence period",
  "name" : "Parkville Municipal Development Plan ",
  "geom" : {
    "needs_recoding" : false,
    "longitude" : "-72.7023720204599",
    "latitude" : "41.7657024541279"
  },
  "steps" : "Other",
  "ds_department" : "Economic Development",
  "district" : "West",
  "cur_status" : "Other",
  "ds_milestones" : "The Hartford Redevelopment Agency (HRA) approved expansion of the Plan to include the Hawthorn site property on April 12, 2012.Application to include the Parkville MDP accepted among the projects in the recently submitted 2012 Comprehensive Economic Development Strategy  (CEDS) Report .  Municipal Brownfield Assessment Grant in the amount of $112,000 was awarded to the project for environmental assessment of a proposed roadway connector from Bartholomew to Flatbush.\t\t",
  "total_fund" : "$25 million"
}
, {
  "scope" : "North Meadows Redevelopment Plan was approved on May 22, 1972.  The plan was amended in 1995 to extend the duration period of the plan from 30 years to 40 years, expiring on May 22, 2032. The objective of the plan is to encourage full development of the ara for industrial and business purposes and to transform an area of the City which is presently underutilized into a productive district.",
  "manager" : "Elisa Hobbs",
  "name" : "North Meadows Redevelopment Plan ",
  "geom" : {
    "needs_recoding" : false,
    "longitude" : "-72.6484636838587",
    "latitude" : "41.767617880914"
  },
  "steps" : "Other",
  "ds_department" : "Economic Development",
  "district" : "North",
  "cur_status" : "Other",
  "ds_milestones" : "-April 2012-Extended plan -May 10, 2013-RFP to purchase and develop a 12 acre vacant parel at New Raod published-October 2014-RFP for the development of two vacant parcels at 34 and 36 Leibert Road posted-January 2015- RFP for loan servicing services for North Meadows Loan Fund posted"
}
, {
  "scope" : "Aprrox. 86 acre parcel of city-owned land located in Farmington.  The City is seeking to develop the land with a developer under a long term land lease with revenue from the lease going to the Parks Trust Fund.  A joint selection committee was formed consisting of members from the City and the Town.  A significant portion of the land is considered wetlands and the location of the proeprty to the pond is perceived as a limitation.",
  "manager" : "Elisa Hobbs",
  "ds_timeline" : "-Summer 2013-selection of Real Estate Broker",
  "address" : "Fienemann Road",
  "name" : "Land in Farmington ",
  "geom" : {
    "needs_recoding" : false,
    "longitude" : "-72.6476141193922",
    "latitude" : "41.767602838256"
  },
  "steps" : "Other",
  "ds_department" : "Economic Development",
  "district" : "Other",
  "cur_status" : "Consultant Selection",
  "ds_milestones" : "-Mar. 2012:MOU bewtween City and Town -Oct. 2012: Joint selection committee meeting first held-Nov. 2012: Presentation by Environmental Consultant and RE Advisor-Nov. 2012:Public Outreach meeting and PEDC presentation-Dec. 2012:City and Town meet with Town of New Britain-May 2013: RFP for RE Broker/Consultant Posted-Jun 2013: Five proposals received in response to RFP;Interviews conducted.-CBRE selectedApril 2014-City and Town were awarded a $55,000 Municipal Brownfields Grant ",
  "total_fund" : "$15,000"
}
, {
  "scope" : "Provide a customer friendly portal for permit applications online.",
  "manager" : "DL Chandler",
  "ds_timeline" : "25 October 2013 - Client desktop at counter online by 8 November 2013.7 July 2014 - Additional training scheduled.25 November 2014 - EnerGov module testing ongoing.",
  "address" : "260 Constitution Plaza",
  "name" : "Electronic Permitting ",
  "geom" : {
    "needs_recoding" : false,
    "longitude" : "-72.6507406354177",
    "latitude" : "41.7619083895381"
  },
  "steps" : "Design",
  "ds_department" : "Licenses & Inspections",
  "district" : "Other",
  "cur_status" : "Other",
  "ds_milestones" : "17 January 2014 - Planning and Initiation phased completed.13 January 2014 - Assessment and Definition phase began - Completed 25 April 2014.6 June 2014 - System configuration commenced.25 July 2014 - Case Types & Workflows reviewed & approved.14 November 2014 - EnerGov module testing.25 February 2015 - System configuration begun."
}
, {
  "scope" : "To digitally capture all graphic images and project manuals associated with all current structures in the City of Hartford.",
  "manager" : "DL Chandler",
  "ds_timeline" : "18 August 2013 - Scanned one ZBA Journal for testing.11 October 2013 - Begin 260 Constitution main floor scanning.25 March 2014 - Update to units scanned.21 April 2014 - Begin scanning planning documents.12 December 2014 - Begin scanning LF historic from basement vault.9 March 2015 - Began scanning old documents from City Hall basement vault.",
  "address" : "260 Constitution Plaza",
  "name" : "Document Preservation",
  "geom" : {
    "needs_recoding" : false,
    "longitude" : "-72.6530278317657",
    "latitude" : "41.7607139245602",
    "human_address" : "{\"address\":\"\",\"city\":\"\",\"state\":\"\",\"zip\":\"\"}"
  },
  "steps" : "Design",
  "ds_department" : "Licenses & Inspections",
  "cur_status" : "Predesign",
  "ds_milestones" : "20 August 2013 - Successful ZBA Journal  access and readability test.24 September 2013 - scanned drawings being linked to files22 October 2013 - Began discussion with zoning for parameters.25 November 2013 - ZBA Journals submitted are scanned and being converted to searchable text.30 April 2015 - Scanned documents to date:Large Format - 218,447Small Format - 866,226Zoning - 76,878Permits - 166,22820 May 2014 - First scanned group posted on City website.",
  "total_fund" : "300,000"
}
 ]