[ {
  "percent_meeting_benchmark_2012" : "18",
  "participation_rate_estimate_2013" : "60",
  "test_takers_change" : "-12",
  "percent_meeting_benchmark_change" : "0",
  "participation_rate_estimate_change" : "-6",
  "percent_meeting_benchmark_2013" : "18",
  "participation_rate_estimate_2012" : "66",
  "test_takers_2013" : "104",
  "district" : "Ansonia",
  "district_number" : "2",
  "test_takers_2012" : "118"
}
, {
  "percent_meeting_benchmark_2012" : "73",
  "participation_rate_estimate_2013" : "89",
  "test_takers_change" : "-4",
  "percent_meeting_benchmark_change" : "2",
  "participation_rate_estimate_change" : "-1",
  "percent_meeting_benchmark_2013" : "75",
  "participation_rate_estimate_2012" : "90",
  "test_takers_2013" : "243",
  "district" : "Avon",
  "district_number" : "4",
  "test_takers_2012" : "254"
}
, {
  "percent_meeting_benchmark_2012" : "42",
  "participation_rate_estimate_2013" : "82",
  "test_takers_change" : "2",
  "percent_meeting_benchmark_change" : "7",
  "participation_rate_estimate_change" : "1",
  "percent_meeting_benchmark_2013" : "49",
  "participation_rate_estimate_2012" : "81",
  "test_takers_2013" : "220",
  "district" : "Berlin",
  "district_number" : "7",
  "test_takers_2012" : "216"
}
, {
  "percent_meeting_benchmark_2012" : "51",
  "participation_rate_estimate_2013" : "82",
  "test_takers_change" : "-5",
  "percent_meeting_benchmark_change" : "-2",
  "participation_rate_estimate_change" : "-4",
  "percent_meeting_benchmark_2013" : "49",
  "participation_rate_estimate_2012" : "86",
  "test_takers_2013" : "190",
  "district" : "Bethel",
  "district_number" : "9",
  "test_takers_2012" : "200"
}
, {
  "percent_meeting_benchmark_2012" : "11",
  "participation_rate_estimate_2013" : "99",
  "test_takers_change" : "23",
  "percent_meeting_benchmark_change" : "-3",
  "participation_rate_estimate_change" : "18",
  "percent_meeting_benchmark_2013" : "8",
  "participation_rate_estimate_2012" : "81",
  "test_takers_2013" : "160",
  "district" : "Bloomfield",
  "district_number" : "11",
  "test_takers_2012" : "130"
}
, {
  "percent_meeting_benchmark_2012" : "55",
  "participation_rate_estimate_2013" : "83",
  "test_takers_change" : "13",
  "percent_meeting_benchmark_change" : "2",
  "participation_rate_estimate_change" : "-2",
  "percent_meeting_benchmark_2013" : "57",
  "participation_rate_estimate_2012" : "85",
  "test_takers_2013" : "70",
  "district" : "Bolton",
  "district_number" : "12",
  "test_takers_2012" : "62"
}
, {
  "percent_meeting_benchmark_2012" : "47",
  "participation_rate_estimate_2013" : "77",
  "test_takers_change" : "9",
  "percent_meeting_benchmark_change" : "-3",
  "participation_rate_estimate_change" : "0",
  "percent_meeting_benchmark_2013" : "44",
  "participation_rate_estimate_2012" : "77",
  "test_takers_2013" : "213",
  "district" : "Branford",
  "district_number" : "14",
  "test_takers_2012" : "196"
}
, {
  "percent_meeting_benchmark_2012" : "10",
  "participation_rate_estimate_2013" : "62",
  "test_takers_change" : "-11",
  "percent_meeting_benchmark_change" : "0",
  "participation_rate_estimate_change" : "4",
  "percent_meeting_benchmark_2013" : "10",
  "participation_rate_estimate_2012" : "58",
  "test_takers_2013" : "540",
  "district" : "Bridgeport",
  "district_number" : "15",
  "test_takers_2012" : "606"
}
, {
  "percent_meeting_benchmark_2012" : "45",
  "participation_rate_estimate_2013" : "66",
  "test_takers_change" : "-8",
  "percent_meeting_benchmark_change" : "-7",
  "participation_rate_estimate_change" : "-1",
  "percent_meeting_benchmark_2013" : "38",
  "participation_rate_estimate_2012" : "67",
  "test_takers_2013" : "390",
  "district" : "Bristol",
  "district_number" : "17",
  "test_takers_2012" : "422"
}
, {
  "percent_meeting_benchmark_2012" : "57",
  "participation_rate_estimate_2013" : "89",
  "test_takers_change" : "-4",
  "percent_meeting_benchmark_change" : "2",
  "participation_rate_estimate_change" : "0",
  "percent_meeting_benchmark_2013" : "59",
  "participation_rate_estimate_2012" : "89",
  "test_takers_2013" : "219",
  "district" : "Brookfield",
  "district_number" : "18",
  "test_takers_2012" : "227"
}
, {
  "percent_meeting_benchmark_2012" : "75",
  "participation_rate_estimate_2013" : "75",
  "test_takers_change" : "-9",
  "percent_meeting_benchmark_change" : "-9",
  "participation_rate_estimate_change" : "-11",
  "percent_meeting_benchmark_2013" : "66",
  "participation_rate_estimate_2012" : "86",
  "test_takers_2013" : "96",
  "district" : "Canton",
  "district_number" : "23",
  "test_takers_2012" : "106"
}
, {
  "percent_meeting_benchmark_2012" : "61",
  "participation_rate_estimate_2013" : "86",
  "test_takers_change" : "-11",
  "percent_meeting_benchmark_change" : "6",
  "participation_rate_estimate_change" : "-3",
  "percent_meeting_benchmark_2013" : "67",
  "participation_rate_estimate_2012" : "89",
  "test_takers_2013" : "326",
  "district" : "Cheshire",
  "district_number" : "25",
  "test_takers_2012" : "367"
}
, {
  "percent_meeting_benchmark_2012" : "49",
  "participation_rate_estimate_2013" : "77",
  "test_takers_change" : "21",
  "percent_meeting_benchmark_change" : "-4",
  "participation_rate_estimate_change" : "8",
  "percent_meeting_benchmark_2013" : "45",
  "participation_rate_estimate_2012" : "69",
  "test_takers_2013" : "104",
  "district" : "Clinton",
  "district_number" : "27",
  "test_takers_2012" : "86"
}
, {
  "percent_meeting_benchmark_2012" : "46",
  "participation_rate_estimate_2013" : "73",
  "test_takers_change" : "-3",
  "percent_meeting_benchmark_change" : "-5",
  "participation_rate_estimate_change" : "-4",
  "percent_meeting_benchmark_2013" : "41",
  "participation_rate_estimate_2012" : "77",
  "test_takers_2013" : "194",
  "district" : "Colchester",
  "district_number" : "28",
  "test_takers_2012" : "200"
}
, {
  "percent_meeting_benchmark_2012" : "49",
  "participation_rate_estimate_2013" : "61",
  "test_takers_change" : "11",
  "percent_meeting_benchmark_change" : "0",
  "participation_rate_estimate_change" : "8",
  "percent_meeting_benchmark_2013" : "49",
  "participation_rate_estimate_2012" : "53",
  "test_takers_2013" : "90",
  "district" : "Coventry",
  "district_number" : "32",
  "test_takers_2012" : "81"
}
, {
  "percent_meeting_benchmark_2012" : "52",
  "participation_rate_estimate_2013" : "69",
  "test_takers_change" : "-1",
  "percent_meeting_benchmark_change" : "-7",
  "participation_rate_estimate_change" : "-4",
  "percent_meeting_benchmark_2013" : "45",
  "participation_rate_estimate_2012" : "73",
  "test_takers_2013" : "105",
  "district" : "Cromwell",
  "district_number" : "33",
  "test_takers_2012" : "106"
}
, {
  "percent_meeting_benchmark_2012" : "34",
  "participation_rate_estimate_2013" : "65",
  "test_takers_change" : "4",
  "percent_meeting_benchmark_change" : "0",
  "participation_rate_estimate_change" : "-1",
  "percent_meeting_benchmark_2013" : "34",
  "participation_rate_estimate_2012" : "66",
  "test_takers_2013" : "474",
  "district" : "Danbury",
  "district_number" : "34",
  "test_takers_2012" : "454"
}
, {
  "percent_meeting_benchmark_2012" : "80",
  "participation_rate_estimate_2013" : "98",
  "test_takers_change" : "4",
  "percent_meeting_benchmark_change" : "6",
  "participation_rate_estimate_change" : "3",
  "percent_meeting_benchmark_2013" : "86",
  "participation_rate_estimate_2012" : "95",
  "test_takers_2013" : "307",
  "district" : "Darien",
  "district_number" : "35",
  "test_takers_2012" : "295"
}
, {
  "percent_meeting_benchmark_2012" : "27",
  "participation_rate_estimate_2013" : "67",
  "test_takers_change" : "-22",
  "percent_meeting_benchmark_change" : "-12",
  "participation_rate_estimate_change" : "1",
  "percent_meeting_benchmark_2013" : "15",
  "participation_rate_estimate_2012" : "66",
  "test_takers_2013" : "46",
  "district" : "Derby",
  "district_number" : "37",
  "test_takers_2012" : "59"
}
, {
  "percent_meeting_benchmark_2012" : "67",
  "participation_rate_estimate_2013" : "74",
  "test_takers_change" : "13",
  "percent_meeting_benchmark_change" : "-10",
  "participation_rate_estimate_change" : "1",
  "percent_meeting_benchmark_2013" : "57",
  "participation_rate_estimate_2012" : "73",
  "test_takers_2013" : "51",
  "district" : "East Granby",
  "district_number" : "40",
  "test_takers_2012" : "45"
}
, {
  "percent_meeting_benchmark_2012" : "44",
  "participation_rate_estimate_2013" : "74",
  "test_takers_change" : "-8",
  "percent_meeting_benchmark_change" : "10",
  "participation_rate_estimate_change" : "-10",
  "percent_meeting_benchmark_2013" : "54",
  "participation_rate_estimate_2012" : "84",
  "test_takers_2013" : "72",
  "district" : "East Haddam",
  "district_number" : "41",
  "test_takers_2012" : "78"
}
, {
  "percent_meeting_benchmark_2012" : "55",
  "participation_rate_estimate_2013" : "78",
  "test_takers_change" : "-15",
  "percent_meeting_benchmark_change" : "6",
  "participation_rate_estimate_change" : "3",
  "percent_meeting_benchmark_2013" : "61",
  "participation_rate_estimate_2012" : "75",
  "test_takers_2013" : "102",
  "district" : "East Hampton",
  "district_number" : "42",
  "test_takers_2012" : "120"
}
, {
  "percent_meeting_benchmark_2012" : "21",
  "participation_rate_estimate_2013" : "64",
  "test_takers_change" : "-2",
  "percent_meeting_benchmark_change" : "-1",
  "participation_rate_estimate_change" : "1",
  "percent_meeting_benchmark_2013" : "20",
  "participation_rate_estimate_2012" : "63",
  "test_takers_2013" : "288",
  "district" : "East Hartford",
  "district_number" : "43",
  "test_takers_2012" : "295"
}
, {
  "percent_meeting_benchmark_2012" : "25",
  "participation_rate_estimate_2013" : "68",
  "test_takers_change" : "8",
  "percent_meeting_benchmark_change" : "-5",
  "participation_rate_estimate_change" : "-1",
  "percent_meeting_benchmark_2013" : "20",
  "participation_rate_estimate_2012" : "69",
  "test_takers_2013" : "145",
  "district" : "East Haven",
  "district_number" : "44",
  "test_takers_2012" : "134"
}
, {
  "percent_meeting_benchmark_2012" : "59",
  "participation_rate_estimate_2013" : "73",
  "test_takers_change" : "13",
  "percent_meeting_benchmark_change" : "8",
  "participation_rate_estimate_change" : "6",
  "percent_meeting_benchmark_2013" : "67",
  "participation_rate_estimate_2012" : "67",
  "test_takers_2013" : "238",
  "district" : "East Lyme",
  "district_number" : "45",
  "test_takers_2012" : "210"
}
, {
  "percent_meeting_benchmark_2012" : "34",
  "participation_rate_estimate_2013" : "73",
  "test_takers_change" : "0",
  "percent_meeting_benchmark_change" : "-2",
  "participation_rate_estimate_change" : "-2",
  "percent_meeting_benchmark_2013" : "32",
  "participation_rate_estimate_2012" : "75",
  "test_takers_2013" : "62",
  "district" : "East Windsor",
  "district_number" : "47",
  "test_takers_2012" : "62"
}
, {
  "percent_meeting_benchmark_2012" : "53",
  "participation_rate_estimate_2013" : "76",
  "test_takers_change" : "0",
  "percent_meeting_benchmark_change" : "-2",
  "participation_rate_estimate_change" : "-2",
  "percent_meeting_benchmark_2013" : "51",
  "participation_rate_estimate_2012" : "78",
  "test_takers_2013" : "151",
  "district" : "Ellington",
  "district_number" : "48",
  "test_takers_2012" : "151"
}
, {
  "percent_meeting_benchmark_2012" : "37",
  "participation_rate_estimate_2013" : "63",
  "test_takers_change" : "-9",
  "percent_meeting_benchmark_change" : "-1",
  "participation_rate_estimate_change" : "1",
  "percent_meeting_benchmark_2013" : "36",
  "participation_rate_estimate_2012" : "62",
  "test_takers_2013" : "266",
  "district" : "Enfield",
  "district_number" : "49",
  "test_takers_2012" : "293"
}
, {
  "percent_meeting_benchmark_2012" : "61",
  "participation_rate_estimate_2013" : "81",
  "test_takers_change" : "-2",
  "percent_meeting_benchmark_change" : "2",
  "participation_rate_estimate_change" : "-3",
  "percent_meeting_benchmark_2013" : "63",
  "participation_rate_estimate_2012" : "84",
  "test_takers_2013" : "578",
  "district" : "Fairfield",
  "district_number" : "51",
  "test_takers_2012" : "592"
}
, {
  "percent_meeting_benchmark_2012" : "59",
  "participation_rate_estimate_2013" : "88",
  "test_takers_change" : "5",
  "percent_meeting_benchmark_change" : "9",
  "participation_rate_estimate_change" : "-4",
  "percent_meeting_benchmark_2013" : "68",
  "participation_rate_estimate_2012" : "92",
  "test_takers_2013" : "282",
  "district" : "Farmington",
  "district_number" : "52",
  "test_takers_2012" : "269"
}
, {
  "percent_meeting_benchmark_2012" : "74",
  "participation_rate_estimate_2013" : "91",
  "test_takers_change" : "11",
  "percent_meeting_benchmark_change" : "-1",
  "participation_rate_estimate_change" : "1",
  "percent_meeting_benchmark_2013" : "73",
  "participation_rate_estimate_2012" : "90",
  "test_takers_2013" : "508",
  "district" : "Glastonbury",
  "district_number" : "54",
  "test_takers_2012" : "459"
}
, {
  "percent_meeting_benchmark_2012" : "66",
  "participation_rate_estimate_2013" : "94",
  "test_takers_change" : "5",
  "percent_meeting_benchmark_change" : "-1",
  "participation_rate_estimate_change" : "2",
  "percent_meeting_benchmark_2013" : "65",
  "participation_rate_estimate_2012" : "92",
  "test_takers_2013" : "181",
  "district" : "Granby",
  "district_number" : "56",
  "test_takers_2012" : "173"
}
, {
  "percent_meeting_benchmark_2012" : "69",
  "participation_rate_estimate_2013" : "88",
  "test_takers_change" : "8",
  "percent_meeting_benchmark_change" : "0",
  "participation_rate_estimate_change" : "1",
  "percent_meeting_benchmark_2013" : "69",
  "participation_rate_estimate_2012" : "87",
  "test_takers_2013" : "604",
  "district" : "Greenwich",
  "district_number" : "57",
  "test_takers_2012" : "559"
}
, {
  "percent_meeting_benchmark_2012" : "34",
  "participation_rate_estimate_2013" : "67",
  "test_takers_change" : "1",
  "percent_meeting_benchmark_change" : "3",
  "participation_rate_estimate_change" : "7",
  "percent_meeting_benchmark_2013" : "37",
  "participation_rate_estimate_2012" : "60",
  "test_takers_2013" : "105",
  "district" : "Griswold",
  "district_number" : "58",
  "test_takers_2012" : "104"
}
, {
  "percent_meeting_benchmark_2012" : "44",
  "participation_rate_estimate_2013" : "69",
  "test_takers_change" : "-2",
  "percent_meeting_benchmark_change" : "-7",
  "participation_rate_estimate_change" : "1",
  "percent_meeting_benchmark_2013" : "37",
  "participation_rate_estimate_2012" : "68",
  "test_takers_2013" : "222",
  "district" : "Groton",
  "district_number" : "59",
  "test_takers_2012" : "227"
}
, {
  "percent_meeting_benchmark_2012" : "61",
  "participation_rate_estimate_2013" : "92",
  "test_takers_change" : "-3",
  "percent_meeting_benchmark_change" : "7",
  "participation_rate_estimate_change" : "3",
  "percent_meeting_benchmark_2013" : "68",
  "participation_rate_estimate_2012" : "89",
  "test_takers_2013" : "253",
  "district" : "Guilford",
  "district_number" : "60",
  "test_takers_2012" : "260"
}
, {
  "percent_meeting_benchmark_2012" : "29",
  "participation_rate_estimate_2013" : "75",
  "test_takers_change" : "-8",
  "percent_meeting_benchmark_change" : "-1",
  "participation_rate_estimate_change" : "1",
  "percent_meeting_benchmark_2013" : "28",
  "participation_rate_estimate_2012" : "74",
  "test_takers_2013" : "340",
  "district" : "Hamden",
  "district_number" : "62",
  "test_takers_2012" : "368"
}
, {
  "percent_meeting_benchmark_2012" : "7",
  "participation_rate_estimate_2013" : "86",
  "test_takers_change" : "16",
  "percent_meeting_benchmark_change" : "1",
  "participation_rate_estimate_change" : "-1",
  "percent_meeting_benchmark_2013" : "8",
  "participation_rate_estimate_2012" : "87",
  "test_takers_2013" : "1069",
  "district" : "Hartford",
  "district_number" : "64",
  "test_takers_2012" : "925"
}
, {
  "percent_meeting_benchmark_2012" : "28",
  "participation_rate_estimate_2013" : "57",
  "test_takers_change" : "0",
  "percent_meeting_benchmark_change" : "11",
  "participation_rate_estimate_change" : "1",
  "percent_meeting_benchmark_2013" : "39",
  "participation_rate_estimate_2012" : "56",
  "test_takers_2013" : "93",
  "district" : "Killingly",
  "district_number" : "69",
  "test_takers_2012" : "93"
}
, {
  "percent_meeting_benchmark_2012" : "49",
  "participation_rate_estimate_2013" : "73",
  "test_takers_change" : "-3",
  "percent_meeting_benchmark_change" : "-4",
  "participation_rate_estimate_change" : "0",
  "percent_meeting_benchmark_2013" : "45",
  "participation_rate_estimate_2012" : "73",
  "test_takers_2013" : "84",
  "district" : "Lebanon",
  "district_number" : "71",
  "test_takers_2012" : "87"
}
, {
  "percent_meeting_benchmark_2012" : "47",
  "participation_rate_estimate_2013" : "75",
  "test_takers_change" : "14",
  "percent_meeting_benchmark_change" : "4",
  "participation_rate_estimate_change" : "4",
  "percent_meeting_benchmark_2013" : "51",
  "participation_rate_estimate_2012" : "71",
  "test_takers_2013" : "164",
  "district" : "Ledyard",
  "district_number" : "72",
  "test_takers_2012" : "144"
}
, {
  "percent_meeting_benchmark_2012" : "68",
  "participation_rate_estimate_2013" : "74",
  "test_takers_change" : "-16",
  "percent_meeting_benchmark_change" : "-18",
  "participation_rate_estimate_change" : "-4",
  "percent_meeting_benchmark_2013" : "50",
  "participation_rate_estimate_2012" : "78",
  "test_takers_2013" : "76",
  "district" : "Litchfield",
  "district_number" : "74",
  "test_takers_2012" : "90"
}
, {
  "percent_meeting_benchmark_2012" : "64",
  "participation_rate_estimate_2013" : "91",
  "test_takers_change" : "1",
  "percent_meeting_benchmark_change" : "8",
  "participation_rate_estimate_change" : "5",
  "percent_meeting_benchmark_2013" : "72",
  "participation_rate_estimate_2012" : "86",
  "test_takers_2013" : "296",
  "district" : "Madison",
  "district_number" : "76",
  "test_takers_2012" : "294"
}
, {
  "percent_meeting_benchmark_2012" : "30",
  "participation_rate_estimate_2013" : "60",
  "test_takers_change" : "-6",
  "percent_meeting_benchmark_change" : "1",
  "participation_rate_estimate_change" : "0",
  "percent_meeting_benchmark_2013" : "31",
  "participation_rate_estimate_2012" : "60",
  "test_takers_2013" : "251",
  "district" : "Manchester",
  "district_number" : "77",
  "test_takers_2012" : "267"
}
, {
  "percent_meeting_benchmark_2012" : "25",
  "participation_rate_estimate_2013" : "52",
  "test_takers_change" : "-4",
  "percent_meeting_benchmark_change" : "3",
  "participation_rate_estimate_change" : "-3",
  "percent_meeting_benchmark_2013" : "28",
  "participation_rate_estimate_2012" : "55",
  "test_takers_2013" : "273",
  "district" : "Meriden",
  "district_number" : "80",
  "test_takers_2012" : "285"
}
, {
  "percent_meeting_benchmark_2012" : "33",
  "participation_rate_estimate_2013" : "67",
  "test_takers_change" : "12",
  "percent_meeting_benchmark_change" : "2",
  "participation_rate_estimate_change" : "0",
  "percent_meeting_benchmark_2013" : "35",
  "participation_rate_estimate_2012" : "67",
  "test_takers_2013" : "238",
  "district" : "Middletown",
  "district_number" : "83",
  "test_takers_2012" : "213"
}
, {
  "percent_meeting_benchmark_2012" : "39",
  "participation_rate_estimate_2013" : "68",
  "test_takers_change" : "3",
  "percent_meeting_benchmark_change" : "-3",
  "participation_rate_estimate_change" : "-1",
  "percent_meeting_benchmark_2013" : "36",
  "participation_rate_estimate_2012" : "69",
  "test_takers_2013" : "385",
  "district" : "Milford",
  "district_number" : "84",
  "test_takers_2012" : "375"
}
, {
  "percent_meeting_benchmark_2012" : "53",
  "participation_rate_estimate_2013" : "88",
  "test_takers_change" : "-10",
  "percent_meeting_benchmark_change" : "-5",
  "participation_rate_estimate_change" : "0",
  "percent_meeting_benchmark_2013" : "48",
  "participation_rate_estimate_2012" : "88",
  "test_takers_2013" : "277",
  "district" : "Monroe",
  "district_number" : "85",
  "test_takers_2012" : "308"
}
, {
  "percent_meeting_benchmark_2012" : "37",
  "participation_rate_estimate_2013" : "65",
  "test_takers_change" : "-14",
  "percent_meeting_benchmark_change" : "6",
  "participation_rate_estimate_change" : "4",
  "percent_meeting_benchmark_2013" : "43",
  "participation_rate_estimate_2012" : "61",
  "test_takers_2013" : "112",
  "district" : "Montville",
  "district_number" : "86",
  "test_takers_2012" : "130"
}
, {
  "percent_meeting_benchmark_2012" : "31",
  "participation_rate_estimate_2013" : "54",
  "test_takers_change" : "-13",
  "percent_meeting_benchmark_change" : "-8",
  "participation_rate_estimate_change" : "-2",
  "percent_meeting_benchmark_2013" : "23",
  "participation_rate_estimate_2012" : "56",
  "test_takers_2013" : "180",
  "district" : "Naugatuck",
  "district_number" : "88",
  "test_takers_2012" : "206"
}
, {
  "percent_meeting_benchmark_2012" : "24",
  "participation_rate_estimate_2013" : "34",
  "test_takers_change" : "-13",
  "percent_meeting_benchmark_change" : "1",
  "participation_rate_estimate_change" : "-6",
  "percent_meeting_benchmark_2013" : "25",
  "participation_rate_estimate_2012" : "40",
  "test_takers_2013" : "204",
  "district" : "New Britain",
  "district_number" : "89",
  "test_takers_2012" : "235"
}
, {
  "percent_meeting_benchmark_2012" : "82",
  "participation_rate_estimate_2013" : "90",
  "test_takers_change" : "1",
  "percent_meeting_benchmark_change" : "1",
  "participation_rate_estimate_change" : "-3",
  "percent_meeting_benchmark_2013" : "83",
  "participation_rate_estimate_2012" : "93",
  "test_takers_2013" : "310",
  "district" : "New Canaan",
  "district_number" : "90",
  "test_takers_2012" : "306"
}
, {
  "percent_meeting_benchmark_2012" : "61",
  "participation_rate_estimate_2013" : "89",
  "test_takers_change" : "6",
  "percent_meeting_benchmark_change" : "-9",
  "participation_rate_estimate_change" : "-1",
  "percent_meeting_benchmark_2013" : "52",
  "participation_rate_estimate_2012" : "90",
  "test_takers_2013" : "220",
  "district" : "New Fairfield",
  "district_number" : "91",
  "test_takers_2012" : "208"
}
, {
  "percent_meeting_benchmark_2012" : "12",
  "participation_rate_estimate_2013" : "97",
  "test_takers_change" : "14",
  "percent_meeting_benchmark_change" : "-1",
  "participation_rate_estimate_change" : "16",
  "percent_meeting_benchmark_2013" : "11",
  "participation_rate_estimate_2012" : "81",
  "test_takers_2013" : "973",
  "district" : "New Haven",
  "district_number" : "93",
  "test_takers_2012" : "853"
}
, {
  "percent_meeting_benchmark_2012" : "50",
  "participation_rate_estimate_2013" : "74",
  "test_takers_change" : "14",
  "percent_meeting_benchmark_change" : "-3",
  "participation_rate_estimate_change" : "4",
  "percent_meeting_benchmark_2013" : "47",
  "participation_rate_estimate_2012" : "70",
  "test_takers_2013" : "283",
  "district" : "Newington",
  "district_number" : "94",
  "test_takers_2012" : "248"
}
, {
  "percent_meeting_benchmark_2012" : "18",
  "participation_rate_estimate_2013" : "55",
  "test_takers_change" : "12",
  "percent_meeting_benchmark_change" : "-2",
  "participation_rate_estimate_change" : "8",
  "percent_meeting_benchmark_2013" : "16",
  "participation_rate_estimate_2012" : "47",
  "test_takers_2013" : "131",
  "district" : "New London",
  "district_number" : "95",
  "test_takers_2012" : "117"
}
, {
  "percent_meeting_benchmark_2012" : "53",
  "participation_rate_estimate_2013" : "81",
  "test_takers_change" : "-3",
  "percent_meeting_benchmark_change" : "-5",
  "participation_rate_estimate_change" : "-4",
  "percent_meeting_benchmark_2013" : "48",
  "participation_rate_estimate_2012" : "85",
  "test_takers_2013" : "298",
  "district" : "New Milford",
  "district_number" : "96",
  "test_takers_2012" : "306"
}
, {
  "percent_meeting_benchmark_2012" : "61",
  "participation_rate_estimate_2013" : "86",
  "test_takers_change" : "14",
  "percent_meeting_benchmark_change" : "0",
  "participation_rate_estimate_change" : "0",
  "percent_meeting_benchmark_2013" : "61",
  "participation_rate_estimate_2012" : "86",
  "test_takers_2013" : "392",
  "district" : "Newtown",
  "district_number" : "97",
  "test_takers_2012" : "343"
}
, {
  "percent_meeting_benchmark_2012" : "43",
  "participation_rate_estimate_2013" : "84",
  "test_takers_change" : "8",
  "percent_meeting_benchmark_change" : "0",
  "participation_rate_estimate_change" : "1",
  "percent_meeting_benchmark_2013" : "43",
  "participation_rate_estimate_2012" : "83",
  "test_takers_2013" : "143",
  "district" : "North Branford",
  "district_number" : "99",
  "test_takers_2012" : "132"
}
, {
  "percent_meeting_benchmark_2012" : "44",
  "participation_rate_estimate_2013" : "78",
  "test_takers_change" : "1",
  "percent_meeting_benchmark_change" : "-2",
  "participation_rate_estimate_change" : "0",
  "percent_meeting_benchmark_2013" : "42",
  "participation_rate_estimate_2012" : "78",
  "test_takers_2013" : "237",
  "district" : "North Haven",
  "district_number" : "101",
  "test_takers_2012" : "234"
}
, {
  "percent_meeting_benchmark_2012" : "46",
  "participation_rate_estimate_2013" : "75",
  "test_takers_change" : "11",
  "percent_meeting_benchmark_change" : "-5",
  "participation_rate_estimate_change" : "8",
  "percent_meeting_benchmark_2013" : "41",
  "participation_rate_estimate_2012" : "67",
  "test_takers_2013" : "39",
  "district" : "North Stonington",
  "district_number" : "102",
  "test_takers_2012" : "35"
}
, {
  "percent_meeting_benchmark_2012" : "30",
  "participation_rate_estimate_2013" : "74",
  "test_takers_change" : "-7",
  "percent_meeting_benchmark_change" : "6",
  "participation_rate_estimate_change" : "2",
  "percent_meeting_benchmark_2013" : "36",
  "participation_rate_estimate_2012" : "72",
  "test_takers_2013" : "522",
  "district" : "Norwalk",
  "district_number" : "103",
  "test_takers_2012" : "561"
}
, {
  "district" : "Norwich",
  "district_number" : "104"
}
, {
  "percent_meeting_benchmark_2012" : "58",
  "participation_rate_estimate_2013" : "91",
  "test_takers_change" : "-7",
  "percent_meeting_benchmark_change" : "-2",
  "participation_rate_estimate_change" : "0",
  "percent_meeting_benchmark_2013" : "56",
  "participation_rate_estimate_2012" : "91",
  "test_takers_2013" : "124",
  "district" : "Old Saybrook",
  "district_number" : "106",
  "test_takers_2012" : "133"
}
, {
  "percent_meeting_benchmark_2012" : "46",
  "participation_rate_estimate_2013" : "83",
  "test_takers_change" : "11",
  "percent_meeting_benchmark_change" : "-3",
  "participation_rate_estimate_change" : "3",
  "percent_meeting_benchmark_2013" : "43",
  "participation_rate_estimate_2012" : "80",
  "test_takers_2013" : "127",
  "district" : "Oxford",
  "district_number" : "108",
  "test_takers_2012" : "114"
}
, {
  "percent_meeting_benchmark_2012" : "34",
  "participation_rate_estimate_2013" : "51",
  "test_takers_change" : "4",
  "percent_meeting_benchmark_change" : "-10",
  "participation_rate_estimate_change" : "-1",
  "percent_meeting_benchmark_2013" : "24",
  "participation_rate_estimate_2012" : "52",
  "test_takers_2013" : "96",
  "district" : "Plainfield",
  "district_number" : "109",
  "test_takers_2012" : "92"
}
, {
  "percent_meeting_benchmark_2012" : "38",
  "participation_rate_estimate_2013" : "61",
  "test_takers_change" : "7",
  "percent_meeting_benchmark_change" : "0",
  "participation_rate_estimate_change" : "6",
  "percent_meeting_benchmark_2013" : "38",
  "participation_rate_estimate_2012" : "55",
  "test_takers_2013" : "144",
  "district" : "Plainville",
  "district_number" : "110",
  "test_takers_2012" : "135"
}
, {
  "percent_meeting_benchmark_2012" : "38",
  "participation_rate_estimate_2013" : "62",
  "test_takers_change" : "-6",
  "percent_meeting_benchmark_change" : "2",
  "participation_rate_estimate_change" : "-6",
  "percent_meeting_benchmark_2013" : "40",
  "participation_rate_estimate_2012" : "68",
  "test_takers_2013" : "73",
  "district" : "Plymouth",
  "district_number" : "111",
  "test_takers_2012" : "78"
}
, {
  "percent_meeting_benchmark_2012" : "57",
  "participation_rate_estimate_2013" : "84",
  "test_takers_change" : "14",
  "percent_meeting_benchmark_change" : "3",
  "participation_rate_estimate_change" : "11",
  "percent_meeting_benchmark_2013" : "60",
  "participation_rate_estimate_2012" : "73",
  "test_takers_2013" : "72",
  "district" : "Portland",
  "district_number" : "113",
  "test_takers_2012" : "63"
}
, {
  "percent_meeting_benchmark_2012" : "31",
  "participation_rate_estimate_2013" : "59",
  "test_takers_change" : "31",
  "percent_meeting_benchmark_change" : "-9",
  "participation_rate_estimate_change" : "2",
  "percent_meeting_benchmark_2013" : "22",
  "participation_rate_estimate_2012" : "57",
  "test_takers_2013" : "46",
  "district" : "Putnam",
  "district_number" : "116",
  "test_takers_2012" : "35"
}
, {
  "percent_meeting_benchmark_2012" : "74",
  "participation_rate_estimate_2013" : "91",
  "test_takers_change" : "-9",
  "percent_meeting_benchmark_change" : "4",
  "participation_rate_estimate_change" : "-2",
  "percent_meeting_benchmark_2013" : "78",
  "participation_rate_estimate_2012" : "93",
  "test_takers_2013" : "375",
  "district" : "Ridgefield",
  "district_number" : "118",
  "test_takers_2012" : "414"
}
, {
  "percent_meeting_benchmark_2012" : "40",
  "participation_rate_estimate_2013" : "79",
  "test_takers_change" : "-14",
  "percent_meeting_benchmark_change" : "11",
  "participation_rate_estimate_change" : "-1",
  "percent_meeting_benchmark_2013" : "51",
  "participation_rate_estimate_2012" : "80",
  "test_takers_2013" : "141",
  "district" : "Rocky Hill",
  "district_number" : "119",
  "test_takers_2012" : "164"
}
, {
  "percent_meeting_benchmark_2012" : "31",
  "participation_rate_estimate_2013" : "76",
  "test_takers_change" : "7",
  "percent_meeting_benchmark_change" : "2",
  "participation_rate_estimate_change" : "-6",
  "percent_meeting_benchmark_2013" : "33",
  "participation_rate_estimate_2012" : "82",
  "test_takers_2013" : "116",
  "district" : "Seymour",
  "district_number" : "124",
  "test_takers_2012" : "108"
}
, {
  "percent_meeting_benchmark_2012" : "38",
  "participation_rate_estimate_2013" : "80",
  "test_takers_change" : "-6",
  "percent_meeting_benchmark_change" : "5",
  "participation_rate_estimate_change" : "3",
  "percent_meeting_benchmark_2013" : "43",
  "participation_rate_estimate_2012" : "77",
  "test_takers_2013" : "314",
  "district" : "Shelton",
  "district_number" : "126",
  "test_takers_2012" : "334"
}
, {
  "percent_meeting_benchmark_2012" : "73",
  "participation_rate_estimate_2013" : "91",
  "test_takers_change" : "-5",
  "percent_meeting_benchmark_change" : "1",
  "participation_rate_estimate_change" : "-2",
  "percent_meeting_benchmark_2013" : "74",
  "participation_rate_estimate_2012" : "93",
  "test_takers_2013" : "363",
  "district" : "Simsbury",
  "district_number" : "128",
  "test_takers_2012" : "383"
}
, {
  "percent_meeting_benchmark_2012" : "55",
  "participation_rate_estimate_2013" : "77",
  "test_takers_change" : "4",
  "percent_meeting_benchmark_change" : "1",
  "participation_rate_estimate_change" : "-3",
  "percent_meeting_benchmark_2013" : "56",
  "participation_rate_estimate_2012" : "80",
  "test_takers_2013" : "115",
  "district" : "Somers",
  "district_number" : "129",
  "test_takers_2012" : "111"
}
, {
  "percent_meeting_benchmark_2012" : "50",
  "participation_rate_estimate_2013" : "77",
  "test_takers_change" : "-2",
  "percent_meeting_benchmark_change" : "4",
  "participation_rate_estimate_change" : "-1",
  "percent_meeting_benchmark_2013" : "54",
  "participation_rate_estimate_2012" : "78",
  "test_takers_2013" : "371",
  "district" : "Southington",
  "district_number" : "131",
  "test_takers_2012" : "379"
}
, {
  "percent_meeting_benchmark_2012" : "57",
  "participation_rate_estimate_2013" : "84",
  "test_takers_change" : "-4",
  "percent_meeting_benchmark_change" : "3",
  "participation_rate_estimate_change" : "-5",
  "percent_meeting_benchmark_2013" : "60",
  "participation_rate_estimate_2012" : "89",
  "test_takers_2013" : "316",
  "district" : "South Windsor",
  "district_number" : "132",
  "test_takers_2012" : "329"
}
, {
  "percent_meeting_benchmark_2012" : "57",
  "participation_rate_estimate_2013" : "75",
  "test_takers_change" : "9",
  "percent_meeting_benchmark_change" : "-9",
  "participation_rate_estimate_change" : "18",
  "percent_meeting_benchmark_2013" : "48",
  "participation_rate_estimate_2012" : "57",
  "test_takers_2013" : "83",
  "district" : "Stafford",
  "district_number" : "134",
  "test_takers_2012" : "76"
}
, {
  "percent_meeting_benchmark_2012" : "39",
  "participation_rate_estimate_2013" : "68",
  "test_takers_change" : "2",
  "percent_meeting_benchmark_change" : "1",
  "participation_rate_estimate_change" : "-2",
  "percent_meeting_benchmark_2013" : "40",
  "participation_rate_estimate_2012" : "70",
  "test_takers_2013" : "794",
  "district" : "Stamford",
  "district_number" : "135",
  "test_takers_2012" : "782"
}
, {
  "percent_meeting_benchmark_2012" : "38",
  "participation_rate_estimate_2013" : "77",
  "test_takers_change" : "13",
  "percent_meeting_benchmark_change" : "10",
  "participation_rate_estimate_change" : "4",
  "percent_meeting_benchmark_2013" : "48",
  "participation_rate_estimate_2012" : "73",
  "test_takers_2013" : "148",
  "district" : "Stonington",
  "district_number" : "137",
  "test_takers_2012" : "131"
}
, {
  "percent_meeting_benchmark_2012" : "28",
  "participation_rate_estimate_2013" : "69",
  "test_takers_change" : "-4",
  "percent_meeting_benchmark_change" : "6",
  "participation_rate_estimate_change" : "-5",
  "percent_meeting_benchmark_2013" : "34",
  "participation_rate_estimate_2012" : "74",
  "test_takers_2013" : "378",
  "district" : "Stratford",
  "district_number" : "138",
  "test_takers_2012" : "392"
}
, {
  "percent_meeting_benchmark_2012" : "53",
  "participation_rate_estimate_2013" : "82",
  "test_takers_change" : "12",
  "percent_meeting_benchmark_change" : "5",
  "participation_rate_estimate_change" : "4",
  "percent_meeting_benchmark_2013" : "58",
  "participation_rate_estimate_2012" : "78",
  "test_takers_2013" : "175",
  "district" : "Suffield",
  "district_number" : "139",
  "test_takers_2012" : "156"
}
, {
  "percent_meeting_benchmark_2012" : "33",
  "participation_rate_estimate_2013" : "71",
  "test_takers_change" : "6",
  "percent_meeting_benchmark_change" : "3",
  "participation_rate_estimate_change" : "9",
  "percent_meeting_benchmark_2013" : "36",
  "participation_rate_estimate_2012" : "62",
  "test_takers_2013" : "55",
  "district" : "Thomaston",
  "district_number" : "140",
  "test_takers_2012" : "52"
}
, {
  "percent_meeting_benchmark_2012" : "33",
  "participation_rate_estimate_2013" : "53",
  "test_takers_change" : "-14",
  "percent_meeting_benchmark_change" : "12",
  "participation_rate_estimate_change" : "-8",
  "percent_meeting_benchmark_2013" : "45",
  "participation_rate_estimate_2012" : "61",
  "test_takers_2013" : "49",
  "district" : "Thompson",
  "district_number" : "141",
  "test_takers_2012" : "57"
}
, {
  "percent_meeting_benchmark_2012" : "56",
  "participation_rate_estimate_2013" : "80",
  "test_takers_change" : "6",
  "percent_meeting_benchmark_change" : "3",
  "participation_rate_estimate_change" : "-2",
  "percent_meeting_benchmark_2013" : "59",
  "participation_rate_estimate_2012" : "82",
  "test_takers_2013" : "194",
  "district" : "Tolland",
  "district_number" : "142",
  "test_takers_2012" : "183"
}
, {
  "percent_meeting_benchmark_2012" : "41",
  "participation_rate_estimate_2013" : "58",
  "test_takers_change" : "4",
  "percent_meeting_benchmark_change" : "-4",
  "participation_rate_estimate_change" : "0",
  "percent_meeting_benchmark_2013" : "37",
  "participation_rate_estimate_2012" : "58",
  "test_takers_2013" : "156",
  "district" : "Torrington",
  "district_number" : "143",
  "test_takers_2012" : "150"
}
, {
  "percent_meeting_benchmark_2012" : "57",
  "participation_rate_estimate_2013" : "83",
  "test_takers_change" : "-4",
  "percent_meeting_benchmark_change" : "-2",
  "participation_rate_estimate_change" : "-4",
  "percent_meeting_benchmark_2013" : "55",
  "participation_rate_estimate_2012" : "87",
  "test_takers_2013" : "472",
  "district" : "Trumbull",
  "district_number" : "144",
  "test_takers_2012" : "490"
}
, {
  "percent_meeting_benchmark_2012" : "32",
  "participation_rate_estimate_2013" : "64",
  "test_takers_change" : "-15",
  "percent_meeting_benchmark_change" : "6",
  "participation_rate_estimate_change" : "-6",
  "percent_meeting_benchmark_2013" : "38",
  "participation_rate_estimate_2012" : "70",
  "test_takers_2013" : "151",
  "district" : "Vernon",
  "district_number" : "146",
  "test_takers_2012" : "177"
}
, {
  "percent_meeting_benchmark_2012" : "45",
  "participation_rate_estimate_2013" : "63",
  "test_takers_change" : "-6",
  "percent_meeting_benchmark_change" : "6",
  "participation_rate_estimate_change" : "-3",
  "percent_meeting_benchmark_2013" : "51",
  "participation_rate_estimate_2012" : "66",
  "test_takers_2013" : "370",
  "district" : "Wallingford",
  "district_number" : "148",
  "test_takers_2012" : "394"
}
, {
  "percent_meeting_benchmark_2012" : "13",
  "participation_rate_estimate_2013" : "47",
  "test_takers_change" : "3",
  "percent_meeting_benchmark_change" : "2",
  "participation_rate_estimate_change" : "-2",
  "percent_meeting_benchmark_2013" : "15",
  "participation_rate_estimate_2012" : "49",
  "test_takers_2013" : "529",
  "district" : "Waterbury",
  "district_number" : "151",
  "test_takers_2012" : "513"
}
, {
  "percent_meeting_benchmark_2012" : "44",
  "participation_rate_estimate_2013" : "68",
  "test_takers_change" : "1",
  "percent_meeting_benchmark_change" : "7",
  "participation_rate_estimate_change" : "-2",
  "percent_meeting_benchmark_2013" : "51",
  "participation_rate_estimate_2012" : "70",
  "test_takers_2013" : "173",
  "district" : "Waterford",
  "district_number" : "152",
  "test_takers_2012" : "171"
}
, {
  "percent_meeting_benchmark_2012" : "36",
  "participation_rate_estimate_2013" : "78",
  "test_takers_change" : "13",
  "percent_meeting_benchmark_change" : "2",
  "participation_rate_estimate_change" : "-2",
  "percent_meeting_benchmark_2013" : "38",
  "participation_rate_estimate_2012" : "80",
  "test_takers_2013" : "206",
  "district" : "Watertown",
  "district_number" : "153",
  "test_takers_2012" : "182"
}
, {
  "percent_meeting_benchmark_2012" : "44",
  "participation_rate_estimate_2013" : "63",
  "test_takers_change" : "4",
  "percent_meeting_benchmark_change" : "2",
  "participation_rate_estimate_change" : "1",
  "percent_meeting_benchmark_2013" : "46",
  "participation_rate_estimate_2012" : "62",
  "test_takers_2013" : "54",
  "district" : "Westbrook",
  "district_number" : "154",
  "test_takers_2012" : "52"
}
, {
  "percent_meeting_benchmark_2012" : "57",
  "participation_rate_estimate_2013" : "76",
  "test_takers_change" : "14",
  "percent_meeting_benchmark_change" : "2",
  "participation_rate_estimate_change" : "2",
  "percent_meeting_benchmark_2013" : "59",
  "participation_rate_estimate_2012" : "74",
  "test_takers_2013" : "708",
  "district" : "West Hartford",
  "district_number" : "155",
  "test_takers_2012" : "622"
}
, {
  "percent_meeting_benchmark_2012" : "21",
  "participation_rate_estimate_2013" : "67",
  "test_takers_change" : "9",
  "percent_meeting_benchmark_change" : "-2",
  "participation_rate_estimate_change" : "-2",
  "percent_meeting_benchmark_2013" : "19",
  "participation_rate_estimate_2012" : "69",
  "test_takers_2013" : "222",
  "district" : "West Haven",
  "district_number" : "156",
  "test_takers_2012" : "203"
}
, {
  "percent_meeting_benchmark_2012" : "81",
  "participation_rate_estimate_2013" : "73",
  "test_takers_change" : "-4",
  "percent_meeting_benchmark_change" : "2",
  "participation_rate_estimate_change" : "-10",
  "percent_meeting_benchmark_2013" : "83",
  "participation_rate_estimate_2012" : "83",
  "test_takers_2013" : "149",
  "district" : "Weston",
  "district_number" : "157",
  "test_takers_2012" : "156"
}
, {
  "percent_meeting_benchmark_2012" : "81",
  "participation_rate_estimate_2013" : "80",
  "test_takers_change" : "4",
  "percent_meeting_benchmark_change" : "3",
  "participation_rate_estimate_change" : "-4",
  "percent_meeting_benchmark_2013" : "84",
  "participation_rate_estimate_2012" : "84",
  "test_takers_2013" : "376",
  "district" : "Westport",
  "district_number" : "158",
  "test_takers_2012" : "363"
}
, {
  "percent_meeting_benchmark_2012" : "48",
  "participation_rate_estimate_2013" : "78",
  "test_takers_change" : "-4",
  "percent_meeting_benchmark_change" : "7",
  "participation_rate_estimate_change" : "4",
  "percent_meeting_benchmark_2013" : "55",
  "participation_rate_estimate_2012" : "74",
  "test_takers_2013" : "213",
  "district" : "Wethersfield",
  "district_number" : "159",
  "test_takers_2012" : "223"
}
, {
  "percent_meeting_benchmark_2012" : "82",
  "participation_rate_estimate_2013" : "92",
  "test_takers_change" : "0",
  "percent_meeting_benchmark_change" : "-1",
  "participation_rate_estimate_change" : "-3",
  "percent_meeting_benchmark_2013" : "81",
  "participation_rate_estimate_2012" : "95",
  "test_takers_2013" : "300",
  "district" : "Wilton",
  "district_number" : "161",
  "test_takers_2012" : "301"
}
, {
  "percent_meeting_benchmark_2012" : "27",
  "participation_rate_estimate_2013" : "46",
  "test_takers_change" : "36",
  "percent_meeting_benchmark_change" : "7",
  "participation_rate_estimate_change" : "9",
  "percent_meeting_benchmark_2013" : "34",
  "participation_rate_estimate_2012" : "37",
  "test_takers_2013" : "99",
  "district" : "Windham",
  "district_number" : "163",
  "test_takers_2012" : "73"
}
, {
  "percent_meeting_benchmark_2012" : "26",
  "participation_rate_estimate_2013" : "76",
  "test_takers_change" : "7",
  "percent_meeting_benchmark_change" : "2",
  "participation_rate_estimate_change" : "-8",
  "percent_meeting_benchmark_2013" : "28",
  "participation_rate_estimate_2012" : "84",
  "test_takers_2013" : "247",
  "district" : "Windsor",
  "district_number" : "164",
  "test_takers_2012" : "231"
}
, {
  "percent_meeting_benchmark_2012" : "37",
  "participation_rate_estimate_2013" : "64",
  "test_takers_change" : "11",
  "percent_meeting_benchmark_change" : "-9",
  "participation_rate_estimate_change" : "9",
  "percent_meeting_benchmark_2013" : "28",
  "participation_rate_estimate_2012" : "55",
  "test_takers_2013" : "92",
  "district" : "Windsor Locks",
  "district_number" : "165",
  "test_takers_2012" : "83"
}
, {
  "percent_meeting_benchmark_2012" : "39",
  "participation_rate_estimate_2013" : "80",
  "test_takers_change" : "1",
  "percent_meeting_benchmark_change" : "3",
  "participation_rate_estimate_change" : "3",
  "percent_meeting_benchmark_2013" : "42",
  "participation_rate_estimate_2012" : "77",
  "test_takers_2013" : "175",
  "district" : "Wolcott",
  "district_number" : "166",
  "test_takers_2012" : "173"
}
, {
  "percent_meeting_benchmark_2012" : "40",
  "participation_rate_estimate_2013" : "69",
  "test_takers_change" : "-32",
  "percent_meeting_benchmark_change" : "3",
  "participation_rate_estimate_change" : "-3",
  "percent_meeting_benchmark_2013" : "43",
  "participation_rate_estimate_2012" : "72",
  "test_takers_2013" : "67",
  "district" : "Regional 01",
  "district_number" : "201",
  "test_takers_2012" : "99"
}
, {
  "percent_meeting_benchmark_2012" : "62",
  "participation_rate_estimate_2013" : "73",
  "test_takers_change" : "6",
  "percent_meeting_benchmark_change" : "7",
  "participation_rate_estimate_change" : "0",
  "percent_meeting_benchmark_2013" : "69",
  "participation_rate_estimate_2012" : "73",
  "test_takers_2013" : "120",
  "district" : "Regional 04",
  "district_number" : "204",
  "test_takers_2012" : "113"
}
, {
  "percent_meeting_benchmark_2012" : "61",
  "participation_rate_estimate_2013" : "89",
  "test_takers_change" : "-9",
  "percent_meeting_benchmark_change" : "2",
  "participation_rate_estimate_change" : "2",
  "percent_meeting_benchmark_2013" : "63",
  "participation_rate_estimate_2012" : "87",
  "test_takers_2013" : "348",
  "district" : "Regional 05",
  "district_number" : "205",
  "test_takers_2012" : "381"
}
, {
  "percent_meeting_benchmark_2012" : "49",
  "participation_rate_estimate_2013" : "72",
  "test_takers_change" : "5",
  "percent_meeting_benchmark_change" : "-3",
  "participation_rate_estimate_change" : "-4",
  "percent_meeting_benchmark_2013" : "46",
  "participation_rate_estimate_2012" : "76",
  "test_takers_2013" : "68",
  "district" : "Regional 06",
  "district_number" : "206",
  "test_takers_2012" : "65"
}
, {
  "percent_meeting_benchmark_2012" : "58",
  "participation_rate_estimate_2013" : "63",
  "test_takers_change" : "-6",
  "percent_meeting_benchmark_change" : "-7",
  "participation_rate_estimate_change" : "0",
  "percent_meeting_benchmark_2013" : "51",
  "participation_rate_estimate_2012" : "63",
  "test_takers_2013" : "131",
  "district" : "Regional 07",
  "district_number" : "207",
  "test_takers_2012" : "139"
}
, {
  "percent_meeting_benchmark_2012" : "62",
  "participation_rate_estimate_2013" : "79",
  "test_takers_change" : "-6",
  "percent_meeting_benchmark_change" : "7",
  "participation_rate_estimate_change" : "-3",
  "percent_meeting_benchmark_2013" : "69",
  "participation_rate_estimate_2012" : "82",
  "test_takers_2013" : "223",
  "district" : "Regional 08",
  "district_number" : "208",
  "test_takers_2012" : "237"
}
, {
  "percent_meeting_benchmark_2012" : "68",
  "participation_rate_estimate_2013" : "94",
  "test_takers_change" : "0",
  "percent_meeting_benchmark_change" : "2",
  "participation_rate_estimate_change" : "4",
  "percent_meeting_benchmark_2013" : "70",
  "participation_rate_estimate_2012" : "90",
  "test_takers_2013" : "220",
  "district" : "Regional 09",
  "district_number" : "209",
  "test_takers_2012" : "220"
}
, {
  "percent_meeting_benchmark_2012" : "49",
  "participation_rate_estimate_2013" : "79",
  "test_takers_change" : "-17",
  "percent_meeting_benchmark_change" : "16",
  "participation_rate_estimate_change" : "-5",
  "percent_meeting_benchmark_2013" : "65",
  "participation_rate_estimate_2012" : "84",
  "test_takers_2013" : "159",
  "district" : "Regional 10",
  "district_number" : "210",
  "test_takers_2012" : "192"
}
, {
  "percent_meeting_benchmark_2012" : "32",
  "participation_rate_estimate_2013" : "60",
  "test_takers_change" : "-16",
  "percent_meeting_benchmark_change" : "20",
  "participation_rate_estimate_change" : "-3",
  "percent_meeting_benchmark_2013" : "52",
  "participation_rate_estimate_2012" : "63",
  "test_takers_2013" : "21",
  "district" : "Regional 11",
  "district_number" : "211",
  "test_takers_2012" : "25"
}
, {
  "percent_meeting_benchmark_2012" : "53",
  "participation_rate_estimate_2013" : "86",
  "test_takers_change" : "49",
  "percent_meeting_benchmark_change" : "5",
  "participation_rate_estimate_change" : "15",
  "percent_meeting_benchmark_2013" : "58",
  "participation_rate_estimate_2012" : "71",
  "test_takers_2013" : "73",
  "district" : "Regional 12",
  "district_number" : "212",
  "test_takers_2012" : "49"
}
, {
  "percent_meeting_benchmark_2012" : "49",
  "participation_rate_estimate_2013" : "85",
  "test_takers_change" : "10",
  "percent_meeting_benchmark_change" : "6",
  "participation_rate_estimate_change" : "3",
  "percent_meeting_benchmark_2013" : "55",
  "participation_rate_estimate_2012" : "82",
  "test_takers_2013" : "128",
  "district" : "Regional 13",
  "district_number" : "213",
  "test_takers_2012" : "116"
}
, {
  "percent_meeting_benchmark_2012" : "50",
  "participation_rate_estimate_2013" : "81",
  "test_takers_change" : "2",
  "percent_meeting_benchmark_change" : "6",
  "participation_rate_estimate_change" : "-1",
  "percent_meeting_benchmark_2013" : "56",
  "participation_rate_estimate_2012" : "82",
  "test_takers_2013" : "162",
  "district" : "Regional 14",
  "district_number" : "214",
  "test_takers_2012" : "159"
}
, {
  "percent_meeting_benchmark_2012" : "63",
  "participation_rate_estimate_2013" : "94",
  "test_takers_change" : "-5",
  "percent_meeting_benchmark_change" : "-1",
  "participation_rate_estimate_change" : "3",
  "percent_meeting_benchmark_2013" : "62",
  "participation_rate_estimate_2012" : "91",
  "test_takers_2013" : "276",
  "district" : "Regional 15",
  "district_number" : "215",
  "test_takers_2012" : "292"
}
, {
  "percent_meeting_benchmark_2012" : "39",
  "participation_rate_estimate_2013" : "77",
  "test_takers_change" : "-3",
  "percent_meeting_benchmark_change" : "5",
  "participation_rate_estimate_change" : "6",
  "percent_meeting_benchmark_2013" : "44",
  "participation_rate_estimate_2012" : "71",
  "test_takers_2013" : "143",
  "district" : "Regional 16",
  "district_number" : "216",
  "test_takers_2012" : "147"
}
, {
  "percent_meeting_benchmark_2012" : "45",
  "participation_rate_estimate_2013" : "85",
  "test_takers_change" : "-13",
  "percent_meeting_benchmark_change" : "1",
  "participation_rate_estimate_change" : "-1",
  "percent_meeting_benchmark_2013" : "46",
  "participation_rate_estimate_2012" : "86",
  "test_takers_2013" : "135",
  "district" : "Regional 17",
  "district_number" : "217",
  "test_takers_2012" : "155"
}
, {
  "percent_meeting_benchmark_2012" : "65",
  "participation_rate_estimate_2013" : "84",
  "test_takers_change" : "16",
  "percent_meeting_benchmark_change" : "-1",
  "participation_rate_estimate_change" : "3",
  "percent_meeting_benchmark_2013" : "64",
  "participation_rate_estimate_2012" : "81",
  "test_takers_2013" : "95",
  "district" : "Regional 18",
  "district_number" : "218",
  "test_takers_2012" : "82"
}
, {
  "percent_meeting_benchmark_2012" : "67",
  "participation_rate_estimate_2013" : "72",
  "test_takers_change" : "14",
  "percent_meeting_benchmark_change" : "2",
  "participation_rate_estimate_change" : "6",
  "percent_meeting_benchmark_2013" : "69",
  "participation_rate_estimate_2012" : "66",
  "test_takers_2013" : "247",
  "district" : "Regional 19",
  "district_number" : "219",
  "test_takers_2012" : "216"
}
, {
  "percent_meeting_benchmark_2012" : "27",
  "participation_rate_estimate_2013" : "100",
  "test_takers_change" : "23",
  "percent_meeting_benchmark_change" : "-4",
  "participation_rate_estimate_change" : "29",
  "percent_meeting_benchmark_2013" : "23",
  "participation_rate_estimate_2012" : "71",
  "test_takers_2013" : "303",
  "district" : "Capitol Region Education Council",
  "district_number" : "241",
  "test_takers_2012" : "247"
}
, {
  "participation_rate_estimate_2013" : "21",
  "test_takers_2013" : "9",
  "district" : "LEARN",
  "district_number" : "245"
}
, {
  "percent_meeting_benchmark_2012" : "23",
  "participation_rate_estimate_2013" : "48",
  "test_takers_change" : "7",
  "percent_meeting_benchmark_change" : "5",
  "participation_rate_estimate_change" : "9",
  "percent_meeting_benchmark_2013" : "28",
  "participation_rate_estimate_2012" : "39",
  "test_takers_2013" : "32",
  "district" : "Eastern Connecticut Regional Educational Service C",
  "district_number" : "253",
  "test_takers_2012" : "30"
}
, {
  "percent_meeting_benchmark_2012" : "22",
  "participation_rate_estimate_2013" : "78",
  "test_takers_change" : "9",
  "percent_meeting_benchmark_change" : "2",
  "participation_rate_estimate_change" : "-22",
  "percent_meeting_benchmark_2013" : "24",
  "participation_rate_estimate_2012" : "100",
  "test_takers_2013" : "25",
  "district" : "Common Ground High",
  "district_number" : "268",
  "test_takers_2012" : "23"
}
, {
  "percent_meeting_benchmark_2012" : "6",
  "participation_rate_estimate_2013" : "95",
  "test_takers_change" : "9",
  "percent_meeting_benchmark_change" : "0",
  "participation_rate_estimate_change" : "6",
  "percent_meeting_benchmark_2013" : "6",
  "participation_rate_estimate_2012" : "89",
  "test_takers_2013" : "36",
  "district" : "The Bridge Academy District",
  "district_number" : "269",
  "test_takers_2012" : "33"
}
, {
  "district" : "Explorations District",
  "district_number" : "272"
}
, {
  "percent_meeting_benchmark_2012" : "32",
  "participation_rate_estimate_2013" : "100",
  "test_takers_change" : "-9",
  "percent_meeting_benchmark_change" : "7",
  "participation_rate_estimate_change" : "0",
  "percent_meeting_benchmark_2013" : "39",
  "participation_rate_estimate_2012" : "100",
  "test_takers_2013" : "31",
  "district" : "Amistad Academy District",
  "district_number" : "279",
  "test_takers_2012" : "34"
}
, {
  "participation_rate_estimate_2012" : "28",
  "district" : "Stamford Academy",
  "district_number" : "282",
  "test_takers_2012" : "11"
}
, {
  "percent_meeting_benchmark_2012" : "11",
  "participation_rate_estimate_2013" : "48",
  "test_takers_change" : "-2",
  "percent_meeting_benchmark_change" : "0",
  "participation_rate_estimate_change" : "-1",
  "percent_meeting_benchmark_2013" : "11",
  "participation_rate_estimate_2012" : "49",
  "test_takers_2013" : "1184",
  "district" : "Connecticut Technical High School System",
  "district_number" : "900",
  "test_takers_2012" : "1210"
}
, {
  "percent_meeting_benchmark_2012" : "48",
  "participation_rate_estimate_2013" : "64",
  "test_takers_change" : "-11",
  "percent_meeting_benchmark_change" : "-2",
  "participation_rate_estimate_change" : "-6",
  "percent_meeting_benchmark_2013" : "46",
  "participation_rate_estimate_2012" : "70",
  "test_takers_2013" : "356",
  "district" : "Norwich Free Academy",
  "district_number" : "901",
  "test_takers_2012" : "399"
}
, {
  "percent_meeting_benchmark_2012" : "37",
  "participation_rate_estimate_2013" : "71",
  "test_takers_change" : "-10",
  "percent_meeting_benchmark_change" : "-11",
  "participation_rate_estimate_change" : "0",
  "percent_meeting_benchmark_2013" : "26",
  "participation_rate_estimate_2012" : "71",
  "test_takers_2013" : "54",
  "district" : "The Gilbert School",
  "district_number" : "902",
  "test_takers_2012" : "60"
}
, {
  "percent_meeting_benchmark_2012" : "50",
  "participation_rate_estimate_2013" : "82",
  "test_takers_change" : "6",
  "percent_meeting_benchmark_change" : "-3",
  "participation_rate_estimate_change" : "6",
  "percent_meeting_benchmark_2013" : "47",
  "participation_rate_estimate_2012" : "76",
  "test_takers_2013" : "227",
  "district" : "Woodstock Academy",
  "district_number" : "903",
  "test_takers_2012" : "215"
}
, {
  "percent_meeting_benchmark_2012" : "44",
  "participation_rate_estimate_2013" : "73",
  "test_takers_change" : "1",
  "percent_meeting_benchmark_change" : "1",
  "participation_rate_estimate_change" : "1",
  "percent_meeting_benchmark_2013" : "45",
  "participation_rate_estimate_2012" : "73",
  "district" : "State",
  "district_number" : "999"
}
 ]