{
  "id" : "9wpg-tsc4",
  "name" : "Small Business Express Point Map",
  "attribution" : "Department of Economic and Community Development",
  "averageRating" : 0,
  "category" : "Business",
  "createdAt" : 1395934381,
  "description" : "This map is a visualization of the Small Business Express projects in the Department of Economic and Community Development - Business Assistance Portfolio dataset. This map is updated in accordance with with the schedule of that dataset.",
  "displayType" : "map",
  "downloadCount" : 95,
  "indexUpdatedAt" : 1442332925,
  "moderationStatus" : true,
  "newBackend" : false,
  "numberOfComments" : 0,
  "oid" : 12768287,
  "publicationAppendEnabled" : false,
  "publicationDate" : 1439223649,
  "publicationGroup" : 1524342,
  "publicationStage" : "published",
  "rowsUpdatedAt" : 1439221565,
  "rowsUpdatedBy" : "nbd6-fawc",
  "tableId" : 3936658,
  "totalTimesRated" : 0,
  "viewCount" : 692,
  "viewLastModified" : 1442326558,
  "viewType" : "tabular",
  "columns" : [ {
    "id" : 216867715,
    "name" : "Fiscal Year",
    "dataTypeName" : "text",
    "description" : "Based on State Fiscal Year that the contract was signed.",
    "fieldName" : "fiscal_year",
    "position" : 1,
    "renderTypeName" : "text",
    "tableColumnId" : 18844378,
    "width" : 156,
    "cachedContents" : {
      "non_null" : 1093,
      "smallest" : "2012",
      "null" : 0,
      "largest" : "2015",
      "top" : [ {
        "count" : 20,
        "item" : "2013"
      }, {
        "count" : 19,
        "item" : "2014"
      }, {
        "count" : 18,
        "item" : "2015"
      }, {
        "count" : 17,
        "item" : "2012"
      } ]
    },
    "format" : {
      "align" : "left"
    }
  }, {
    "id" : 216867716,
    "name" : "Company",
    "dataTypeName" : "text",
    "description" : "Entity receiving financial assistance from DECD.  Company’s with an “*” also received Urban and Industrial Site Reinvestment tax credits.",
    "fieldName" : "company",
    "position" : 2,
    "renderTypeName" : "text",
    "tableColumnId" : 18844379,
    "width" : 361,
    "cachedContents" : {
      "non_null" : 1093,
      "smallest" : "101 Things 2 Do, LLC",
      "null" : 0,
      "largest" : "Zilahy Chiropractic, P.C.",
      "top" : [ {
        "count" : 20,
        "item" : "Sabatino North America, LLC"
      }, {
        "count" : 19,
        "item" : "Social Agency, LLC"
      }, {
        "count" : 18,
        "item" : "Social Enterprise Trust, Inc. dba reSet"
      }, {
        "count" : 17,
        "item" : "Specialized Data Systems, Inc."
      }, {
        "count" : 16,
        "item" : "Sports on 66, LLC"
      }, {
        "count" : 15,
        "item" : "Square 9 Softworks, Inc."
      }, {
        "count" : 14,
        "item" : "Standard Tile Distributors of New Haven, Inc."
      }, {
        "count" : 13,
        "item" : "Stone Fabricators, LLC"
      }, {
        "count" : 12,
        "item" : "Sycast, Inc."
      }, {
        "count" : 11,
        "item" : "Taco Plus, Inc. dba Taco Loco"
      }, {
        "count" : 10,
        "item" : "The Arthur G. Russell Company, Inc."
      }, {
        "count" : 9,
        "item" : "The Barnyard Enterprises, Inc."
      }, {
        "count" : 8,
        "item" : "The Crown Market, LLC"
      }, {
        "count" : 7,
        "item" : "Titan Advisors, LLC"
      }, {
        "count" : 6,
        "item" : "To Scents, LLC dba Terri's Flower Shop"
      }, {
        "count" : 5,
        "item" : "Toce Brothers, Inc."
      }, {
        "count" : 4,
        "item" : "Toppy America, LLC"
      }, {
        "count" : 3,
        "item" : "Triatic, Inc."
      }, {
        "count" : 2,
        "item" : "Value Machinery, Inc."
      }, {
        "count" : 1,
        "item" : "VRSim, Inc."
      } ]
    },
    "format" : {
      "align" : "left"
    }
  }, {
    "id" : 216867717,
    "name" : "Address",
    "dataTypeName" : "text",
    "description" : "Company location",
    "fieldName" : "address",
    "position" : 3,
    "renderTypeName" : "text",
    "tableColumnId" : 18844380,
    "width" : 184,
    "cachedContents" : {
      "non_null" : 1093,
      "smallest" : "1009 East Main Street           ",
      "null" : 0,
      "largest" : "PO Box 290184",
      "top" : [ {
        "count" : 20,
        "item" : "135 Front Avenue"
      }, {
        "count" : 19,
        "item" : "111 Roberts Street, Suite G1"
      }, {
        "count" : 18,
        "item" : "1429 Park Street"
      }, {
        "count" : 17,
        "item" : "317 Foxon Road, Suite 3B"
      }, {
        "count" : 16,
        "item" : "265 West High Street"
      }, {
        "count" : 15,
        "item" : "129 Church Street"
      }, {
        "count" : 14,
        "item" : "105 Hamilton Street"
      }, {
        "count" : 13,
        "item" : "234 Middle Street"
      }, {
        "count" : 12,
        "item" : "148 Bartholomew Avenue"
      }, {
        "count" : 11,
        "item" : "3170 Fairfield Avenue"
      }, {
        "count" : 10,
        "item" : "750 Clark Avenue"
      }, {
        "count" : 9,
        "item" : "9 Village Street"
      }, {
        "count" : 8,
        "item" : "2471 Albany Avenue"
      }, {
        "count" : 7,
        "item" : "750 Washington Boulevard, 10th Floor"
      }, {
        "count" : 6,
        "item" : "175 Church Street"
      }, {
        "count" : 5,
        "item" : "143 East Main Street"
      }, {
        "count" : 4,
        "item" : "97 River Road"
      }, {
        "count" : 3,
        "item" : "22 Grassmere Avenue"
      }, {
        "count" : 2,
        "item" : "24 Woodlawn Terrace"
      }, {
        "count" : 1,
        "item" : "222 Pitkin Street"
      } ]
    },
    "format" : {
      "align" : "left"
    }
  }, {
    "id" : 216867718,
    "name" : "Municipality",
    "dataTypeName" : "text",
    "fieldName" : "municipality",
    "position" : 4,
    "renderTypeName" : "text",
    "tableColumnId" : 18844381,
    "width" : 169,
    "cachedContents" : {
      "non_null" : 1093,
      "smallest" : "Andover",
      "null" : 0,
      "largest" : "Yantic",
      "top" : [ {
        "count" : 20,
        "item" : "Hartford"
      }, {
        "count" : 19,
        "item" : "Bridgeport"
      }, {
        "count" : 18,
        "item" : "Waterbury"
      }, {
        "count" : 17,
        "item" : "New Haven"
      }, {
        "count" : 16,
        "item" : "Stamford"
      }, {
        "count" : 15,
        "item" : "Norwalk"
      }, {
        "count" : 14,
        "item" : "Stratford"
      }, {
        "count" : 13,
        "item" : "Farmington"
      }, {
        "count" : 12,
        "item" : "East Hartford"
      }, {
        "count" : 11,
        "item" : "New Britain"
      }, {
        "count" : 10,
        "item" : "Branford"
      }, {
        "count" : 9,
        "item" : "Wethersfield"
      }, {
        "count" : 8,
        "item" : "West Hartford"
      }, {
        "count" : 7,
        "item" : "Middletown"
      }, {
        "count" : 6,
        "item" : "Fairfield"
      }, {
        "count" : 5,
        "item" : "Glastonbury"
      }, {
        "count" : 4,
        "item" : "Old Saybrook"
      }, {
        "count" : 3,
        "item" : "Southington"
      }, {
        "count" : 2,
        "item" : "Watertown"
      }, {
        "count" : 1,
        "item" : "Bozrah"
      } ]
    },
    "format" : { }
  }, {
    "id" : 216867720,
    "name" : "State",
    "dataTypeName" : "text",
    "fieldName" : "state",
    "position" : 5,
    "renderTypeName" : "text",
    "tableColumnId" : 18844382,
    "width" : 115,
    "cachedContents" : {
      "non_null" : 1093,
      "smallest" : "CT",
      "null" : 0,
      "largest" : "CT",
      "top" : [ {
        "count" : 20,
        "item" : "CT"
      } ]
    },
    "format" : { }
  }, {
    "id" : 216867721,
    "name" : "Zip Code",
    "dataTypeName" : "text",
    "description" : "Company location",
    "fieldName" : "zip_code",
    "position" : 6,
    "renderTypeName" : "text",
    "tableColumnId" : 18844383,
    "width" : 140,
    "cachedContents" : {
      "non_null" : 1093,
      "smallest" : "06001",
      "null" : 0,
      "largest" : "06942",
      "top" : [ {
        "count" : 20,
        "item" : "06032"
      }, {
        "count" : 19,
        "item" : "06457"
      }, {
        "count" : 18,
        "item" : "06110"
      }, {
        "count" : 17,
        "item" : "06106"
      }, {
        "count" : 16,
        "item" : "06108"
      }, {
        "count" : 15,
        "item" : "06479"
      }, {
        "count" : 14,
        "item" : "06901"
      }, {
        "count" : 13,
        "item" : "06510"
      }, {
        "count" : 12,
        "item" : "06010"
      }, {
        "count" : 11,
        "item" : "06770"
      }, {
        "count" : 10,
        "item" : "06790"
      }, {
        "count" : 9,
        "item" : "06019"
      }, {
        "count" : 8,
        "item" : "06484"
      }, {
        "count" : 7,
        "item" : "06515"
      }, {
        "count" : 6,
        "item" : "06470"
      }, {
        "count" : 5,
        "item" : "06001"
      }, {
        "count" : 4,
        "item" : "06611"
      } ]
    },
    "format" : {
      "align" : "left"
    }
  }, {
    "id" : 216867747,
    "name" : "County",
    "dataTypeName" : "text",
    "fieldName" : "county",
    "position" : 7,
    "renderTypeName" : "text",
    "tableColumnId" : 18844384,
    "width" : 172,
    "cachedContents" : {
      "non_null" : 0,
      "null" : 1093
    },
    "format" : { }
  }, {
    "id" : 216867748,
    "name" : "Legislative District",
    "dataTypeName" : "text",
    "fieldName" : "legislative_district",
    "position" : 8,
    "renderTypeName" : "text",
    "tableColumnId" : 18844385,
    "width" : 340,
    "cachedContents" : {
      "non_null" : 0,
      "null" : 1093
    },
    "format" : { }
  }, {
    "id" : 216867722,
    "name" : "Industry",
    "dataTypeName" : "text",
    "description" : "Business Activity of the Company.",
    "fieldName" : "industry",
    "position" : 9,
    "renderTypeName" : "text",
    "tableColumnId" : 18844386,
    "width" : 270,
    "cachedContents" : {
      "non_null" : 1093,
      "smallest" : "Administrative",
      "null" : 0,
      "largest" : "Youth and Adult Sports",
      "top" : [ {
        "count" : 20,
        "item" : "Retail Trade"
      }, {
        "count" : 19,
        "item" : "Restaurant"
      }, {
        "count" : 18,
        "item" : "Service"
      }, {
        "count" : 17,
        "item" : "Manufacturing"
      }, {
        "count" : 16,
        "item" : "Other Service"
      }, {
        "count" : 15,
        "item" : "Entertainment"
      }, {
        "count" : 14,
        "item" : "Financial Services"
      }, {
        "count" : 13,
        "item" : "Wholesale"
      }, {
        "count" : 12,
        "item" : "Administrative"
      }, {
        "count" : 11,
        "item" : "Information"
      }, {
        "count" : 10,
        "item" : "Healthcare"
      }, {
        "count" : 9,
        "item" : "Construction"
      }, {
        "count" : 8,
        "item" : "IT"
      }, {
        "count" : 7,
        "item" : "Child Care Services"
      }, {
        "count" : 6,
        "item" : "Food Service"
      }, {
        "count" : 5,
        "item" : "Sail Boat Rigging"
      }, {
        "count" : 4,
        "item" : "Health Services"
      }, {
        "count" : 3,
        "item" : "Printing"
      }, {
        "count" : 2,
        "item" : "Damage Restoration"
      }, {
        "count" : 1,
        "item" : "Soil Remediation"
      } ]
    },
    "format" : {
      "align" : "left"
    }
  }, {
    "id" : 216867723,
    "name" : "NAICS Code",
    "dataTypeName" : "text",
    "description" : "North American Industry Classification System",
    "fieldName" : "naics_code",
    "position" : 10,
    "renderTypeName" : "text",
    "tableColumnId" : 18844387,
    "width" : 166,
    "cachedContents" : {
      "non_null" : 1093,
      "smallest" : "111110",
      "null" : 0,
      "largest" : "926110",
      "top" : [ {
        "count" : 20,
        "item" : "722513"
      }, {
        "count" : 19,
        "item" : "624410"
      }, {
        "count" : 18,
        "item" : "722511"
      }, {
        "count" : 17,
        "item" : "813212"
      }, {
        "count" : 16,
        "item" : "511210"
      }, {
        "count" : 15,
        "item" : "238220"
      }, {
        "count" : 14,
        "item" : "621399"
      }, {
        "count" : 13,
        "item" : "444190"
      }, {
        "count" : 12,
        "item" : "445110"
      }, {
        "count" : 11,
        "item" : "523900"
      }, {
        "count" : 10,
        "item" : "453110"
      }, {
        "count" : 9,
        "item" : "441320"
      }, {
        "count" : 8,
        "item" : "423830"
      }, {
        "count" : 7,
        "item" : "327910"
      }, {
        "count" : 6,
        "item" : "221210"
      }, {
        "count" : 5,
        "item" : "443142"
      }, {
        "count" : 4,
        "item" : "423990"
      }, {
        "count" : 3,
        "item" : "339900"
      }, {
        "count" : 2,
        "item" : "332510"
      }, {
        "count" : 1,
        "item" : "334610"
      } ]
    },
    "format" : {
      "align" : "right"
    }
  }, {
    "id" : 216867724,
    "name" : "Minority or Women Owned",
    "dataTypeName" : "text",
    "description" : "Indicates if Company is 51% owned by woman/minority.",
    "fieldName" : "minority_or_women_owned",
    "position" : 11,
    "renderTypeName" : "text",
    "tableColumnId" : 18844388,
    "width" : 269,
    "cachedContents" : {
      "non_null" : 1093,
      "smallest" : "n/a",
      "null" : 0,
      "largest" : "Yes",
      "top" : [ {
        "count" : 20,
        "item" : "no"
      }, {
        "count" : 19,
        "item" : "n/a"
      }, {
        "count" : 18,
        "item" : "yes"
      }, {
        "count" : 17,
        "item" : "Yes"
      }, {
        "count" : 16,
        "item" : "No"
      } ]
    },
    "format" : {
      "align" : "left"
    }
  }, {
    "id" : 216867725,
    "name" : "Contract Execution Date",
    "dataTypeName" : "calendar_date",
    "description" : "If applicable, this date represents the date the contract was signed with DECD. ",
    "fieldName" : "contract_execution_date",
    "position" : 12,
    "renderTypeName" : "calendar_date",
    "tableColumnId" : 18844389,
    "width" : 237,
    "cachedContents" : {
      "non_null" : 1093,
      "smallest" : "2010-01-13T00:00:00",
      "null" : 0,
      "largest" : "2015-06-08T00:00:00",
      "top" : [ {
        "count" : 20,
        "item" : "2013-03-21T00:00:00"
      }, {
        "count" : 19,
        "item" : "2013-09-23T00:00:00"
      }, {
        "count" : 18,
        "item" : "2015-06-05T00:00:00"
      }, {
        "count" : 17,
        "item" : "2015-05-18T00:00:00"
      }, {
        "count" : 16,
        "item" : "2015-06-02T00:00:00"
      }, {
        "count" : 15,
        "item" : "2015-06-01T00:00:00"
      }, {
        "count" : 14,
        "item" : "2015-04-28T00:00:00"
      }, {
        "count" : 13,
        "item" : "2015-05-21T00:00:00"
      }, {
        "count" : 12,
        "item" : "2015-05-26T00:00:00"
      }, {
        "count" : 11,
        "item" : "2015-04-08T00:00:00"
      }, {
        "count" : 10,
        "item" : "2015-04-21T00:00:00"
      }, {
        "count" : 9,
        "item" : "2015-05-04T00:00:00"
      }, {
        "count" : 8,
        "item" : "2015-06-04T00:00:00"
      }, {
        "count" : 7,
        "item" : "2015-04-16T00:00:00"
      }, {
        "count" : 6,
        "item" : "2015-05-06T00:00:00"
      }, {
        "count" : 5,
        "item" : "2015-06-03T00:00:00"
      }, {
        "count" : 4,
        "item" : "2015-04-14T00:00:00"
      }, {
        "count" : 3,
        "item" : "2015-03-02T00:00:00"
      }, {
        "count" : 2,
        "item" : "2015-04-22T00:00:00"
      }, {
        "count" : 1,
        "item" : "2015-05-28T00:00:00"
      } ]
    },
    "format" : {
      "align" : "left"
    }
  }, {
    "id" : 216867726,
    "name" : "Grant Amount",
    "dataTypeName" : "money",
    "description" : "Amount of DECD grant funding being provided to the Company.",
    "fieldName" : "grant_amount",
    "position" : 13,
    "renderTypeName" : "money",
    "tableColumnId" : 18844390,
    "width" : 180,
    "cachedContents" : {
      "non_null" : 1088,
      "smallest" : "0",
      "sum" : "64329909",
      "null" : 5,
      "average" : "59126.75459558824",
      "largest" : "100000",
      "top" : [ {
        "count" : 20,
        "item" : "100000"
      }, {
        "count" : 19,
        "item" : "75000"
      }, {
        "count" : 18,
        "item" : "0"
      }, {
        "count" : 17,
        "item" : "20000"
      }, {
        "count" : 16,
        "item" : "40000"
      }, {
        "count" : 15,
        "item" : "80000"
      }, {
        "count" : 14,
        "item" : "25000"
      }, {
        "count" : 13,
        "item" : "30000"
      }, {
        "count" : 12,
        "item" : "60000"
      }, {
        "count" : 11,
        "item" : "50000"
      }, {
        "count" : 10,
        "item" : "45000"
      }, {
        "count" : 9,
        "item" : "15000"
      }, {
        "count" : 8,
        "item" : "70000"
      }, {
        "count" : 7,
        "item" : "65000"
      }, {
        "count" : 6,
        "item" : "41740"
      }, {
        "count" : 5,
        "item" : "62500"
      }, {
        "count" : 4,
        "item" : "26260"
      }, {
        "count" : 3,
        "item" : "76500"
      }, {
        "count" : 2,
        "item" : "47500"
      }, {
        "count" : 1,
        "item" : "51600"
      } ]
    },
    "format" : {
      "humane" : "false",
      "currency" : "USD",
      "align" : "right"
    }
  }, {
    "id" : 216867727,
    "name" : "Loan Amount",
    "dataTypeName" : "money",
    "description" : "Amount of DECD loan funding being provided to the Company.",
    "fieldName" : "loan_amount",
    "position" : 14,
    "renderTypeName" : "money",
    "tableColumnId" : 18844391,
    "width" : 167,
    "cachedContents" : {
      "non_null" : 1083,
      "smallest" : "0",
      "sum" : "93316710",
      "null" : 10,
      "average" : "86165.01385041551",
      "largest" : "800000",
      "top" : [ {
        "count" : 20,
        "item" : "0"
      }, {
        "count" : 19,
        "item" : "100000"
      }, {
        "count" : 18,
        "item" : "300000"
      }, {
        "count" : 17,
        "item" : "250000"
      }, {
        "count" : 16,
        "item" : "200000"
      }, {
        "count" : 15,
        "item" : "150000"
      }, {
        "count" : 14,
        "item" : "50000"
      }, {
        "count" : 13,
        "item" : "60000"
      }, {
        "count" : 12,
        "item" : "75000"
      }, {
        "count" : 11,
        "item" : "80000"
      }, {
        "count" : 10,
        "item" : "20000"
      }, {
        "count" : 9,
        "item" : "81600"
      }, {
        "count" : 8,
        "item" : "120000"
      }, {
        "count" : 7,
        "item" : "235800"
      }, {
        "count" : 6,
        "item" : "180000"
      }, {
        "count" : 5,
        "item" : "70000"
      }, {
        "count" : 4,
        "item" : "95000"
      }, {
        "count" : 3,
        "item" : "140000"
      }, {
        "count" : 2,
        "item" : "53000"
      }, {
        "count" : 1,
        "item" : "500000"
      } ]
    },
    "format" : {
      "humane" : "false",
      "currency" : "USD",
      "align" : "right"
    }
  }, {
    "id" : 216867728,
    "name" : "Total Assistance ",
    "dataTypeName" : "money",
    "description" : "Total amount of DECD funding being provided to the Company.",
    "fieldName" : "total_assistance",
    "position" : 15,
    "renderTypeName" : "money",
    "tableColumnId" : 18844392,
    "width" : 185,
    "cachedContents" : {
      "non_null" : 1093,
      "smallest" : "10000",
      "sum" : "157746617",
      "null" : 0,
      "average" : "144324.4437328454",
      "largest" : "900000",
      "top" : [ {
        "count" : 20,
        "item" : "75000"
      }, {
        "count" : 19,
        "item" : "100000"
      }, {
        "count" : 18,
        "item" : "300000"
      }, {
        "count" : 17,
        "item" : "20000"
      }, {
        "count" : 16,
        "item" : "40000"
      }, {
        "count" : 15,
        "item" : "350000"
      }, {
        "count" : 14,
        "item" : "200000"
      }, {
        "count" : 13,
        "item" : "250000"
      }, {
        "count" : 12,
        "item" : "50000"
      }, {
        "count" : 11,
        "item" : "150000"
      }, {
        "count" : 10,
        "item" : "400000"
      }, {
        "count" : 9,
        "item" : "60000"
      }, {
        "count" : 8,
        "item" : "80000"
      }, {
        "count" : 7,
        "item" : "125000"
      }, {
        "count" : 6,
        "item" : "81600"
      }, {
        "count" : 5,
        "item" : "240000"
      }, {
        "count" : 4,
        "item" : "58550"
      }, {
        "count" : 3,
        "item" : "15000"
      }, {
        "count" : 2,
        "item" : "37002"
      }, {
        "count" : 1,
        "item" : "120000"
      } ]
    },
    "format" : {
      "humane" : "false",
      "currency" : "USD",
      "align" : "right"
    }
  }, {
    "id" : 216867729,
    "name" : "Total Project Cost",
    "dataTypeName" : "money",
    "description" : "Total amount of DECD and non-DECD funding being used to complete the project.",
    "fieldName" : "total_project_cost",
    "position" : 16,
    "renderTypeName" : "money",
    "tableColumnId" : 18844393,
    "width" : 207,
    "cachedContents" : {
      "non_null" : 1093,
      "smallest" : "19600",
      "sum" : "336370917",
      "null" : 0,
      "average" : "307750.1527904849",
      "largest" : "6919450",
      "top" : [ {
        "count" : 20,
        "item" : "200000"
      }, {
        "count" : 19,
        "item" : "100000"
      }, {
        "count" : 18,
        "item" : "450000"
      }, {
        "count" : 17,
        "item" : "500000"
      }, {
        "count" : 16,
        "item" : "150000"
      }, {
        "count" : 15,
        "item" : "80000"
      }, {
        "count" : 14,
        "item" : "120000"
      }, {
        "count" : 13,
        "item" : "160000"
      }, {
        "count" : 12,
        "item" : "300000"
      }, {
        "count" : 11,
        "item" : "30000"
      }, {
        "count" : 10,
        "item" : "350000"
      }, {
        "count" : 9,
        "item" : "40000"
      }, {
        "count" : 8,
        "item" : "435800"
      }, {
        "count" : 7,
        "item" : "199768"
      }, {
        "count" : 6,
        "item" : "460000"
      }, {
        "count" : 5,
        "item" : "180000"
      }, {
        "count" : 4,
        "item" : "95000"
      }, {
        "count" : 3,
        "item" : "170000"
      }, {
        "count" : 2,
        "item" : "53000"
      }, {
        "count" : 1,
        "item" : "4009000"
      } ]
    },
    "format" : {
      "humane" : "false",
      "currency" : "USD",
      "align" : "right"
    }
  }, {
    "id" : 216867730,
    "name" : "Amount Leveraged",
    "dataTypeName" : "money",
    "description" : "Amount of non-DECD funding for the project.",
    "fieldName" : "amount_leveraged",
    "position" : 17,
    "renderTypeName" : "money",
    "tableColumnId" : 18844394,
    "width" : 210,
    "cachedContents" : {
      "non_null" : 1093,
      "smallest" : "-100000",
      "sum" : "178699165",
      "null" : 0,
      "average" : "163494.2040256176",
      "largest" : "6519450",
      "top" : [ {
        "count" : 20,
        "item" : "100000"
      }, {
        "count" : 19,
        "item" : "0"
      }, {
        "count" : 18,
        "item" : "50000"
      }, {
        "count" : 17,
        "item" : "40000"
      }, {
        "count" : 16,
        "item" : "75000"
      }, {
        "count" : 15,
        "item" : "60000"
      }, {
        "count" : 14,
        "item" : "20000"
      }, {
        "count" : 13,
        "item" : "180000"
      }, {
        "count" : 12,
        "item" : "30000"
      }, {
        "count" : 11,
        "item" : "400000"
      }, {
        "count" : 10,
        "item" : "3557300"
      }, {
        "count" : 9,
        "item" : "125000"
      }, {
        "count" : 8,
        "item" : "25000"
      }, {
        "count" : 7,
        "item" : "63604"
      }, {
        "count" : 6,
        "item" : "37454"
      }, {
        "count" : 5,
        "item" : "86112"
      }, {
        "count" : 4,
        "item" : "27000"
      }, {
        "count" : 3,
        "item" : "15000"
      }, {
        "count" : 2,
        "item" : "33024"
      }, {
        "count" : 1,
        "item" : "45000"
      } ]
    },
    "format" : {
      "humane" : "false",
      "currency" : "USD",
      "align" : "right"
    }
  }, {
    "id" : 216867731,
    "name" : "Funding Source",
    "dataTypeName" : "text",
    "description" : "Name of State business assistance program.",
    "fieldName" : "funding_source",
    "position" : 18,
    "renderTypeName" : "text",
    "tableColumnId" : 18844395,
    "width" : 268,
    "cachedContents" : {
      "non_null" : 1093,
      "smallest" : "Manufacturing Assistance Act/Express",
      "null" : 0,
      "largest" : "Small Business Revolving Loan Fund/Express",
      "top" : [ {
        "count" : 20,
        "item" : "Manufacturing Assistance Act/Express"
      }, {
        "count" : 19,
        "item" : "Small Business Express"
      }, {
        "count" : 18,
        "item" : "Small Business Express "
      }, {
        "count" : 17,
        "item" : "Small Business Revolving Loan Fund/Express"
      } ]
    },
    "format" : {
      "align" : "left"
    }
  }, {
    "id" : 216867732,
    "name" : "Statutory Reference",
    "dataTypeName" : "text",
    "description" : "Location of legal authority for which the funding and program requirements are provided.",
    "fieldName" : "statutory_reference",
    "position" : 19,
    "renderTypeName" : "text",
    "tableColumnId" : 18844396,
    "width" : 209,
    "cachedContents" : {
      "non_null" : 1093,
      "smallest" : "CGS Sec. 32-7g",
      "null" : 0,
      "largest" : "PA 10-75 & CGS Sec. 32-7g",
      "top" : [ {
        "count" : 20,
        "item" : "CH 588l"
      }, {
        "count" : 19,
        "item" : "CGS Sec. 32-7g"
      }, {
        "count" : 18,
        "item" : "CGS Sec. 32-7g."
      }, {
        "count" : 17,
        "item" : "PA 10-75 & CGS Sec. 32-7g"
      } ]
    },
    "format" : {
      "align" : "left"
    }
  }, {
    "id" : 216867733,
    "name" : "Contract Requirement:Jobs to be Retained",
    "dataTypeName" : "number",
    "description" : "Contractual obligation for job retention.",
    "fieldName" : "contract_requirement_jobs_to_be_retained",
    "position" : 20,
    "renderTypeName" : "number",
    "tableColumnId" : 18844397,
    "width" : 376,
    "cachedContents" : {
      "non_null" : 1085,
      "smallest" : "0",
      "sum" : "12091",
      "null" : 8,
      "average" : "11.14377880184332",
      "largest" : "97",
      "top" : [ {
        "count" : 20,
        "item" : "0"
      }, {
        "count" : 19,
        "item" : "20"
      }, {
        "count" : 18,
        "item" : "21"
      }, {
        "count" : 17,
        "item" : "1"
      }, {
        "count" : 16,
        "item" : "18"
      }, {
        "count" : 15,
        "item" : "2"
      }, {
        "count" : 14,
        "item" : "12"
      }, {
        "count" : 13,
        "item" : "4"
      }, {
        "count" : 12,
        "item" : "3"
      }, {
        "count" : 11,
        "item" : "14"
      }, {
        "count" : 10,
        "item" : "11"
      }, {
        "count" : 9,
        "item" : "6"
      }, {
        "count" : 8,
        "item" : "17"
      }, {
        "count" : 7,
        "item" : "8"
      }, {
        "count" : 6,
        "item" : "9"
      }, {
        "count" : 5,
        "item" : "7"
      }, {
        "count" : 4,
        "item" : "10"
      }, {
        "count" : 3,
        "item" : "15"
      }, {
        "count" : 2,
        "item" : "13"
      }, {
        "count" : 1,
        "item" : "5"
      } ]
    },
    "format" : {
      "precisionStyle" : "standard",
      "align" : "right",
      "noCommas" : "false"
    }
  }, {
    "id" : 216867734,
    "name" : "Contract Requirement: Jobs to be Created",
    "dataTypeName" : "number",
    "description" : "Contractual obligation for job creation.",
    "fieldName" : "contract_requirement_jobs_to_be_created",
    "position" : 21,
    "renderTypeName" : "number",
    "tableColumnId" : 18844398,
    "width" : 354,
    "cachedContents" : {
      "non_null" : 1083,
      "smallest" : "0",
      "sum" : "4144",
      "null" : 10,
      "average" : "3.826408125577101",
      "largest" : "56",
      "top" : [ {
        "count" : 20,
        "item" : "22"
      }, {
        "count" : 19,
        "item" : "5"
      }, {
        "count" : 18,
        "item" : "2"
      }, {
        "count" : 17,
        "item" : "0"
      }, {
        "count" : 16,
        "item" : "10"
      }, {
        "count" : 15,
        "item" : "20"
      }, {
        "count" : 14,
        "item" : "4"
      }, {
        "count" : 13,
        "item" : "8"
      }, {
        "count" : 12,
        "item" : "6"
      }, {
        "count" : 11,
        "item" : "1"
      }, {
        "count" : 10,
        "item" : "3"
      }, {
        "count" : 9,
        "item" : "25"
      }, {
        "count" : 8,
        "item" : "7"
      }, {
        "count" : 7,
        "item" : "21"
      }, {
        "count" : 6,
        "item" : "12"
      }, {
        "count" : 5,
        "item" : "15"
      }, {
        "count" : 4,
        "item" : "16"
      }, {
        "count" : 3,
        "item" : "30"
      }, {
        "count" : 2,
        "item" : "14"
      }, {
        "count" : 1,
        "item" : "56"
      } ]
    },
    "format" : {
      "precisionStyle" : "standard",
      "align" : "right",
      "noCommas" : "false"
    }
  }, {
    "id" : 216867735,
    "name" : "Contract Requirement: Target Date",
    "dataTypeName" : "calendar_date",
    "description" : "Most recent date that job creation and retention requirements are to be obtain as outlined in the Company’s Assistance Agreement with DECD.",
    "fieldName" : "contract_requirement_target_date",
    "position" : 22,
    "renderTypeName" : "calendar_date",
    "tableColumnId" : 18844399,
    "width" : 300,
    "cachedContents" : {
      "non_null" : 1084,
      "smallest" : "2012-06-26T00:00:00",
      "null" : 9,
      "largest" : "2019-05-10T00:00:00",
      "top" : [ {
        "count" : 20,
        "item" : "2017-06-05T00:00:00"
      }, {
        "count" : 19,
        "item" : "2017-05-18T00:00:00"
      }, {
        "count" : 18,
        "item" : "2017-05-26T00:00:00"
      }, {
        "count" : 17,
        "item" : "2017-06-03T00:00:00"
      }, {
        "count" : 16,
        "item" : "2017-06-02T00:00:00"
      }, {
        "count" : 15,
        "item" : "2017-06-01T00:00:00"
      }, {
        "count" : 14,
        "item" : "2017-04-08T00:00:00"
      }, {
        "count" : 13,
        "item" : "2017-05-06T00:00:00"
      }, {
        "count" : 12,
        "item" : "2017-05-04T00:00:00"
      }, {
        "count" : 11,
        "item" : "2017-04-14T00:00:00"
      }, {
        "count" : 10,
        "item" : "2017-04-22T00:00:00"
      }, {
        "count" : 9,
        "item" : "2017-04-28T00:00:00"
      }, {
        "count" : 8,
        "item" : "2017-05-21T00:00:00"
      }, {
        "count" : 7,
        "item" : "2017-05-28T00:00:00"
      }, {
        "count" : 6,
        "item" : "2017-04-21T00:00:00"
      }, {
        "count" : 5,
        "item" : "2015-03-27T00:00:00"
      }, {
        "count" : 4,
        "item" : "2017-03-26T00:00:00"
      }, {
        "count" : 3,
        "item" : "2017-05-22T00:00:00"
      }, {
        "count" : 2,
        "item" : "2017-03-31T00:00:00"
      }, {
        "count" : 1,
        "item" : "2017-02-25T00:00:00"
      } ]
    },
    "format" : {
      "align" : "left"
    }
  }, {
    "id" : 216867736,
    "name" : "Actual Jobs at Time of Review",
    "dataTypeName" : "number",
    "description" : "Actual jobs created and/or retained as determined by DECD job review or outside accounting firm review.",
    "fieldName" : "actual_jobs_at_time_of_review",
    "position" : 23,
    "renderTypeName" : "number",
    "tableColumnId" : 18844400,
    "width" : 268,
    "cachedContents" : {
      "non_null" : 107,
      "smallest" : "0",
      "sum" : "1678",
      "null" : 986,
      "average" : "15.68224299065421",
      "largest" : "146",
      "top" : [ {
        "count" : 20,
        "item" : "2"
      }, {
        "count" : 19,
        "item" : "9"
      }, {
        "count" : 18,
        "item" : "38"
      }, {
        "count" : 17,
        "item" : "3"
      }, {
        "count" : 16,
        "item" : "12"
      }, {
        "count" : 15,
        "item" : "15"
      }, {
        "count" : 14,
        "item" : "0"
      }, {
        "count" : 13,
        "item" : "5"
      }, {
        "count" : 12,
        "item" : "24"
      }, {
        "count" : 11,
        "item" : "10"
      }, {
        "count" : 10,
        "item" : "4"
      }, {
        "count" : 9,
        "item" : "6"
      }, {
        "count" : 8,
        "item" : "23"
      }, {
        "count" : 7,
        "item" : "1"
      }, {
        "count" : 6,
        "item" : "14"
      }, {
        "count" : 5,
        "item" : "32"
      }, {
        "count" : 4,
        "item" : "16"
      }, {
        "count" : 3,
        "item" : "17"
      }, {
        "count" : 2,
        "item" : "34"
      }, {
        "count" : 1,
        "item" : "102"
      } ]
    },
    "format" : {
      "precisionStyle" : "standard",
      "align" : "left",
      "noCommas" : "false"
    }
  }, {
    "id" : 216867737,
    "name" : "Job Obligation Status",
    "dataTypeName" : "text",
    "description" : "Status of whether a Company met their employment obligation, did not meet their employment obligation or their contractual job obligation is still pending.",
    "fieldName" : "job_obligation_status",
    "position" : 24,
    "renderTypeName" : "text",
    "tableColumnId" : 18844401,
    "width" : 352,
    "cachedContents" : {
      "non_null" : 1093,
      "smallest" : "0",
      "null" : 0,
      "largest" : "Pending",
      "top" : [ {
        "count" : 20,
        "item" : "Pending"
      }, {
        "count" : 19,
        "item" : "Met"
      }, {
        "count" : 18,
        "item" : "0"
      }, {
        "count" : 17,
        "item" : "Not Met"
      }, {
        "count" : 16,
        "item" : "n/a"
      } ]
    },
    "format" : {
      "align" : "left"
    }
  }, {
    "id" : 216867738,
    "name" : "Job Penalty(if applicable)",
    "dataTypeName" : "text",
    "description" : "Penalty imposed on a Company for failing to meet their contractual employment obligation. Typically an interest rate increase or specific dollar amount repaid.",
    "fieldName" : "job_penalty_if_applicable",
    "position" : 25,
    "renderTypeName" : "text",
    "tableColumnId" : 18844402,
    "width" : 250,
    "cachedContents" : {
      "non_null" : 1093,
      "smallest" : "$1,000",
      "null" : 0,
      "largest" : "Waived",
      "top" : [ {
        "count" : 20,
        "item" : "n/a"
      }, {
        "count" : 19,
        "item" : "$2,000 paid"
      }, {
        "count" : 18,
        "item" : "Waived"
      }, {
        "count" : 17,
        "item" : "Rate Increased from 3% to 4%"
      }, {
        "count" : 16,
        "item" : "Rate Increased from 4% to 5%"
      }, {
        "count" : 15,
        "item" : "$3,000"
      }, {
        "count" : 14,
        "item" : "Rate increased from 2% to 3%"
      }, {
        "count" : 13,
        "item" : "Rate increased from 1.5% to 2.5%"
      }, {
        "count" : 12,
        "item" : "$7,000"
      }, {
        "count" : 11,
        "item" : "$2,000"
      }, {
        "count" : 10,
        "item" : "Rate increase from 1% to 2%"
      }, {
        "count" : 9,
        "item" : "$1,000"
      }, {
        "count" : 8,
        "item" : "Rate increase from 3% to 4%"
      }, {
        "count" : 7,
        "item" : "Rate increased from 4% to 5%"
      } ]
    },
    "format" : {
      "align" : "left"
    }
  }, {
    "id" : 216867739,
    "name" : "Forgiveness Credit(if applicable)",
    "dataTypeName" : "money",
    "description" : "Amount of loan forgiven if contractual employment requirements are met.",
    "fieldName" : "forgiveness_credit_if_applicable",
    "position" : 26,
    "renderTypeName" : "money",
    "tableColumnId" : 18844403,
    "width" : 296,
    "cachedContents" : {
      "non_null" : 19,
      "smallest" : "10000",
      "sum" : "1404650",
      "null" : 1074,
      "average" : "73928.94736842105",
      "largest" : "125000",
      "top" : [ {
        "count" : 20,
        "item" : "125000"
      }, {
        "count" : 19,
        "item" : "50000"
      }, {
        "count" : 18,
        "item" : "10000"
      }, {
        "count" : 17,
        "item" : "100000"
      }, {
        "count" : 16,
        "item" : "70000"
      }, {
        "count" : 15,
        "item" : "60000"
      }, {
        "count" : 14,
        "item" : "119650"
      } ]
    },
    "format" : {
      "humane" : "false",
      "currency" : "USD",
      "align" : "left"
    }
  }, {
    "id" : 216867740,
    "name" : "Per Application: Full Time CT Jobs at Application",
    "dataTypeName" : "number",
    "description" : "Employment levels provided by the Company at time of Application.",
    "fieldName" : "per_application_full_time_ct_jobs_at_application",
    "position" : 27,
    "renderTypeName" : "number",
    "tableColumnId" : 18844404,
    "width" : 428,
    "cachedContents" : {
      "non_null" : 1092,
      "smallest" : "0",
      "sum" : "12360",
      "null" : 1,
      "average" : "11.31868131868132",
      "largest" : "97",
      "top" : [ {
        "count" : 20,
        "item" : "0"
      }, {
        "count" : 19,
        "item" : "20"
      }, {
        "count" : 18,
        "item" : "5"
      }, {
        "count" : 17,
        "item" : "18"
      }, {
        "count" : 16,
        "item" : "1"
      }, {
        "count" : 15,
        "item" : "6"
      }, {
        "count" : 14,
        "item" : "12"
      }, {
        "count" : 13,
        "item" : "3"
      }, {
        "count" : 12,
        "item" : "14"
      }, {
        "count" : 11,
        "item" : "2"
      }, {
        "count" : 10,
        "item" : "11"
      }, {
        "count" : 9,
        "item" : "17"
      }, {
        "count" : 8,
        "item" : "8"
      }, {
        "count" : 7,
        "item" : "9"
      }, {
        "count" : 6,
        "item" : "4"
      }, {
        "count" : 5,
        "item" : "7"
      }, {
        "count" : 4,
        "item" : "22"
      }, {
        "count" : 3,
        "item" : "21"
      }, {
        "count" : 2,
        "item" : "15"
      }, {
        "count" : 1,
        "item" : "13"
      } ]
    },
    "format" : {
      "precisionStyle" : "standard",
      "align" : "right",
      "noCommas" : "false"
    }
  }, {
    "id" : 216867741,
    "name" : "Per Application: Full Time Jobs to be Created",
    "dataTypeName" : "number",
    "description" : "Employment levels provided by the Company at time of Application.",
    "fieldName" : "per_application_full_time_jobs_to_be_created",
    "position" : 28,
    "renderTypeName" : "number",
    "tableColumnId" : 18844405,
    "width" : 363,
    "cachedContents" : {
      "non_null" : 1090,
      "smallest" : "0",
      "sum" : "4800",
      "null" : 3,
      "average" : "4.403669724770642",
      "largest" : "242",
      "top" : [ {
        "count" : 20,
        "item" : "25"
      }, {
        "count" : 19,
        "item" : "5"
      }, {
        "count" : 18,
        "item" : "1"
      }, {
        "count" : 17,
        "item" : "0"
      }, {
        "count" : 16,
        "item" : "4"
      }, {
        "count" : 15,
        "item" : "13"
      }, {
        "count" : 14,
        "item" : "2"
      }, {
        "count" : 13,
        "item" : "6"
      }, {
        "count" : 12,
        "item" : "3"
      }, {
        "count" : 11,
        "item" : "8"
      }, {
        "count" : 10,
        "item" : "10"
      }, {
        "count" : 9,
        "item" : "9"
      }, {
        "count" : 8,
        "item" : "7"
      }, {
        "count" : 7,
        "item" : "21"
      }, {
        "count" : 6,
        "item" : "11"
      }, {
        "count" : 5,
        "item" : "15"
      }, {
        "count" : 4,
        "item" : "14"
      }, {
        "count" : 3,
        "item" : "12"
      }, {
        "count" : 2,
        "item" : "20"
      }, {
        "count" : 1,
        "item" : "22"
      } ]
    },
    "format" : {
      "precisionStyle" : "standard",
      "align" : "right",
      "noCommas" : "false"
    }
  }, {
    "id" : 216867742,
    "name" : "Per Application:  Part Time CT Jobs at Application",
    "dataTypeName" : "number",
    "description" : "Employment levels provided by the Company at time of Application.",
    "fieldName" : "per_application_part_time_ct_jobs_at_application",
    "position" : 29,
    "renderTypeName" : "number",
    "tableColumnId" : 18844406,
    "width" : 417,
    "cachedContents" : {
      "non_null" : 330,
      "smallest" : "0",
      "sum" : "846",
      "null" : 763,
      "average" : "2.563636363636364",
      "largest" : "41",
      "top" : [ {
        "count" : 20,
        "item" : "0"
      }, {
        "count" : 19,
        "item" : "3"
      }, {
        "count" : 18,
        "item" : "30"
      }, {
        "count" : 17,
        "item" : "5"
      }, {
        "count" : 16,
        "item" : "4"
      }, {
        "count" : 15,
        "item" : "1"
      }, {
        "count" : 14,
        "item" : "10"
      }, {
        "count" : 13,
        "item" : "20"
      }, {
        "count" : 12,
        "item" : "2"
      }, {
        "count" : 11,
        "item" : "6"
      }, {
        "count" : 10,
        "item" : "17"
      }, {
        "count" : 9,
        "item" : "8"
      }, {
        "count" : 8,
        "item" : "7"
      }, {
        "count" : 7,
        "item" : "24"
      }, {
        "count" : 6,
        "item" : "11"
      }, {
        "count" : 5,
        "item" : "38"
      }, {
        "count" : 4,
        "item" : "9"
      }, {
        "count" : 3,
        "item" : "12"
      }, {
        "count" : 2,
        "item" : "15"
      }, {
        "count" : 1,
        "item" : "19"
      } ]
    },
    "format" : {
      "precisionStyle" : "standard",
      "align" : "right",
      "noCommas" : "false"
    }
  }, {
    "id" : 216867743,
    "name" : "Per Application: Part Time Jobs to be Created",
    "dataTypeName" : "number",
    "description" : "Employment levels provided by the Company at time of Application.",
    "fieldName" : "per_application_part_time_jobs_to_be_created",
    "position" : 30,
    "renderTypeName" : "number",
    "tableColumnId" : 18844407,
    "width" : 378,
    "cachedContents" : {
      "non_null" : 328,
      "smallest" : "0",
      "sum" : "458",
      "null" : 765,
      "average" : "1.396341463414634",
      "largest" : "50",
      "top" : [ {
        "count" : 20,
        "item" : "0"
      }, {
        "count" : 19,
        "item" : "30"
      }, {
        "count" : 18,
        "item" : "2"
      }, {
        "count" : 17,
        "item" : "1"
      }, {
        "count" : 16,
        "item" : "6"
      }, {
        "count" : 15,
        "item" : "3"
      }, {
        "count" : 14,
        "item" : "5"
      }, {
        "count" : 13,
        "item" : "4"
      }, {
        "count" : 12,
        "item" : "9"
      }, {
        "count" : 11,
        "item" : "8"
      }, {
        "count" : 10,
        "item" : "15"
      }, {
        "count" : 9,
        "item" : "10"
      }, {
        "count" : 8,
        "item" : "11"
      }, {
        "count" : 7,
        "item" : "16"
      }, {
        "count" : 6,
        "item" : "50"
      }, {
        "count" : 5,
        "item" : "40"
      } ]
    },
    "format" : {
      "precisionStyle" : "standard",
      "align" : "right",
      "noCommas" : "false"
    }
  }, {
    "id" : 216867749,
    "name" : "Full-Time Employment at 6/30/13",
    "dataTypeName" : "number",
    "fieldName" : "full_time_employment_at_6_30_13",
    "position" : 31,
    "renderTypeName" : "number",
    "tableColumnId" : 18844408,
    "width" : 322,
    "cachedContents" : {
      "non_null" : 0,
      "sum" : "0",
      "null" : 1093
    },
    "format" : { }
  }, {
    "id" : 216867750,
    "name" : "Part-Time Employment at 6/30/13",
    "dataTypeName" : "number",
    "fieldName" : "part_time_employment_at_6_30_13",
    "position" : 32,
    "renderTypeName" : "number",
    "tableColumnId" : 18844409,
    "width" : 313,
    "cachedContents" : {
      "non_null" : 0,
      "sum" : "0",
      "null" : 1093
    },
    "format" : { }
  }, {
    "id" : 216867744,
    "name" : "Status",
    "dataTypeName" : "text",
    "description" : "Indicates if company is still operating or out of business.",
    "fieldName" : "status",
    "position" : 33,
    "renderTypeName" : "text",
    "tableColumnId" : 18844410,
    "width" : 172,
    "cachedContents" : {
      "non_null" : 1093,
      "smallest" : "Active",
      "null" : 0,
      "largest" : "Out of Business",
      "top" : [ {
        "count" : 20,
        "item" : "Active"
      }, {
        "count" : 19,
        "item" : "Out of Business"
      } ]
    },
    "format" : {
      "align" : "left"
    }
  }, {
    "id" : 216867746,
    "name" : "Count",
    "dataTypeName" : "number",
    "fieldName" : "count",
    "position" : 34,
    "renderTypeName" : "number",
    "tableColumnId" : 18844411,
    "width" : 160,
    "cachedContents" : {
      "non_null" : 1092,
      "smallest" : "1",
      "sum" : "1092",
      "null" : 1,
      "average" : "1",
      "largest" : "1",
      "top" : [ {
        "count" : 20,
        "item" : "1"
      } ]
    },
    "format" : { }
  }, {
    "id" : 216867745,
    "name" : "Location 1",
    "dataTypeName" : "location",
    "description" : "Address information used for mapping.",
    "fieldName" : "location_1",
    "position" : 35,
    "renderTypeName" : "location",
    "tableColumnId" : 18844412,
    "width" : 220,
    "cachedContents" : {
      "non_null" : 1093,
      "smallest" : {
        "longitude" : "-73.65006",
        "latitude" : "41.018519",
        "human_address" : "{\"address\":\"1 Greenwich Office Park, 3rd Floor North\",\"city\":\"Greenwich\",\"state\":\"CT\",\"zip\":\"06831\"}"
      },
      "null" : 0,
      "largest" : {
        "human_address" : "{\"address\":\"PO Box 290184\",\"city\":\"Wethersfield\",\"state\":\"CT\",\"zip\":\"06129\"}"
      },
      "top" : [ {
        "count" : 20,
        "item" : {
          "longitude" : "-72.951546",
          "latitude" : "41.287749",
          "human_address" : "{\"address\":\"135 Front Avenue\",\"city\":\"West Haven\",\"state\":\"CT\",\"zip\":\"06516\"}"
        }
      }, {
        "count" : 19,
        "item" : {
          "longitude" : "-72.61099",
          "latitude" : "41.771639",
          "human_address" : "{\"address\":\"111 Roberts Street, Suite G1\",\"city\":\"East Hartford\",\"state\":\"CT\",\"zip\":\"06108\"}"
        }
      }, {
        "count" : 18,
        "item" : {
          "longitude" : "-72.702465",
          "latitude" : "41.757947",
          "human_address" : "{\"address\":\"1429 Park Street\",\"city\":\"Hartford\",\"state\":\"CT\",\"zip\":\"06106\"}"
        }
      }, {
        "count" : 17,
        "item" : {
          "longitude" : "-72.835918",
          "latitude" : "41.324556",
          "human_address" : "{\"address\":\"317 Foxon Road, Suite 3B\",\"city\":\"East Haven\",\"state\":\"CT\",\"zip\":\"06513\"}"
        }
      }, {
        "count" : 16,
        "item" : {
          "longitude" : "-72.542883",
          "latitude" : "41.563234",
          "human_address" : "{\"address\":\"265 West High Street\",\"city\":\"East Hampton\",\"state\":\"CT\",\"zip\":\"06424\"}"
        }
      }, {
        "count" : 15,
        "item" : {
          "longitude" : "-72.925393",
          "latitude" : "41.306554",
          "human_address" : "{\"address\":\"129 Church Street\",\"city\":\"New Haven\",\"state\":\"CT\",\"zip\":\"06510\"}"
        }
      }, {
        "count" : 14,
        "item" : {
          "longitude" : "-72.912611",
          "latitude" : "41.306119",
          "human_address" : "{\"address\":\"105 Hamilton Street\",\"city\":\"New Haven\",\"state\":\"CT\",\"zip\":\"06511\"}"
        }
      }, {
        "count" : 13,
        "item" : {
          "longitude" : "-72.723052",
          "latitude" : "41.576298",
          "human_address" : "{\"address\":\"234 Middle Street\",\"city\":\"Middletown\",\"state\":\"CT\",\"zip\":\"06457\"}"
        }
      }, {
        "count" : 12,
        "item" : {
          "longitude" : "-72.704216",
          "latitude" : "41.753059",
          "human_address" : "{\"address\":\"148 Bartholomew Avenue\",\"city\":\"Hartford\",\"state\":\"CT\",\"zip\":\"06106\"}"
        }
      }, {
        "count" : 11,
        "item" : {
          "longitude" : "-73.231893",
          "latitude" : "41.1556",
          "human_address" : "{\"address\":\"3170 Fairfield Avenue\",\"city\":\"Bridgeport\",\"state\":\"CT\",\"zip\":\"06605\"}"
        }
      }, {
        "count" : 10,
        "item" : {
          "longitude" : "-72.984784",
          "latitude" : "41.690175",
          "human_address" : "{\"address\":\"750 Clark Avenue\",\"city\":\"Bristol\",\"state\":\"CT\",\"zip\":\"06010\"}"
        }
      }, {
        "count" : 9,
        "item" : {
          "longitude" : "-72.477304",
          "latitude" : "41.875231",
          "human_address" : "{\"address\":\"9 Village Street\",\"city\":\"Ellington\",\"state\":\"CT\",\"zip\":\"06029\"}"
        }
      }, {
        "count" : 8,
        "item" : {
          "longitude" : "-72.745128",
          "latitude" : "41.786072",
          "human_address" : "{\"address\":\"2471 Albany Avenue\",\"city\":\"West Hartford\",\"state\":\"CT\",\"zip\":\"06117\"}"
        }
      }, {
        "count" : 7,
        "item" : {
          "longitude" : "-73.542458",
          "latitude" : "41.049949",
          "human_address" : "{\"address\":\"750 Washington Boulevard, 10th Floor\",\"city\":\"Stamford\",\"state\":\"CT\",\"zip\":\"06901\"}"
        }
      }, {
        "count" : 6,
        "item" : {
          "longitude" : "-73.055358",
          "latitude" : "41.4908",
          "human_address" : "{\"address\":\"175 Church Street\",\"city\":\"Naugatuck\",\"state\":\"CT\",\"zip\":\"06770\"}"
        }
      }, {
        "count" : 5,
        "item" : {
          "longitude" : "-73.118341",
          "latitude" : "41.802404",
          "human_address" : "{\"address\":\"143 East Main Street\",\"city\":\"Torrington\",\"state\":\"CT\",\"zip\":\"06790\"}"
        }
      }, {
        "count" : 4,
        "item" : {
          "longitude" : "-72.925746",
          "latitude" : "41.827651",
          "human_address" : "{\"address\":\"97 River Road\",\"city\":\"Canton\",\"state\":\"CT\",\"zip\":\"06019\"}"
        }
      }, {
        "count" : 3,
        "item" : {
          "longitude" : "-72.725157",
          "latitude" : "41.736362",
          "human_address" : "{\"address\":\"22 Grassmere Avenue\",\"city\":\"West Hartford\",\"state\":\"CT\",\"zip\":\"06110\"}"
        }
      }, {
        "count" : 2,
        "item" : {
          "longitude" : "-73.157813",
          "latitude" : "41.269638",
          "human_address" : "{\"address\":\"24 Woodlawn Terrace\",\"city\":\"Shelton\",\"state\":\"CT\",\"zip\":\"06484\"}"
        }
      }, {
        "count" : 1,
        "item" : {
          "longitude" : "-72.656998",
          "latitude" : "41.763892",
          "human_address" : "{\"address\":\"222 Pitkin Street\",\"city\":\"East Hartford\",\"state\":\"CT\",\"zip\":\"06108\"}"
        }
      } ]
    },
    "format" : {
      "view" : "address_coords",
      "align" : "left"
    },
    "subColumnTypes" : [ "human_address", "latitude", "longitude", "machine_address", "needs_recoding" ]
  } ],
  "displayFormat" : {
    "bkgdLayers" : [ {
      "opacity" : 1,
      "layerKey" : "World Street Map (ESRI)"
    } ],
    "viewport" : {
      "ymin" : 40.812724490656,
      "ymax" : 42.329037572076,
      "xmin" : -75.08238620681,
      "xmax" : -70.148426246756
    },
    "disableGeolocator" : false,
    "exclusiveLayers" : false,
    "viewDefinitions" : [ {
      "uid" : "self",
      "plotStyle" : "point",
      "highlightColor" : "#ddeaf0",
      "color" : "#0000ff",
      "opacity" : 1,
      "flyoutsNoLabel" : false,
      "plot" : {
        "descriptionColumns" : [ {
          "tableColumnId" : 18844392
        }, {
          "tableColumnId" : 18844380
        }, {
          "tableColumnId" : 18844381
        }, {
          "tableColumnId" : 18844397
        }, {
          "tableColumnId" : 18844398
        } ],
        "locationId" : 18844412,
        "titleId" : 18844379
      }
    } ]
  },
  "grants" : [ {
    "inherited" : true,
    "type" : "viewer",
    "flags" : [ "public" ]
  } ],
  "metadata" : {
    "renderTypeConfig" : {
      "visible" : {
        "map" : true
      },
      "active" : {
        "page" : {
          "id" : "self"
        }
      }
    },
    "availableDisplayTypes" : [ "map", "table", "fatrow", "page" ],
    "jsonQuery" : {
      "order" : [ {
        "ascending" : true,
        "columnFieldName" : "funding_source"
      } ],
      "where" : {
        "value" : "Express",
        "operator" : "CONTAINS",
        "columnFieldName" : "funding_source",
        "metadata" : {
          "freeform" : true,
          "unifiedVersion" : 2,
          "tableColumnId" : {
            "1524342" : 18844395
          },
          "operator" : "CONTAINS"
        }
      }
    },
    "rdfSubject" : "0"
  },
  "owner" : {
    "id" : "nbd6-fawc",
    "displayName" : "Kara Sene",
    "profileImageUrlLarge" : "/api/users/nbd6-fawc/profile_images/LARGE",
    "profileImageUrlMedium" : "/api/users/nbd6-fawc/profile_images/THUMB",
    "profileImageUrlSmall" : "/api/users/nbd6-fawc/profile_images/TINY",
    "roleName" : "editor",
    "screenName" : "Kara Sene",
    "rights" : [ "create_datasets", "view_domain", "create_pages", "view_goals", "view_dashboards" ]
  },
  "query" : {
    "filterCondition" : {
      "type" : "operator",
      "value" : "AND",
      "children" : [ {
        "type" : "operator",
        "value" : "CONTAINS",
        "children" : [ {
          "columnId" : 216867731,
          "type" : "column"
        }, {
          "type" : "literal",
          "value" : "Express"
        } ],
        "metadata" : {
          "freeform" : true,
          "tableColumnId" : {
            "1524342" : 18844395
          },
          "unifiedVersion" : 2,
          "operator" : "CONTAINS"
        }
      } ],
      "metadata" : {
        "freeform" : true,
        "tableColumnId" : {
          "1524342" : 18844395
        },
        "unifiedVersion" : 2,
        "operator" : "CONTAINS"
      }
    },
    "orderBys" : [ {
      "ascending" : true,
      "expression" : {
        "columnId" : 216867731,
        "type" : "column"
      }
    } ]
  },
  "rights" : [ "read" ],
  "sortBys" : [ {
    "id" : 0,
    "viewColumnId" : 216867731,
    "flags" : [ "asc" ]
  } ],
  "tableAuthor" : {
    "id" : "nbd6-fawc",
    "displayName" : "Kara Sene",
    "profileImageUrlLarge" : "/api/users/nbd6-fawc/profile_images/LARGE",
    "profileImageUrlMedium" : "/api/users/nbd6-fawc/profile_images/THUMB",
    "profileImageUrlSmall" : "/api/users/nbd6-fawc/profile_images/TINY",
    "roleName" : "editor",
    "screenName" : "Kara Sene",
    "rights" : [ "create_datasets", "view_domain", "create_pages", "view_goals", "view_dashboards" ]
  },
  "tags" : [ "executive order 38", "decd", "department of economic and community development", "business assistance", "grant", "loan" ],
  "viewFilters" : {
    "type" : "operator",
    "value" : "AND",
    "children" : [ {
      "type" : "operator",
      "value" : "CONTAINS",
      "children" : [ {
        "columnId" : 216867731,
        "type" : "column"
      }, {
        "type" : "literal",
        "value" : "Express"
      } ],
      "metadata" : {
        "freeform" : true,
        "tableColumnId" : {
          "1524342" : 18844395
        },
        "unifiedVersion" : 2,
        "operator" : "CONTAINS"
      }
    } ],
    "metadata" : {
      "freeform" : true,
      "tableColumnId" : {
        "1524342" : 18844395
      },
      "unifiedVersion" : 2,
      "operator" : "CONTAINS"
    }
  }
}
