{
  "id" : "9y6m-fkd4",
  "name" : "CT Transit New Haven Bus Stops",
  "attribution" : "City of New Haven",
  "averageRating" : 0,
  "blobFilename" : "CT Transit NH Bus Stops 2012.zip",
  "blobFileSize" : 200747,
  "blobId" : "cZYXRXqDzt_lyjqcJPf6nvLTXSNxAAnb9J09OcQ2sIA",
  "blobMimeType" : "application/zip; charset=binary",
  "category" : "Transportation",
  "createdAt" : 1418930605,
  "description" : "GIS Data for CT Tranist Bus Stops located in the City of New Haven",
  "displayType" : "map",
  "downloadCount" : 9,
  "indexUpdatedAt" : 1449092143,
  "licenseId" : "PUBLIC_DOMAIN",
  "newBackend" : true,
  "numberOfComments" : 0,
  "oid" : 15140811,
  "publicationAppendEnabled" : false,
  "publicationDate" : 1418930612,
  "publicationGroup" : 5805421,
  "publicationStage" : "published",
  "tableId" : 5805421,
  "totalTimesRated" : 0,
  "viewCount" : 205,
  "viewLastModified" : 1418932579,
  "viewType" : "geo",
  "childViews" : [ "n47f-2g9i" ],
  "columns" : [ ],
  "displayFormat" : {
    "bkgdLayers" : [ {
      "alias" : "Google",
      "opacity" : 1,
      "layerKey" : "Google Roadmap"
    }, {
      "alias" : "Bing",
      "opacity" : 1,
      "layerKey" : "Bing Road"
    }, {
      "alias" : "ESRI",
      "opacity" : 1,
      "layerKey" : "World Street Map (ESRI)"
    } ],
    "viewport" : {
      "ymin" : 41.219341894975,
      "ymax" : 41.497651195601,
      "xmin" : -73.973350174243,
      "xmax" : -71.995811112018
    },
    "plotStyle" : "point",
    "distinctLegend" : true,
    "exclusiveLayers" : true,
    "viewDefinitions" : [ {
      "uid" : "self"
    } ]
  },
  "grants" : [ {
    "inherited" : false,
    "type" : "viewer",
    "flags" : [ "public" ]
  } ],
  "license" : {
    "name" : "Public Domain"
  },
  "metadata" : {
    "custom_fields" : {
      "Microsites" : {
        "Local" : "City of New Haven"
      }
    },
    "renderTypeConfig" : {
      "visible" : {
        "map" : true,
        "table" : true
      }
    },
    "availableDisplayTypes" : [ "map", "table", "fatrow", "page" ],
    "geo" : {
      "owsUrl" : "/api/geospatial/9y6m-fkd4",
      "isNbe" : true,
      "bbox" : "-73.09367700000006,41.20696999999993,-72.59614100000006,41.55710399999992",
      "layers" : "n47f-2g9i",
      "featureIdAttribute" : "_SocrataID",
      "bboxCrs" : "EPSG:4326",
      "namespace" : "_9y6m-fkd4"
    }
  },
  "owner" : {
    "id" : "cvy9-n6sb",
    "displayName" : "Tyler Kleykamp",
    "roleName" : "administrator",
    "screenName" : "Tyler Kleykamp",
    "rights" : [ "create_datasets", "edit_others_datasets", "edit_sdp", "edit_site_theme", "moderate_comments", "manage_users", "chown_datasets", "edit_nominations", "approve_nominations", "feature_items", "federations", "manage_stories", "manage_approval", "change_configurations", "view_domain", "view_others_datasets", "edit_pages", "create_pages", "view_goals", "view_dashboards", "edit_goals", "edit_dashboards", "create_dashboards" ]
  },
  "query" : { },
  "rights" : [ "read" ],
  "tableAuthor" : {
    "id" : "cvy9-n6sb",
    "displayName" : "Tyler Kleykamp",
    "roleName" : "administrator",
    "screenName" : "Tyler Kleykamp",
    "rights" : [ "create_datasets", "edit_others_datasets", "edit_sdp", "edit_site_theme", "moderate_comments", "manage_users", "chown_datasets", "edit_nominations", "approve_nominations", "feature_items", "federations", "manage_stories", "manage_approval", "change_configurations", "view_domain", "view_others_datasets", "edit_pages", "create_pages", "view_goals", "view_dashboards", "edit_goals", "edit_dashboards", "create_dashboards" ]
  },
  "tags" : [ "new have", "transit", "bus", "stops" ],
  "flags" : [ "default" ]
}
