{
  "id" : "a9eq-56kb",
  "name" : "Manufacturing Assistance Act Tabulated Data",
  "attribution" : "Department of Economic and Community Development",
  "averageRating" : 0,
  "category" : "Business",
  "createdAt" : 1395935868,
  "description" : "These are the MAA projects in the Department of Economic and Community Development - Business Assistance Portfolio dataset. This data is updated in accordance with with the schedule of that dataset",
  "displayType" : "table",
  "downloadCount" : 99,
  "indexUpdatedAt" : 1442332928,
  "moderationStatus" : true,
  "newBackend" : false,
  "numberOfComments" : 0,
  "oid" : 12768286,
  "publicationAppendEnabled" : false,
  "publicationDate" : 1439223649,
  "publicationGroup" : 1524342,
  "publicationStage" : "published",
  "rowsUpdatedAt" : 1439221565,
  "rowsUpdatedBy" : "nbd6-fawc",
  "tableId" : 3936658,
  "totalTimesRated" : 0,
  "viewCount" : 539,
  "viewLastModified" : 1442326579,
  "viewType" : "tabular",
  "columns" : [ {
    "id" : 216867679,
    "name" : "Fiscal Year",
    "dataTypeName" : "text",
    "description" : "Based on State Fiscal Year that the contract was signed.",
    "fieldName" : "fiscal_year",
    "position" : 1,
    "renderTypeName" : "text",
    "tableColumnId" : 18844378,
    "width" : 156,
    "cachedContents" : {
      "non_null" : 172,
      "smallest" : "1993",
      "null" : 0,
      "largest" : "2015",
      "top" : [ {
        "count" : 20,
        "item" : "2006"
      }, {
        "count" : 19,
        "item" : "2007"
      }, {
        "count" : 18,
        "item" : "2013"
      }, {
        "count" : 17,
        "item" : "2012"
      }, {
        "count" : 16,
        "item" : "2009"
      }, {
        "count" : 15,
        "item" : "1993"
      }, {
        "count" : 14,
        "item" : "2011"
      }, {
        "count" : 13,
        "item" : "2014"
      }, {
        "count" : 12,
        "item" : "2015"
      }, {
        "count" : 11,
        "item" : "2005"
      }, {
        "count" : 10,
        "item" : "2010"
      }, {
        "count" : 9,
        "item" : "2008"
      }, {
        "count" : 8,
        "item" : "2002"
      }, {
        "count" : 7,
        "item" : "1999"
      }, {
        "count" : 6,
        "item" : "2000"
      } ]
    },
    "format" : {
      "align" : "left"
    }
  }, {
    "id" : 216867680,
    "name" : "Company",
    "dataTypeName" : "text",
    "description" : "Entity receiving financial assistance from DECD.  Company’s with an “*” also received Urban and Industrial Site Reinvestment tax credits.",
    "fieldName" : "company",
    "position" : 2,
    "renderTypeName" : "text",
    "tableColumnId" : 18844379,
    "width" : 361,
    "cachedContents" : {
      "non_null" : 172,
      "smallest" : "Accel International Holdings, Inc.",
      "null" : 0,
      "largest" : "Wusthof-Trident of America, Inc.",
      "top" : [ {
        "count" : 20,
        "item" : "Starwood Hotels & Resorts Worldwide, Inc.*"
      }, {
        "count" : 19,
        "item" : "Navigators Management Company, Inc."
      }, {
        "count" : 18,
        "item" : "NBC Sports Network, LP"
      }, {
        "count" : 17,
        "item" : "EDAC Technologies Corporation*"
      }, {
        "count" : 16,
        "item" : "Sustainable Building Systems*"
      }, {
        "count" : 15,
        "item" : "CK Greenhouses, Inc."
      }, {
        "count" : 14,
        "item" : "Aperture Optical Sciences, Inc."
      }, {
        "count" : 13,
        "item" : "CF Foods, LLC"
      } ]
    },
    "format" : {
      "align" : "left"
    }
  }, {
    "id" : 216867681,
    "name" : "Address",
    "dataTypeName" : "text",
    "description" : "Company location",
    "fieldName" : "address",
    "position" : 3,
    "renderTypeName" : "text",
    "tableColumnId" : 18844380,
    "width" : 184,
    "cachedContents" : {
      "non_null" : 172,
      "smallest" : "100 College Street",
      "null" : 0,
      "largest" : "One Star Point ",
      "top" : [ {
        "count" : 20,
        "item" : "900 Cottage Grove Road"
      }, {
        "count" : 19,
        "item" : "400 Atlantic Street"
      }, {
        "count" : 18,
        "item" : "208 Harbor Drive"
      }, {
        "count" : 17,
        "item" : "5 McKee Place"
      }, {
        "count" : 16,
        "item" : "18 Craftsman Road"
      }, {
        "count" : 15,
        "item" : "200 Schoolhouse Road "
      }, {
        "count" : 14,
        "item" : "27 Parson Lane"
      }, {
        "count" : 13,
        "item" : "One Celebration Way"
      } ]
    },
    "format" : {
      "align" : "left"
    }
  }, {
    "id" : 216867682,
    "name" : "Municipality",
    "dataTypeName" : "text",
    "fieldName" : "municipality",
    "position" : 4,
    "renderTypeName" : "text",
    "tableColumnId" : 18844381,
    "width" : 169,
    "cachedContents" : {
      "non_null" : 172,
      "smallest" : "Bethel",
      "null" : 0,
      "largest" : "Woodstock",
      "top" : [ {
        "count" : 20,
        "item" : "Waterbury"
      }, {
        "count" : 19,
        "item" : "Bridgeport"
      }, {
        "count" : 18,
        "item" : "Enfield"
      }, {
        "count" : 17,
        "item" : "Wethersfield"
      }, {
        "count" : 16,
        "item" : "Windsor"
      }, {
        "count" : 15,
        "item" : "Hartford"
      }, {
        "count" : 14,
        "item" : "Norwalk"
      }, {
        "count" : 13,
        "item" : "Wallingford"
      }, {
        "count" : 12,
        "item" : "New Haven"
      }, {
        "count" : 11,
        "item" : "South Windsor"
      }, {
        "count" : 10,
        "item" : "East Granby"
      }, {
        "count" : 9,
        "item" : "North Canaan"
      }, {
        "count" : 8,
        "item" : "Glastonbury"
      }, {
        "count" : 7,
        "item" : "Stamford"
      }, {
        "count" : 6,
        "item" : "Rocky Hill"
      }, {
        "count" : 5,
        "item" : "Bloomfield"
      }, {
        "count" : 4,
        "item" : "Farmington"
      }, {
        "count" : 3,
        "item" : "Shelton"
      }, {
        "count" : 2,
        "item" : "New Milford"
      }, {
        "count" : 1,
        "item" : "Danbury"
      } ]
    },
    "format" : { }
  }, {
    "id" : 216867684,
    "name" : "State",
    "dataTypeName" : "text",
    "fieldName" : "state",
    "position" : 5,
    "renderTypeName" : "text",
    "tableColumnId" : 18844382,
    "width" : 115,
    "cachedContents" : {
      "non_null" : 172,
      "smallest" : "CT",
      "null" : 0,
      "largest" : "CT ",
      "top" : [ {
        "count" : 20,
        "item" : "CT"
      }, {
        "count" : 19,
        "item" : "CT "
      } ]
    },
    "format" : { }
  }, {
    "id" : 216867685,
    "name" : "Zip Code",
    "dataTypeName" : "text",
    "description" : "Company location",
    "fieldName" : "zip_code",
    "position" : 6,
    "renderTypeName" : "text",
    "tableColumnId" : 18844383,
    "width" : 140,
    "cachedContents" : {
      "non_null" : 172,
      "smallest" : "06002",
      "null" : 0,
      "largest" : "06906",
      "top" : [ {
        "count" : 20,
        "item" : "06095"
      }, {
        "count" : 19,
        "item" : "06492"
      }, {
        "count" : 18,
        "item" : "06074"
      }, {
        "count" : 17,
        "item" : "06024"
      }, {
        "count" : 16,
        "item" : "06026"
      }, {
        "count" : 15,
        "item" : "06033"
      }, {
        "count" : 14,
        "item" : "06484"
      }, {
        "count" : 13,
        "item" : "06902"
      }, {
        "count" : 12,
        "item" : "06906"
      }, {
        "count" : 11,
        "item" : "06776"
      }, {
        "count" : 10,
        "item" : "06810"
      }, {
        "count" : 9,
        "item" : "06479"
      }, {
        "count" : 8,
        "item" : "06277"
      }, {
        "count" : 7,
        "item" : "06850"
      }, {
        "count" : 6,
        "item" : "06790"
      }, {
        "count" : 5,
        "item" : "06460"
      }, {
        "count" : 4,
        "item" : "06901"
      }, {
        "count" : 3,
        "item" : "06103"
      }, {
        "count" : 2,
        "item" : "06510"
      }, {
        "count" : 1,
        "item" : "06512"
      } ]
    },
    "format" : {
      "align" : "left"
    }
  }, {
    "id" : 216867711,
    "name" : "County",
    "dataTypeName" : "text",
    "fieldName" : "county",
    "position" : 7,
    "renderTypeName" : "text",
    "tableColumnId" : 18844384,
    "width" : 172,
    "cachedContents" : {
      "non_null" : 0,
      "null" : 172
    },
    "format" : { }
  }, {
    "id" : 216867712,
    "name" : "Legislative District",
    "dataTypeName" : "text",
    "fieldName" : "legislative_district",
    "position" : 8,
    "renderTypeName" : "text",
    "tableColumnId" : 18844385,
    "width" : 340,
    "cachedContents" : {
      "non_null" : 0,
      "null" : 172
    },
    "format" : { }
  }, {
    "id" : 216867686,
    "name" : "Industry",
    "dataTypeName" : "text",
    "description" : "Business Activity of the Company.",
    "fieldName" : "industry",
    "position" : 9,
    "renderTypeName" : "text",
    "tableColumnId" : 18844386,
    "width" : 270,
    "cachedContents" : {
      "non_null" : 158,
      "smallest" : "Administrative",
      "null" : 14,
      "largest" : "Wholesale",
      "top" : [ {
        "count" : 20,
        "item" : "Manufacturing"
      }, {
        "count" : 19,
        "item" : "Wholesale"
      }, {
        "count" : 18,
        "item" : "Retail Trade"
      }, {
        "count" : 17,
        "item" : "Financial Services"
      }, {
        "count" : 16,
        "item" : "Service"
      }, {
        "count" : 15,
        "item" : "BioTech"
      }, {
        "count" : 14,
        "item" : "Information"
      }, {
        "count" : 13,
        "item" : "Agriculture"
      }, {
        "count" : 12,
        "item" : "Utilities"
      }, {
        "count" : 11,
        "item" : "Entertainment"
      }, {
        "count" : 10,
        "item" : "Other Service"
      }, {
        "count" : 9,
        "item" : "Administrative Support"
      }, {
        "count" : 8,
        "item" : "Administrative"
      }, {
        "count" : 7,
        "item" : "Retail"
      }, {
        "count" : 6,
        "item" : "Transportation"
      }, {
        "count" : 5,
        "item" : "Health Care"
      }, {
        "count" : 4,
        "item" : "Digital Media"
      } ]
    },
    "format" : {
      "align" : "left"
    }
  }, {
    "id" : 216867687,
    "name" : "NAICS Code",
    "dataTypeName" : "text",
    "description" : "North American Industry Classification System",
    "fieldName" : "naics_code",
    "position" : 10,
    "renderTypeName" : "text",
    "tableColumnId" : 18844387,
    "width" : 166,
    "cachedContents" : {
      "non_null" : 172,
      "smallest" : "111998",
      "null" : 0,
      "largest" : "813920",
      "top" : [ {
        "count" : 20,
        "item" : "336412"
      }, {
        "count" : 19,
        "item" : "112120"
      }, {
        "count" : 18,
        "item" : "335999"
      }, {
        "count" : 17,
        "item" : "332710"
      }, {
        "count" : 16,
        "item" : "541990"
      }, {
        "count" : 15,
        "item" : "561110"
      }, {
        "count" : 14,
        "item" : "334519"
      }, {
        "count" : 13,
        "item" : "332812"
      }, {
        "count" : 12,
        "item" : "332721"
      }, {
        "count" : 11,
        "item" : "561990"
      }, {
        "count" : 10,
        "item" : "423320"
      }, {
        "count" : 9,
        "item" : "511110"
      }, {
        "count" : 8,
        "item" : "325611"
      }, {
        "count" : 7,
        "item" : "334419"
      }, {
        "count" : 6,
        "item" : "311352"
      }, {
        "count" : 5,
        "item" : "711212"
      }, {
        "count" : 4,
        "item" : "541711"
      }, {
        "count" : 3,
        "item" : "441320"
      }, {
        "count" : 2,
        "item" : "522220"
      }, {
        "count" : 1,
        "item" : "523999"
      } ]
    },
    "format" : {
      "align" : "right"
    }
  }, {
    "id" : 216867688,
    "name" : "Minority or Women Owned",
    "dataTypeName" : "text",
    "description" : "Indicates if Company is 51% owned by woman/minority.",
    "fieldName" : "minority_or_women_owned",
    "position" : 11,
    "renderTypeName" : "text",
    "tableColumnId" : 18844388,
    "width" : 269,
    "cachedContents" : {
      "non_null" : 172,
      "smallest" : "n/a",
      "null" : 0,
      "largest" : "yes",
      "top" : [ {
        "count" : 20,
        "item" : "no"
      }, {
        "count" : 19,
        "item" : "yes"
      }, {
        "count" : 18,
        "item" : "No"
      }, {
        "count" : 17,
        "item" : "n/a"
      } ]
    },
    "format" : {
      "align" : "left"
    }
  }, {
    "id" : 216867689,
    "name" : "Contract Execution Date",
    "dataTypeName" : "calendar_date",
    "description" : "If applicable, this date represents the date the contract was signed with DECD. ",
    "fieldName" : "contract_execution_date",
    "position" : 12,
    "renderTypeName" : "calendar_date",
    "tableColumnId" : 18844389,
    "width" : 237,
    "cachedContents" : {
      "non_null" : 172,
      "smallest" : "1992-10-15T00:00:00",
      "null" : 0,
      "largest" : "2015-03-31T00:00:00",
      "top" : [ {
        "count" : 20,
        "item" : "2013-08-14T00:00:00"
      }, {
        "count" : 19,
        "item" : "2013-05-21T00:00:00"
      }, {
        "count" : 18,
        "item" : "2008-02-15T00:00:00"
      }, {
        "count" : 17,
        "item" : "2014-01-17T00:00:00"
      }, {
        "count" : 16,
        "item" : "2014-05-05T00:00:00"
      }, {
        "count" : 15,
        "item" : "2012-12-18T00:00:00"
      }, {
        "count" : 14,
        "item" : "2011-05-27T00:00:00"
      }, {
        "count" : 13,
        "item" : "2009-12-14T00:00:00"
      } ]
    },
    "format" : {
      "align" : "left"
    }
  }, {
    "id" : 216867690,
    "name" : "Grant Amount",
    "dataTypeName" : "money",
    "description" : "Amount of DECD grant funding being provided to the Company.",
    "fieldName" : "grant_amount",
    "position" : 13,
    "renderTypeName" : "money",
    "tableColumnId" : 18844390,
    "width" : 180,
    "cachedContents" : {
      "non_null" : 172,
      "smallest" : "0",
      "sum" : "76554000",
      "null" : 0,
      "average" : "445081.3953488372",
      "largest" : "24000000",
      "top" : [ {
        "count" : 20,
        "item" : "0"
      }, {
        "count" : 19,
        "item" : "100000"
      }, {
        "count" : 18,
        "item" : "500000"
      }, {
        "count" : 17,
        "item" : "50000"
      }, {
        "count" : 16,
        "item" : "250000"
      }, {
        "count" : 15,
        "item" : "2250000"
      }, {
        "count" : 14,
        "item" : "15000000"
      }, {
        "count" : 13,
        "item" : "1000000"
      }, {
        "count" : 12,
        "item" : "3000000"
      }, {
        "count" : 11,
        "item" : "80000"
      }, {
        "count" : 10,
        "item" : "99000"
      }, {
        "count" : 9,
        "item" : "75000"
      }, {
        "count" : 8,
        "item" : "3500000"
      }, {
        "count" : 7,
        "item" : "6000000"
      }, {
        "count" : 6,
        "item" : "24000000"
      }, {
        "count" : 5,
        "item" : "2000000"
      }, {
        "count" : 4,
        "item" : "10000000"
      }, {
        "count" : 3,
        "item" : "1250000"
      } ]
    },
    "format" : {
      "humane" : "false",
      "currency" : "USD",
      "align" : "right"
    }
  }, {
    "id" : 216867691,
    "name" : "Loan Amount",
    "dataTypeName" : "money",
    "description" : "Amount of DECD loan funding being provided to the Company.",
    "fieldName" : "loan_amount",
    "position" : 14,
    "renderTypeName" : "money",
    "tableColumnId" : 18844391,
    "width" : 167,
    "cachedContents" : {
      "non_null" : 172,
      "smallest" : "0",
      "sum" : "440296523",
      "null" : 0,
      "average" : "2559863.505813953",
      "largest" : "38000000",
      "top" : [ {
        "count" : 20,
        "item" : "250000"
      }, {
        "count" : 19,
        "item" : "5000000"
      }, {
        "count" : 18,
        "item" : "0"
      }, {
        "count" : 17,
        "item" : "1500000"
      }, {
        "count" : 16,
        "item" : "6000000"
      }, {
        "count" : 15,
        "item" : "300000"
      }, {
        "count" : 14,
        "item" : "3000000"
      }, {
        "count" : 13,
        "item" : "2500000"
      }, {
        "count" : 12,
        "item" : "200000"
      }, {
        "count" : 11,
        "item" : "100000"
      }, {
        "count" : 10,
        "item" : "4000000"
      }, {
        "count" : 9,
        "item" : "2000000"
      }, {
        "count" : 8,
        "item" : "500000"
      }, {
        "count" : 7,
        "item" : "2750000"
      }, {
        "count" : 6,
        "item" : "175000"
      }, {
        "count" : 5,
        "item" : "750000"
      }, {
        "count" : 4,
        "item" : "1000000"
      }, {
        "count" : 3,
        "item" : "3500000"
      }, {
        "count" : 2,
        "item" : "20000000"
      }, {
        "count" : 1,
        "item" : "8000000"
      } ]
    },
    "format" : {
      "humane" : "false",
      "currency" : "USD",
      "align" : "right"
    }
  }, {
    "id" : 216867692,
    "name" : "Total Assistance ",
    "dataTypeName" : "money",
    "description" : "Total amount of DECD funding being provided to the Company.",
    "fieldName" : "total_assistance",
    "position" : 15,
    "renderTypeName" : "money",
    "tableColumnId" : 18844392,
    "width" : 185,
    "cachedContents" : {
      "non_null" : 172,
      "smallest" : "25000",
      "sum" : "516850523",
      "null" : 0,
      "average" : "3004944.901162791",
      "largest" : "48000000",
      "top" : [ {
        "count" : 20,
        "item" : "250000"
      }, {
        "count" : 19,
        "item" : "5000000"
      }, {
        "count" : 18,
        "item" : "100000"
      }, {
        "count" : 17,
        "item" : "1500000"
      }, {
        "count" : 16,
        "item" : "6000000"
      }, {
        "count" : 15,
        "item" : "400000"
      }, {
        "count" : 14,
        "item" : "3000000"
      }, {
        "count" : 13,
        "item" : "3500000"
      }, {
        "count" : 12,
        "item" : "750000"
      }, {
        "count" : 11,
        "item" : "2500000"
      }, {
        "count" : 10,
        "item" : "200000"
      }, {
        "count" : 9,
        "item" : "350000"
      }, {
        "count" : 8,
        "item" : "4000000"
      }, {
        "count" : 7,
        "item" : "2000000"
      }, {
        "count" : 6,
        "item" : "500000"
      }, {
        "count" : 5,
        "item" : "300000"
      }, {
        "count" : 4,
        "item" : "2750000"
      }, {
        "count" : 3,
        "item" : "175000"
      }, {
        "count" : 2,
        "item" : "7000000"
      }, {
        "count" : 1,
        "item" : "20000000"
      } ]
    },
    "format" : {
      "humane" : "false",
      "currency" : "USD",
      "align" : "right"
    }
  }, {
    "id" : 216867693,
    "name" : "Total Project Cost",
    "dataTypeName" : "money",
    "description" : "Total amount of DECD and non-DECD funding being used to complete the project.",
    "fieldName" : "total_project_cost",
    "position" : 16,
    "renderTypeName" : "money",
    "tableColumnId" : 18844393,
    "width" : 207,
    "cachedContents" : {
      "non_null" : 171,
      "smallest" : "57200",
      "sum" : "2703418215",
      "null" : 1,
      "average" : "15809463.24561404",
      "largest" : "219000000",
      "top" : [ {
        "count" : 20,
        "item" : "500000"
      }, {
        "count" : 19,
        "item" : "200000"
      }, {
        "count" : 18,
        "item" : "8000000"
      }, {
        "count" : 17,
        "item" : "1000000"
      }, {
        "count" : 16,
        "item" : "450000"
      }, {
        "count" : 15,
        "item" : "75000000"
      }, {
        "count" : 14,
        "item" : "30000000"
      }, {
        "count" : 13,
        "item" : "2007000"
      }, {
        "count" : 12,
        "item" : "57200"
      }, {
        "count" : 11,
        "item" : "100000"
      }, {
        "count" : 10,
        "item" : "360000"
      }, {
        "count" : 9,
        "item" : "700000"
      }, {
        "count" : 8,
        "item" : "34175000"
      }, {
        "count" : 7,
        "item" : "7000000"
      }, {
        "count" : 6,
        "item" : "2180000"
      }, {
        "count" : 5,
        "item" : "4285000"
      }, {
        "count" : 4,
        "item" : "1500000"
      }, {
        "count" : 3,
        "item" : "8750000"
      }, {
        "count" : 2,
        "item" : "22250000"
      }, {
        "count" : 1,
        "item" : "42363157"
      } ]
    },
    "format" : {
      "humane" : "false",
      "currency" : "USD",
      "align" : "right"
    }
  }, {
    "id" : 216867694,
    "name" : "Amount Leveraged",
    "dataTypeName" : "money",
    "description" : "Amount of non-DECD funding for the project.",
    "fieldName" : "amount_leveraged",
    "position" : 17,
    "renderTypeName" : "money",
    "tableColumnId" : 18844394,
    "width" : 210,
    "cachedContents" : {
      "non_null" : 171,
      "smallest" : "0",
      "sum" : "2117558692",
      "null" : 1,
      "average" : "12383384.16374269",
      "largest" : "213000000",
      "top" : [ {
        "count" : 20,
        "item" : "100000"
      }, {
        "count" : 19,
        "item" : "4000000"
      }, {
        "count" : 18,
        "item" : "1000000"
      }, {
        "count" : 17,
        "item" : "8000000"
      }, {
        "count" : 16,
        "item" : "65500000"
      }, {
        "count" : 15,
        "item" : "25000000"
      }, {
        "count" : 14,
        "item" : "1507000"
      }, {
        "count" : 13,
        "item" : "500000"
      }, {
        "count" : 12,
        "item" : "32200"
      }, {
        "count" : 11,
        "item" : "1000"
      }, {
        "count" : 10,
        "item" : "180000"
      }, {
        "count" : 9,
        "item" : "350000"
      }, {
        "count" : 8,
        "item" : "32675000"
      }, {
        "count" : 7,
        "item" : "3500000"
      }, {
        "count" : 6,
        "item" : "1930000"
      }, {
        "count" : 5,
        "item" : "3485000"
      }, {
        "count" : 4,
        "item" : "750000"
      }, {
        "count" : 3,
        "item" : "1100000"
      }, {
        "count" : 2,
        "item" : "1750000"
      }, {
        "count" : 1,
        "item" : "2250000"
      } ]
    },
    "format" : {
      "humane" : "false",
      "currency" : "USD",
      "align" : "right"
    }
  }, {
    "id" : 216867695,
    "name" : "Funding Source",
    "dataTypeName" : "text",
    "description" : "Name of State business assistance program.",
    "fieldName" : "funding_source",
    "position" : 18,
    "renderTypeName" : "text",
    "tableColumnId" : 18844395,
    "width" : 268,
    "cachedContents" : {
      "non_null" : 172,
      "smallest" : "Manufacturing Assistance Act",
      "null" : 0,
      "largest" : "Manufacturing Assistance Act- First Five",
      "top" : [ {
        "count" : 20,
        "item" : "Manufacturing Assistance Act"
      }, {
        "count" : 19,
        "item" : "Manufacturing Assistance Act - First Five"
      }, {
        "count" : 18,
        "item" : "Manufacturing Assistance Act- First Five"
      }, {
        "count" : 17,
        "item" : "Manufacturing Assistance Act/Express"
      }, {
        "count" : 16,
        "item" : "Manufacturing Assistance Act/Small Bus RLF"
      }, {
        "count" : 15,
        "item" : "Manufacturing Assistance Act/Urban Act"
      } ]
    },
    "format" : {
      "align" : "left"
    }
  }, {
    "id" : 216867696,
    "name" : "Statutory Reference",
    "dataTypeName" : "text",
    "description" : "Location of legal authority for which the funding and program requirements are provided.",
    "fieldName" : "statutory_reference",
    "position" : 19,
    "renderTypeName" : "text",
    "tableColumnId" : 18844396,
    "width" : 209,
    "cachedContents" : {
      "non_null" : 172,
      "smallest" : "CH 588l",
      "null" : 0,
      "largest" : "CH 588l",
      "top" : [ {
        "count" : 20,
        "item" : "CH 588l"
      } ]
    },
    "format" : {
      "align" : "left"
    }
  }, {
    "id" : 216867697,
    "name" : "Contract Requirement:Jobs to be Retained",
    "dataTypeName" : "number",
    "description" : "Contractual obligation for job retention.",
    "fieldName" : "contract_requirement_jobs_to_be_retained",
    "position" : 20,
    "renderTypeName" : "number",
    "tableColumnId" : 18844397,
    "width" : 376,
    "cachedContents" : {
      "non_null" : 152,
      "smallest" : "0",
      "sum" : "40969",
      "null" : 20,
      "average" : "269.5328947368421",
      "largest" : "7266",
      "top" : [ {
        "count" : 20,
        "item" : "1"
      }, {
        "count" : 19,
        "item" : "0"
      }, {
        "count" : 18,
        "item" : "2"
      }, {
        "count" : 17,
        "item" : "4"
      }, {
        "count" : 16,
        "item" : "19"
      }, {
        "count" : 15,
        "item" : "10"
      }, {
        "count" : 14,
        "item" : "151"
      }, {
        "count" : 13,
        "item" : "2000"
      }, {
        "count" : 12,
        "item" : "260"
      }, {
        "count" : 11,
        "item" : "3883"
      }, {
        "count" : 10,
        "item" : "116"
      }, {
        "count" : 9,
        "item" : "349"
      }, {
        "count" : 8,
        "item" : "55"
      }, {
        "count" : 7,
        "item" : "40"
      } ]
    },
    "format" : {
      "precisionStyle" : "standard",
      "noCommas" : "false",
      "align" : "right"
    }
  }, {
    "id" : 216867698,
    "name" : "Contract Requirement: Jobs to be Created",
    "dataTypeName" : "number",
    "description" : "Contractual obligation for job creation.",
    "fieldName" : "contract_requirement_jobs_to_be_created",
    "position" : 21,
    "renderTypeName" : "number",
    "tableColumnId" : 18844398,
    "width" : 354,
    "cachedContents" : {
      "non_null" : 153,
      "smallest" : "0",
      "sum" : "11140",
      "null" : 19,
      "average" : "72.81045751633987",
      "largest" : "813",
      "top" : [ {
        "count" : 20,
        "item" : "13"
      }, {
        "count" : 19,
        "item" : "10"
      }, {
        "count" : 18,
        "item" : "20"
      }, {
        "count" : 17,
        "item" : "200"
      }, {
        "count" : 16,
        "item" : "0"
      }, {
        "count" : 15,
        "item" : "25"
      }, {
        "count" : 14,
        "item" : "21"
      }, {
        "count" : 13,
        "item" : "5"
      }, {
        "count" : 12,
        "item" : "8"
      }, {
        "count" : 11,
        "item" : "75"
      }, {
        "count" : 10,
        "item" : "50"
      }, {
        "count" : 9,
        "item" : "65"
      }, {
        "count" : 8,
        "item" : "30"
      }, {
        "count" : 7,
        "item" : "34"
      }, {
        "count" : 6,
        "item" : "4"
      }, {
        "count" : 5,
        "item" : "100"
      }, {
        "count" : 4,
        "item" : "35"
      }, {
        "count" : 3,
        "item" : "23"
      }, {
        "count" : 2,
        "item" : "7"
      }, {
        "count" : 1,
        "item" : "140"
      } ]
    },
    "format" : {
      "precisionStyle" : "standard",
      "noCommas" : "false",
      "align" : "right"
    }
  }, {
    "id" : 216867699,
    "name" : "Contract Requirement: Target Date",
    "dataTypeName" : "calendar_date",
    "description" : "Most recent date that job creation and retention requirements are to be obtain as outlined in the Company’s Assistance Agreement with DECD.",
    "fieldName" : "contract_requirement_target_date",
    "position" : 22,
    "renderTypeName" : "calendar_date",
    "tableColumnId" : 18844399,
    "width" : 300,
    "cachedContents" : {
      "non_null" : 150,
      "smallest" : "2002-09-30T00:00:00",
      "null" : 22,
      "largest" : "2104-04-23T00:00:00",
      "top" : [ {
        "count" : 20,
        "item" : "2015-12-31T00:00:00"
      }, {
        "count" : 19,
        "item" : "2010-12-31T00:00:00"
      }, {
        "count" : 18,
        "item" : "2016-12-31T00:00:00"
      }, {
        "count" : 17,
        "item" : "2018-12-31T00:00:00"
      }, {
        "count" : 16,
        "item" : "2017-12-31T00:00:00"
      }, {
        "count" : 15,
        "item" : "2015-05-01T00:00:00"
      }, {
        "count" : 14,
        "item" : "2013-12-31T00:00:00"
      }, {
        "count" : 13,
        "item" : "2012-12-31T00:00:00"
      }, {
        "count" : 12,
        "item" : "2007-06-30T00:00:00"
      }, {
        "count" : 11,
        "item" : "2015-05-21T00:00:00"
      }, {
        "count" : 10,
        "item" : "2017-11-16T00:00:00"
      }, {
        "count" : 9,
        "item" : "2016-01-17T00:00:00"
      }, {
        "count" : 8,
        "item" : "2014-06-30T00:00:00"
      }, {
        "count" : 7,
        "item" : "2018-09-30T00:00:00"
      }, {
        "count" : 6,
        "item" : "2020-06-30T00:00:00"
      }, {
        "count" : 5,
        "item" : "2023-05-05T00:00:00"
      }, {
        "count" : 4,
        "item" : "2016-01-01T00:00:00"
      }, {
        "count" : 3,
        "item" : "2010-06-30T00:00:00"
      } ]
    },
    "format" : {
      "align" : "left"
    }
  }, {
    "id" : 216867700,
    "name" : "Actual Jobs at Time of Review",
    "dataTypeName" : "number",
    "description" : "Actual jobs created and/or retained as determined by DECD job review or outside accounting firm review.",
    "fieldName" : "actual_jobs_at_time_of_review",
    "position" : 23,
    "renderTypeName" : "number",
    "tableColumnId" : 18844400,
    "width" : 268,
    "cachedContents" : {
      "non_null" : 77,
      "smallest" : "0",
      "sum" : "42347",
      "null" : 95,
      "average" : "549.9610389610390",
      "largest" : "7573",
      "top" : [ {
        "count" : 20,
        "item" : "0"
      }, {
        "count" : 19,
        "item" : "146"
      }, {
        "count" : 18,
        "item" : "3"
      }, {
        "count" : 17,
        "item" : "184"
      }, {
        "count" : 16,
        "item" : "34"
      }, {
        "count" : 15,
        "item" : "105"
      }, {
        "count" : 14,
        "item" : "32"
      }, {
        "count" : 13,
        "item" : "515"
      }, {
        "count" : 12,
        "item" : "27"
      }, {
        "count" : 11,
        "item" : "144"
      }, {
        "count" : 10,
        "item" : "202"
      }, {
        "count" : 9,
        "item" : "148"
      }, {
        "count" : 8,
        "item" : "166"
      }, {
        "count" : 7,
        "item" : "725"
      }, {
        "count" : 6,
        "item" : "20"
      }, {
        "count" : 5,
        "item" : "58"
      }, {
        "count" : 4,
        "item" : "33"
      }, {
        "count" : 3,
        "item" : "861"
      }, {
        "count" : 2,
        "item" : "25"
      }, {
        "count" : 1,
        "item" : "79"
      } ]
    },
    "format" : {
      "precisionStyle" : "standard",
      "noCommas" : "false",
      "align" : "left"
    }
  }, {
    "id" : 216867701,
    "name" : "Job Obligation Status",
    "dataTypeName" : "text",
    "description" : "Status of whether a Company met their employment obligation, did not meet their employment obligation or their contractual job obligation is still pending.",
    "fieldName" : "job_obligation_status",
    "position" : 24,
    "renderTypeName" : "text",
    "tableColumnId" : 18844401,
    "width" : 352,
    "cachedContents" : {
      "non_null" : 172,
      "smallest" : "***",
      "null" : 0,
      "largest" : "Pending",
      "top" : [ {
        "count" : 20,
        "item" : "n/a"
      }, {
        "count" : 19,
        "item" : "Not Met"
      }, {
        "count" : 18,
        "item" : "Pending"
      }, {
        "count" : 17,
        "item" : "Met"
      }, {
        "count" : 16,
        "item" : "***"
      } ]
    },
    "format" : {
      "align" : "left"
    }
  }, {
    "id" : 216867702,
    "name" : "Job Penalty(if applicable)",
    "dataTypeName" : "text",
    "description" : "Penalty imposed on a Company for failing to meet their contractual employment obligation. Typically an interest rate increase or specific dollar amount repaid.",
    "fieldName" : "job_penalty_if_applicable",
    "position" : 25,
    "renderTypeName" : "text",
    "tableColumnId" : 18844402,
    "width" : 250,
    "cachedContents" : {
      "non_null" : 172,
      "smallest" : "$16,000 paid",
      "null" : 0,
      "largest" : "Rate increase from 3.5% to 8.8%",
      "top" : [ {
        "count" : 20,
        "item" : "n/a"
      }, {
        "count" : 19,
        "item" : "$2,500 paid"
      }, {
        "count" : 18,
        "item" : "$16,000 paid"
      }, {
        "count" : 17,
        "item" : "Rate increased from 2% to 2.6%"
      }, {
        "count" : 16,
        "item" : "Pending"
      }, {
        "count" : 15,
        "item" : "Rate increased from 3% to 4.2%"
      }, {
        "count" : 14,
        "item" : "Rate increased from 3% to 3.2%"
      }, {
        "count" : 13,
        "item" : "Rate increased from 3% to 4.5%"
      }, {
        "count" : 12,
        "item" : "Rate increased from 2% to 4.5%"
      }, {
        "count" : 11,
        "item" : "Rate increased from 3% to 3.6%"
      }, {
        "count" : 10,
        "item" : "$42,000 paid"
      }, {
        "count" : 9,
        "item" : "Rate increased from 3% to 7.5%"
      }, {
        "count" : 8,
        "item" : "Rate increase from 3.5% to 8.8%"
      }, {
        "count" : 7,
        "item" : "$3,000 paid"
      }, {
        "count" : 6,
        "item" : "Loan repaid early"
      }, {
        "count" : 5,
        "item" : "Rate increased from 3% to 5.3%"
      }, {
        "count" : 4,
        "item" : "Rate increased from 3% to 4.8%"
      } ]
    },
    "format" : {
      "align" : "left"
    }
  }, {
    "id" : 216867703,
    "name" : "Forgiveness Credit(if applicable)",
    "dataTypeName" : "money",
    "description" : "Amount of loan forgiven if contractual employment requirements are met.",
    "fieldName" : "forgiveness_credit_if_applicable",
    "position" : 26,
    "renderTypeName" : "money",
    "tableColumnId" : 18844403,
    "width" : 296,
    "cachedContents" : {
      "non_null" : 32,
      "smallest" : "75000",
      "sum" : "71933333",
      "null" : 140,
      "average" : "2247916.65625",
      "largest" : "10000000",
      "top" : [ {
        "count" : 20,
        "item" : "400000"
      }, {
        "count" : 19,
        "item" : "750000"
      }, {
        "count" : 18,
        "item" : "4750000"
      }, {
        "count" : 17,
        "item" : "2000000"
      }, {
        "count" : 16,
        "item" : "3000000"
      }, {
        "count" : 15,
        "item" : "500000"
      }, {
        "count" : 14,
        "item" : "6960000"
      }, {
        "count" : 13,
        "item" : "1500000"
      }, {
        "count" : 12,
        "item" : "2383333"
      }, {
        "count" : 11,
        "item" : "550000"
      }, {
        "count" : 10,
        "item" : "6000000"
      }, {
        "count" : 9,
        "item" : "650000"
      }, {
        "count" : 8,
        "item" : "5000000"
      }, {
        "count" : 7,
        "item" : "2500000"
      }, {
        "count" : 6,
        "item" : "75000"
      }, {
        "count" : 5,
        "item" : "1000000"
      }, {
        "count" : 4,
        "item" : "200000"
      }, {
        "count" : 3,
        "item" : "7000000"
      }, {
        "count" : 2,
        "item" : "175000"
      }, {
        "count" : 1,
        "item" : "540000"
      } ]
    },
    "format" : {
      "humane" : "false",
      "currency" : "USD",
      "align" : "left"
    }
  }, {
    "id" : 216867704,
    "name" : "Per Application: Full Time CT Jobs at Application",
    "dataTypeName" : "number",
    "description" : "Employment levels provided by the Company at time of Application.",
    "fieldName" : "per_application_full_time_ct_jobs_at_application",
    "position" : 27,
    "renderTypeName" : "number",
    "tableColumnId" : 18844404,
    "width" : 428,
    "cachedContents" : {
      "non_null" : 165,
      "smallest" : "0",
      "sum" : "45051",
      "null" : 7,
      "average" : "273.0363636363636",
      "largest" : "10039",
      "top" : [ {
        "count" : 20,
        "item" : "0"
      }, {
        "count" : 19,
        "item" : "3"
      }, {
        "count" : 18,
        "item" : "2"
      }, {
        "count" : 17,
        "item" : "4"
      }, {
        "count" : 16,
        "item" : "40"
      }, {
        "count" : 15,
        "item" : "19"
      }, {
        "count" : 14,
        "item" : "1"
      }, {
        "count" : 13,
        "item" : "6"
      }, {
        "count" : 12,
        "item" : "36"
      }, {
        "count" : 11,
        "item" : "144"
      }, {
        "count" : 10,
        "item" : "1986"
      }, {
        "count" : 9,
        "item" : "10"
      }, {
        "count" : 8,
        "item" : "148"
      }, {
        "count" : 7,
        "item" : "151"
      }, {
        "count" : 6,
        "item" : "128"
      }, {
        "count" : 5,
        "item" : "368"
      }, {
        "count" : 4,
        "item" : "213"
      }, {
        "count" : 3,
        "item" : "260"
      }, {
        "count" : 2,
        "item" : "3946"
      }, {
        "count" : 1,
        "item" : "116"
      } ]
    },
    "format" : {
      "precisionStyle" : "standard",
      "noCommas" : "false",
      "align" : "right"
    }
  }, {
    "id" : 216867705,
    "name" : "Per Application: Full Time Jobs to be Created",
    "dataTypeName" : "number",
    "description" : "Employment levels provided by the Company at time of Application.",
    "fieldName" : "per_application_full_time_jobs_to_be_created",
    "position" : 28,
    "renderTypeName" : "number",
    "tableColumnId" : 18844405,
    "width" : 363,
    "cachedContents" : {
      "non_null" : 164,
      "smallest" : "0",
      "sum" : "10412",
      "null" : 8,
      "average" : "63.48780487804878",
      "largest" : "813",
      "top" : [ {
        "count" : 20,
        "item" : "15"
      }, {
        "count" : 19,
        "item" : "0"
      }, {
        "count" : 18,
        "item" : "10"
      }, {
        "count" : 17,
        "item" : "20"
      }, {
        "count" : 16,
        "item" : "25"
      }, {
        "count" : 15,
        "item" : "4"
      }, {
        "count" : 14,
        "item" : "5"
      }, {
        "count" : 13,
        "item" : "8"
      }, {
        "count" : 12,
        "item" : "75"
      }, {
        "count" : 11,
        "item" : "100"
      }, {
        "count" : 10,
        "item" : "1"
      }, {
        "count" : 9,
        "item" : "34"
      }, {
        "count" : 8,
        "item" : "18"
      }, {
        "count" : 7,
        "item" : "30"
      }, {
        "count" : 6,
        "item" : "145"
      }, {
        "count" : 5,
        "item" : "42"
      }, {
        "count" : 4,
        "item" : "7"
      }, {
        "count" : 3,
        "item" : "150"
      }, {
        "count" : 2,
        "item" : "550"
      }, {
        "count" : 1,
        "item" : "35"
      } ]
    },
    "format" : {
      "precisionStyle" : "standard",
      "noCommas" : "false",
      "align" : "right"
    }
  }, {
    "id" : 216867706,
    "name" : "Per Application:  Part Time CT Jobs at Application",
    "dataTypeName" : "number",
    "description" : "Employment levels provided by the Company at time of Application.",
    "fieldName" : "per_application_part_time_ct_jobs_at_application",
    "position" : 29,
    "renderTypeName" : "number",
    "tableColumnId" : 18844406,
    "width" : 417,
    "cachedContents" : {
      "non_null" : 163,
      "smallest" : "0",
      "sum" : "1086",
      "null" : 9,
      "average" : "6.662576687116564",
      "largest" : "420",
      "top" : [ {
        "count" : 20,
        "item" : "0"
      }, {
        "count" : 19,
        "item" : "1"
      }, {
        "count" : 18,
        "item" : "5"
      }, {
        "count" : 17,
        "item" : "420"
      }, {
        "count" : 16,
        "item" : "50"
      }, {
        "count" : 15,
        "item" : "15"
      }, {
        "count" : 14,
        "item" : "22"
      }, {
        "count" : 13,
        "item" : "25"
      }, {
        "count" : 12,
        "item" : "17"
      }, {
        "count" : 11,
        "item" : "3"
      }, {
        "count" : 10,
        "item" : "178"
      }, {
        "count" : 9,
        "item" : "2"
      }, {
        "count" : 8,
        "item" : "12"
      }, {
        "count" : 7,
        "item" : "6"
      }, {
        "count" : 6,
        "item" : "14"
      }, {
        "count" : 5,
        "item" : "10"
      }, {
        "count" : 4,
        "item" : "4"
      }, {
        "count" : 3,
        "item" : "101"
      }, {
        "count" : 2,
        "item" : "8"
      }, {
        "count" : 1,
        "item" : "23"
      } ]
    },
    "format" : {
      "precisionStyle" : "standard",
      "noCommas" : "false",
      "align" : "right"
    }
  }, {
    "id" : 216867707,
    "name" : "Per Application: Part Time Jobs to be Created",
    "dataTypeName" : "number",
    "description" : "Employment levels provided by the Company at time of Application.",
    "fieldName" : "per_application_part_time_jobs_to_be_created",
    "position" : 30,
    "renderTypeName" : "number",
    "tableColumnId" : 18844407,
    "width" : 378,
    "cachedContents" : {
      "non_null" : 164,
      "smallest" : "0",
      "sum" : "356",
      "null" : 8,
      "average" : "2.170731707317073",
      "largest" : "281",
      "top" : [ {
        "count" : 20,
        "item" : "0"
      }, {
        "count" : 19,
        "item" : "5"
      }, {
        "count" : 18,
        "item" : "1"
      }, {
        "count" : 17,
        "item" : "10"
      }, {
        "count" : 16,
        "item" : "281"
      }, {
        "count" : 15,
        "item" : "2"
      }, {
        "count" : 14,
        "item" : "4"
      }, {
        "count" : 13,
        "item" : "23"
      }, {
        "count" : 12,
        "item" : "8"
      } ]
    },
    "format" : {
      "precisionStyle" : "standard",
      "noCommas" : "false",
      "align" : "right"
    }
  }, {
    "id" : 216867713,
    "name" : "Full-Time Employment at 6/30/13",
    "dataTypeName" : "number",
    "fieldName" : "full_time_employment_at_6_30_13",
    "position" : 31,
    "renderTypeName" : "number",
    "tableColumnId" : 18844408,
    "width" : 322,
    "cachedContents" : {
      "non_null" : 0,
      "sum" : "0",
      "null" : 172
    },
    "format" : { }
  }, {
    "id" : 216867714,
    "name" : "Part-Time Employment at 6/30/13",
    "dataTypeName" : "number",
    "fieldName" : "part_time_employment_at_6_30_13",
    "position" : 32,
    "renderTypeName" : "number",
    "tableColumnId" : 18844409,
    "width" : 313,
    "cachedContents" : {
      "non_null" : 0,
      "sum" : "0",
      "null" : 172
    },
    "format" : { }
  }, {
    "id" : 216867708,
    "name" : "Status",
    "dataTypeName" : "text",
    "description" : "Indicates if company is still operating or out of business.",
    "fieldName" : "status",
    "position" : 33,
    "renderTypeName" : "text",
    "tableColumnId" : 18844410,
    "width" : 172,
    "cachedContents" : {
      "non_null" : 172,
      "smallest" : "Active",
      "null" : 0,
      "largest" : "Out of Business",
      "top" : [ {
        "count" : 20,
        "item" : "Active"
      }, {
        "count" : 19,
        "item" : "Out of Business"
      } ]
    },
    "format" : {
      "align" : "left"
    }
  }, {
    "id" : 216867710,
    "name" : "Count",
    "dataTypeName" : "number",
    "fieldName" : "count",
    "position" : 34,
    "renderTypeName" : "number",
    "tableColumnId" : 18844411,
    "width" : 160,
    "cachedContents" : {
      "non_null" : 172,
      "smallest" : "1",
      "sum" : "172",
      "null" : 0,
      "average" : "1",
      "largest" : "1",
      "top" : [ {
        "count" : 20,
        "item" : "1"
      } ]
    },
    "format" : { }
  }, {
    "id" : 216867709,
    "name" : "Location 1",
    "dataTypeName" : "location",
    "description" : "Address information used for mapping.",
    "fieldName" : "location_1",
    "position" : 35,
    "renderTypeName" : "location",
    "tableColumnId" : 18844412,
    "width" : 220,
    "cachedContents" : {
      "non_null" : 172,
      "smallest" : {
        "longitude" : "-73.403491",
        "latitude" : "41.231846",
        "human_address" : "{\"address\":\"1 Cannondale Way\",\"city\":\"Wilton\",\"state\":\"CT\",\"zip\":\"06897\"}"
      },
      "null" : 0,
      "largest" : {
        "human_address" : "{\"address\":\"One Star Point\",\"city\":\"Stamford\",\"state\":\"CT\",\"zip\":\"06902\"}"
      },
      "top" : [ {
        "count" : 20,
        "item" : {
          "longitude" : "-72.740912",
          "latitude" : "41.816832",
          "human_address" : "{\"address\":\"900 Cottage Grove Road\",\"city\":\"Bloomfield\",\"state\":\"CT\",\"zip\":\"06002\"}"
        }
      }, {
        "count" : 19,
        "item" : {
          "longitude" : "-73.539509",
          "latitude" : "41.050762",
          "human_address" : "{\"address\":\"400 Atlantic Street\",\"city\":\"Stamford\",\"state\":\"CT\",\"zip\":\"06901\"}"
        }
      }, {
        "count" : 18,
        "item" : {
          "longitude" : "-73.532907",
          "latitude" : "41.035039",
          "human_address" : "{\"address\":\"208 Harbor Drive\",\"city\":\"Stamford\",\"state\":\"CT\",\"zip\":\"06902\"}"
        }
      }, {
        "count" : 17,
        "item" : {
          "longitude" : "-72.919263",
          "latitude" : "41.552772",
          "human_address" : "{\"address\":\"5 McKee Place\",\"city\":\"Cheshire\",\"state\":\"CT\",\"zip\":\"06410\"}"
        }
      }, {
        "count" : 16,
        "item" : {
          "longitude" : "-72.59181",
          "latitude" : "41.91825",
          "human_address" : "{\"address\":\"18 Craftsman Road\",\"city\":\"East Windsor\",\"state\":\"CT\",\"zip\":\"06088\"}"
        }
      }, {
        "count" : 15,
        "item" : {
          "longitude" : "-72.898569",
          "latitude" : "41.546585",
          "human_address" : "{\"address\":\"200 Schoolhouse Road\",\"city\":\"Cheshire\",\"state\":\"CT\",\"zip\":\"06410\"}"
        }
      }, {
        "count" : 14,
        "item" : {
          "longitude" : "-72.683454",
          "latitude" : "41.489917",
          "human_address" : "{\"address\":\"27 Parson Lane\",\"city\":\"Durham\",\"state\":\"CT\",\"zip\":\"06422\"}"
        }
      }, {
        "count" : 13,
        "item" : {
          "human_address" : "{\"address\":\"One Celebration Way\",\"city\":\"New Britain\",\"state\":\"CT\",\"zip\":\"06050\"}"
        }
      } ]
    },
    "format" : {
      "view" : "address_coords",
      "align" : "left"
    },
    "subColumnTypes" : [ "human_address", "latitude", "longitude", "machine_address", "needs_recoding" ]
  } ],
  "grants" : [ {
    "inherited" : true,
    "type" : "viewer",
    "flags" : [ "public" ]
  } ],
  "metadata" : {
    "renderTypeConfig" : {
      "visible" : {
        "table" : true
      }
    },
    "availableDisplayTypes" : [ "table", "fatrow", "page" ],
    "jsonQuery" : {
      "order" : [ {
        "ascending" : true,
        "columnFieldName" : "company"
      } ],
      "where" : {
        "value" : "Manufacturing Assistance Act",
        "operator" : "CONTAINS",
        "metadata" : {
          "freeform" : true,
          "unifiedVersion" : 2,
          "tableColumnId" : {
            "1524342" : 18844395
          },
          "operator" : "CONTAINS"
        },
        "columnFieldName" : "funding_source"
      }
    },
    "rdfSubject" : "0"
  },
  "owner" : {
    "id" : "nbd6-fawc",
    "displayName" : "Kara Sene",
    "profileImageUrlLarge" : "/api/users/nbd6-fawc/profile_images/LARGE",
    "profileImageUrlMedium" : "/api/users/nbd6-fawc/profile_images/THUMB",
    "profileImageUrlSmall" : "/api/users/nbd6-fawc/profile_images/TINY",
    "roleName" : "editor",
    "screenName" : "Kara Sene",
    "rights" : [ "create_datasets", "view_domain", "create_pages", "view_goals", "view_dashboards" ]
  },
  "query" : {
    "filterCondition" : {
      "type" : "operator",
      "value" : "AND",
      "children" : [ {
        "type" : "operator",
        "value" : "CONTAINS",
        "children" : [ {
          "columnId" : 216867695,
          "type" : "column"
        }, {
          "type" : "literal",
          "value" : "Manufacturing Assistance Act"
        } ],
        "metadata" : {
          "freeform" : true,
          "tableColumnId" : {
            "1524342" : 18844395
          },
          "unifiedVersion" : 2,
          "operator" : "CONTAINS"
        }
      } ],
      "metadata" : {
        "freeform" : true,
        "tableColumnId" : {
          "1524342" : 18844395
        },
        "unifiedVersion" : 2,
        "operator" : "CONTAINS"
      }
    },
    "orderBys" : [ {
      "ascending" : true,
      "expression" : {
        "columnId" : 216867680,
        "type" : "column"
      }
    } ]
  },
  "rights" : [ "read" ],
  "sortBys" : [ {
    "id" : 0,
    "viewColumnId" : 216867680,
    "flags" : [ "asc" ]
  } ],
  "tableAuthor" : {
    "id" : "nbd6-fawc",
    "displayName" : "Kara Sene",
    "profileImageUrlLarge" : "/api/users/nbd6-fawc/profile_images/LARGE",
    "profileImageUrlMedium" : "/api/users/nbd6-fawc/profile_images/THUMB",
    "profileImageUrlSmall" : "/api/users/nbd6-fawc/profile_images/TINY",
    "roleName" : "editor",
    "screenName" : "Kara Sene",
    "rights" : [ "create_datasets", "view_domain", "create_pages", "view_goals", "view_dashboards" ]
  },
  "tags" : [ "executive order 38", "decd", "department of economic and community development", "business assistance", "grant", "loan" ],
  "viewFilters" : {
    "type" : "operator",
    "value" : "AND",
    "children" : [ {
      "type" : "operator",
      "value" : "CONTAINS",
      "children" : [ {
        "columnId" : 216867695,
        "type" : "column"
      }, {
        "type" : "literal",
        "value" : "Manufacturing Assistance Act"
      } ],
      "metadata" : {
        "freeform" : true,
        "tableColumnId" : {
          "1524342" : 18844395
        },
        "unifiedVersion" : 2,
        "operator" : "CONTAINS"
      }
    } ],
    "metadata" : {
      "freeform" : true,
      "tableColumnId" : {
        "1524342" : 18844395
      },
      "unifiedVersion" : 2,
      "operator" : "CONTAINS"
    }
  }
}
