[ {
  "blms_loc_street" : "CAPITOL AV",
  "ycoord" : "838998",
  "blms_dba" : "FROGHOLLOW COFFEE SHOP LLC",
  "blms_parcel" : "202423077",
  "xcoord" : "1016683",
  "bldt_lic_text3" : "COFFEE SHOP",
  "blms_id" : "16020",
  "blms_loc_no" : "405",
  "geom" : {
    "needs_recoding" : false,
    "longitude" : "-72.6888499001426",
    "latitude" : "41.7636866566304",
    "human_address" : "{\"address\":\"\",\"city\":\"\",\"state\":\"\",\"zip\":\"\"}"
  },
  "bldt_lic_text2" : "FOOD - CLASS 3"
}
, {
  "blms_loc_street" : "FARMINGTON AVE",
  "ycoord" : "840167",
  "blms_dba" : "ATRIUM KIOSK",
  "blms_parcel" : "202416001",
  "xcoord" : "1015758",
  "bldt_lic_text3" : "COFFEE SHOP",
  "blms_id" : "13280",
  "blms_loc_no" : "151",
  "geom" : {
    "needs_recoding" : false,
    "longitude" : "-72.6922375430902",
    "latitude" : "41.7668964612077",
    "human_address" : "{\"address\":\"\",\"city\":\"\",\"state\":\"\",\"zip\":\"\"}"
  },
  "bldt_lic_text2" : "FOOD - CLASS 2"
}
, {
  "blms_loc_street" : "WASHINGTON ST",
  "ycoord" : "835536",
  "blms_dba" : "DUNKIN' DONUTS",
  "blms_parcel" : "227542083",
  "xcoord" : "1018236",
  "bldt_lic_text3" : "DONUT SHOP",
  "bldt_lic_text6" : "SEATING CAPACITY 14",
  "blms_id" : "10692",
  "blms_loc_no" : "265",
  "geom" : {
    "needs_recoding" : false,
    "longitude" : "-72.6831673296722",
    "latitude" : "41.7541828035092",
    "human_address" : "{\"address\":\"\",\"city\":\"\",\"state\":\"\",\"zip\":\"\"}"
  },
  "bldt_lic_text2" : "FOOD - CLASS 3"
}
, {
  "blms_loc_street" : "MAIN ST",
  "ycoord" : "850691",
  "blms_dba" : "DUNKIN DONUTS",
  "blms_parcel" : "284074077",
  "xcoord" : "1023778",
  "bldt_lic_text3" : "DONUT SHOP",
  "blms_id" : "11014",
  "blms_loc_no" : "3250",
  "geom" : {
    "needs_recoding" : false,
    "longitude" : "-72.66280055353",
    "latitude" : "41.7957586377699",
    "human_address" : "{\"address\":\"\",\"city\":\"\",\"state\":\"\",\"zip\":\"\"}"
  },
  "bldt_lic_text2" : "FOOD - CLASS 3"
}
, {
  "blms_loc_street" : "NEW PARK AV",
  "ycoord" : "834764",
  "blms_dba" : "DUNKIN DONUTS",
  "blms_parcel" : "137482136",
  "xcoord" : "1011278",
  "bldt_lic_text3" : "COFFEE SHOP",
  "blms_id" : "10501",
  "blms_loc_no" : "150",
  "geom" : {
    "needs_recoding" : false,
    "longitude" : "-72.7086688813694",
    "latitude" : "41.7520761678231",
    "human_address" : "{\"address\":\"\",\"city\":\"\",\"state\":\"\",\"zip\":\"\"}"
  },
  "bldt_lic_text2" : "FOOD - CLASS 3"
}
, {
  "blms_loc_street" : "ASYLUM AV",
  "ycoord" : "841987",
  "blms_dba" : "STARBUCKS",
  "blms_parcel" : "201269034",
  "xcoord" : "1016836",
  "bldt_lic_text3" : "COFFEE SHOP",
  "blms_id" : "11029",
  "blms_loc_no" : "690",
  "geom" : {
    "needs_recoding" : false,
    "longitude" : "-72.6882812667272",
    "latitude" : "41.7718889922672",
    "human_address" : "{\"address\":\"\",\"city\":\"\",\"state\":\"\",\"zip\":\"\"}"
  },
  "bldt_lic_text2" : "FOOD - CLASS 2"
}
, {
  "blms_loc_street" : "MAPLE AV",
  "ycoord" : "830840",
  "blms_dba" : "DUNKIN' DONUTS",
  "blms_parcel" : "230658193",
  "xcoord" : "1018193",
  "bldt_lic_text3" : "DONUT SHOP",
  "bldt_lic_text6" : "SEATING CAPACITY 22",
  "blms_id" : "10472",
  "blms_loc_no" : "754",
  "geom" : {
    "needs_recoding" : false,
    "longitude" : "-72.6833381957643",
    "latitude" : "41.7412957233974",
    "human_address" : "{\"address\":\"\",\"city\":\"\",\"state\":\"\",\"zip\":\"\"}"
  },
  "bldt_lic_text2" : "FOOD - CLASS 3"
}
, {
  "blms_loc_street" : "SIGOURNEY ST",
  "ycoord" : "840385",
  "blms_dba" : "CUPS (LCI) LINCOLN CULINARY INSTITUTE",
  "blms_parcel" : "179414243",
  "xcoord" : "1015103",
  "bldt_lic_text3" : "COFFEE SHOP",
  "blms_id" : "13057",
  "blms_loc_no" : "85",
  "geom" : {
    "needs_recoding" : false,
    "longitude" : "-72.6946379956349",
    "latitude" : "41.7674958892977",
    "human_address" : "{\"address\":\"\",\"city\":\"\",\"state\":\"\",\"zip\":\"\"}"
  },
  "bldt_lic_text2" : "FOOD - CLASS 1"
}
, {
  "blms_loc_street" : "MAIN ST",
  "ycoord" : "838394",
  "blms_dba" : "DUNKIN DONUTS",
  "blms_parcel" : "247452211",
  "xcoord" : "1020538",
  "bldt_lic_text3" : "DONUT SHOP",
  "bldt_lic_text6" : "SEATING CAPACITY 14",
  "blms_id" : "10388",
  "blms_loc_no" : "485",
  "geom" : {
    "needs_recoding" : false,
    "longitude" : "-72.6747216654882",
    "latitude" : "41.7620207617046",
    "human_address" : "{\"address\":\"\",\"city\":\"\",\"state\":\"\",\"zip\":\"\"}"
  },
  "bldt_lic_text2" : "FOOD - CLASS 3"
}
, {
  "blms_loc_street" : "FARMINGTON AV",
  "ycoord" : "840366",
  "blms_dba" : "DUNKIN DONUTS",
  "blms_parcel" : "179411122",
  "xcoord" : "1014543",
  "bldt_lic_text3" : "DONUT SHOP",
  "bldt_lic_text6" : "SEATING CAPACITY 1",
  "blms_id" : "10263",
  "blms_loc_no" : "255",
  "geom" : {
    "needs_recoding" : false,
    "longitude" : "-72.696690790166",
    "latitude" : "41.7674447145329",
    "human_address" : "{\"address\":\"\",\"city\":\"\",\"state\":\"\",\"zip\":\"\"}"
  },
  "bldt_lic_text2" : "FOOD - CLASS 3"
}
, {
  "blms_loc_street" : "PRATT ST",
  "ycoord" : "840415",
  "blms_dba" : "JOJO'S COFFEE ROASTING CO., LLC",
  "blms_parcel" : "268344002",
  "xcoord" : "1020918",
  "bldt_lic_text3" : "COFFEE SHOP",
  "bldt_lic_text6" : "SEATING CAPACITY 20",
  "blms_id" : "11016",
  "blms_loc_no" : "22",
  "geom" : {
    "needs_recoding" : false,
    "longitude" : "-72.6733222719292",
    "latitude" : "41.7675660251592",
    "human_address" : "{\"address\":\"\",\"city\":\"\",\"state\":\"\",\"zip\":\"\"}"
  },
  "bldt_lic_text2" : "FOOD - CLASS 3"
}
, {
  "blms_loc_street" : "CONSTITUTION PLAZA",
  "ycoord" : "840577",
  "blms_dba" : "DUNKIN DONUTS",
  "blms_parcel" : "268355025",
  "xcoord" : "1021638",
  "bldt_lic_text3" : "DONUT SHOP",
  "bldt_lic_text6" : "SEATING CAPACITY 10",
  "blms_id" : "10234",
  "blms_loc_no" : "100",
  "geom" : {
    "needs_recoding" : false,
    "longitude" : "-72.6706824712082",
    "latitude" : "41.7680088139628",
    "human_address" : "{\"address\":\"\",\"city\":\"\",\"state\":\"\",\"zip\":\"\"}"
  },
  "bldt_lic_text2" : "FOOD - CLASS 3"
}
, {
  "blms_loc_street" : "FARMINGTON AV",
  "ycoord" : "840167",
  "blms_dba" : "AETNA/ COFFEE KIOSK FLOWER STREET",
  "blms_parcel" : "202416001",
  "xcoord" : "1015758",
  "bldt_lic_text3" : "COFFEE SHOP",
  "blms_id" : "10252",
  "blms_loc_no" : "151",
  "geom" : {
    "needs_recoding" : false,
    "longitude" : "-72.6922375430902",
    "latitude" : "41.7668964612077",
    "human_address" : "{\"address\":\"\",\"city\":\"\",\"state\":\"\",\"zip\":\"\"}"
  },
  "bldt_lic_text2" : "FOOD - CLASS 2"
}
, {
  "blms_loc_street" : "WESTON ST",
  "ycoord" : "848620",
  "blms_dba" : "DUNKIN DONUTS",
  "blms_parcel" : "285074011",
  "xcoord" : "1023998",
  "bldt_lic_text3" : "DONUT SHOP",
  "bldt_lic_text6" : "SEATING CAPACITY 18",
  "blms_id" : "11018",
  "blms_loc_no" : "129",
  "geom" : {
    "needs_recoding" : false,
    "longitude" : "-72.6620014977651",
    "latitude" : "41.7900746715279",
    "human_address" : "{\"address\":\"\",\"city\":\"\",\"state\":\"\",\"zip\":\"\"}"
  },
  "bldt_lic_text2" : "FOOD - CLASS 3"
}
, {
  "blms_loc_street" : "BRAINARD RD",
  "ycoord" : "829238",
  "blms_dba" : "DUNKIN' DONUTS",
  "blms_parcel" : "316695001",
  "xcoord" : "1024544",
  "bldt_lic_text3" : "DONUT SHOP",
  "bldt_lic_text6" : "SEATING CAPACITY 2",
  "blms_id" : "10769",
  "blms_loc_no" : "131",
  "geom" : {
    "needs_recoding" : false,
    "longitude" : "-72.6600733302413",
    "latitude" : "41.736883574944",
    "human_address" : "{\"address\":\"\",\"city\":\"\",\"state\":\"\",\"zip\":\"\"}"
  },
  "bldt_lic_text2" : "FOOD - CLASS 3"
}
, {
  "blms_loc_street" : "CENTRAL ROW",
  "ycoord" : "839676",
  "blms_dba" : "DUNKIN DONUTS",
  "blms_parcel" : "269353006",
  "xcoord" : "1021097",
  "bldt_lic_text3" : "DONUT SHOP",
  "bldt_lic_text6" : "SEATING CAPACITY 10",
  "blms_id" : "11015",
  "blms_loc_no" : "22",
  "geom" : {
    "needs_recoding" : false,
    "longitude" : "-72.672668548192",
    "latitude" : "41.7655375692103",
    "human_address" : "{\"address\":\"\",\"city\":\"\",\"state\":\"\",\"zip\":\"\"}"
  },
  "bldt_lic_text2" : "FOOD - CLASS 3"
}
, {
  "blms_loc_street" : "AIRPORT RD",
  "ycoord" : "829449",
  "blms_dba" : "DUNKIN' DONUTS",
  "blms_parcel" : "299816018",
  "xcoord" : "1022528",
  "bldt_lic_text3" : "DONUT SHOP",
  "bldt_lic_text6" : "SEATING CAPACITY 14",
  "blms_id" : "10002",
  "blms_loc_no" : "75",
  "geom" : {
    "needs_recoding" : false,
    "longitude" : "-72.6674590016483",
    "latitude" : "41.7374681417289",
    "human_address" : "{\"address\":\"\",\"city\":\"\",\"state\":\"\",\"zip\":\"\"}"
  },
  "bldt_lic_text2" : "FOOD - CLASS 3"
}
, {
  "blms_loc_street" : "BRAINARD RD",
  "ycoord" : "829401",
  "blms_dba" : "DUNKIN DONUTS",
  "blms_parcel" : "316694007",
  "xcoord" : "1024733",
  "bldt_lic_text3" : "DONUT SHOP",
  "blms_id" : "11067",
  "blms_loc_no" : "110",
  "geom" : {
    "needs_recoding" : false,
    "longitude" : "-72.6593802270291",
    "latitude" : "41.7373303529026",
    "human_address" : "{\"address\":\"\",\"city\":\"\",\"state\":\"\",\"zip\":\"\"}"
  },
  "bldt_lic_text2" : "FOOD - CLASS 3"
}
, {
  "blms_loc_street" : "TRUMBULL ST",
  "ycoord" : "840530",
  "blms_dba" : "DUNKIN DONUTS",
  "blms_parcel" : "245344114",
  "xcoord" : "1020385",
  "bldt_lic_text3" : "DONUT SHOP",
  "bldt_lic_text6" : "SEATING CAPACITY 6",
  "blms_id" : "11007",
  "blms_loc_no" : "250",
  "geom" : {
    "needs_recoding" : false,
    "longitude" : "-72.6752756889416",
    "latitude" : "41.7678828982821",
    "human_address" : "{\"address\":\"\",\"city\":\"\",\"state\":\"\",\"zip\":\"\"}"
  },
  "bldt_lic_text2" : "FOOD - CLASS 3"
}
, {
  "blms_loc_street" : "ASYLUM ST",
  "ycoord" : "840007",
  "blms_dba" : "DUNKIN DONUTS",
  "blms_parcel" : "269346002",
  "xcoord" : "1020872",
  "bldt_lic_text3" : "DONUT SHOP",
  "bldt_lic_text6" : "SEATING CAPACITY 6",
  "blms_id" : "10080",
  "blms_loc_no" : "21",
  "geom" : {
    "needs_recoding" : false,
    "longitude" : "-72.6734922148322",
    "latitude" : "41.7664464737268",
    "human_address" : "{\"address\":\"\",\"city\":\"\",\"state\":\"\",\"zip\":\"\"}"
  },
  "bldt_lic_text2" : "FOOD - CLASS 3"
}
, {
  "blms_loc_street" : "ASYLUM ST",
  "ycoord" : "840082",
  "blms_dba" : "STARBUCKS COFFEE #7306",
  "blms_parcel" : "245340100",
  "xcoord" : "1020054",
  "bldt_lic_text3" : "COFFEE SHOP",
  "blms_id" : "10091",
  "blms_loc_no" : "185",
  "geom" : {
    "needs_recoding" : false,
    "longitude" : "-72.6764904160855",
    "latitude" : "41.7666542424847",
    "human_address" : "{\"address\":\"\",\"city\":\"\",\"state\":\"\",\"zip\":\"\"}"
  },
  "bldt_lic_text2" : "FOOD - CLASS 3"
}
, {
  "blms_loc_street" : "FARMINGTON AV",
  "ycoord" : "840167",
  "blms_dba" : "AETNA/ COFFEE KIOSK SIGOURNEY ST.",
  "blms_parcel" : "202416001",
  "xcoord" : "1015758",
  "bldt_lic_text3" : "COFFEE SHOP",
  "blms_id" : "10259",
  "blms_loc_no" : "151",
  "geom" : {
    "needs_recoding" : false,
    "longitude" : "-72.6922375430902",
    "latitude" : "41.7668964612077",
    "human_address" : "{\"address\":\"\",\"city\":\"\",\"state\":\"\",\"zip\":\"\"}"
  },
  "bldt_lic_text2" : "FOOD - CLASS 3"
}
, {
  "blms_loc_street" : "UNION PL",
  "ycoord" : "840894",
  "blms_dba" : "DUNKIN DONUTS",
  "blms_parcel" : "223328021",
  "xcoord" : "1018686",
  "bldt_lic_text3" : "DONUT SHOP",
  "blms_id" : "11084",
  "blms_loc_no" : "1",
  "geom" : {
    "needs_recoding" : false,
    "longitude" : "-72.6815025704481",
    "latitude" : "41.7688856774404",
    "human_address" : "{\"address\":\"\",\"city\":\"\",\"state\":\"\",\"zip\":\"\"}"
  },
  "bldt_lic_text2" : "FOOD - CLASS 3"
}
, {
  "blms_loc_street" : "NEW PARK AV",
  "ycoord" : "835867",
  "blms_dba" : "TASTEASE",
  "blms_parcel" : "137481080",
  "xcoord" : "1011707",
  "bldt_lic_text3" : "DONUT SHOP",
  "blms_id" : "11004",
  "blms_loc_no" : "70",
  "geom" : {
    "needs_recoding" : false,
    "longitude" : "-72.7070946949733",
    "latitude" : "41.7551025391054",
    "human_address" : "{\"address\":\"\",\"city\":\"\",\"state\":\"\",\"zip\":\"\"}"
  },
  "bldt_lic_text2" : "FOOD - CLASS 3"
}
, {
  "blms_loc_street" : "STATE HOUSE SQ",
  "ycoord" : "840383",
  "blms_dba" : "DUNKIN' DONUTS",
  "blms_parcel" : "268351015",
  "xcoord" : "1021033",
  "bldt_lic_text3" : "DONUT SHOP",
  "blms_id" : "13013",
  "blms_loc_no" : "30",
  "geom" : {
    "needs_recoding" : false,
    "longitude" : "-72.672900828561",
    "latitude" : "41.7674779277678",
    "human_address" : "{\"address\":\"\",\"city\":\"\",\"state\":\"\",\"zip\":\"\"}"
  },
  "bldt_lic_text2" : "FOOD - CLASS 3"
}
 ]