[ {
  "total" : "212486",
  "year" : "2012",
  "license_endosrements" : "MOTORCYCLE( M )"
}
, {
  "total" : "31762",
  "year" : "2012",
  "license_endosrements" : "FIRE APPARATUS( Q )"
}
, {
  "total" : "25563",
  "year" : "2012",
  "license_endosrements" : "TANK( N )"
}
, {
  "total" : "22077",
  "year" : "2012",
  "license_endosrements" : "PASSENGER( P )"
}
, {
  "total" : "20442",
  "year" : "2012",
  "license_endosrements" : "TAXI/LIVERY( F )"
}
, {
  "total" : "9907",
  "year" : "2012",
  "license_endosrements" : "TANDEM( T )"
}
, {
  "total" : "9074",
  "year" : "2012",
  "license_endosrements" : "SCHOOL BUS( S )"
}
, {
  "total" : "8287",
  "year" : "2012",
  "license_endosrements" : "ACTIVITY VEHICLE( A )"
}
, {
  "total" : "7423",
  "year" : "2012",
  "license_endosrements" : "N & H COMBINED( X )"
}
, {
  "total" : "4622",
  "year" : "2012",
  "license_endosrements" : "STV( V )"
}
, {
  "total" : "1161",
  "year" : "2012",
  "license_endosrements" : "HAZMAT( H )"
}
 ]