[ {
  "hospitalization_crude_rate_per_10_000" : "6.1",
  "ed_visit_crude_rate_per_10_000" : "33",
  "hospitalization_age_adjusted_rate_per_10_000" : "7.1",
  "ed_visit_age_adjusted_rate_per_10_000" : "40.200000000000003",
  "town" : "Andover",
  "number_of_hospitalization" : "10",
  "number_of_ed_visits" : "54"
}
, {
  "hospitalization_crude_rate_per_10_000" : "16.399999999999999",
  "ed_visit_crude_rate_per_10_000" : "116.1",
  "hospitalization_age_adjusted_rate_per_10_000" : "16.899999999999999",
  "ed_visit_age_adjusted_rate_per_10_000" : "120.7",
  "town" : "Ansonia",
  "number_of_hospitalization" : "152",
  "number_of_ed_visits" : "1076"
}
, {
  "hospitalization_crude_rate_per_10_000" : "12.2",
  "ed_visit_crude_rate_per_10_000" : "35.6",
  "hospitalization_age_adjusted_rate_per_10_000" : "11",
  "ed_visit_age_adjusted_rate_per_10_000" : "36",
  "town" : "Ashford",
  "number_of_hospitalization" : "27",
  "number_of_ed_visits" : "79"
}
, {
  "hospitalization_crude_rate_per_10_000" : "4.0999999999999996",
  "ed_visit_crude_rate_per_10_000" : "10.7",
  "hospitalization_age_adjusted_rate_per_10_000" : "3.3",
  "ed_visit_age_adjusted_rate_per_10_000" : "12.5",
  "town" : "Avon",
  "number_of_hospitalization" : "35",
  "number_of_ed_visits" : "92"
}
, {
  "hospitalization_crude_rate_per_10_000" : "6",
  "ed_visit_crude_rate_per_10_000" : "41.4",
  "hospitalization_age_adjusted_rate_per_10_000" : "6.3",
  "ed_visit_age_adjusted_rate_per_10_000" : "45.2",
  "town" : "Barkhamsted",
  "number_of_hospitalization" : "11",
  "number_of_ed_visits" : "76"
}
, {
  "hospitalization_crude_rate_per_10_000" : "6.3",
  "ed_visit_crude_rate_per_10_000" : "42.6",
  "hospitalization_age_adjusted_rate_per_10_000" : "6.3",
  "ed_visit_age_adjusted_rate_per_10_000" : "46.7",
  "town" : "Beacon Falls",
  "number_of_hospitalization" : "18",
  "number_of_ed_visits" : "122"
}
, {
  "hospitalization_crude_rate_per_10_000" : "7.1",
  "ed_visit_crude_rate_per_10_000" : "21.6",
  "hospitalization_age_adjusted_rate_per_10_000" : "6.7",
  "ed_visit_age_adjusted_rate_per_10_000" : "26",
  "town" : "Berlin",
  "number_of_hospitalization" : "71",
  "number_of_ed_visits" : "217"
}
, {
  "hospitalization_crude_rate_per_10_000" : "5.0999999999999996",
  "ed_visit_crude_rate_per_10_000" : "20.3",
  "hospitalization_age_adjusted_rate_per_10_000" : "6",
  "ed_visit_age_adjusted_rate_per_10_000" : "28.7",
  "town" : "Bethany",
  "number_of_hospitalization" : "14",
  "number_of_ed_visits" : "56"
}
, {
  "hospitalization_crude_rate_per_10_000" : "4.9000000000000004",
  "ed_visit_crude_rate_per_10_000" : "28.8",
  "hospitalization_age_adjusted_rate_per_10_000" : "4.8",
  "ed_visit_age_adjusted_rate_per_10_000" : "32",
  "town" : "Bethel",
  "number_of_hospitalization" : "45",
  "number_of_ed_visits" : "266"
}
, {
  "ed_visit_crude_rate_per_10_000" : "17.899999999999999",
  "ed_visit_age_adjusted_rate_per_10_000" : "21.4",
  "town" : "Bethlehem",
  "number_of_ed_visits" : "32"
}
, {
  "hospitalization_crude_rate_per_10_000" : "14.1",
  "ed_visit_crude_rate_per_10_000" : "47.3",
  "hospitalization_age_adjusted_rate_per_10_000" : "13.3",
  "ed_visit_age_adjusted_rate_per_10_000" : "59.3",
  "town" : "Bloomfield",
  "number_of_hospitalization" : "144",
  "number_of_ed_visits" : "484"
}
, {
  "hospitalization_crude_rate_per_10_000" : "3.5",
  "ed_visit_crude_rate_per_10_000" : "21.8",
  "hospitalization_age_adjusted_rate_per_10_000" : "5.0999999999999996",
  "ed_visit_age_adjusted_rate_per_10_000" : "33.700000000000003",
  "town" : "Bolton",
  "number_of_hospitalization" : "9",
  "number_of_ed_visits" : "56"
}
, {
  "hospitalization_crude_rate_per_10_000" : "10.8",
  "ed_visit_crude_rate_per_10_000" : "48.9",
  "hospitalization_age_adjusted_rate_per_10_000" : "11.7",
  "ed_visit_age_adjusted_rate_per_10_000" : "56.2",
  "town" : "Bozrah",
  "number_of_hospitalization" : "13",
  "number_of_ed_visits" : "59"
}
, {
  "hospitalization_crude_rate_per_10_000" : "14.2",
  "ed_visit_crude_rate_per_10_000" : "25.6",
  "hospitalization_age_adjusted_rate_per_10_000" : "15",
  "ed_visit_age_adjusted_rate_per_10_000" : "31.1",
  "town" : "Branford",
  "number_of_hospitalization" : "206",
  "number_of_ed_visits" : "370"
}
, {
  "hospitalization_crude_rate_per_10_000" : "26.6",
  "ed_visit_crude_rate_per_10_000" : "128.5",
  "hospitalization_age_adjusted_rate_per_10_000" : "27.5",
  "ed_visit_age_adjusted_rate_per_10_000" : "126.3",
  "town" : "Bridgeport",
  "number_of_hospitalization" : "1820",
  "number_of_ed_visits" : "8782"
}
, {
  "ed_visit_crude_rate_per_10_000" : "14.6",
  "ed_visit_age_adjusted_rate_per_10_000" : "18.600000000000001",
  "town" : "Bridgewater",
  "number_of_ed_visits" : "12"
}
, {
  "hospitalization_crude_rate_per_10_000" : "19.100000000000001",
  "ed_visit_crude_rate_per_10_000" : "90.7",
  "hospitalization_age_adjusted_rate_per_10_000" : "18.7",
  "ed_visit_age_adjusted_rate_per_10_000" : "95.5",
  "town" : "Bristol",
  "number_of_hospitalization" : "580",
  "number_of_ed_visits" : "2760"
}
, {
  "hospitalization_crude_rate_per_10_000" : "2.4",
  "ed_visit_crude_rate_per_10_000" : "20.8",
  "hospitalization_age_adjusted_rate_per_10_000" : "2.9",
  "ed_visit_age_adjusted_rate_per_10_000" : "22.7",
  "town" : "Brookfield",
  "number_of_hospitalization" : "20",
  "number_of_ed_visits" : "170"
}
, {
  "hospitalization_crude_rate_per_10_000" : "7.9",
  "ed_visit_crude_rate_per_10_000" : "31.9",
  "hospitalization_age_adjusted_rate_per_10_000" : "7.9",
  "ed_visit_age_adjusted_rate_per_10_000" : "32.700000000000003",
  "town" : "Brooklyn",
  "number_of_hospitalization" : "31",
  "number_of_ed_visits" : "125"
}
, {
  "hospitalization_crude_rate_per_10_000" : "3.1",
  "ed_visit_crude_rate_per_10_000" : "15.6",
  "hospitalization_age_adjusted_rate_per_10_000" : "3.1",
  "ed_visit_age_adjusted_rate_per_10_000" : "24.8",
  "town" : "Burlington",
  "number_of_hospitalization" : "14",
  "number_of_ed_visits" : "71"
}
, {
  "hospitalization_crude_rate_per_10_000" : "56.1",
  "ed_visit_crude_rate_per_10_000" : "103.5",
  "hospitalization_age_adjusted_rate_per_10_000" : "39.4",
  "ed_visit_age_adjusted_rate_per_10_000" : "124.5",
  "town" : "Canaan",
  "number_of_hospitalization" : "32",
  "number_of_ed_visits" : "59"
}
, {
  "hospitalization_crude_rate_per_10_000" : "6.7",
  "ed_visit_crude_rate_per_10_000" : "33.9",
  "hospitalization_age_adjusted_rate_per_10_000" : "7",
  "ed_visit_age_adjusted_rate_per_10_000" : "37.700000000000003",
  "town" : "Canterbury",
  "number_of_hospitalization" : "17",
  "number_of_ed_visits" : "86"
}
, {
  "hospitalization_crude_rate_per_10_000" : "6",
  "ed_visit_crude_rate_per_10_000" : "18.399999999999999",
  "hospitalization_age_adjusted_rate_per_10_000" : "6.3",
  "ed_visit_age_adjusted_rate_per_10_000" : "20.8",
  "town" : "Canton",
  "number_of_hospitalization" : "30",
  "number_of_ed_visits" : "92"
}
, {
  "hospitalization_crude_rate_per_10_000" : "11.9",
  "ed_visit_crude_rate_per_10_000" : "36.6",
  "hospitalization_age_adjusted_rate_per_10_000" : "12.8",
  "ed_visit_age_adjusted_rate_per_10_000" : "35.200000000000003",
  "town" : "Chaplin",
  "number_of_hospitalization" : "15",
  "number_of_ed_visits" : "46"
}
, {
  "hospitalization_crude_rate_per_10_000" : "4.5999999999999996",
  "ed_visit_crude_rate_per_10_000" : "15.9",
  "hospitalization_age_adjusted_rate_per_10_000" : "4.8",
  "ed_visit_age_adjusted_rate_per_10_000" : "16.600000000000001",
  "town" : "Cheshire",
  "number_of_hospitalization" : "66",
  "number_of_ed_visits" : "230"
}
, {
  "hospitalization_crude_rate_per_10_000" : "3.1",
  "ed_visit_crude_rate_per_10_000" : "30.3",
  "hospitalization_age_adjusted_rate_per_10_000" : "3.6",
  "ed_visit_age_adjusted_rate_per_10_000" : "33.9",
  "town" : "Chester",
  "number_of_hospitalization" : "6",
  "number_of_ed_visits" : "58"
}
, {
  "hospitalization_crude_rate_per_10_000" : "6.8",
  "ed_visit_crude_rate_per_10_000" : "45.1",
  "hospitalization_age_adjusted_rate_per_10_000" : "7.1",
  "ed_visit_age_adjusted_rate_per_10_000" : "57.7",
  "town" : "Clinton",
  "number_of_hospitalization" : "46",
  "number_of_ed_visits" : "306"
}
, {
  "hospitalization_crude_rate_per_10_000" : "6.8",
  "ed_visit_crude_rate_per_10_000" : "52",
  "hospitalization_age_adjusted_rate_per_10_000" : "7.4",
  "ed_visit_age_adjusted_rate_per_10_000" : "53.5",
  "town" : "Colchester",
  "number_of_hospitalization" : "53",
  "number_of_ed_visits" : "404"
}
, {
  "ed_visit_crude_rate_per_10_000" : "19.5",
  "ed_visit_age_adjusted_rate_per_10_000" : "17.2",
  "town" : "Colebrook",
  "number_of_ed_visits" : "15"
}
, {
  "hospitalization_crude_rate_per_10_000" : "9",
  "ed_visit_crude_rate_per_10_000" : "29.6",
  "hospitalization_age_adjusted_rate_per_10_000" : "11",
  "ed_visit_age_adjusted_rate_per_10_000" : "33.700000000000003",
  "town" : "Columbia",
  "number_of_hospitalization" : "24",
  "number_of_ed_visits" : "79"
}
, {
  "ed_visit_crude_rate_per_10_000" : "9.6",
  "ed_visit_age_adjusted_rate_per_10_000" : "12.9",
  "town" : "Cornwall & Warren",
  "number_of_ed_visits" : "14"
}
, {
  "hospitalization_crude_rate_per_10_000" : "6.2",
  "ed_visit_crude_rate_per_10_000" : "34.9",
  "hospitalization_age_adjusted_rate_per_10_000" : "6.4",
  "ed_visit_age_adjusted_rate_per_10_000" : "37.799999999999997",
  "town" : "Coventry",
  "number_of_hospitalization" : "38",
  "number_of_ed_visits" : "213"
}
, {
  "hospitalization_crude_rate_per_10_000" : "4.7",
  "ed_visit_crude_rate_per_10_000" : "26.8",
  "hospitalization_age_adjusted_rate_per_10_000" : "4.7",
  "ed_visit_age_adjusted_rate_per_10_000" : "30.8",
  "town" : "Cromwell",
  "number_of_hospitalization" : "32",
  "number_of_ed_visits" : "182"
}
, {
  "hospitalization_crude_rate_per_10_000" : "7.8",
  "ed_visit_crude_rate_per_10_000" : "47.5",
  "hospitalization_age_adjusted_rate_per_10_000" : "8",
  "ed_visit_age_adjusted_rate_per_10_000" : "49.2",
  "town" : "Danbury",
  "number_of_hospitalization" : "307",
  "number_of_ed_visits" : "1871"
}
, {
  "hospitalization_crude_rate_per_10_000" : "2",
  "ed_visit_crude_rate_per_10_000" : "11.3",
  "hospitalization_age_adjusted_rate_per_10_000" : "1.7",
  "ed_visit_age_adjusted_rate_per_10_000" : "11.9",
  "town" : "Darien",
  "number_of_hospitalization" : "20",
  "number_of_ed_visits" : "114"
}
, {
  "hospitalization_crude_rate_per_10_000" : "5.6",
  "ed_visit_crude_rate_per_10_000" : "32.9",
  "hospitalization_age_adjusted_rate_per_10_000" : "6",
  "ed_visit_age_adjusted_rate_per_10_000" : "36.4",
  "town" : "Deep River",
  "number_of_hospitalization" : "13",
  "number_of_ed_visits" : "77"
}
, {
  "hospitalization_crude_rate_per_10_000" : "13.6",
  "ed_visit_crude_rate_per_10_000" : "105.7",
  "hospitalization_age_adjusted_rate_per_10_000" : "13.2",
  "ed_visit_age_adjusted_rate_per_10_000" : "115.9",
  "town" : "Derby",
  "number_of_hospitalization" : "84",
  "number_of_ed_visits" : "655"
}
, {
  "hospitalization_crude_rate_per_10_000" : "6.2",
  "ed_visit_crude_rate_per_10_000" : "19.8",
  "hospitalization_age_adjusted_rate_per_10_000" : "7.4",
  "ed_visit_age_adjusted_rate_per_10_000" : "21.8",
  "town" : "Durham",
  "number_of_hospitalization" : "23",
  "number_of_ed_visits" : "73"
}
, {
  "hospitalization_crude_rate_per_10_000" : "6.6",
  "ed_visit_crude_rate_per_10_000" : "11.6",
  "hospitalization_age_adjusted_rate_per_10_000" : "6.3",
  "ed_visit_age_adjusted_rate_per_10_000" : "11.9",
  "town" : "East Granby",
  "number_of_hospitalization" : "17",
  "number_of_ed_visits" : "30"
}
, {
  "hospitalization_crude_rate_per_10_000" : "5",
  "ed_visit_crude_rate_per_10_000" : "29.6",
  "hospitalization_age_adjusted_rate_per_10_000" : "5.3",
  "ed_visit_age_adjusted_rate_per_10_000" : "32.299999999999997",
  "town" : "East Haddam",
  "number_of_hospitalization" : "22",
  "number_of_ed_visits" : "131"
}
, {
  "hospitalization_crude_rate_per_10_000" : "5.3",
  "ed_visit_crude_rate_per_10_000" : "60.1",
  "hospitalization_age_adjusted_rate_per_10_000" : "5.8",
  "ed_visit_age_adjusted_rate_per_10_000" : "67",
  "town" : "East Hampton",
  "number_of_hospitalization" : "33",
  "number_of_ed_visits" : "376"
}
, {
  "hospitalization_crude_rate_per_10_000" : "15.9",
  "ed_visit_crude_rate_per_10_000" : "95.3",
  "hospitalization_age_adjusted_rate_per_10_000" : "16.100000000000001",
  "ed_visit_age_adjusted_rate_per_10_000" : "103",
  "town" : "East Hartford",
  "number_of_hospitalization" : "386",
  "number_of_ed_visits" : "2318"
}
, {
  "hospitalization_crude_rate_per_10_000" : "22.6",
  "ed_visit_crude_rate_per_10_000" : "47.7",
  "hospitalization_age_adjusted_rate_per_10_000" : "23.4",
  "ed_visit_age_adjusted_rate_per_10_000" : "54",
  "town" : "East Haven",
  "number_of_hospitalization" : "323",
  "number_of_ed_visits" : "681"
}
, {
  "hospitalization_crude_rate_per_10_000" : "8.4",
  "ed_visit_crude_rate_per_10_000" : "31.7",
  "hospitalization_age_adjusted_rate_per_10_000" : "8.6",
  "ed_visit_age_adjusted_rate_per_10_000" : "34",
  "town" : "East Lyme",
  "number_of_hospitalization" : "79",
  "number_of_ed_visits" : "298"
}
, {
  "hospitalization_crude_rate_per_10_000" : "9.8000000000000007",
  "ed_visit_crude_rate_per_10_000" : "41.7",
  "hospitalization_age_adjusted_rate_per_10_000" : "8.9",
  "ed_visit_age_adjusted_rate_per_10_000" : "46.5",
  "town" : "East Windsor",
  "number_of_hospitalization" : "52",
  "number_of_ed_visits" : "222"
}
, {
  "hospitalization_crude_rate_per_10_000" : "8.3000000000000007",
  "ed_visit_crude_rate_per_10_000" : "21.3",
  "hospitalization_age_adjusted_rate_per_10_000" : "7.3",
  "ed_visit_age_adjusted_rate_per_10_000" : "23.1",
  "town" : "Eastford",
  "number_of_hospitalization" : "7",
  "number_of_ed_visits" : "18"
}
, {
  "hospitalization_crude_rate_per_10_000" : "4.0999999999999996",
  "ed_visit_crude_rate_per_10_000" : "7.9",
  "hospitalization_age_adjusted_rate_per_10_000" : "4.4000000000000004",
  "ed_visit_age_adjusted_rate_per_10_000" : "9.5",
  "town" : "Easton",
  "number_of_hospitalization" : "15",
  "number_of_ed_visits" : "29"
}
, {
  "hospitalization_crude_rate_per_10_000" : "2.9",
  "ed_visit_crude_rate_per_10_000" : "37",
  "hospitalization_age_adjusted_rate_per_10_000" : "3.2",
  "ed_visit_age_adjusted_rate_per_10_000" : "39.200000000000003",
  "town" : "Ellington",
  "number_of_hospitalization" : "21",
  "number_of_ed_visits" : "267"
}
, {
  "hospitalization_crude_rate_per_10_000" : "13.2",
  "ed_visit_crude_rate_per_10_000" : "35.1",
  "hospitalization_age_adjusted_rate_per_10_000" : "12.4",
  "ed_visit_age_adjusted_rate_per_10_000" : "37.200000000000003",
  "town" : "Enfield",
  "number_of_hospitalization" : "298",
  "number_of_ed_visits" : "790"
}
, {
  "hospitalization_crude_rate_per_10_000" : "3",
  "ed_visit_crude_rate_per_10_000" : "25.4",
  "hospitalization_age_adjusted_rate_per_10_000" : "3.3",
  "ed_visit_age_adjusted_rate_per_10_000" : "29.4",
  "town" : "Essex",
  "number_of_hospitalization" : "10",
  "number_of_ed_visits" : "86"
}
, {
  "hospitalization_crude_rate_per_10_000" : "5.8",
  "ed_visit_crude_rate_per_10_000" : "16.2",
  "hospitalization_age_adjusted_rate_per_10_000" : "5.6",
  "ed_visit_age_adjusted_rate_per_10_000" : "18.5",
  "town" : "Fairfield",
  "number_of_hospitalization" : "165",
  "number_of_ed_visits" : "463"
}
, {
  "hospitalization_crude_rate_per_10_000" : "4.4000000000000004",
  "ed_visit_crude_rate_per_10_000" : "20.3",
  "hospitalization_age_adjusted_rate_per_10_000" : "4.3",
  "ed_visit_age_adjusted_rate_per_10_000" : "22.7",
  "town" : "Farmington",
  "number_of_hospitalization" : "55",
  "number_of_ed_visits" : "253"
}
, {
  "hospitalization_crude_rate_per_10_000" : "7.7",
  "ed_visit_crude_rate_per_10_000" : "47.4",
  "hospitalization_age_adjusted_rate_per_10_000" : "7.4",
  "ed_visit_age_adjusted_rate_per_10_000" : "63.3",
  "town" : "Franklin",
  "number_of_hospitalization" : "7",
  "number_of_ed_visits" : "43"
}
, {
  "hospitalization_crude_rate_per_10_000" : "4.2",
  "ed_visit_crude_rate_per_10_000" : "19.2",
  "hospitalization_age_adjusted_rate_per_10_000" : "4.4000000000000004",
  "ed_visit_age_adjusted_rate_per_10_000" : "20.5",
  "town" : "Glastonbury",
  "number_of_hospitalization" : "69",
  "number_of_ed_visits" : "317"
}
, {
  "hospitalization_crude_rate_per_10_000" : "4.4000000000000004",
  "ed_visit_crude_rate_per_10_000" : "27.8",
  "hospitalization_age_adjusted_rate_per_10_000" : "5",
  "ed_visit_age_adjusted_rate_per_10_000" : "38.200000000000003",
  "town" : "Goshen",
  "number_of_hospitalization" : "7",
  "number_of_ed_visits" : "44"
}
, {
  "hospitalization_crude_rate_per_10_000" : "4.0999999999999996",
  "ed_visit_crude_rate_per_10_000" : "9.9",
  "hospitalization_age_adjusted_rate_per_10_000" : "4.9000000000000004",
  "ed_visit_age_adjusted_rate_per_10_000" : "12.8",
  "town" : "Granby",
  "number_of_hospitalization" : "23",
  "number_of_ed_visits" : "55"
}
, {
  "hospitalization_crude_rate_per_10_000" : "7.6",
  "ed_visit_crude_rate_per_10_000" : "24.4",
  "hospitalization_age_adjusted_rate_per_10_000" : "6.9",
  "ed_visit_age_adjusted_rate_per_10_000" : "28.4",
  "town" : "Greenwich",
  "number_of_hospitalization" : "233",
  "number_of_ed_visits" : "751"
}
, {
  "hospitalization_crude_rate_per_10_000" : "11.1",
  "ed_visit_crude_rate_per_10_000" : "51.6",
  "hospitalization_age_adjusted_rate_per_10_000" : "11.9",
  "ed_visit_age_adjusted_rate_per_10_000" : "56.4",
  "town" : "Griswold & Lisbon",
  "number_of_hospitalization" : "87",
  "number_of_ed_visits" : "403"
}
, {
  "hospitalization_crude_rate_per_10_000" : "11.3",
  "ed_visit_crude_rate_per_10_000" : "139.1",
  "hospitalization_age_adjusted_rate_per_10_000" : "11.2",
  "ed_visit_age_adjusted_rate_per_10_000" : "141.69999999999999",
  "town" : "Groton",
  "number_of_hospitalization" : "226",
  "number_of_ed_visits" : "2790"
}
, {
  "hospitalization_crude_rate_per_10_000" : "7.4",
  "ed_visit_crude_rate_per_10_000" : "19.7",
  "hospitalization_age_adjusted_rate_per_10_000" : "7.6",
  "ed_visit_age_adjusted_rate_per_10_000" : "22.7",
  "town" : "Guilford",
  "number_of_hospitalization" : "83",
  "number_of_ed_visits" : "219"
}
, {
  "hospitalization_crude_rate_per_10_000" : "2.8",
  "ed_visit_crude_rate_per_10_000" : "24.7",
  "hospitalization_age_adjusted_rate_per_10_000" : "5",
  "ed_visit_age_adjusted_rate_per_10_000" : "29.3",
  "town" : "Haddam",
  "number_of_hospitalization" : "11",
  "number_of_ed_visits" : "96"
}
, {
  "hospitalization_crude_rate_per_10_000" : "18.100000000000001",
  "ed_visit_crude_rate_per_10_000" : "41.4",
  "hospitalization_age_adjusted_rate_per_10_000" : "18.899999999999999",
  "ed_visit_age_adjusted_rate_per_10_000" : "46.1",
  "town" : "Hamden",
  "number_of_hospitalization" : "523",
  "number_of_ed_visits" : "1197"
}
, {
  "hospitalization_crude_rate_per_10_000" : "6",
  "ed_visit_crude_rate_per_10_000" : "28",
  "hospitalization_age_adjusted_rate_per_10_000" : "6.2",
  "ed_visit_age_adjusted_rate_per_10_000" : "33.4",
  "town" : "Hampton",
  "number_of_hospitalization" : "6",
  "number_of_ed_visits" : "28"
}
, {
  "hospitalization_crude_rate_per_10_000" : "32.200000000000003",
  "ed_visit_crude_rate_per_10_000" : "217.4",
  "hospitalization_age_adjusted_rate_per_10_000" : "35",
  "ed_visit_age_adjusted_rate_per_10_000" : "216.6",
  "town" : "Hartford",
  "number_of_hospitalization" : "1994",
  "number_of_ed_visits" : "13470"
}
, {
  "hospitalization_crude_rate_per_10_000" : "9",
  "ed_visit_crude_rate_per_10_000" : "21.1",
  "hospitalization_age_adjusted_rate_per_10_000" : "9.9",
  "ed_visit_age_adjusted_rate_per_10_000" : "28.5",
  "town" : "Hartland",
  "number_of_hospitalization" : "9",
  "number_of_ed_visits" : "21"
}
, {
  "hospitalization_crude_rate_per_10_000" : "5.4",
  "ed_visit_crude_rate_per_10_000" : "24.1",
  "hospitalization_age_adjusted_rate_per_10_000" : "6.4",
  "ed_visit_age_adjusted_rate_per_10_000" : "28.4",
  "town" : "Harwinton",
  "number_of_hospitalization" : "15",
  "number_of_ed_visits" : "67"
}
, {
  "hospitalization_crude_rate_per_10_000" : "4.5",
  "ed_visit_crude_rate_per_10_000" : "43.8",
  "hospitalization_age_adjusted_rate_per_10_000" : "5.4",
  "ed_visit_age_adjusted_rate_per_10_000" : "53",
  "town" : "Hebron",
  "number_of_hospitalization" : "21",
  "number_of_ed_visits" : "202"
}
, {
  "ed_visit_crude_rate_per_10_000" : "19",
  "ed_visit_age_adjusted_rate_per_10_000" : "27.7",
  "town" : "Kent",
  "number_of_ed_visits" : "28"
}
, {
  "hospitalization_crude_rate_per_10_000" : "12",
  "ed_visit_crude_rate_per_10_000" : "62.6",
  "hospitalization_age_adjusted_rate_per_10_000" : "12.6",
  "ed_visit_age_adjusted_rate_per_10_000" : "67.2",
  "town" : "Killingly",
  "number_of_hospitalization" : "106",
  "number_of_ed_visits" : "551"
}
, {
  "hospitalization_crude_rate_per_10_000" : "2.5",
  "ed_visit_crude_rate_per_10_000" : "17",
  "hospitalization_age_adjusted_rate_per_10_000" : "2.1",
  "ed_visit_age_adjusted_rate_per_10_000" : "18.3",
  "town" : "Killingworth",
  "number_of_hospitalization" : "8",
  "number_of_ed_visits" : "55"
}
, {
  "hospitalization_crude_rate_per_10_000" : "6",
  "ed_visit_crude_rate_per_10_000" : "31",
  "hospitalization_age_adjusted_rate_per_10_000" : "6",
  "ed_visit_age_adjusted_rate_per_10_000" : "32.799999999999997",
  "town" : "Lebanon",
  "number_of_hospitalization" : "22",
  "number_of_ed_visits" : "114"
}
, {
  "hospitalization_crude_rate_per_10_000" : "7.1",
  "ed_visit_crude_rate_per_10_000" : "83.6",
  "hospitalization_age_adjusted_rate_per_10_000" : "7.3",
  "ed_visit_age_adjusted_rate_per_10_000" : "86.5",
  "town" : "Ledyard",
  "number_of_hospitalization" : "54",
  "number_of_ed_visits" : "634"
}
, {
  "hospitalization_crude_rate_per_10_000" : "4.2",
  "ed_visit_crude_rate_per_10_000" : "23.3",
  "hospitalization_age_adjusted_rate_per_10_000" : "3.3",
  "ed_visit_age_adjusted_rate_per_10_000" : "28.9",
  "town" : "Litchfield",
  "number_of_hospitalization" : "18",
  "number_of_ed_visits" : "101"
}
, {
  "town" : "Lyme"
}
, {
  "hospitalization_crude_rate_per_10_000" : "7.3",
  "ed_visit_crude_rate_per_10_000" : "18.399999999999999",
  "hospitalization_age_adjusted_rate_per_10_000" : "8.1999999999999993",
  "ed_visit_age_adjusted_rate_per_10_000" : "23.9",
  "town" : "Madison",
  "number_of_hospitalization" : "68",
  "number_of_ed_visits" : "172"
}
, {
  "hospitalization_crude_rate_per_10_000" : "8.5",
  "ed_visit_crude_rate_per_10_000" : "81.8",
  "hospitalization_age_adjusted_rate_per_10_000" : "8.8000000000000007",
  "ed_visit_age_adjusted_rate_per_10_000" : "85.2",
  "town" : "Manchester",
  "number_of_hospitalization" : "236",
  "number_of_ed_visits" : "2281"
}
, {
  "hospitalization_crude_rate_per_10_000" : "4.5999999999999996",
  "ed_visit_crude_rate_per_10_000" : "12.1",
  "hospitalization_age_adjusted_rate_per_10_000" : "9.1",
  "ed_visit_age_adjusted_rate_per_10_000" : "22.8",
  "town" : "Mansfield",
  "number_of_hospitalization" : "57",
  "number_of_ed_visits" : "151"
}
, {
  "hospitalization_crude_rate_per_10_000" : "3.8",
  "ed_visit_crude_rate_per_10_000" : "43.5",
  "hospitalization_age_adjusted_rate_per_10_000" : "4.5",
  "ed_visit_age_adjusted_rate_per_10_000" : "49.8",
  "town" : "Marlborough",
  "number_of_hospitalization" : "12",
  "number_of_ed_visits" : "137"
}
, {
  "hospitalization_crude_rate_per_10_000" : "14.8",
  "ed_visit_crude_rate_per_10_000" : "102.4",
  "hospitalization_age_adjusted_rate_per_10_000" : "14.9",
  "ed_visit_age_adjusted_rate_per_10_000" : "106.9",
  "town" : "Meriden",
  "number_of_hospitalization" : "437",
  "number_of_ed_visits" : "3025"
}
, {
  "hospitalization_crude_rate_per_10_000" : "6.7",
  "ed_visit_crude_rate_per_10_000" : "15",
  "hospitalization_age_adjusted_rate_per_10_000" : "6.5",
  "ed_visit_age_adjusted_rate_per_10_000" : "16.5",
  "town" : "Middlebury",
  "number_of_hospitalization" : "24",
  "number_of_ed_visits" : "54"
}
, {
  "hospitalization_crude_rate_per_10_000" : "4.2",
  "ed_visit_crude_rate_per_10_000" : "29.1",
  "hospitalization_age_adjusted_rate_per_10_000" : "4.9000000000000004",
  "ed_visit_age_adjusted_rate_per_10_000" : "37.6",
  "town" : "Middlefield",
  "number_of_hospitalization" : "9",
  "number_of_ed_visits" : "62"
}
, {
  "hospitalization_crude_rate_per_10_000" : "8.8000000000000007",
  "ed_visit_crude_rate_per_10_000" : "60.2",
  "hospitalization_age_adjusted_rate_per_10_000" : "9.1999999999999993",
  "ed_visit_age_adjusted_rate_per_10_000" : "64.599999999999994",
  "town" : "Middletown",
  "number_of_hospitalization" : "210",
  "number_of_ed_visits" : "1435"
}
, {
  "hospitalization_crude_rate_per_10_000" : "8",
  "ed_visit_crude_rate_per_10_000" : "45.3",
  "hospitalization_age_adjusted_rate_per_10_000" : "7.8",
  "ed_visit_age_adjusted_rate_per_10_000" : "47.5",
  "town" : "Milford",
  "number_of_hospitalization" : "220",
  "number_of_ed_visits" : "1253"
}
, {
  "hospitalization_crude_rate_per_10_000" : "7.9",
  "ed_visit_crude_rate_per_10_000" : "14.5",
  "hospitalization_age_adjusted_rate_per_10_000" : "7.5",
  "ed_visit_age_adjusted_rate_per_10_000" : "16.2",
  "town" : "Monroe",
  "number_of_hospitalization" : "76",
  "number_of_ed_visits" : "140"
}
, {
  "hospitalization_crude_rate_per_10_000" : "9.9",
  "ed_visit_crude_rate_per_10_000" : "63.9",
  "hospitalization_age_adjusted_rate_per_10_000" : "9.8000000000000007",
  "ed_visit_age_adjusted_rate_per_10_000" : "66.5",
  "town" : "Montville",
  "number_of_hospitalization" : "98",
  "number_of_ed_visits" : "632"
}
, {
  "ed_visit_crude_rate_per_10_000" : "22.5",
  "ed_visit_age_adjusted_rate_per_10_000" : "24.1",
  "town" : "Morris",
  "number_of_ed_visits" : "27"
}
, {
  "hospitalization_crude_rate_per_10_000" : "12.1",
  "ed_visit_crude_rate_per_10_000" : "48.8",
  "hospitalization_age_adjusted_rate_per_10_000" : "12.4",
  "ed_visit_age_adjusted_rate_per_10_000" : "49.5",
  "town" : "Naugatuck",
  "number_of_hospitalization" : "193",
  "number_of_ed_visits" : "777"
}
, {
  "hospitalization_crude_rate_per_10_000" : "35.9",
  "ed_visit_crude_rate_per_10_000" : "156.69999999999999",
  "hospitalization_age_adjusted_rate_per_10_000" : "37.700000000000003",
  "ed_visit_age_adjusted_rate_per_10_000" : "166.2",
  "town" : "New Britain",
  "number_of_hospitalization" : "1265",
  "number_of_ed_visits" : "5527"
}
, {
  "hospitalization_crude_rate_per_10_000" : "3.5",
  "ed_visit_crude_rate_per_10_000" : "9.5",
  "hospitalization_age_adjusted_rate_per_10_000" : "3.6",
  "ed_visit_age_adjusted_rate_per_10_000" : "10.6",
  "town" : "New Canaan",
  "number_of_hospitalization" : "35",
  "number_of_ed_visits" : "94"
}
, {
  "hospitalization_crude_rate_per_10_000" : "3",
  "ed_visit_crude_rate_per_10_000" : "17.100000000000001",
  "hospitalization_age_adjusted_rate_per_10_000" : "3",
  "ed_visit_age_adjusted_rate_per_10_000" : "18.899999999999999",
  "town" : "New Fairfield",
  "number_of_hospitalization" : "21",
  "number_of_ed_visits" : "120"
}
, {
  "hospitalization_crude_rate_per_10_000" : "2.1",
  "ed_visit_crude_rate_per_10_000" : "22.9",
  "hospitalization_age_adjusted_rate_per_10_000" : "2",
  "ed_visit_age_adjusted_rate_per_10_000" : "25.7",
  "town" : "New Hartford",
  "number_of_hospitalization" : "7",
  "number_of_ed_visits" : "77"
}
, {
  "hospitalization_crude_rate_per_10_000" : "55.5",
  "ed_visit_crude_rate_per_10_000" : "134.30000000000001",
  "hospitalization_age_adjusted_rate_per_10_000" : "63.4",
  "ed_visit_age_adjusted_rate_per_10_000" : "136.6",
  "town" : "New Haven",
  "number_of_hospitalization" : "3428",
  "number_of_ed_visits" : "8303"
}
, {
  "hospitalization_crude_rate_per_10_000" : "22.9",
  "ed_visit_crude_rate_per_10_000" : "180.6",
  "hospitalization_age_adjusted_rate_per_10_000" : "27.7",
  "ed_visit_age_adjusted_rate_per_10_000" : "193",
  "town" : "New London",
  "number_of_hospitalization" : "299",
  "number_of_ed_visits" : "2359"
}
, {
  "hospitalization_crude_rate_per_10_000" : "3.7",
  "ed_visit_crude_rate_per_10_000" : "36.799999999999997",
  "hospitalization_age_adjusted_rate_per_10_000" : "3.8",
  "ed_visit_age_adjusted_rate_per_10_000" : "38.9",
  "town" : "New Milford",
  "number_of_hospitalization" : "52",
  "number_of_ed_visits" : "524"
}
, {
  "hospitalization_crude_rate_per_10_000" : "10.4",
  "ed_visit_crude_rate_per_10_000" : "22.5",
  "hospitalization_age_adjusted_rate_per_10_000" : "9.1999999999999993",
  "ed_visit_age_adjusted_rate_per_10_000" : "24.9",
  "town" : "Newington",
  "number_of_hospitalization" : "153",
  "number_of_ed_visits" : "332"
}
, {
  "hospitalization_crude_rate_per_10_000" : "3.7",
  "ed_visit_crude_rate_per_10_000" : "17.2",
  "hospitalization_age_adjusted_rate_per_10_000" : "3.7",
  "ed_visit_age_adjusted_rate_per_10_000" : "20.5",
  "town" : "Newtown",
  "number_of_hospitalization" : "49",
  "number_of_ed_visits" : "230"
}
, {
  "ed_visit_crude_rate_per_10_000" : "44.1",
  "ed_visit_age_adjusted_rate_per_10_000" : "46.2",
  "town" : "Norfolk",
  "number_of_ed_visits" : "38"
}
, {
  "hospitalization_crude_rate_per_10_000" : "9.1999999999999993",
  "ed_visit_crude_rate_per_10_000" : "19.8",
  "hospitalization_age_adjusted_rate_per_10_000" : "9.1999999999999993",
  "ed_visit_age_adjusted_rate_per_10_000" : "22.9",
  "town" : "North Branford",
  "number_of_hospitalization" : "66",
  "number_of_ed_visits" : "142"
}
, {
  "ed_visit_crude_rate_per_10_000" : "9.5",
  "ed_visit_age_adjusted_rate_per_10_000" : "12.4",
  "town" : "North Canaan",
  "number_of_ed_visits" : "16"
}
, {
  "hospitalization_crude_rate_per_10_000" : "11.1",
  "ed_visit_crude_rate_per_10_000" : "20.8",
  "hospitalization_age_adjusted_rate_per_10_000" : "11.3",
  "ed_visit_age_adjusted_rate_per_10_000" : "24.6",
  "town" : "North Haven",
  "number_of_hospitalization" : "133",
  "number_of_ed_visits" : "248"
}
, {
  "hospitalization_crude_rate_per_10_000" : "6.1",
  "ed_visit_crude_rate_per_10_000" : "38.1",
  "hospitalization_age_adjusted_rate_per_10_000" : "5.3",
  "ed_visit_age_adjusted_rate_per_10_000" : "40.1",
  "town" : "North Stonington",
  "number_of_hospitalization" : "16",
  "number_of_ed_visits" : "100"
}
, {
  "hospitalization_crude_rate_per_10_000" : "11.2",
  "ed_visit_crude_rate_per_10_000" : "46.8",
  "hospitalization_age_adjusted_rate_per_10_000" : "11.4",
  "ed_visit_age_adjusted_rate_per_10_000" : "48.4",
  "town" : "Norwalk",
  "number_of_hospitalization" : "468",
  "number_of_ed_visits" : "1947"
}
, {
  "hospitalization_crude_rate_per_10_000" : "20.100000000000001",
  "ed_visit_crude_rate_per_10_000" : "115.3",
  "hospitalization_age_adjusted_rate_per_10_000" : "20",
  "ed_visit_age_adjusted_rate_per_10_000" : "119.3",
  "town" : "Norwich",
  "number_of_hospitalization" : "367",
  "number_of_ed_visits" : "2109"
}
, {
  "hospitalization_crude_rate_per_10_000" : "6.2",
  "ed_visit_crude_rate_per_10_000" : "34.5",
  "hospitalization_age_adjusted_rate_per_10_000" : "6.2",
  "ed_visit_age_adjusted_rate_per_10_000" : "38.6",
  "town" : "Old Lyme",
  "number_of_hospitalization" : "23",
  "number_of_ed_visits" : "128"
}
, {
  "hospitalization_crude_rate_per_10_000" : "5.5",
  "ed_visit_crude_rate_per_10_000" : "31",
  "hospitalization_age_adjusted_rate_per_10_000" : "6.6",
  "ed_visit_age_adjusted_rate_per_10_000" : "41.1",
  "town" : "Old Saybrook",
  "number_of_hospitalization" : "29",
  "number_of_ed_visits" : "163"
}
, {
  "hospitalization_crude_rate_per_10_000" : "8.4",
  "ed_visit_crude_rate_per_10_000" : "24.5",
  "hospitalization_age_adjusted_rate_per_10_000" : "7.4",
  "ed_visit_age_adjusted_rate_per_10_000" : "27.8",
  "town" : "Orange",
  "number_of_hospitalization" : "58",
  "number_of_ed_visits" : "169"
}
, {
  "hospitalization_crude_rate_per_10_000" : "5.7",
  "ed_visit_crude_rate_per_10_000" : "29.9",
  "hospitalization_age_adjusted_rate_per_10_000" : "6.1",
  "ed_visit_age_adjusted_rate_per_10_000" : "33.4",
  "town" : "Oxford",
  "number_of_hospitalization" : "35",
  "number_of_ed_visits" : "185"
}
, {
  "hospitalization_crude_rate_per_10_000" : "12.2",
  "ed_visit_crude_rate_per_10_000" : "50.6",
  "hospitalization_age_adjusted_rate_per_10_000" : "12.8",
  "ed_visit_age_adjusted_rate_per_10_000" : "54.6",
  "town" : "Plainfield",
  "number_of_hospitalization" : "94",
  "number_of_ed_visits" : "389"
}
, {
  "hospitalization_crude_rate_per_10_000" : "13.1",
  "ed_visit_crude_rate_per_10_000" : "42.9",
  "hospitalization_age_adjusted_rate_per_10_000" : "12.4",
  "ed_visit_age_adjusted_rate_per_10_000" : "46.7",
  "town" : "Plainville",
  "number_of_hospitalization" : "113",
  "number_of_ed_visits" : "369"
}
, {
  "hospitalization_crude_rate_per_10_000" : "13.8",
  "ed_visit_crude_rate_per_10_000" : "60",
  "hospitalization_age_adjusted_rate_per_10_000" : "14.3",
  "ed_visit_age_adjusted_rate_per_10_000" : "63.4",
  "town" : "Plymouth",
  "number_of_hospitalization" : "83",
  "number_of_ed_visits" : "361"
}
, {
  "hospitalization_crude_rate_per_10_000" : "4.3",
  "ed_visit_crude_rate_per_10_000" : "19.8",
  "hospitalization_age_adjusted_rate_per_10_000" : "4.8",
  "ed_visit_age_adjusted_rate_per_10_000" : "20.6",
  "town" : "Pomfret",
  "number_of_hospitalization" : "9",
  "number_of_ed_visits" : "41"
}
, {
  "hospitalization_crude_rate_per_10_000" : "6.9",
  "ed_visit_crude_rate_per_10_000" : "29.2",
  "hospitalization_age_adjusted_rate_per_10_000" : "6.8",
  "ed_visit_age_adjusted_rate_per_10_000" : "32.9",
  "town" : "Portland",
  "number_of_hospitalization" : "33",
  "number_of_ed_visits" : "139"
}
, {
  "hospitalization_crude_rate_per_10_000" : "17.100000000000001",
  "ed_visit_crude_rate_per_10_000" : "41.5",
  "hospitalization_age_adjusted_rate_per_10_000" : "12.7",
  "ed_visit_age_adjusted_rate_per_10_000" : "47.9",
  "town" : "Preston",
  "number_of_hospitalization" : "42",
  "number_of_ed_visits" : "102"
}
, {
  "hospitalization_crude_rate_per_10_000" : "7.5",
  "ed_visit_crude_rate_per_10_000" : "22",
  "hospitalization_age_adjusted_rate_per_10_000" : "7.6",
  "ed_visit_age_adjusted_rate_per_10_000" : "25",
  "town" : "Prospect",
  "number_of_hospitalization" : "35",
  "number_of_ed_visits" : "102"
}
, {
  "hospitalization_crude_rate_per_10_000" : "12.9",
  "ed_visit_crude_rate_per_10_000" : "58.5",
  "hospitalization_age_adjusted_rate_per_10_000" : "12",
  "ed_visit_age_adjusted_rate_per_10_000" : "62.7",
  "town" : "Putnam",
  "number_of_hospitalization" : "60",
  "number_of_ed_visits" : "271"
}
, {
  "hospitalization_crude_rate_per_10_000" : "5",
  "ed_visit_crude_rate_per_10_000" : "10.7",
  "hospitalization_age_adjusted_rate_per_10_000" : "4.3",
  "ed_visit_age_adjusted_rate_per_10_000" : "11.5",
  "town" : "Redding",
  "number_of_hospitalization" : "22",
  "number_of_ed_visits" : "47"
}
, {
  "hospitalization_crude_rate_per_10_000" : "2.5",
  "ed_visit_crude_rate_per_10_000" : "11.1",
  "hospitalization_age_adjusted_rate_per_10_000" : "2.2999999999999998",
  "ed_visit_age_adjusted_rate_per_10_000" : "11.5",
  "town" : "Ridgefield",
  "number_of_hospitalization" : "30",
  "number_of_ed_visits" : "133"
}
, {
  "hospitalization_crude_rate_per_10_000" : "5.6",
  "ed_visit_crude_rate_per_10_000" : "20.5",
  "hospitalization_age_adjusted_rate_per_10_000" : "4.5999999999999996",
  "ed_visit_age_adjusted_rate_per_10_000" : "22.6",
  "town" : "Rocky Hill",
  "number_of_hospitalization" : "52",
  "number_of_ed_visits" : "192"
}
, {
  "ed_visit_crude_rate_per_10_000" : "19.100000000000001",
  "ed_visit_age_adjusted_rate_per_10_000" : "20.7",
  "town" : "Roxbury",
  "number_of_ed_visits" : "22"
}
, {
  "hospitalization_crude_rate_per_10_000" : "6.3",
  "ed_visit_crude_rate_per_10_000" : "36.5",
  "hospitalization_age_adjusted_rate_per_10_000" : "6.5",
  "ed_visit_age_adjusted_rate_per_10_000" : "44.2",
  "town" : "Salem",
  "number_of_hospitalization" : "13",
  "number_of_ed_visits" : "75"
}
, {
  "hospitalization_crude_rate_per_10_000" : "5.5",
  "ed_visit_crude_rate_per_10_000" : "12.5",
  "hospitalization_age_adjusted_rate_per_10_000" : "5.5",
  "ed_visit_age_adjusted_rate_per_10_000" : "23.5",
  "town" : "Salisbury",
  "number_of_hospitalization" : "11",
  "number_of_ed_visits" : "25"
}
, {
  "ed_visit_crude_rate_per_10_000" : "21.2",
  "ed_visit_age_adjusted_rate_per_10_000" : "22.3",
  "town" : "Scotland",
  "number_of_ed_visits" : "20"
}
, {
  "hospitalization_crude_rate_per_10_000" : "8.1999999999999993",
  "ed_visit_crude_rate_per_10_000" : "64.5",
  "hospitalization_age_adjusted_rate_per_10_000" : "9.5",
  "ed_visit_age_adjusted_rate_per_10_000" : "70.7",
  "town" : "Seymour",
  "number_of_hospitalization" : "66",
  "number_of_ed_visits" : "521"
}
, {
  "hospitalization_crude_rate_per_10_000" : "7.3",
  "ed_visit_crude_rate_per_10_000" : "27.8",
  "hospitalization_age_adjusted_rate_per_10_000" : "6.1",
  "ed_visit_age_adjusted_rate_per_10_000" : "33",
  "town" : "Sharon",
  "number_of_hospitalization" : "11",
  "number_of_ed_visits" : "42"
}
, {
  "hospitalization_crude_rate_per_10_000" : "7.5",
  "ed_visit_crude_rate_per_10_000" : "33.299999999999997",
  "hospitalization_age_adjusted_rate_per_10_000" : "6.8",
  "ed_visit_age_adjusted_rate_per_10_000" : "38.1",
  "town" : "Shelton",
  "number_of_hospitalization" : "149",
  "number_of_ed_visits" : "661"
}
, {
  "ed_visit_crude_rate_per_10_000" : "13.2",
  "ed_visit_age_adjusted_rate_per_10_000" : "15.1",
  "town" : "Sherman",
  "number_of_ed_visits" : "27"
}
, {
  "hospitalization_crude_rate_per_10_000" : "2.6",
  "ed_visit_crude_rate_per_10_000" : "12.4",
  "hospitalization_age_adjusted_rate_per_10_000" : "2.6",
  "ed_visit_age_adjusted_rate_per_10_000" : "13.7",
  "town" : "Simsbury",
  "number_of_hospitalization" : "31",
  "number_of_ed_visits" : "146"
}
, {
  "hospitalization_crude_rate_per_10_000" : "6.2",
  "ed_visit_crude_rate_per_10_000" : "23",
  "hospitalization_age_adjusted_rate_per_10_000" : "5.8",
  "ed_visit_age_adjusted_rate_per_10_000" : "25.1",
  "town" : "Somers",
  "number_of_hospitalization" : "34",
  "number_of_ed_visits" : "126"
}
, {
  "hospitalization_crude_rate_per_10_000" : "6.2",
  "ed_visit_crude_rate_per_10_000" : "23.9",
  "hospitalization_age_adjusted_rate_per_10_000" : "6.4",
  "ed_visit_age_adjusted_rate_per_10_000" : "28.6",
  "town" : "South Windsor",
  "number_of_hospitalization" : "80",
  "number_of_ed_visits" : "310"
}
, {
  "hospitalization_crude_rate_per_10_000" : "4.4000000000000004",
  "ed_visit_crude_rate_per_10_000" : "13",
  "hospitalization_age_adjusted_rate_per_10_000" : "3.4",
  "ed_visit_age_adjusted_rate_per_10_000" : "17.7",
  "town" : "Southbury",
  "number_of_hospitalization" : "43",
  "number_of_ed_visits" : "127"
}
, {
  "hospitalization_crude_rate_per_10_000" : "8.1999999999999993",
  "ed_visit_crude_rate_per_10_000" : "33.299999999999997",
  "hospitalization_age_adjusted_rate_per_10_000" : "7.5",
  "ed_visit_age_adjusted_rate_per_10_000" : "37.299999999999997",
  "town" : "Southington",
  "number_of_hospitalization" : "173",
  "number_of_ed_visits" : "700"
}
, {
  "hospitalization_crude_rate_per_10_000" : "12",
  "ed_visit_crude_rate_per_10_000" : "74.7",
  "hospitalization_age_adjusted_rate_per_10_000" : "15.9",
  "ed_visit_age_adjusted_rate_per_10_000" : "97",
  "town" : "Sprague",
  "number_of_hospitalization" : "18",
  "number_of_ed_visits" : "112"
}
, {
  "hospitalization_crude_rate_per_10_000" : "16.5",
  "ed_visit_crude_rate_per_10_000" : "54.9",
  "hospitalization_age_adjusted_rate_per_10_000" : "15.4",
  "ed_visit_age_adjusted_rate_per_10_000" : "64.2",
  "town" : "Stafford & Union",
  "number_of_hospitalization" : "103",
  "number_of_ed_visits" : "342"
}
, {
  "hospitalization_crude_rate_per_10_000" : "8.9",
  "ed_visit_crude_rate_per_10_000" : "55.2",
  "hospitalization_age_adjusted_rate_per_10_000" : "9.1",
  "ed_visit_age_adjusted_rate_per_10_000" : "58.3",
  "town" : "Stamford",
  "number_of_hospitalization" : "530",
  "number_of_ed_visits" : "3281"
}
, {
  "hospitalization_crude_rate_per_10_000" : "6.5",
  "ed_visit_crude_rate_per_10_000" : "24.5",
  "hospitalization_age_adjusted_rate_per_10_000" : "6.2",
  "ed_visit_age_adjusted_rate_per_10_000" : "27.2",
  "town" : "Sterling",
  "number_of_hospitalization" : "12",
  "number_of_ed_visits" : "45"
}
, {
  "hospitalization_crude_rate_per_10_000" : "3.3",
  "ed_visit_crude_rate_per_10_000" : "28.6",
  "hospitalization_age_adjusted_rate_per_10_000" : "3.2",
  "ed_visit_age_adjusted_rate_per_10_000" : "33.1",
  "town" : "Stonington",
  "number_of_hospitalization" : "30",
  "number_of_ed_visits" : "263"
}
, {
  "hospitalization_crude_rate_per_10_000" : "11.9",
  "ed_visit_crude_rate_per_10_000" : "46.8",
  "hospitalization_age_adjusted_rate_per_10_000" : "11.3",
  "ed_visit_age_adjusted_rate_per_10_000" : "51.1",
  "town" : "Stratford",
  "number_of_hospitalization" : "291",
  "number_of_ed_visits" : "1144"
}
, {
  "hospitalization_crude_rate_per_10_000" : "5.9",
  "ed_visit_crude_rate_per_10_000" : "10.4",
  "hospitalization_age_adjusted_rate_per_10_000" : "5.5",
  "ed_visit_age_adjusted_rate_per_10_000" : "12.2",
  "town" : "Suffield",
  "number_of_hospitalization" : "44",
  "number_of_ed_visits" : "78"
}
, {
  "hospitalization_crude_rate_per_10_000" : "5.4",
  "ed_visit_crude_rate_per_10_000" : "32.5",
  "hospitalization_age_adjusted_rate_per_10_000" : "7.1",
  "ed_visit_age_adjusted_rate_per_10_000" : "37",
  "town" : "Thomaston",
  "number_of_hospitalization" : "21",
  "number_of_ed_visits" : "127"
}
, {
  "hospitalization_crude_rate_per_10_000" : "8.6999999999999993",
  "ed_visit_crude_rate_per_10_000" : "41.1",
  "hospitalization_age_adjusted_rate_per_10_000" : "10.3",
  "ed_visit_age_adjusted_rate_per_10_000" : "57",
  "town" : "Thompson",
  "number_of_hospitalization" : "40",
  "number_of_ed_visits" : "190"
}
, {
  "hospitalization_crude_rate_per_10_000" : "4.5",
  "ed_visit_crude_rate_per_10_000" : "24",
  "hospitalization_age_adjusted_rate_per_10_000" : "5.3",
  "ed_visit_age_adjusted_rate_per_10_000" : "25.8",
  "town" : "Tolland",
  "number_of_hospitalization" : "33",
  "number_of_ed_visits" : "176"
}
, {
  "hospitalization_crude_rate_per_10_000" : "11.4",
  "ed_visit_crude_rate_per_10_000" : "69.3",
  "hospitalization_age_adjusted_rate_per_10_000" : "11.8",
  "ed_visit_age_adjusted_rate_per_10_000" : "75.3",
  "town" : "Torrington",
  "number_of_hospitalization" : "203",
  "number_of_ed_visits" : "1230"
}
, {
  "hospitalization_crude_rate_per_10_000" : "8.5",
  "ed_visit_crude_rate_per_10_000" : "17.100000000000001",
  "hospitalization_age_adjusted_rate_per_10_000" : "7.7",
  "ed_visit_age_adjusted_rate_per_10_000" : "19.7",
  "town" : "Trumbull",
  "number_of_hospitalization" : "147",
  "number_of_ed_visits" : "296"
}
, {
  "hospitalization_crude_rate_per_10_000" : "9.3000000000000007",
  "ed_visit_crude_rate_per_10_000" : "78.5",
  "hospitalization_age_adjusted_rate_per_10_000" : "9.1",
  "ed_visit_age_adjusted_rate_per_10_000" : "84",
  "town" : "Vernon",
  "number_of_hospitalization" : "138",
  "number_of_ed_visits" : "1167"
}
, {
  "hospitalization_crude_rate_per_10_000" : "7.6",
  "ed_visit_crude_rate_per_10_000" : "38.799999999999997",
  "hospitalization_age_adjusted_rate_per_10_000" : "7.5",
  "ed_visit_age_adjusted_rate_per_10_000" : "39.700000000000003",
  "town" : "Voluntown",
  "number_of_hospitalization" : "10",
  "number_of_ed_visits" : "51"
}
, {
  "hospitalization_crude_rate_per_10_000" : "7.4",
  "ed_visit_crude_rate_per_10_000" : "27.2",
  "hospitalization_age_adjusted_rate_per_10_000" : "7.8",
  "ed_visit_age_adjusted_rate_per_10_000" : "29.8",
  "town" : "Wallingford",
  "number_of_hospitalization" : "164",
  "number_of_ed_visits" : "607"
}
, {
  "hospitalization_crude_rate_per_10_000" : "4.9000000000000004",
  "ed_visit_crude_rate_per_10_000" : "28.3",
  "hospitalization_age_adjusted_rate_per_10_000" : "5.7",
  "ed_visit_age_adjusted_rate_per_10_000" : "34.6",
  "town" : "Washington",
  "number_of_hospitalization" : "9",
  "number_of_ed_visits" : "52"
}
, {
  "hospitalization_crude_rate_per_10_000" : "28",
  "ed_visit_crude_rate_per_10_000" : "167.8",
  "hospitalization_age_adjusted_rate_per_10_000" : "27.7",
  "ed_visit_age_adjusted_rate_per_10_000" : "168.7",
  "town" : "Waterbury",
  "number_of_hospitalization" : "1499",
  "number_of_ed_visits" : "8969"
}
, {
  "hospitalization_crude_rate_per_10_000" : "12.1",
  "ed_visit_crude_rate_per_10_000" : "67.5",
  "hospitalization_age_adjusted_rate_per_10_000" : "11.6",
  "ed_visit_age_adjusted_rate_per_10_000" : "77.900000000000006",
  "town" : "Waterford",
  "number_of_hospitalization" : "114",
  "number_of_ed_visits" : "637"
}
, {
  "hospitalization_crude_rate_per_10_000" : "6.6",
  "ed_visit_crude_rate_per_10_000" : "26.5",
  "hospitalization_age_adjusted_rate_per_10_000" : "6.4",
  "ed_visit_age_adjusted_rate_per_10_000" : "29.7",
  "town" : "Watertown",
  "number_of_hospitalization" : "73",
  "number_of_ed_visits" : "293"
}
, {
  "hospitalization_crude_rate_per_10_000" : "8.1999999999999993",
  "ed_visit_crude_rate_per_10_000" : "27.4",
  "hospitalization_age_adjusted_rate_per_10_000" : "7.4",
  "ed_visit_age_adjusted_rate_per_10_000" : "31",
  "town" : "West Hartford",
  "number_of_hospitalization" : "247",
  "number_of_ed_visits" : "831"
}
, {
  "hospitalization_crude_rate_per_10_000" : "29.8",
  "ed_visit_crude_rate_per_10_000" : "74.2",
  "hospitalization_age_adjusted_rate_per_10_000" : "31",
  "ed_visit_age_adjusted_rate_per_10_000" : "77.8",
  "town" : "West Haven",
  "number_of_hospitalization" : "785",
  "number_of_ed_visits" : "1956"
}
, {
  "hospitalization_crude_rate_per_10_000" : "4.8",
  "ed_visit_crude_rate_per_10_000" : "37.700000000000003",
  "hospitalization_age_adjusted_rate_per_10_000" : "5.4",
  "ed_visit_age_adjusted_rate_per_10_000" : "45.6",
  "town" : "Westbrook",
  "number_of_hospitalization" : "16",
  "number_of_ed_visits" : "125"
}
, {
  "hospitalization_crude_rate_per_10_000" : "3.6",
  "ed_visit_crude_rate_per_10_000" : "8.5",
  "hospitalization_age_adjusted_rate_per_10_000" : "3.8",
  "ed_visit_age_adjusted_rate_per_10_000" : "8",
  "town" : "Weston",
  "number_of_hospitalization" : "18",
  "number_of_ed_visits" : "43"
}
, {
  "hospitalization_crude_rate_per_10_000" : "4",
  "ed_visit_crude_rate_per_10_000" : "8.8000000000000007",
  "hospitalization_age_adjusted_rate_per_10_000" : "4.2",
  "ed_visit_age_adjusted_rate_per_10_000" : "9.8000000000000007",
  "town" : "Westport",
  "number_of_hospitalization" : "53",
  "number_of_ed_visits" : "117"
}
, {
  "hospitalization_crude_rate_per_10_000" : "8.3000000000000007",
  "ed_visit_crude_rate_per_10_000" : "18.899999999999999",
  "hospitalization_age_adjusted_rate_per_10_000" : "7.4",
  "ed_visit_age_adjusted_rate_per_10_000" : "23.5",
  "town" : "Wethersfield",
  "number_of_hospitalization" : "107",
  "number_of_ed_visits" : "244"
}
, {
  "hospitalization_crude_rate_per_10_000" : "6.5",
  "ed_visit_crude_rate_per_10_000" : "26.3",
  "hospitalization_age_adjusted_rate_per_10_000" : "13",
  "ed_visit_age_adjusted_rate_per_10_000" : "35.9",
  "town" : "Willington",
  "number_of_hospitalization" : "20",
  "number_of_ed_visits" : "81"
}
, {
  "hospitalization_crude_rate_per_10_000" : "3.6",
  "ed_visit_crude_rate_per_10_000" : "10.5",
  "hospitalization_age_adjusted_rate_per_10_000" : "3.3",
  "ed_visit_age_adjusted_rate_per_10_000" : "11.2",
  "town" : "Wilton",
  "number_of_hospitalization" : "32",
  "number_of_ed_visits" : "93"
}
, {
  "hospitalization_crude_rate_per_10_000" : "8.9",
  "ed_visit_crude_rate_per_10_000" : "106.1",
  "hospitalization_age_adjusted_rate_per_10_000" : "9",
  "ed_visit_age_adjusted_rate_per_10_000" : "110.3",
  "town" : "Winchester",
  "number_of_hospitalization" : "48",
  "number_of_ed_visits" : "571"
}
, {
  "hospitalization_crude_rate_per_10_000" : "42.2",
  "ed_visit_crude_rate_per_10_000" : "129.4",
  "hospitalization_age_adjusted_rate_per_10_000" : "46.4",
  "ed_visit_age_adjusted_rate_per_10_000" : "137.5",
  "town" : "Windham",
  "number_of_hospitalization" : "499",
  "number_of_ed_visits" : "1532"
}
, {
  "hospitalization_crude_rate_per_10_000" : "10.5",
  "ed_visit_crude_rate_per_10_000" : "41.5",
  "hospitalization_age_adjusted_rate_per_10_000" : "10.199999999999999",
  "ed_visit_age_adjusted_rate_per_10_000" : "44.8",
  "town" : "Windsor",
  "number_of_hospitalization" : "151",
  "number_of_ed_visits" : "597"
}
, {
  "hospitalization_crude_rate_per_10_000" : "6",
  "ed_visit_crude_rate_per_10_000" : "24.5",
  "hospitalization_age_adjusted_rate_per_10_000" : "5.7",
  "ed_visit_age_adjusted_rate_per_10_000" : "27.5",
  "town" : "Windsor Locks",
  "number_of_hospitalization" : "37",
  "number_of_ed_visits" : "152"
}
, {
  "hospitalization_crude_rate_per_10_000" : "8",
  "ed_visit_crude_rate_per_10_000" : "30.1",
  "hospitalization_age_adjusted_rate_per_10_000" : "8.6999999999999993",
  "ed_visit_age_adjusted_rate_per_10_000" : "34",
  "town" : "Wolcott",
  "number_of_hospitalization" : "65",
  "number_of_ed_visits" : "245"
}
, {
  "hospitalization_crude_rate_per_10_000" : "12.2",
  "ed_visit_crude_rate_per_10_000" : "16.8",
  "hospitalization_age_adjusted_rate_per_10_000" : "12.5",
  "ed_visit_age_adjusted_rate_per_10_000" : "23",
  "town" : "Woodbridge",
  "number_of_hospitalization" : "56",
  "number_of_ed_visits" : "77"
}
, {
  "hospitalization_crude_rate_per_10_000" : "4.5999999999999996",
  "ed_visit_crude_rate_per_10_000" : "15.7",
  "hospitalization_age_adjusted_rate_per_10_000" : "4.2",
  "ed_visit_age_adjusted_rate_per_10_000" : "19.7",
  "town" : "Woodbury",
  "number_of_hospitalization" : "22",
  "number_of_ed_visits" : "76"
}
, {
  "hospitalization_crude_rate_per_10_000" : "4.4000000000000004",
  "ed_visit_crude_rate_per_10_000" : "19.899999999999999",
  "hospitalization_age_adjusted_rate_per_10_000" : "4.8",
  "ed_visit_age_adjusted_rate_per_10_000" : "25.3",
  "town" : "Woodstock",
  "number_of_hospitalization" : "18",
  "number_of_ed_visits" : "81"
}
 ]