{
  "id" : "bsk8-skak",
  "name" : "New Haven Utility Poles",
  "attribution" : "City of New Haven",
  "averageRating" : 0,
  "blobFilename" : "Utility Point.zip",
  "blobFileSize" : 245208,
  "blobId" : "OXna8g32Ud9xcYgn8k118eSHqDuP5hqSO30rSXtwsQQ",
  "blobMimeType" : "application/zip; charset=binary",
  "createdAt" : 1418930843,
  "displayType" : "map",
  "downloadCount" : 3,
  "indexUpdatedAt" : 1449092144,
  "licenseId" : "PUBLIC_DOMAIN",
  "newBackend" : true,
  "numberOfComments" : 0,
  "oid" : 15140812,
  "publicationAppendEnabled" : false,
  "publicationDate" : 1418930857,
  "publicationGroup" : 5805424,
  "publicationStage" : "published",
  "tableId" : 5805424,
  "totalTimesRated" : 0,
  "viewCount" : 41,
  "viewLastModified" : 1418932441,
  "viewType" : "geo",
  "childViews" : [ "wfq4-78xg" ],
  "columns" : [ ],
  "displayFormat" : {
    "bkgdLayers" : [ {
      "alias" : "Google",
      "opacity" : 1,
      "layerKey" : "Google Roadmap"
    }, {
      "alias" : "Bing",
      "opacity" : 1,
      "layerKey" : "Bing Road"
    }, {
      "alias" : "ESRI",
      "opacity" : 1,
      "layerKey" : "World Street Map (ESRI)"
    } ],
    "viewport" : {
      "ymin" : 41.264212708353,
      "ymax" : 41.333853766409,
      "xmin" : -73.214834345147,
      "xmax" : -72.720449579591
    },
    "plotStyle" : "point",
    "distinctLegend" : true,
    "exclusiveLayers" : true,
    "viewDefinitions" : [ {
      "uid" : "self"
    } ]
  },
  "grants" : [ {
    "inherited" : false,
    "type" : "viewer",
    "flags" : [ "public" ]
  } ],
  "license" : {
    "name" : "Public Domain"
  },
  "metadata" : {
    "custom_fields" : {
      "Microsites" : {
        "Local" : "City of New Haven"
      }
    },
    "renderTypeConfig" : {
      "visible" : {
        "map" : true,
        "table" : true
      },
      "active" : {
        "map" : {
          "id" : "self"
        },
        "table" : {
          "id" : "wfq4-78xg"
        }
      }
    },
    "availableDisplayTypes" : [ "map", "table", "fatrow", "page" ],
    "geo" : {
      "owsUrl" : "/api/geospatial/bsk8-skak",
      "isNbe" : true,
      "bbox" : "-72.99482223713187,41.24717036284484,-72.86351778292345,41.35045606869349",
      "layers" : "wfq4-78xg",
      "featureIdAttribute" : "_SocrataID",
      "bboxCrs" : "EPSG:4326",
      "namespace" : "_bsk8-skak"
    }
  },
  "owner" : {
    "id" : "cvy9-n6sb",
    "displayName" : "Tyler Kleykamp",
    "roleName" : "administrator",
    "screenName" : "Tyler Kleykamp",
    "rights" : [ "create_datasets", "edit_others_datasets", "edit_sdp", "edit_site_theme", "moderate_comments", "manage_users", "chown_datasets", "edit_nominations", "approve_nominations", "feature_items", "federations", "manage_stories", "manage_approval", "change_configurations", "view_domain", "view_others_datasets", "edit_pages", "create_pages", "view_goals", "view_dashboards", "edit_goals", "edit_dashboards", "create_dashboards" ]
  },
  "query" : { },
  "rights" : [ "read" ],
  "tableAuthor" : {
    "id" : "cvy9-n6sb",
    "displayName" : "Tyler Kleykamp",
    "roleName" : "administrator",
    "screenName" : "Tyler Kleykamp",
    "rights" : [ "create_datasets", "edit_others_datasets", "edit_sdp", "edit_site_theme", "moderate_comments", "manage_users", "chown_datasets", "edit_nominations", "approve_nominations", "feature_items", "federations", "manage_stories", "manage_approval", "change_configurations", "view_domain", "view_others_datasets", "edit_pages", "create_pages", "view_goals", "view_dashboards", "edit_goals", "edit_dashboards", "create_dashboards" ]
  },
  "tags" : [ "utility", "poles" ],
  "flags" : [ "default" ]
}
