[ {
  "total" : "314",
  "district_code" : "1",
  "institution_code" : "11",
  "district_name" : "Andover School District",
  "female" : "141",
  "male" : "173",
  "white" : "290",
  "pacific_islander" : "0",
  "two_or_more_races" : "9",
  "hispanic" : "9",
  "american_indian" : "0"
}
, {
  "total" : "2409",
  "district_code" : "2",
  "institution_code" : "11",
  "district_name" : "Ansonia School District",
  "female" : "1161",
  "male" : "1248",
  "white" : "1153",
  "pacific_islander" : "32",
  "two_or_more_races" : "12",
  "asian_american" : "23",
  "hispanic" : "667",
  "black" : "507",
  "american_indian" : "15"
}
, {
  "total" : "439",
  "district_code" : "3",
  "institution_code" : "11",
  "district_name" : "Ashford School District",
  "female" : "211",
  "male" : "228",
  "white" : "381",
  "pacific_islander" : "0",
  "two_or_more_races" : "13",
  "asian_american" : "11",
  "hispanic" : "24",
  "black" : "10",
  "american_indian" : "0"
}
, {
  "total" : "3403",
  "district_code" : "4",
  "institution_code" : "11",
  "district_name" : "Avon School District",
  "female" : "1700",
  "male" : "1703",
  "white" : "2672",
  "pacific_islander" : "9",
  "two_or_more_races" : "86",
  "asian_american" : "337",
  "hispanic" : "170",
  "black" : "123",
  "american_indian" : "6"
}
, {
  "total" : "349",
  "district_code" : "5",
  "institution_code" : "11",
  "district_name" : "Barkhamsted School District",
  "female" : "151",
  "male" : "198",
  "white" : "334",
  "pacific_islander" : "0",
  "hispanic" : "6",
  "american_indian" : "0"
}
, {
  "total" : "2972",
  "district_code" : "7",
  "institution_code" : "11",
  "district_name" : "Berlin School District",
  "female" : "1388",
  "male" : "1584",
  "white" : "2487",
  "two_or_more_races" : "88",
  "asian_american" : "102",
  "hispanic" : "240",
  "black" : "53"
}
, {
  "total" : "473",
  "district_code" : "8",
  "institution_code" : "11",
  "district_name" : "Bethany School District",
  "female" : "223",
  "male" : "250",
  "white" : "413",
  "pacific_islander" : "0",
  "asian_american" : "34",
  "hispanic" : "7",
  "black" : "9",
  "american_indian" : "8"
}
, {
  "total" : "2975",
  "district_code" : "9",
  "institution_code" : "11",
  "district_name" : "Bethel School District",
  "female" : "1432",
  "male" : "1543",
  "white" : "2264",
  "two_or_more_races" : "59",
  "asian_american" : "195",
  "hispanic" : "383",
  "black" : "71"
}
, {
  "total" : "2108",
  "district_code" : "11",
  "institution_code" : "11",
  "district_name" : "Bloomfield School District",
  "female" : "1032",
  "male" : "1076",
  "white" : "246",
  "two_or_more_races" : "90",
  "asian_american" : "28",
  "hispanic" : "205",
  "black" : "1534"
}
, {
  "total" : "892",
  "district_code" : "12",
  "institution_code" : "11",
  "district_name" : "Bolton School District",
  "female" : "444",
  "male" : "448",
  "white" : "783",
  "pacific_islander" : "0",
  "two_or_more_races" : "29",
  "asian_american" : "12",
  "hispanic" : "33",
  "black" : "35",
  "american_indian" : "0"
}
, {
  "total" : "241",
  "district_code" : "13",
  "institution_code" : "11",
  "district_name" : "Bozrah School District",
  "female" : "124",
  "male" : "117",
  "white" : "204",
  "pacific_islander" : "0",
  "two_or_more_races" : "0",
  "hispanic" : "19",
  "black" : "13"
}
, {
  "total" : "3250",
  "district_code" : "14",
  "institution_code" : "11",
  "district_name" : "Branford School District",
  "female" : "1609",
  "male" : "1641",
  "white" : "2548",
  "pacific_islander" : "0",
  "two_or_more_races" : "59",
  "asian_american" : "262",
  "hispanic" : "270",
  "black" : "105",
  "american_indian" : "6"
}
, {
  "total" : "20155",
  "district_code" : "15",
  "institution_code" : "11",
  "district_name" : "Bridgeport School District",
  "female" : "9713",
  "male" : "10442",
  "white" : "1783",
  "pacific_islander" : "13",
  "two_or_more_races" : "53",
  "asian_american" : "583",
  "hispanic" : "9827",
  "black" : "7785",
  "american_indian" : "111"
}
, {
  "total" : "8289",
  "district_code" : "17",
  "institution_code" : "11",
  "district_name" : "Bristol School District",
  "female" : "3984",
  "male" : "4305",
  "white" : "5614",
  "two_or_more_races" : "223",
  "asian_american" : "258",
  "hispanic" : "1655",
  "black" : "523",
  "american_indian" : "15"
}
, {
  "total" : "2789",
  "district_code" : "18",
  "institution_code" : "11",
  "district_name" : "Brookfield School District",
  "female" : "1384",
  "male" : "1405",
  "white" : "2401",
  "asian_american" : "166",
  "hispanic" : "165",
  "black" : "45",
  "american_indian" : "7"
}
, {
  "total" : "937",
  "district_code" : "19",
  "institution_code" : "11",
  "district_name" : "Brooklyn School District",
  "female" : "446",
  "male" : "491",
  "white" : "829",
  "pacific_islander" : "0",
  "two_or_more_races" : "25",
  "asian_american" : "19",
  "hispanic" : "47",
  "black" : "16"
}
, {
  "total" : "75",
  "district_code" : "21",
  "institution_code" : "11",
  "district_name" : "Canaan School District",
  "female" : "39",
  "male" : "36",
  "white" : "70",
  "pacific_islander" : "0",
  "asian_american" : "0",
  "black" : "0",
  "american_indian" : "0"
}
, {
  "total" : "490",
  "district_code" : "22",
  "institution_code" : "11",
  "district_name" : "Canterbury School District",
  "female" : "223",
  "male" : "267",
  "white" : "437",
  "pacific_islander" : "0",
  "two_or_more_races" : "21",
  "hispanic" : "22",
  "black" : "6",
  "american_indian" : "0"
}
, {
  "total" : "1748",
  "district_code" : "23",
  "institution_code" : "11",
  "district_name" : "Canton School District",
  "female" : "874",
  "male" : "874",
  "white" : "1530",
  "pacific_islander" : "0",
  "two_or_more_races" : "13",
  "asian_american" : "45",
  "hispanic" : "87",
  "black" : "71"
}
, {
  "total" : "185",
  "district_code" : "24",
  "institution_code" : "11",
  "district_name" : "Chaplin School District",
  "female" : "91",
  "male" : "94",
  "white" : "163",
  "pacific_islander" : "0",
  "two_or_more_races" : "6",
  "hispanic" : "11"
}
, {
  "total" : "4649",
  "district_code" : "25",
  "institution_code" : "11",
  "district_name" : "Cheshire School District",
  "female" : "2297",
  "male" : "2352",
  "white" : "3928",
  "pacific_islander" : "0",
  "two_or_more_races" : "10",
  "asian_american" : "418",
  "hispanic" : "173",
  "black" : "110",
  "american_indian" : "10"
}
, {
  "total" : "251",
  "district_code" : "26",
  "institution_code" : "11",
  "district_name" : "Chester School District",
  "female" : "135",
  "male" : "116",
  "white" : "235",
  "pacific_islander" : "0",
  "two_or_more_races" : "8",
  "american_indian" : "0"
}
, {
  "total" : "1977",
  "district_code" : "27",
  "institution_code" : "11",
  "district_name" : "Clinton School District",
  "female" : "961",
  "male" : "1016",
  "white" : "1681",
  "two_or_more_races" : "41",
  "asian_american" : "51",
  "hispanic" : "179",
  "black" : "15",
  "american_indian" : "7"
}
, {
  "total" : "2875",
  "district_code" : "28",
  "institution_code" : "11",
  "district_name" : "Colchester School District",
  "female" : "1427",
  "male" : "1448",
  "white" : "2523",
  "two_or_more_races" : "42",
  "asian_american" : "56",
  "hispanic" : "151",
  "black" : "77",
  "american_indian" : "25"
}
, {
  "total" : "104",
  "district_code" : "29",
  "institution_code" : "11",
  "district_name" : "Colebrook School District",
  "female" : "51",
  "male" : "53",
  "white" : "92",
  "pacific_islander" : "0",
  "two_or_more_races" : "10",
  "asian_american" : "0",
  "black" : "0",
  "american_indian" : "0"
}
, {
  "total" : "503",
  "district_code" : "30",
  "institution_code" : "11",
  "district_name" : "Columbia School District",
  "female" : "259",
  "male" : "244",
  "white" : "461",
  "pacific_islander" : "0",
  "two_or_more_races" : "6",
  "hispanic" : "26",
  "black" : "6",
  "american_indian" : "0"
}
, {
  "total" : "103",
  "district_code" : "31",
  "institution_code" : "11",
  "district_name" : "Cornwall School District",
  "female" : "46",
  "male" : "57",
  "white" : "86",
  "pacific_islander" : "0",
  "two_or_more_races" : "9",
  "hispanic" : "6",
  "american_indian" : "0"
}
, {
  "total" : "1720",
  "district_code" : "32",
  "institution_code" : "11",
  "district_name" : "Coventry School District",
  "female" : "882",
  "male" : "838",
  "white" : "1544",
  "pacific_islander" : "0",
  "two_or_more_races" : "59",
  "asian_american" : "16",
  "hispanic" : "79",
  "black" : "20"
}
, {
  "total" : "1971",
  "district_code" : "33",
  "institution_code" : "11",
  "district_name" : "Cromwell School District",
  "female" : "947",
  "male" : "1024",
  "white" : "1506",
  "two_or_more_races" : "17",
  "asian_american" : "121",
  "hispanic" : "153",
  "black" : "170"
}
, {
  "total" : "10611",
  "district_code" : "34",
  "institution_code" : "11",
  "district_name" : "Danbury School District",
  "female" : "5154",
  "male" : "5457",
  "white" : "4444",
  "two_or_more_races" : "200",
  "asian_american" : "811",
  "hispanic" : "4256",
  "black" : "884",
  "american_indian" : "11"
}
, {
  "total" : "4840",
  "district_code" : "35",
  "institution_code" : "11",
  "district_name" : "Darien School District",
  "female" : "2351",
  "male" : "2489",
  "white" : "4475",
  "pacific_islander" : "0",
  "two_or_more_races" : "15",
  "asian_american" : "171",
  "hispanic" : "150",
  "black" : "20",
  "american_indian" : "9"
}
, {
  "total" : "347",
  "district_code" : "36",
  "institution_code" : "11",
  "district_name" : "Deep River School District",
  "female" : "176",
  "male" : "171",
  "white" : "309",
  "asian_american" : "0",
  "hispanic" : "27",
  "black" : "8",
  "american_indian" : "0"
}
, {
  "total" : "1488",
  "district_code" : "37",
  "institution_code" : "11",
  "district_name" : "Derby School District",
  "female" : "738",
  "male" : "750",
  "white" : "806",
  "pacific_islander" : "6",
  "two_or_more_races" : "33",
  "asian_american" : "31",
  "hispanic" : "376",
  "black" : "235"
}
, {
  "total" : "166",
  "district_code" : "39",
  "institution_code" : "11",
  "district_name" : "Eastford School District",
  "female" : "82",
  "male" : "84",
  "white" : "152",
  "pacific_islander" : "0"
}
, {
  "total" : "862",
  "district_code" : "40",
  "institution_code" : "11",
  "district_name" : "East Granby School District",
  "female" : "401",
  "male" : "461",
  "white" : "690",
  "pacific_islander" : "0",
  "two_or_more_races" : "23",
  "asian_american" : "32",
  "hispanic" : "49",
  "black" : "64"
}
, {
  "total" : "1239",
  "district_code" : "41",
  "institution_code" : "11",
  "district_name" : "East Haddam School District",
  "female" : "619",
  "male" : "620",
  "white" : "1165",
  "pacific_islander" : "0",
  "two_or_more_races" : "13",
  "asian_american" : "14",
  "hispanic" : "36",
  "black" : "8"
}
, {
  "total" : "1890",
  "district_code" : "42",
  "institution_code" : "11",
  "district_name" : "East Hampton School District",
  "female" : "941",
  "male" : "949",
  "white" : "1744",
  "two_or_more_races" : "25",
  "asian_american" : "34",
  "hispanic" : "69",
  "black" : "16"
}
, {
  "total" : "7033",
  "district_code" : "43",
  "institution_code" : "11",
  "district_name" : "East Hartford School District",
  "female" : "3358",
  "male" : "3675",
  "white" : "1197",
  "two_or_more_races" : "43",
  "asian_american" : "365",
  "hispanic" : "2968",
  "black" : "2432",
  "american_indian" : "25"
}
, {
  "total" : "3214",
  "district_code" : "44",
  "institution_code" : "11",
  "district_name" : "East Haven School District",
  "female" : "1550",
  "male" : "1664",
  "white" : "2282",
  "two_or_more_races" : "45",
  "asian_american" : "146",
  "hispanic" : "625",
  "black" : "109"
}
, {
  "total" : "2934",
  "district_code" : "45",
  "institution_code" : "11",
  "district_name" : "East Lyme School District",
  "female" : "1467",
  "male" : "1467",
  "white" : "2419",
  "two_or_more_races" : "35",
  "asian_american" : "276",
  "hispanic" : "130",
  "black" : "64",
  "american_indian" : "9"
}
, {
  "total" : "1015",
  "district_code" : "46",
  "institution_code" : "11",
  "district_name" : "Easton School District",
  "female" : "465",
  "male" : "550",
  "white" : "888",
  "two_or_more_races" : "11",
  "asian_american" : "57",
  "hispanic" : "44",
  "black" : "12"
}
, {
  "total" : "1256",
  "district_code" : "47",
  "institution_code" : "11",
  "district_name" : "East Windsor School District",
  "female" : "627",
  "male" : "629",
  "white" : "833",
  "two_or_more_races" : "56",
  "asian_american" : "74",
  "hispanic" : "155",
  "black" : "133"
}
, {
  "total" : "2714",
  "district_code" : "48",
  "institution_code" : "11",
  "district_name" : "Ellington School District",
  "female" : "1338",
  "male" : "1376",
  "white" : "2272",
  "pacific_islander" : "0",
  "two_or_more_races" : "80",
  "asian_american" : "149",
  "hispanic" : "119",
  "black" : "91"
}
, {
  "total" : "5447",
  "district_code" : "49",
  "institution_code" : "11",
  "district_name" : "Enfield School District",
  "female" : "2652",
  "male" : "2795",
  "white" : "4181",
  "pacific_islander" : "9",
  "two_or_more_races" : "250",
  "asian_american" : "121",
  "hispanic" : "551",
  "black" : "314",
  "american_indian" : "21"
}
, {
  "total" : "528",
  "district_code" : "50",
  "institution_code" : "11",
  "district_name" : "Essex School District",
  "female" : "246",
  "male" : "282",
  "white" : "470",
  "two_or_more_races" : "12",
  "asian_american" : "17",
  "hispanic" : "19",
  "black" : "8"
}
, {
  "total" : "10281",
  "district_code" : "51",
  "institution_code" : "11",
  "district_name" : "Fairfield School District",
  "female" : "5024",
  "male" : "5257",
  "white" : "8326",
  "pacific_islander" : "7",
  "two_or_more_races" : "263",
  "asian_american" : "552",
  "hispanic" : "867",
  "black" : "251",
  "american_indian" : "15"
}
, {
  "total" : "4045",
  "district_code" : "52",
  "institution_code" : "11",
  "district_name" : "Farmington School District",
  "female" : "1930",
  "male" : "2115",
  "white" : "2949",
  "pacific_islander" : "0",
  "two_or_more_races" : "13",
  "asian_american" : "634",
  "hispanic" : "233",
  "black" : "207",
  "american_indian" : "9"
}
, {
  "total" : "200",
  "district_code" : "53",
  "institution_code" : "11",
  "district_name" : "Franklin School District",
  "female" : "99",
  "male" : "101",
  "white" : "176",
  "two_or_more_races" : "6",
  "hispanic" : "13",
  "black" : "0"
}
, {
  "total" : "6578",
  "district_code" : "54",
  "institution_code" : "11",
  "district_name" : "Glastonbury School District",
  "female" : "3330",
  "male" : "3248",
  "white" : "5141",
  "two_or_more_races" : "217",
  "asian_american" : "579",
  "hispanic" : "452",
  "black" : "176",
  "american_indian" : "10"
}
, {
  "total" : "2099",
  "district_code" : "56",
  "institution_code" : "11",
  "district_name" : "Granby School District",
  "female" : "1025",
  "male" : "1074",
  "white" : "1868",
  "pacific_islander" : "0",
  "two_or_more_races" : "53",
  "asian_american" : "22",
  "hispanic" : "66",
  "black" : "85"
}
, {
  "total" : "8842",
  "district_code" : "57",
  "institution_code" : "11",
  "district_name" : "Greenwich School District",
  "female" : "4298",
  "male" : "4544",
  "white" : "6020",
  "two_or_more_races" : "252",
  "asian_american" : "712",
  "hispanic" : "1569",
  "black" : "274",
  "american_indian" : "12"
}
, {
  "total" : "1958",
  "district_code" : "58",
  "institution_code" : "11",
  "district_name" : "Griswold School District",
  "female" : "963",
  "male" : "995",
  "white" : "1665",
  "two_or_more_races" : "55",
  "asian_american" : "41",
  "hispanic" : "105",
  "black" : "62",
  "american_indian" : "28"
}
, {
  "total" : "4767",
  "district_code" : "59",
  "institution_code" : "11",
  "district_name" : "Groton School District",
  "female" : "2351",
  "male" : "2416",
  "white" : "2806",
  "pacific_islander" : "15",
  "two_or_more_races" : "233",
  "asian_american" : "297",
  "hispanic" : "841",
  "black" : "506",
  "american_indian" : "69"
}
, {
  "total" : "3562",
  "district_code" : "60",
  "institution_code" : "11",
  "district_name" : "Guilford School District",
  "female" : "1744",
  "male" : "1818",
  "white" : "3103",
  "two_or_more_races" : "83",
  "asian_american" : "130",
  "hispanic" : "207",
  "black" : "36"
}
, {
  "total" : "5772",
  "district_code" : "62",
  "institution_code" : "11",
  "district_name" : "Hamden School District",
  "female" : "2761",
  "male" : "3011",
  "white" : "2446",
  "two_or_more_races" : "189",
  "asian_american" : "430",
  "hispanic" : "963",
  "black" : "1738"
}
, {
  "total" : "117",
  "district_code" : "63",
  "institution_code" : "11",
  "district_name" : "Hampton School District",
  "female" : "43",
  "male" : "74",
  "white" : "103",
  "pacific_islander" : "0",
  "hispanic" : "10",
  "black" : "0",
  "american_indian" : "0"
}
, {
  "total" : "21487",
  "district_code" : "64",
  "institution_code" : "11",
  "district_name" : "Hartford School District",
  "female" : "10439",
  "male" : "11048",
  "white" : "2409",
  "pacific_islander" : "23",
  "two_or_more_races" : "799",
  "asian_american" : "634",
  "hispanic" : "10741",
  "black" : "6802",
  "american_indian" : "79"
}
, {
  "total" : "214",
  "district_code" : "65",
  "institution_code" : "11",
  "district_name" : "Hartland School District",
  "female" : "94",
  "male" : "120",
  "white" : "201",
  "pacific_islander" : "0"
}
, {
  "total" : "935",
  "district_code" : "67",
  "institution_code" : "11",
  "district_name" : "Hebron School District",
  "female" : "446",
  "male" : "489",
  "white" : "875",
  "pacific_islander" : "0",
  "two_or_more_races" : "11",
  "asian_american" : "14",
  "hispanic" : "29",
  "black" : "6",
  "american_indian" : "0"
}
, {
  "total" : "271",
  "district_code" : "68",
  "institution_code" : "11",
  "district_name" : "Kent School District",
  "female" : "125",
  "male" : "146",
  "white" : "226",
  "pacific_islander" : "0",
  "two_or_more_races" : "21",
  "asian_american" : "6",
  "hispanic" : "18",
  "black" : "0",
  "american_indian" : "0"
}
, {
  "total" : "2672",
  "district_code" : "69",
  "institution_code" : "11",
  "district_name" : "Killingly School District",
  "female" : "1318",
  "male" : "1354",
  "white" : "2254",
  "pacific_islander" : "0",
  "two_or_more_races" : "173",
  "asian_american" : "57",
  "hispanic" : "122",
  "black" : "61"
}
, {
  "total" : "1228",
  "district_code" : "71",
  "institution_code" : "11",
  "district_name" : "Lebanon School District",
  "female" : "623",
  "male" : "605",
  "white" : "1122",
  "asian_american" : "17",
  "hispanic" : "49",
  "american_indian" : "33"
}
, {
  "total" : "2591",
  "district_code" : "72",
  "institution_code" : "11",
  "district_name" : "Ledyard School District",
  "female" : "1266",
  "male" : "1325",
  "white" : "1917",
  "two_or_more_races" : "72",
  "asian_american" : "111",
  "hispanic" : "204",
  "black" : "154",
  "american_indian" : "130"
}
, {
  "total" : "443",
  "district_code" : "73",
  "institution_code" : "11",
  "district_name" : "Lisbon School District",
  "female" : "203",
  "male" : "240",
  "white" : "377",
  "two_or_more_races" : "32",
  "asian_american" : "8",
  "hispanic" : "22",
  "american_indian" : "0"
}
, {
  "total" : "1029",
  "district_code" : "74",
  "institution_code" : "11",
  "district_name" : "Litchfield School District",
  "female" : "510",
  "male" : "519",
  "white" : "950",
  "pacific_islander" : "9",
  "two_or_more_races" : "7",
  "asian_american" : "19",
  "hispanic" : "37",
  "black" : "7",
  "american_indian" : "0"
}
, {
  "total" : "3378",
  "district_code" : "76",
  "institution_code" : "11",
  "district_name" : "Madison School District",
  "female" : "1621",
  "male" : "1757",
  "white" : "3098",
  "two_or_more_races" : "60",
  "asian_american" : "119",
  "hispanic" : "74",
  "black" : "19"
}
, {
  "total" : "6236",
  "district_code" : "77",
  "institution_code" : "11",
  "district_name" : "Manchester School District",
  "female" : "2962",
  "male" : "3274",
  "white" : "2565",
  "two_or_more_races" : "266",
  "asian_american" : "501",
  "hispanic" : "1516",
  "black" : "1366",
  "american_indian" : "21"
}
, {
  "total" : "1317",
  "district_code" : "78",
  "institution_code" : "11",
  "district_name" : "Mansfield School District",
  "female" : "643",
  "male" : "674",
  "white" : "974",
  "two_or_more_races" : "51",
  "asian_american" : "132",
  "hispanic" : "136",
  "black" : "23",
  "american_indian" : "0"
}
, {
  "total" : "639",
  "district_code" : "79",
  "institution_code" : "11",
  "district_name" : "Marlborough School District",
  "female" : "303",
  "male" : "336",
  "white" : "565",
  "pacific_islander" : "0",
  "two_or_more_races" : "24",
  "asian_american" : "14",
  "hispanic" : "33",
  "american_indian" : "0"
}
, {
  "total" : "8153",
  "district_code" : "80",
  "institution_code" : "11",
  "district_name" : "Meriden School District",
  "female" : "3901",
  "male" : "4252",
  "white" : "2807",
  "pacific_islander" : "35",
  "two_or_more_races" : "145",
  "asian_american" : "251",
  "hispanic" : "3923",
  "black" : "954",
  "american_indian" : "38"
}
, {
  "total" : "4874",
  "district_code" : "83",
  "institution_code" : "11",
  "district_name" : "Middletown School District",
  "female" : "2358",
  "male" : "2516",
  "white" : "2624",
  "two_or_more_races" : "194",
  "asian_american" : "243",
  "hispanic" : "770",
  "black" : "1025",
  "american_indian" : "14"
}
, {
  "total" : "6637",
  "district_code" : "84",
  "institution_code" : "11",
  "district_name" : "Milford School District",
  "female" : "3196",
  "male" : "3441",
  "white" : "5372",
  "two_or_more_races" : "8",
  "asian_american" : "547",
  "hispanic" : "389",
  "black" : "307",
  "american_indian" : "10"
}
, {
  "total" : "3473",
  "district_code" : "85",
  "institution_code" : "11",
  "district_name" : "Monroe School District",
  "female" : "1704",
  "male" : "1769",
  "white" : "2995",
  "pacific_islander" : "0",
  "two_or_more_races" : "64",
  "asian_american" : "129",
  "hispanic" : "219",
  "black" : "49",
  "american_indian" : "17"
}
, {
  "total" : "2442",
  "district_code" : "86",
  "institution_code" : "11",
  "district_name" : "Montville School District",
  "female" : "1194",
  "male" : "1248",
  "white" : "1666",
  "two_or_more_races" : "224",
  "asian_american" : "221",
  "hispanic" : "211",
  "black" : "74",
  "american_indian" : "43"
}
, {
  "total" : "4480",
  "district_code" : "88",
  "institution_code" : "11",
  "district_name" : "Naugatuck School District",
  "female" : "2114",
  "male" : "2366",
  "white" : "2939",
  "pacific_islander" : "8",
  "two_or_more_races" : "189",
  "asian_american" : "152",
  "hispanic" : "863",
  "black" : "325"
}
, {
  "total" : "10217",
  "district_code" : "89",
  "institution_code" : "11",
  "district_name" : "New Britain School District",
  "female" : "4863",
  "male" : "5354",
  "white" : "2226",
  "two_or_more_races" : "158",
  "asian_american" : "256",
  "hispanic" : "6091",
  "black" : "1466",
  "american_indian" : "17"
}
, {
  "total" : "4203",
  "district_code" : "90",
  "institution_code" : "11",
  "district_name" : "New Canaan School District",
  "female" : "2068",
  "male" : "2135",
  "white" : "3737",
  "two_or_more_races" : "57",
  "asian_american" : "200",
  "hispanic" : "135",
  "black" : "46",
  "american_indian" : "23"
}
, {
  "total" : "2798",
  "district_code" : "91",
  "institution_code" : "11",
  "district_name" : "New Fairfield School District",
  "female" : "1318",
  "male" : "1480",
  "white" : "2481",
  "pacific_islander" : "0",
  "two_or_more_races" : "40",
  "asian_american" : "50",
  "hispanic" : "189",
  "black" : "33"
}
, {
  "total" : "565",
  "district_code" : "92",
  "institution_code" : "11",
  "district_name" : "New Hartford School District",
  "female" : "290",
  "male" : "275",
  "white" : "525",
  "pacific_islander" : "0",
  "two_or_more_races" : "11",
  "asian_american" : "6",
  "hispanic" : "21"
}
, {
  "total" : "21183",
  "district_code" : "93",
  "institution_code" : "11",
  "district_name" : "New Haven School District",
  "female" : "10493",
  "male" : "10690",
  "white" : "3182",
  "pacific_islander" : "6",
  "two_or_more_races" : "85",
  "asian_american" : "468",
  "hispanic" : "8177",
  "black" : "9232",
  "american_indian" : "33"
}
, {
  "total" : "4307",
  "district_code" : "94",
  "institution_code" : "11",
  "district_name" : "Newington School District",
  "female" : "2144",
  "male" : "2163",
  "white" : "2826",
  "two_or_more_races" : "166",
  "asian_american" : "397",
  "hispanic" : "685",
  "black" : "225",
  "american_indian" : "6"
}
, {
  "total" : "3067",
  "district_code" : "95",
  "institution_code" : "11",
  "district_name" : "New London School District",
  "female" : "1420",
  "male" : "1647",
  "white" : "537",
  "pacific_islander" : "7",
  "two_or_more_races" : "180",
  "asian_american" : "42",
  "hispanic" : "1504",
  "black" : "765",
  "american_indian" : "32"
}
, {
  "total" : "4600",
  "district_code" : "96",
  "institution_code" : "11",
  "district_name" : "New Milford School District",
  "female" : "2215",
  "male" : "2385",
  "white" : "3800",
  "pacific_islander" : "0",
  "two_or_more_races" : "92",
  "asian_american" : "176",
  "hispanic" : "436",
  "black" : "94"
}
, {
  "total" : "5126",
  "district_code" : "97",
  "institution_code" : "11",
  "district_name" : "Newtown School District",
  "female" : "2474",
  "male" : "2652",
  "white" : "4553",
  "pacific_islander" : "0",
  "two_or_more_races" : "70",
  "asian_american" : "183",
  "hispanic" : "250",
  "black" : "67"
}
, {
  "total" : "121",
  "district_code" : "98",
  "institution_code" : "11",
  "district_name" : "Norfolk School District",
  "female" : "53",
  "male" : "68",
  "white" : "115",
  "pacific_islander" : "0",
  "asian_american" : "0",
  "black" : "0",
  "american_indian" : "0"
}
, {
  "total" : "2080",
  "district_code" : "99",
  "institution_code" : "11",
  "district_name" : "North Branford School District",
  "female" : "1038",
  "male" : "1042",
  "white" : "1884",
  "asian_american" : "51",
  "hispanic" : "85",
  "black" : "51"
}
, {
  "total" : "315",
  "district_code" : "100",
  "institution_code" : "11",
  "district_name" : "North Canaan School District",
  "female" : "168",
  "male" : "147",
  "white" : "274",
  "pacific_islander" : "0",
  "two_or_more_races" : "10",
  "hispanic" : "25",
  "american_indian" : "0"
}
, {
  "total" : "3497",
  "district_code" : "101",
  "institution_code" : "11",
  "district_name" : "North Haven School District",
  "female" : "1704",
  "male" : "1793",
  "white" : "2811",
  "two_or_more_races" : "82",
  "asian_american" : "251",
  "hispanic" : "210",
  "black" : "136",
  "american_indian" : "6"
}
, {
  "total" : "764",
  "district_code" : "102",
  "institution_code" : "11",
  "district_name" : "North Stonington School Distri",
  "female" : "371",
  "male" : "393",
  "white" : "691",
  "pacific_islander" : "0",
  "two_or_more_races" : "9",
  "asian_american" : "13",
  "hispanic" : "24",
  "black" : "19",
  "american_indian" : "8"
}
, {
  "total" : "11072",
  "district_code" : "103",
  "institution_code" : "11",
  "district_name" : "Norwalk School District",
  "female" : "5385",
  "male" : "5687",
  "white" : "3966",
  "two_or_more_races" : "122",
  "asian_american" : "559",
  "hispanic" : "4178",
  "black" : "2232",
  "american_indian" : "11"
}
, {
  "total" : "3791",
  "district_code" : "104",
  "institution_code" : "11",
  "district_name" : "Norwich School District",
  "female" : "1843",
  "male" : "1948",
  "white" : "1404",
  "pacific_islander" : "13",
  "two_or_more_races" : "367",
  "asian_american" : "281",
  "hispanic" : "991",
  "black" : "711",
  "american_indian" : "24"
}
, {
  "total" : "1492",
  "district_code" : "106",
  "institution_code" : "11",
  "district_name" : "Old Saybrook School District",
  "female" : "764",
  "male" : "728",
  "white" : "1271",
  "two_or_more_races" : "24",
  "asian_american" : "81",
  "hispanic" : "88",
  "black" : "26",
  "american_indian" : "0"
}
, {
  "total" : "1243",
  "district_code" : "107",
  "institution_code" : "11",
  "district_name" : "Orange School District",
  "female" : "626",
  "male" : "617",
  "white" : "1010",
  "pacific_islander" : "0",
  "two_or_more_races" : "17",
  "asian_american" : "135",
  "hispanic" : "52",
  "black" : "26"
}
, {
  "total" : "2095",
  "district_code" : "108",
  "institution_code" : "11",
  "district_name" : "Oxford School District",
  "female" : "1069",
  "male" : "1026",
  "white" : "1887",
  "two_or_more_races" : "27",
  "asian_american" : "42",
  "hispanic" : "101",
  "black" : "25",
  "american_indian" : "10"
}
, {
  "total" : "2490",
  "district_code" : "109",
  "institution_code" : "11",
  "district_name" : "Plainfield School District",
  "female" : "1248",
  "male" : "1242",
  "white" : "2146",
  "two_or_more_races" : "7",
  "asian_american" : "62",
  "hispanic" : "134",
  "black" : "105",
  "american_indian" : "32"
}
, {
  "total" : "2355",
  "district_code" : "110",
  "institution_code" : "11",
  "district_name" : "Plainville School District",
  "female" : "1144",
  "male" : "1211",
  "white" : "1785",
  "pacific_islander" : "0",
  "two_or_more_races" : "77",
  "asian_american" : "56",
  "hispanic" : "308",
  "black" : "124"
}
, {
  "total" : "1606",
  "district_code" : "111",
  "institution_code" : "11",
  "district_name" : "Plymouth School District",
  "female" : "757",
  "male" : "849",
  "white" : "1482",
  "asian_american" : "19",
  "hispanic" : "61",
  "black" : "33",
  "american_indian" : "6"
}
, {
  "total" : "472",
  "district_code" : "112",
  "institution_code" : "11",
  "district_name" : "Pomfret School District",
  "female" : "235",
  "male" : "237",
  "white" : "437",
  "pacific_islander" : "0",
  "two_or_more_races" : "0",
  "asian_american" : "16",
  "hispanic" : "12",
  "black" : "6"
}
, {
  "total" : "1373",
  "district_code" : "113",
  "institution_code" : "11",
  "district_name" : "Portland School District",
  "female" : "698",
  "male" : "675",
  "white" : "1181",
  "two_or_more_races" : "49",
  "asian_american" : "20",
  "hispanic" : "84",
  "black" : "37"
}
, {
  "total" : "402",
  "district_code" : "114",
  "institution_code" : "11",
  "district_name" : "Preston School District",
  "female" : "205",
  "male" : "197",
  "white" : "343",
  "pacific_islander" : "0",
  "two_or_more_races" : "16",
  "asian_american" : "13",
  "hispanic" : "15",
  "american_indian" : "11"
}
, {
  "total" : "1263",
  "district_code" : "116",
  "institution_code" : "11",
  "district_name" : "Putnam School District",
  "female" : "597",
  "male" : "666",
  "white" : "1095",
  "two_or_more_races" : "56",
  "asian_american" : "15",
  "hispanic" : "77",
  "black" : "11",
  "american_indian" : "7"
}
, {
  "total" : "1130",
  "district_code" : "117",
  "institution_code" : "11",
  "district_name" : "Redding School District",
  "female" : "548",
  "male" : "582",
  "white" : "974",
  "two_or_more_races" : "69",
  "asian_american" : "31",
  "hispanic" : "44",
  "black" : "8"
}
, {
  "total" : "5269",
  "district_code" : "118",
  "institution_code" : "11",
  "district_name" : "Ridgefield School District",
  "female" : "2553",
  "male" : "2716",
  "white" : "4614",
  "two_or_more_races" : "83",
  "asian_american" : "270",
  "hispanic" : "266",
  "black" : "32"
}
, {
  "total" : "2460",
  "district_code" : "119",
  "institution_code" : "11",
  "district_name" : "Rocky Hill School District",
  "female" : "1242",
  "male" : "1218",
  "white" : "1773",
  "pacific_islander" : "0",
  "two_or_more_races" : "20",
  "asian_american" : "408",
  "hispanic" : "175",
  "black" : "80"
}
, {
  "total" : "422",
  "district_code" : "121",
  "institution_code" : "11",
  "district_name" : "Salem School District",
  "female" : "200",
  "male" : "222",
  "white" : "366",
  "asian_american" : "23",
  "hispanic" : "13",
  "black" : "15"
}
, {
  "total" : "309",
  "district_code" : "122",
  "institution_code" : "11",
  "district_name" : "Salisbury School District",
  "female" : "149",
  "male" : "160",
  "white" : "250",
  "pacific_islander" : "0",
  "two_or_more_races" : "30",
  "hispanic" : "20",
  "american_indian" : "0"
}
, {
  "total" : "127",
  "district_code" : "123",
  "institution_code" : "11",
  "district_name" : "Scotland School District",
  "female" : "71",
  "male" : "56",
  "white" : "120",
  "pacific_islander" : "0",
  "two_or_more_races" : "0",
  "asian_american" : "0",
  "american_indian" : "0"
}
, {
  "total" : "2286",
  "district_code" : "124",
  "institution_code" : "11",
  "district_name" : "Seymour School District",
  "female" : "1121",
  "male" : "1165",
  "white" : "1859",
  "pacific_islander" : "0",
  "two_or_more_races" : "11",
  "asian_american" : "87",
  "hispanic" : "232",
  "black" : "93"
}
, {
  "total" : "188",
  "district_code" : "125",
  "institution_code" : "11",
  "district_name" : "Sharon School District",
  "female" : "92",
  "male" : "96",
  "white" : "175",
  "pacific_islander" : "0",
  "hispanic" : "6",
  "american_indian" : "0"
}
, {
  "total" : "5109",
  "district_code" : "126",
  "institution_code" : "11",
  "district_name" : "Shelton School District",
  "female" : "2513",
  "male" : "2596",
  "white" : "4076",
  "two_or_more_races" : "37",
  "asian_american" : "314",
  "hispanic" : "490",
  "black" : "179",
  "american_indian" : "11"
}
, {
  "total" : "383",
  "district_code" : "127",
  "institution_code" : "11",
  "district_name" : "Sherman School District",
  "female" : "182",
  "male" : "201",
  "white" : "359",
  "pacific_islander" : "0",
  "two_or_more_races" : "10",
  "hispanic" : "7"
}
, {
  "total" : "4516",
  "district_code" : "128",
  "institution_code" : "11",
  "district_name" : "Simsbury School District",
  "female" : "2165",
  "male" : "2351",
  "white" : "3770",
  "pacific_islander" : "0",
  "two_or_more_races" : "39",
  "asian_american" : "245",
  "hispanic" : "232",
  "black" : "230",
  "american_indian" : "0"
}
, {
  "total" : "1575",
  "district_code" : "129",
  "institution_code" : "11",
  "district_name" : "Somers School District",
  "female" : "770",
  "male" : "805",
  "white" : "1435",
  "two_or_more_races" : "25",
  "asian_american" : "23",
  "hispanic" : "54",
  "black" : "35"
}
, {
  "total" : "6687",
  "district_code" : "131",
  "institution_code" : "11",
  "district_name" : "Southington School District",
  "female" : "3284",
  "male" : "3403",
  "white" : "5819",
  "two_or_more_races" : "167",
  "asian_american" : "201",
  "hispanic" : "356",
  "black" : "130",
  "american_indian" : "11"
}
, {
  "total" : "4275",
  "district_code" : "132",
  "institution_code" : "11",
  "district_name" : "South Windsor School District",
  "female" : "2049",
  "male" : "2226",
  "white" : "3074",
  "pacific_islander" : "16",
  "two_or_more_races" : "119",
  "asian_american" : "511",
  "hispanic" : "308",
  "black" : "240",
  "american_indian" : "7"
}
, {
  "total" : "370",
  "district_code" : "133",
  "institution_code" : "11",
  "district_name" : "Sprague School District",
  "female" : "166",
  "male" : "204",
  "white" : "280",
  "pacific_islander" : "0",
  "two_or_more_races" : "34",
  "hispanic" : "48",
  "black" : "7",
  "american_indian" : "0"
}
, {
  "total" : "1716",
  "district_code" : "134",
  "institution_code" : "11",
  "district_name" : "Stafford School District",
  "female" : "867",
  "male" : "849",
  "white" : "1539",
  "pacific_islander" : "0",
  "two_or_more_races" : "51",
  "asian_american" : "20",
  "hispanic" : "91",
  "black" : "12"
}
, {
  "total" : "15715",
  "district_code" : "135",
  "institution_code" : "11",
  "district_name" : "Stamford School District",
  "female" : "7619",
  "male" : "8096",
  "white" : "5412",
  "two_or_more_races" : "154",
  "asian_american" : "1327",
  "hispanic" : "5712",
  "black" : "3101",
  "american_indian" : "7"
}
, {
  "total" : "498",
  "district_code" : "136",
  "institution_code" : "11",
  "district_name" : "Sterling School District",
  "female" : "226",
  "male" : "272",
  "white" : "456",
  "pacific_islander" : "0",
  "two_or_more_races" : "13",
  "hispanic" : "20"
}
, {
  "total" : "2345",
  "district_code" : "137",
  "institution_code" : "11",
  "district_name" : "Stonington School District",
  "female" : "1134",
  "male" : "1211",
  "white" : "2129",
  "two_or_more_races" : "20",
  "asian_american" : "61",
  "hispanic" : "77",
  "black" : "47",
  "american_indian" : "10"
}
, {
  "total" : "7171",
  "district_code" : "138",
  "institution_code" : "11",
  "district_name" : "Stratford School District",
  "female" : "3502",
  "male" : "3669",
  "white" : "3358",
  "two_or_more_races" : "175",
  "asian_american" : "217",
  "hispanic" : "1885",
  "black" : "1518",
  "american_indian" : "16"
}
, {
  "total" : "2442",
  "district_code" : "139",
  "institution_code" : "11",
  "district_name" : "Suffield School District",
  "female" : "1262",
  "male" : "1180",
  "white" : "2163",
  "pacific_islander" : "0",
  "two_or_more_races" : "12",
  "asian_american" : "65",
  "hispanic" : "108",
  "black" : "92"
}
, {
  "total" : "1004",
  "district_code" : "140",
  "institution_code" : "11",
  "district_name" : "Thomaston School District",
  "female" : "502",
  "male" : "502",
  "white" : "952",
  "two_or_more_races" : "8",
  "asian_american" : "11",
  "hispanic" : "22",
  "black" : "8"
}
, {
  "total" : "1153",
  "district_code" : "141",
  "institution_code" : "11",
  "district_name" : "Thompson School District",
  "female" : "560",
  "male" : "593",
  "white" : "1076",
  "pacific_islander" : "0",
  "two_or_more_races" : "31",
  "hispanic" : "36"
}
, {
  "total" : "2832",
  "district_code" : "142",
  "institution_code" : "11",
  "district_name" : "Tolland School District",
  "female" : "1401",
  "male" : "1431",
  "white" : "2608",
  "asian_american" : "105",
  "hispanic" : "69",
  "black" : "42",
  "american_indian" : "6"
}
, {
  "total" : "4354",
  "district_code" : "143",
  "institution_code" : "11",
  "district_name" : "Torrington School District",
  "female" : "2075",
  "male" : "2279",
  "white" : "3064",
  "pacific_islander" : "6",
  "two_or_more_races" : "120",
  "asian_american" : "150",
  "hispanic" : "807",
  "black" : "198",
  "american_indian" : "9"
}
, {
  "total" : "6911",
  "district_code" : "144",
  "institution_code" : "11",
  "district_name" : "Trumbull School District",
  "female" : "3419",
  "male" : "3492",
  "white" : "5554",
  "two_or_more_races" : "17",
  "asian_american" : "479",
  "hispanic" : "547",
  "black" : "299",
  "american_indian" : "14"
}
, {
  "total" : "71",
  "district_code" : "145",
  "institution_code" : "11",
  "district_name" : "Union School District",
  "female" : "41",
  "male" : "30",
  "white" : "68",
  "pacific_islander" : "0",
  "two_or_more_races" : "0",
  "asian_american" : "0",
  "american_indian" : "0"
}
, {
  "total" : "3442",
  "district_code" : "146",
  "institution_code" : "11",
  "district_name" : "Vernon School District",
  "female" : "1654",
  "male" : "1788",
  "white" : "2350",
  "pacific_islander" : "0",
  "two_or_more_races" : "45",
  "asian_american" : "167",
  "hispanic" : "405",
  "black" : "466",
  "american_indian" : "9"
}
, {
  "total" : "315",
  "district_code" : "147",
  "institution_code" : "11",
  "district_name" : "Voluntown School District",
  "female" : "165",
  "male" : "150",
  "white" : "280",
  "pacific_islander" : "0",
  "two_or_more_races" : "15",
  "hispanic" : "10"
}
, {
  "total" : "6242",
  "district_code" : "148",
  "institution_code" : "11",
  "district_name" : "Wallingford School District",
  "female" : "3185",
  "male" : "3057",
  "white" : "4876",
  "two_or_more_races" : "19",
  "asian_american" : "304",
  "hispanic" : "881",
  "black" : "149",
  "american_indian" : "12"
}
, {
  "total" : "18389",
  "district_code" : "151",
  "institution_code" : "11",
  "district_name" : "Waterbury School District",
  "female" : "8947",
  "male" : "9442",
  "white" : "4018",
  "pacific_islander" : "17",
  "two_or_more_races" : "535",
  "asian_american" : "318",
  "hispanic" : "8879",
  "black" : "4542",
  "american_indian" : "80"
}
, {
  "total" : "2625",
  "district_code" : "152",
  "institution_code" : "11",
  "district_name" : "Waterford School District",
  "female" : "1259",
  "male" : "1366",
  "white" : "2097",
  "pacific_islander" : "0",
  "two_or_more_races" : "39",
  "asian_american" : "147",
  "hispanic" : "206",
  "black" : "112",
  "american_indian" : "24"
}
, {
  "total" : "3024",
  "district_code" : "153",
  "institution_code" : "11",
  "district_name" : "Watertown School District",
  "female" : "1473",
  "male" : "1551",
  "white" : "2615",
  "pacific_islander" : "0",
  "two_or_more_races" : "71",
  "asian_american" : "72",
  "hispanic" : "195",
  "black" : "63",
  "american_indian" : "8"
}
, {
  "total" : "872",
  "district_code" : "154",
  "institution_code" : "11",
  "district_name" : "Westbrook School District",
  "female" : "411",
  "male" : "461",
  "white" : "780",
  "pacific_islander" : "0",
  "two_or_more_races" : "9",
  "asian_american" : "16",
  "hispanic" : "60"
}
, {
  "total" : "9996",
  "district_code" : "155",
  "institution_code" : "11",
  "district_name" : "West Hartford School District",
  "female" : "4893",
  "male" : "5103",
  "white" : "6139",
  "two_or_more_races" : "297",
  "asian_american" : "1120",
  "hispanic" : "1545",
  "black" : "867",
  "american_indian" : "25"
}
, {
  "total" : "6015",
  "district_code" : "156",
  "institution_code" : "11",
  "district_name" : "West Haven School District",
  "female" : "2927",
  "male" : "3088",
  "white" : "2367",
  "two_or_more_races" : "220",
  "asian_american" : "206",
  "hispanic" : "1894",
  "black" : "1314",
  "american_indian" : "12"
}
, {
  "total" : "2419",
  "district_code" : "157",
  "institution_code" : "11",
  "district_name" : "Weston School District",
  "female" : "1161",
  "male" : "1258",
  "white" : "2184",
  "two_or_more_races" : "50",
  "asian_american" : "85",
  "hispanic" : "58",
  "black" : "40",
  "american_indian" : "0"
}
, {
  "total" : "5795",
  "district_code" : "158",
  "institution_code" : "11",
  "district_name" : "Westport School District",
  "female" : "2820",
  "male" : "2975",
  "white" : "5084",
  "two_or_more_races" : "95",
  "asian_american" : "296",
  "hispanic" : "223",
  "black" : "91"
}
, {
  "total" : "3668",
  "district_code" : "159",
  "institution_code" : "11",
  "district_name" : "Wethersfield School District",
  "female" : "1820",
  "male" : "1848",
  "white" : "2732",
  "pacific_islander" : "7",
  "two_or_more_races" : "54",
  "asian_american" : "170",
  "hispanic" : "531",
  "black" : "166",
  "american_indian" : "8"
}
, {
  "total" : "479",
  "district_code" : "160",
  "institution_code" : "11",
  "district_name" : "Willington School District",
  "female" : "233",
  "male" : "246",
  "white" : "428",
  "two_or_more_races" : "12",
  "hispanic" : "28",
  "black" : "6",
  "american_indian" : "0"
}
, {
  "total" : "4289",
  "district_code" : "161",
  "institution_code" : "11",
  "district_name" : "Wilton School District",
  "female" : "2135",
  "male" : "2154",
  "white" : "3742",
  "two_or_more_races" : "52",
  "asian_american" : "303",
  "hispanic" : "123",
  "black" : "65"
}
, {
  "total" : "670",
  "district_code" : "162",
  "institution_code" : "11",
  "district_name" : "Winchester School District",
  "female" : "298",
  "male" : "372",
  "white" : "623",
  "pacific_islander" : "0",
  "hispanic" : "21",
  "black" : "20"
}
, {
  "total" : "3189",
  "district_code" : "163",
  "institution_code" : "11",
  "district_name" : "Windham School District",
  "female" : "1490",
  "male" : "1699",
  "white" : "834",
  "two_or_more_races" : "66",
  "asian_american" : "26",
  "hispanic" : "2106",
  "black" : "141",
  "american_indian" : "14"
}
, {
  "total" : "3380",
  "district_code" : "164",
  "institution_code" : "11",
  "district_name" : "Windsor School District",
  "female" : "1643",
  "male" : "1737",
  "white" : "1008",
  "two_or_more_races" : "140",
  "asian_american" : "157",
  "hispanic" : "487",
  "black" : "1579"
}
, {
  "total" : "1746",
  "district_code" : "165",
  "institution_code" : "11",
  "district_name" : "Windsor Locks School District",
  "female" : "856",
  "male" : "890",
  "white" : "1212",
  "two_or_more_races" : "65",
  "asian_american" : "155",
  "hispanic" : "161",
  "black" : "149"
}
, {
  "total" : "2573",
  "district_code" : "166",
  "institution_code" : "11",
  "district_name" : "Wolcott School District",
  "female" : "1249",
  "male" : "1324",
  "white" : "2247",
  "two_or_more_races" : "77",
  "asian_american" : "39",
  "hispanic" : "162",
  "black" : "44"
}
, {
  "total" : "744",
  "district_code" : "167",
  "institution_code" : "11",
  "district_name" : "Woodbridge School District",
  "female" : "375",
  "male" : "369",
  "white" : "550",
  "pacific_islander" : "7",
  "two_or_more_races" : "12",
  "asian_american" : "110",
  "hispanic" : "36",
  "black" : "26"
}
, {
  "total" : "893",
  "district_code" : "169",
  "institution_code" : "11",
  "district_name" : "Woodstock School District",
  "female" : "438",
  "male" : "455",
  "white" : "830",
  "pacific_islander" : "0",
  "two_or_more_races" : "22",
  "asian_american" : "10",
  "hispanic" : "28",
  "american_indian" : "0"
}
, {
  "total" : "421",
  "district_code" : "201",
  "institution_code" : "12",
  "district_name" : "Regional School District 01",
  "female" : "225",
  "male" : "196",
  "white" : "376",
  "pacific_islander" : "0",
  "two_or_more_races" : "8",
  "asian_american" : "9",
  "hispanic" : "18",
  "black" : "9"
}
, {
  "total" : "990",
  "district_code" : "204",
  "institution_code" : "12",
  "district_name" : "Regional School District 04",
  "female" : "515",
  "male" : "475",
  "white" : "891",
  "pacific_islander" : "0",
  "two_or_more_races" : "12",
  "asian_american" : "15",
  "hispanic" : "55",
  "black" : "16"
}
, {
  "total" : "2348",
  "district_code" : "205",
  "institution_code" : "12",
  "district_name" : "Regional School District 05",
  "female" : "1138",
  "male" : "1210",
  "white" : "1913",
  "two_or_more_races" : "12",
  "asian_american" : "255",
  "hispanic" : "93",
  "black" : "67",
  "american_indian" : "7"
}
, {
  "total" : "1027",
  "district_code" : "206",
  "institution_code" : "12",
  "district_name" : "Regional School District 06",
  "female" : "515",
  "male" : "512",
  "white" : "959",
  "two_or_more_races" : "15",
  "asian_american" : "7",
  "hispanic" : "31",
  "black" : "9"
}
, {
  "total" : "1130",
  "district_code" : "207",
  "institution_code" : "12",
  "district_name" : "Regional School District 07",
  "female" : "576",
  "male" : "554",
  "white" : "1090",
  "pacific_islander" : "0",
  "asian_american" : "10",
  "hispanic" : "20",
  "black" : "7"
}
, {
  "total" : "1767",
  "district_code" : "208",
  "institution_code" : "12",
  "district_name" : "Regional School District 08",
  "female" : "823",
  "male" : "944",
  "white" : "1709",
  "pacific_islander" : "0",
  "two_or_more_races" : "0",
  "asian_american" : "18",
  "hispanic" : "25",
  "black" : "11"
}
, {
  "total" : "1012",
  "district_code" : "209",
  "institution_code" : "12",
  "district_name" : "Regional School District 09",
  "female" : "526",
  "male" : "486",
  "white" : "926",
  "pacific_islander" : "0",
  "two_or_more_races" : "15",
  "asian_american" : "27",
  "hispanic" : "34",
  "black" : "8"
}
, {
  "total" : "2621",
  "district_code" : "210",
  "institution_code" : "12",
  "district_name" : "Regional School District 10",
  "female" : "1250",
  "male" : "1371",
  "white" : "2458",
  "two_or_more_races" : "11",
  "asian_american" : "51",
  "hispanic" : "83",
  "black" : "12"
}
, {
  "total" : "280",
  "district_code" : "211",
  "institution_code" : "12",
  "district_name" : "Regional School District 11",
  "female" : "133",
  "male" : "147",
  "white" : "251",
  "pacific_islander" : "0",
  "two_or_more_races" : "7",
  "hispanic" : "12",
  "black" : "8"
}
, {
  "total" : "841",
  "district_code" : "212",
  "institution_code" : "12",
  "district_name" : "Regional School District 12",
  "female" : "411",
  "male" : "430",
  "white" : "773",
  "pacific_islander" : "0",
  "two_or_more_races" : "9",
  "asian_american" : "10",
  "hispanic" : "40",
  "black" : "9",
  "american_indian" : "0"
}
, {
  "total" : "1949",
  "district_code" : "213",
  "institution_code" : "12",
  "district_name" : "Regional School District 13",
  "female" : "945",
  "male" : "1004",
  "white" : "1789",
  "pacific_islander" : "0",
  "two_or_more_races" : "57",
  "asian_american" : "34",
  "hispanic" : "62",
  "black" : "7",
  "american_indian" : "0"
}
, {
  "total" : "1922",
  "district_code" : "214",
  "institution_code" : "12",
  "district_name" : "Regional School District 14",
  "female" : "1015",
  "male" : "907",
  "white" : "1819",
  "pacific_islander" : "0",
  "asian_american" : "37",
  "hispanic" : "51",
  "black" : "10"
}
, {
  "total" : "4065",
  "district_code" : "215",
  "institution_code" : "12",
  "district_name" : "Regional School District 15",
  "female" : "1945",
  "male" : "2120",
  "white" : "3581",
  "two_or_more_races" : "23",
  "asian_american" : "216",
  "hispanic" : "178",
  "black" : "57",
  "american_indian" : "8"
}
, {
  "total" : "2413",
  "district_code" : "216",
  "institution_code" : "12",
  "district_name" : "Regional School District 16",
  "female" : "1213",
  "male" : "1200",
  "white" : "2167",
  "two_or_more_races" : "34",
  "asian_american" : "23",
  "hispanic" : "138",
  "black" : "50",
  "american_indian" : "0"
}
, {
  "total" : "2302",
  "district_code" : "217",
  "institution_code" : "12",
  "district_name" : "Regional School District 17",
  "female" : "1133",
  "male" : "1169",
  "white" : "2135",
  "pacific_islander" : "0",
  "two_or_more_races" : "32",
  "asian_american" : "51",
  "hispanic" : "49",
  "black" : "34"
}
, {
  "total" : "1446",
  "district_code" : "218",
  "institution_code" : "12",
  "district_name" : "Regional School District 18",
  "female" : "712",
  "male" : "734",
  "white" : "1307",
  "pacific_islander" : "0",
  "two_or_more_races" : "20",
  "asian_american" : "49",
  "hispanic" : "62",
  "black" : "7"
}
, {
  "total" : "1223",
  "district_code" : "219",
  "institution_code" : "12",
  "district_name" : "Regional School District 19",
  "female" : "623",
  "male" : "600",
  "white" : "1049",
  "two_or_more_races" : "7",
  "asian_american" : "67",
  "hispanic" : "70",
  "black" : "27"
}
, {
  "total" : "589",
  "district_code" : "261",
  "institution_code" : "13",
  "district_name" : "Jumoke Academy District",
  "female" : "331",
  "male" : "258",
  "pacific_islander" : "0",
  "asian_american" : "0",
  "hispanic" : "9",
  "black" : "574"
}
, {
  "total" : "324",
  "district_code" : "263",
  "institution_code" : "13",
  "district_name" : "Odyssey Community School Distr",
  "female" : "157",
  "male" : "167",
  "white" : "147",
  "two_or_more_races" : "27",
  "asian_american" : "25",
  "hispanic" : "50",
  "black" : "70"
}
, {
  "total" : "330",
  "district_code" : "264",
  "institution_code" : "13",
  "district_name" : "Integrated Day Charter School",
  "female" : "161",
  "male" : "169",
  "white" : "203",
  "pacific_islander" : "0",
  "two_or_more_races" : "32",
  "asian_american" : "25",
  "hispanic" : "40",
  "black" : "30",
  "american_indian" : "0"
}
, {
  "total" : "191",
  "district_code" : "265",
  "institution_code" : "13",
  "district_name" : "Interdistrict School for Arts",
  "female" : "109",
  "male" : "82",
  "white" : "53",
  "pacific_islander" : "0",
  "two_or_more_races" : "17",
  "hispanic" : "85",
  "black" : "33"
}
, {
  "total" : "169",
  "district_code" : "268",
  "institution_code" : "13",
  "district_name" : "Common Ground High School Dist",
  "female" : "80",
  "male" : "89",
  "white" : "35",
  "pacific_islander" : "0",
  "hispanic" : "70",
  "black" : "57",
  "american_indian" : "0"
}
, {
  "total" : "276",
  "district_code" : "269",
  "institution_code" : "13",
  "district_name" : "The Bridge Academy District",
  "female" : "144",
  "male" : "132",
  "two_or_more_races" : "16",
  "hispanic" : "104",
  "black" : "148"
}
, {
  "total" : "233",
  "district_code" : "270",
  "institution_code" : "13",
  "district_name" : "Side By Side Charter School Di",
  "female" : "115",
  "male" : "118",
  "white" : "49",
  "two_or_more_races" : "11",
  "asian_american" : "21",
  "hispanic" : "83",
  "black" : "67",
  "american_indian" : "0"
}
, {
  "total" : "73",
  "district_code" : "272",
  "institution_code" : "13",
  "district_name" : "Explorations District",
  "female" : "34",
  "male" : "39",
  "white" : "66",
  "pacific_islander" : "0",
  "two_or_more_races" : "0",
  "asian_american" : "0"
}
, {
  "total" : "168",
  "district_code" : "278",
  "institution_code" : "13",
  "district_name" : "Trailblazers Academy District",
  "female" : "76",
  "male" : "92",
  "white" : "7",
  "pacific_islander" : "0",
  "two_or_more_races" : "0",
  "asian_american" : "0",
  "hispanic" : "70",
  "black" : "91",
  "american_indian" : "0"
}
, {
  "total" : "904",
  "district_code" : "279",
  "institution_code" : "13",
  "district_name" : "Amistad Academy District",
  "female" : "441",
  "male" : "463",
  "white" : "17",
  "pacific_islander" : "0",
  "asian_american" : "0",
  "hispanic" : "313",
  "black" : "568"
}
, {
  "total" : "399",
  "district_code" : "280",
  "institution_code" : "13",
  "district_name" : "New Beginnings Inc. Family Aca",
  "female" : "197",
  "male" : "202",
  "pacific_islander" : "0",
  "hispanic" : "104",
  "black" : "285",
  "american_indian" : "0"
}
, {
  "total" : "140",
  "district_code" : "282",
  "institution_code" : "13",
  "district_name" : "Stamford Academy District",
  "female" : "56",
  "male" : "84",
  "pacific_islander" : "0",
  "hispanic" : "51",
  "black" : "81",
  "american_indian" : "0"
}
, {
  "total" : "251",
  "district_code" : "283",
  "institution_code" : "13",
  "district_name" : "Park City Prep Charter School",
  "female" : "116",
  "male" : "135",
  "white" : "10",
  "pacific_islander" : "0",
  "hispanic" : "91",
  "black" : "145",
  "american_indian" : "0"
}
, {
  "total" : "702",
  "district_code" : "285",
  "institution_code" : "13",
  "district_name" : "Bridgeport Achievement First D",
  "female" : "346",
  "male" : "356",
  "white" : "8",
  "pacific_islander" : "0",
  "hispanic" : "298",
  "black" : "386"
}
, {
  "total" : "341",
  "district_code" : "286",
  "institution_code" : "13",
  "district_name" : "Highville Charter School Distr",
  "female" : "176",
  "male" : "165",
  "pacific_islander" : "0",
  "two_or_more_races" : "16",
  "hispanic" : "23",
  "black" : "298",
  "american_indian" : "0"
}
, {
  "total" : "824",
  "district_code" : "288",
  "institution_code" : "13",
  "district_name" : "Achievement First Hartford Aca",
  "female" : "385",
  "male" : "439",
  "white" : "0",
  "two_or_more_races" : "9",
  "hispanic" : "108",
  "black" : "703"
}
, {
  "total" : "604",
  "district_code" : "289",
  "institution_code" : "13",
  "district_name" : "Elm City College Preparatory S",
  "female" : "322",
  "male" : "282",
  "white" : "7",
  "pacific_islander" : "0",
  "hispanic" : "123",
  "black" : "467"
}
, {
  "total" : "6260",
  "district_code" : "241",
  "institution_code" : "14",
  "district_name" : "Capitol Region Education Counc",
  "female" : "3069",
  "male" : "3191",
  "white" : "2035",
  "pacific_islander" : "6",
  "two_or_more_races" : "205",
  "asian_american" : "371",
  "hispanic" : "1785",
  "black" : "1835",
  "american_indian" : "23"
}
, {
  "total" : "249",
  "district_code" : "242",
  "institution_code" : "14",
  "district_name" : "Education Connection",
  "female" : "121",
  "male" : "128",
  "white" : "172",
  "two_or_more_races" : "0",
  "asian_american" : "7",
  "hispanic" : "60",
  "black" : "7"
}
, {
  "total" : "838",
  "district_code" : "243",
  "institution_code" : "14",
  "district_name" : "Cooperative Educational Servic",
  "female" : "339",
  "male" : "499",
  "white" : "287",
  "pacific_islander" : "0",
  "two_or_more_races" : "13",
  "asian_american" : "30",
  "hispanic" : "245",
  "black" : "262"
}
, {
  "total" : "1932",
  "district_code" : "244",
  "institution_code" : "14",
  "district_name" : "Area Cooperative Educational S",
  "female" : "804",
  "male" : "1128",
  "white" : "682",
  "pacific_islander" : "0",
  "two_or_more_races" : "67",
  "asian_american" : "71",
  "hispanic" : "548",
  "black" : "556",
  "american_indian" : "8"
}
, {
  "total" : "1728",
  "district_code" : "245",
  "institution_code" : "14",
  "district_name" : "Learn",
  "female" : "879",
  "male" : "849",
  "white" : "759",
  "two_or_more_races" : "140",
  "asian_american" : "58",
  "hispanic" : "503",
  "black" : "254",
  "american_indian" : "10"
}
, {
  "total" : "332",
  "district_code" : "253",
  "institution_code" : "14",
  "district_name" : "Eastern Connecticut Regional E",
  "female" : "170",
  "male" : "162",
  "white" : "251",
  "pacific_islander" : "0",
  "two_or_more_races" : "11",
  "hispanic" : "53",
  "black" : "13"
}
, {
  "total" : "641",
  "district_code" : "336",
  "institution_code" : "15",
  "district_name" : "Unified School District #1",
  "female" : "36",
  "male" : "605",
  "white" : "82",
  "pacific_islander" : "0",
  "two_or_more_races" : "11",
  "hispanic" : "204",
  "black" : "341"
}
, {
  "district_code" : "337",
  "institution_code" : "15",
  "district_name" : "Department of Mental Health an",
  "white" : "0",
  "pacific_islander" : "0",
  "two_or_more_races" : "0",
  "asian_american" : "0",
  "american_indian" : "0"
}
, {
  "total" : "167",
  "district_code" : "347",
  "institution_code" : "15",
  "district_name" : "Unified School District #2",
  "female" : "37",
  "male" : "130",
  "white" : "44",
  "pacific_islander" : "0",
  "hispanic" : "49",
  "black" : "68"
}
, {
  "total" : "10651",
  "district_code" : "900",
  "institution_code" : "16",
  "district_name" : "Connecticut Technical High Sch",
  "female" : "4065",
  "male" : "6586",
  "white" : "5576",
  "pacific_islander" : "8",
  "two_or_more_races" : "185",
  "asian_american" : "102",
  "hispanic" : "3333",
  "black" : "1389",
  "american_indian" : "58"
}
, {
  "total" : "2264",
  "district_code" : "901",
  "institution_code" : "22",
  "district_name" : "Norwich Free Academy District",
  "female" : "1193",
  "male" : "1071",
  "white" : "1217",
  "pacific_islander" : "56",
  "two_or_more_races" : "94",
  "asian_american" : "164",
  "hispanic" : "350",
  "black" : "337",
  "american_indian" : "46"
}
, {
  "total" : "505",
  "district_code" : "902",
  "institution_code" : "22",
  "district_name" : "The Gilbert School District",
  "female" : "219",
  "male" : "286",
  "white" : "394",
  "pacific_islander" : "0",
  "two_or_more_races" : "25",
  "asian_american" : "10",
  "hispanic" : "62",
  "black" : "13"
}
, {
  "total" : "1055",
  "district_code" : "903",
  "institution_code" : "22",
  "district_name" : "Woodstock Academy District",
  "female" : "543",
  "male" : "512",
  "white" : "927",
  "pacific_islander" : "0",
  "two_or_more_races" : "15",
  "asian_american" : "69",
  "hispanic" : "33",
  "black" : "8"
}
 ]