[ {
  "town_code" : "120",
  "snap_cases" : "2",
  "snap_recipients" : "4",
  "town_name" : "Roxbury",
  "saga_med_cases" : "3",
  "saga_med_recipients" : "3",
  "saga_cash_recipients" : "0",
  "tfa_total_cases" : "0",
  "state_supplement_disabled" : "4",
  "state_supplement_aged" : "1",
  "total_medicaid_cases" : "34",
  "tfa_total_recipients" : "0",
  "total_medicaid_recipients" : "52",
  "state_supplement_total" : "6"
}
, {
  "town_code" : "16",
  "snap_cases" : "3",
  "snap_recipients" : "3",
  "town_name" : "Bridgewater",
  "saga_med_cases" : "3",
  "saga_med_recipients" : "3",
  "tfa_total_cases" : "0",
  "total_medicaid_cases" : "27",
  "tfa_total_recipients" : "0",
  "total_medicaid_recipients" : "47"
}
, {
  "tfa_regular_cases" : "1",
  "town_code" : "75",
  "snap_cases" : "3",
  "snap_recipients" : "6",
  "town_name" : "Lyme",
  "tfa_regular_recipients" : "3",
  "saga_med_cases" : "5",
  "saga_med_recipients" : "5",
  "tfa_total_cases" : "1",
  "state_supplement_disabled" : "4",
  "state_supplement_aged" : "1",
  "total_medicaid_cases" : "36",
  "tfa_total_recipients" : "3",
  "total_medicaid_recipients" : "62",
  "state_supplement_total" : "5"
}
, {
  "tfa_regular_cases" : "1",
  "town_code" : "149",
  "snap_cases" : "3",
  "snap_recipients" : "4",
  "town_name" : "Warren",
  "tfa_regular_recipients" : "1",
  "saga_med_recipients" : "0",
  "saga_cash_recipients" : "0",
  "tfa_total_cases" : "1",
  "total_medicaid_cases" : "19",
  "tfa_total_recipients" : "1",
  "total_medicaid_recipients" : "43",
  "state_supplement_total" : "0"
}
, {
  "town_code" : "29",
  "snap_cases" : "4",
  "snap_recipients" : "13",
  "town_name" : "Colebrook",
  "saga_med_cases" : "1",
  "saga_med_recipients" : "1",
  "tfa_total_cases" : "0",
  "state_supplement_aged" : "1",
  "total_medicaid_cases" : "18",
  "tfa_total_recipients" : "0",
  "total_medicaid_recipients" : "33",
  "state_supplement_total" : "1"
}
, {
  "town_code" : "145",
  "snap_cases" : "5",
  "snap_recipients" : "11",
  "town_name" : "Union",
  "saga_med_cases" : "1",
  "saga_med_recipients" : "1",
  "saga_cash_recipients" : "0",
  "tfa_total_cases" : "0",
  "total_medicaid_cases" : "10",
  "tfa_total_recipients" : "0",
  "total_medicaid_recipients" : "26",
  "state_supplement_total" : "0"
}
, {
  "town_code" : "127",
  "snap_cases" : "6",
  "snap_recipients" : "14",
  "town_name" : "Sherman",
  "saga_med_cases" : "3",
  "saga_med_recipients" : "3",
  "saga_cash_recipients" : "0",
  "tfa_total_cases" : "0",
  "total_medicaid_cases" : "61",
  "tfa_total_recipients" : "0",
  "total_medicaid_recipients" : "144",
  "state_supplement_total" : "0"
}
, {
  "tfa_regular_cases" : "1",
  "town_code" : "157",
  "snap_cases" : "6",
  "snap_recipients" : "8",
  "town_name" : "Weston",
  "tfa_regular_recipients" : "1",
  "saga_med_cases" : "3",
  "saga_med_recipients" : "3",
  "saga_cash_recipients" : "0",
  "tfa_total_cases" : "1",
  "state_supplement_disabled" : "6",
  "state_supplement_aged" : "1",
  "total_medicaid_cases" : "46",
  "tfa_total_recipients" : "1",
  "total_medicaid_recipients" : "70",
  "state_supplement_total" : "7"
}
, {
  "town_code" : "31",
  "snap_cases" : "8",
  "snap_recipients" : "16",
  "town_name" : "Cornwall",
  "tfa_regular_recipients" : "1",
  "state_supplement_disabled" : "1",
  "total_medicaid_cases" : "46",
  "tfa_total_recipients" : "1",
  "total_medicaid_recipients" : "98",
  "state_supplement_total" : "1"
}
, {
  "tfa_regular_cases" : "1",
  "town_code" : "46",
  "snap_cases" : "8",
  "snap_recipients" : "12",
  "town_name" : "Easton",
  "tfa_regular_recipients" : "3",
  "saga_med_cases" : "3",
  "saga_med_recipients" : "3",
  "tfa_total_cases" : "1",
  "state_supplement_disabled" : "7",
  "state_supplement_aged" : "2",
  "total_medicaid_cases" : "77",
  "tfa_total_recipients" : "3",
  "total_medicaid_recipients" : "112",
  "state_supplement_total" : "9"
}
, {
  "tfa_regular_cases" : "3",
  "town_code" : "65",
  "snap_cases" : "8",
  "snap_recipients" : "13",
  "town_name" : "Hartland",
  "tfa_regular_recipients" : "5",
  "saga_med_cases" : "6",
  "saga_med_recipients" : "6",
  "tfa_total_cases" : "3",
  "state_supplement_disabled" : "10",
  "state_supplement_blind" : "1",
  "total_medicaid_cases" : "56",
  "tfa_total_recipients" : "5",
  "total_medicaid_recipients" : "105",
  "state_supplement_total" : "11"
}
, {
  "town_code" : "21",
  "snap_cases" : "12",
  "snap_recipients" : "38",
  "town_name" : "Canaan",
  "saga_med_cases" : "2",
  "saga_med_recipients" : "2",
  "tfa_total_cases" : "0",
  "state_supplement_disabled" : "3",
  "total_medicaid_cases" : "55",
  "tfa_total_recipients" : "0",
  "total_medicaid_recipients" : "125",
  "state_supplement_total" : "3"
}
, {
  "tfa_regular_cases" : "5",
  "tfa_two_parent_cases" : "*",
  "town_code" : "98",
  "snap_cases" : "12",
  "snap_recipients" : "23",
  "saga_cash_cases" : "1",
  "town_name" : "Norfolk",
  "tfa_regular_recipients" : "8",
  "saga_med_cases" : "4",
  "saga_med_recipients" : "4",
  "saga_cash_recipients" : "1",
  "tfa_total_cases" : "5",
  "state_supplement_disabled" : "1",
  "tfa_two_parent_recipients" : "1",
  "state_supplement_aged" : "1",
  "total_medicaid_cases" : "55",
  "tfa_total_recipients" : "9",
  "total_medicaid_recipients" : "103",
  "state_supplement_total" : "2"
}
, {
  "tfa_regular_cases" : "3",
  "town_code" : "117",
  "snap_cases" : "12",
  "snap_recipients" : "17",
  "saga_cash_cases" : "1",
  "town_name" : "Redding",
  "tfa_regular_recipients" : "4",
  "saga_med_cases" : "5",
  "saga_med_recipients" : "5",
  "saga_cash_recipients" : "1",
  "tfa_total_cases" : "3",
  "state_supplement_disabled" : "2",
  "total_medicaid_cases" : "75",
  "tfa_total_recipients" : "4",
  "total_medicaid_recipients" : "119",
  "state_supplement_total" : "2"
}
, {
  "tfa_regular_cases" : "2",
  "town_code" : "122",
  "snap_cases" : "14",
  "snap_recipients" : "24",
  "town_name" : "Salisbury",
  "tfa_regular_recipients" : "4",
  "saga_med_cases" : "8",
  "saga_med_recipients" : "8",
  "saga_cash_recipients" : "0",
  "tfa_total_cases" : "2",
  "state_supplement_disabled" : "3",
  "state_supplement_aged" : "3",
  "total_medicaid_cases" : "115",
  "tfa_total_recipients" : "4",
  "total_medicaid_recipients" : "201",
  "state_supplement_total" : "6"
}
, {
  "tfa_regular_cases" : "4",
  "town_code" : "150",
  "snap_cases" : "14",
  "snap_recipients" : "26",
  "town_name" : "Washington",
  "tfa_regular_recipients" : "10",
  "saga_med_cases" : "9",
  "saga_med_recipients" : "9",
  "saga_cash_recipients" : "0",
  "tfa_total_cases" : "4",
  "state_supplement_disabled" : "3",
  "state_supplement_aged" : "1",
  "total_medicaid_cases" : "100",
  "tfa_total_recipients" : "10",
  "total_medicaid_recipients" : "193",
  "state_supplement_total" : "4"
}
, {
  "tfa_regular_cases" : "1",
  "town_code" : "1",
  "snap_cases" : "15",
  "snap_recipients" : "34",
  "town_name" : "Andover",
  "tfa_regular_recipients" : "3",
  "saga_med_cases" : "5",
  "saga_med_recipients" : "5",
  "tfa_total_cases" : "1",
  "state_supplement_disabled" : "4",
  "state_supplement_aged" : "1",
  "total_medicaid_cases" : "76",
  "tfa_total_recipients" : "3",
  "total_medicaid_recipients" : "157",
  "state_supplement_total" : "6"
}
, {
  "tfa_regular_cases" : "4",
  "tfa_two_parent_cases" : "*",
  "town_code" : "5",
  "snap_cases" : "15",
  "snap_recipients" : "31",
  "town_name" : "Barkhamsted",
  "tfa_regular_recipients" : "7",
  "saga_med_cases" : "8",
  "saga_med_recipients" : "8",
  "tfa_total_cases" : "4",
  "state_supplement_disabled" : "2",
  "tfa_two_parent_recipients" : "1",
  "total_medicaid_cases" : "110",
  "tfa_total_recipients" : "8",
  "total_medicaid_recipients" : "206",
  "state_supplement_total" : "2"
}
, {
  "tfa_regular_cases" : "2",
  "town_code" : "8",
  "snap_cases" : "15",
  "snap_recipients" : "27",
  "saga_cash_cases" : "1",
  "town_name" : "Bethany",
  "tfa_regular_recipients" : "5",
  "saga_med_cases" : "11",
  "saga_med_recipients" : "11",
  "saga_cash_recipients" : "1",
  "tfa_total_cases" : "2",
  "state_supplement_disabled" : "10",
  "state_supplement_aged" : "1",
  "total_medicaid_cases" : "86",
  "tfa_total_recipients" : "5",
  "total_medicaid_recipients" : "160",
  "state_supplement_total" : "11"
}
, {
  "town_code" : "55",
  "snap_cases" : "15",
  "snap_recipients" : "32",
  "saga_cash_cases" : "2",
  "town_name" : "Goshen",
  "tfa_regular_recipients" : "1",
  "saga_med_cases" : "9",
  "saga_med_recipients" : "9",
  "saga_cash_recipients" : "2",
  "state_supplement_disabled" : "6",
  "total_medicaid_cases" : "72",
  "tfa_total_recipients" : "1",
  "total_medicaid_recipients" : "131",
  "state_supplement_total" : "6"
}
, {
  "tfa_regular_cases" : "1",
  "town_code" : "53",
  "snap_cases" : "16",
  "snap_recipients" : "27",
  "town_name" : "Franklin",
  "tfa_regular_recipients" : "1",
  "tfa_total_cases" : "1",
  "state_supplement_disabled" : "3",
  "state_supplement_aged" : "1",
  "total_medicaid_cases" : "59",
  "tfa_total_recipients" : "1",
  "total_medicaid_recipients" : "94",
  "state_supplement_total" : "4"
}
, {
  "tfa_regular_cases" : "1",
  "tfa_two_parent_cases" : "*",
  "town_code" : "39",
  "snap_cases" : "17",
  "snap_recipients" : "26",
  "saga_cash_cases" : "2",
  "town_name" : "Eastford",
  "tfa_regular_recipients" : "2",
  "saga_med_cases" : "10",
  "saga_med_recipients" : "10",
  "saga_cash_recipients" : "2",
  "tfa_total_cases" : "1",
  "tfa_two_parent_recipients" : "1",
  "total_medicaid_cases" : "44",
  "tfa_total_recipients" : "3",
  "total_medicaid_recipients" : "89"
}
, {
  "tfa_regular_cases" : "4",
  "town_code" : "70",
  "snap_cases" : "17",
  "snap_recipients" : "22",
  "saga_cash_cases" : "1",
  "town_name" : "Killingworth",
  "tfa_regular_recipients" : "4",
  "saga_med_cases" : "6",
  "saga_med_recipients" : "6",
  "saga_cash_recipients" : "1",
  "tfa_total_cases" : "4",
  "state_supplement_aged" : "1",
  "total_medicaid_cases" : "91",
  "tfa_total_recipients" : "4",
  "total_medicaid_recipients" : "167",
  "state_supplement_total" : "1"
}
, {
  "tfa_regular_cases" : "2",
  "town_code" : "87",
  "snap_cases" : "17",
  "snap_recipients" : "28",
  "town_name" : "Morris",
  "tfa_regular_recipients" : "2",
  "saga_med_cases" : "9",
  "saga_med_recipients" : "9",
  "saga_cash_recipients" : "0",
  "tfa_total_cases" : "2",
  "state_supplement_disabled" : "1",
  "total_medicaid_cases" : "61",
  "tfa_total_recipients" : "2",
  "total_medicaid_recipients" : "115",
  "state_supplement_total" : "2"
}
, {
  "town_code" : "38",
  "snap_cases" : "18",
  "snap_recipients" : "35",
  "saga_cash_cases" : "1",
  "town_name" : "Durham",
  "saga_med_cases" : "11",
  "saga_med_recipients" : "11",
  "saga_cash_recipients" : "1",
  "tfa_total_cases" : "0",
  "state_supplement_disabled" : "10",
  "state_supplement_aged" : "1",
  "total_medicaid_cases" : "144",
  "tfa_total_recipients" : "0",
  "total_medicaid_recipients" : "218",
  "state_supplement_total" : "11"
}
, {
  "tfa_regular_cases" : "2",
  "tfa_two_parent_cases" : "*",
  "town_code" : "123",
  "snap_cases" : "19",
  "snap_recipients" : "40",
  "town_name" : "Scotland",
  "tfa_regular_recipients" : "3",
  "saga_med_cases" : "3",
  "saga_med_recipients" : "3",
  "saga_cash_recipients" : "0",
  "tfa_total_cases" : "2",
  "state_supplement_disabled" : "1",
  "tfa_two_parent_recipients" : "3",
  "total_medicaid_cases" : "60",
  "tfa_total_recipients" : "6",
  "total_medicaid_recipients" : "125",
  "state_supplement_total" : "1"
}
, {
  "tfa_regular_cases" : "2",
  "town_code" : "161",
  "snap_cases" : "19",
  "snap_recipients" : "28",
  "saga_cash_cases" : "2",
  "town_name" : "Wilton",
  "tfa_regular_recipients" : "4",
  "saga_med_cases" : "8",
  "saga_med_recipients" : "8",
  "saga_cash_recipients" : "2",
  "tfa_total_cases" : "2",
  "state_supplement_disabled" : "5",
  "state_supplement_aged" : "3",
  "total_medicaid_cases" : "272",
  "tfa_total_recipients" : "4",
  "total_medicaid_recipients" : "327",
  "state_supplement_total" : "9"
}
, {
  "tfa_regular_cases" : "6",
  "town_code" : "12",
  "snap_cases" : "22",
  "snap_recipients" : "43",
  "saga_cash_cases" : "2",
  "town_name" : "Bolton",
  "tfa_regular_recipients" : "12",
  "saga_med_cases" : "11",
  "saga_med_recipients" : "11",
  "saga_cash_recipients" : "2",
  "tfa_total_cases" : "6",
  "state_supplement_disabled" : "7",
  "total_medicaid_cases" : "100",
  "tfa_total_recipients" : "12",
  "total_medicaid_recipients" : "173",
  "state_supplement_total" : "7"
}
, {
  "tfa_regular_cases" : "1",
  "town_code" : "35",
  "snap_cases" : "22",
  "snap_recipients" : "33",
  "saga_cash_cases" : "2",
  "town_name" : "Darien",
  "tfa_regular_recipients" : "2",
  "saga_med_cases" : "11",
  "saga_med_recipients" : "11",
  "saga_cash_recipients" : "2",
  "tfa_total_cases" : "1",
  "state_supplement_disabled" : "4",
  "state_supplement_aged" : "2",
  "total_medicaid_cases" : "119",
  "tfa_total_recipients" : "2",
  "total_medicaid_recipients" : "198",
  "state_supplement_total" : "6"
}
, {
  "tfa_regular_cases" : "4",
  "tfa_two_parent_cases" : "*",
  "town_code" : "40",
  "snap_cases" : "22",
  "snap_recipients" : "35",
  "town_name" : "East Granby",
  "tfa_regular_recipients" : "10",
  "saga_med_cases" : "9",
  "saga_med_recipients" : "9",
  "tfa_total_cases" : "4",
  "state_supplement_disabled" : "1",
  "tfa_two_parent_recipients" : "2",
  "state_supplement_aged" : "4",
  "total_medicaid_cases" : "103",
  "tfa_total_recipients" : "12",
  "total_medicaid_recipients" : "190",
  "state_supplement_total" : "5"
}
, {
  "tfa_regular_cases" : "1",
  "town_code" : "10",
  "snap_cases" : "24",
  "snap_recipients" : "43",
  "saga_cash_cases" : "2",
  "town_name" : "Bethlehem",
  "tfa_regular_recipients" : "3",
  "saga_med_cases" : "8",
  "saga_med_recipients" : "8",
  "saga_cash_recipients" : "2",
  "tfa_total_cases" : "1",
  "state_supplement_disabled" : "4",
  "state_supplement_aged" : "1",
  "total_medicaid_cases" : "107",
  "tfa_total_recipients" : "3",
  "total_medicaid_recipients" : "188",
  "state_supplement_total" : "5"
}
, {
  "tfa_regular_cases" : "2",
  "town_code" : "50",
  "snap_cases" : "24",
  "snap_recipients" : "37",
  "saga_cash_cases" : "2",
  "town_name" : "Essex",
  "tfa_regular_recipients" : "8",
  "saga_med_cases" : "9",
  "saga_med_recipients" : "9",
  "saga_cash_recipients" : "2",
  "tfa_total_cases" : "2",
  "state_supplement_disabled" : "39",
  "state_supplement_aged" : "16",
  "total_medicaid_cases" : "188",
  "tfa_total_recipients" : "8",
  "total_medicaid_recipients" : "307",
  "state_supplement_total" : "55"
}
, {
  "tfa_regular_cases" : "5",
  "town_code" : "26",
  "snap_cases" : "25",
  "snap_recipients" : "37",
  "saga_cash_cases" : "1",
  "town_name" : "Chester",
  "tfa_regular_recipients" : "10",
  "saga_med_cases" : "9",
  "saga_med_recipients" : "9",
  "saga_cash_recipients" : "1",
  "tfa_total_cases" : "5",
  "state_supplement_disabled" : "23",
  "state_supplement_aged" : "6",
  "total_medicaid_cases" : "184",
  "tfa_total_recipients" : "10",
  "total_medicaid_recipients" : "250",
  "state_supplement_total" : "30"
}
, {
  "tfa_two_parent_cases" : "*",
  "town_code" : "68",
  "snap_cases" : "25",
  "snap_recipients" : "35",
  "saga_cash_cases" : "1",
  "town_name" : "Kent",
  "tfa_regular_recipients" : "2",
  "saga_med_cases" : "14",
  "saga_med_recipients" : "14",
  "saga_cash_recipients" : "1",
  "state_supplement_disabled" : "4",
  "tfa_two_parent_recipients" : "1",
  "state_supplement_aged" : "3",
  "total_medicaid_cases" : "135",
  "tfa_total_recipients" : "3",
  "total_medicaid_recipients" : "221",
  "state_supplement_total" : "7"
}
, {
  "tfa_regular_cases" : "6",
  "tfa_two_parent_cases" : "*",
  "town_code" : "121",
  "snap_cases" : "25",
  "snap_recipients" : "44",
  "saga_cash_cases" : "2",
  "town_name" : "Salem",
  "tfa_regular_recipients" : "10",
  "saga_med_cases" : "15",
  "saga_med_recipients" : "15",
  "saga_cash_recipients" : "2",
  "tfa_total_cases" : "6",
  "state_supplement_disabled" : "13",
  "tfa_two_parent_recipients" : "1",
  "state_supplement_aged" : "1",
  "total_medicaid_cases" : "110",
  "tfa_total_recipients" : "11",
  "total_medicaid_recipients" : "195",
  "state_supplement_total" : "14"
}
, {
  "tfa_regular_cases" : "4",
  "town_code" : "82",
  "snap_cases" : "27",
  "snap_recipients" : "43",
  "saga_cash_cases" : "2",
  "town_name" : "Middlefield",
  "tfa_regular_recipients" : "6",
  "saga_med_cases" : "15",
  "saga_med_recipients" : "15",
  "saga_cash_recipients" : "2",
  "tfa_total_cases" : "4",
  "state_supplement_disabled" : "7",
  "state_supplement_aged" : "1",
  "total_medicaid_cases" : "98",
  "tfa_total_recipients" : "6",
  "total_medicaid_recipients" : "169",
  "state_supplement_total" : "8"
}
, {
  "tfa_regular_cases" : "3",
  "town_code" : "66",
  "snap_cases" : "29",
  "snap_recipients" : "49",
  "saga_cash_cases" : "3",
  "town_name" : "Harwinton",
  "tfa_regular_recipients" : "6",
  "saga_med_cases" : "16",
  "saga_med_recipients" : "16",
  "saga_cash_recipients" : "3",
  "tfa_total_cases" : "3",
  "state_supplement_disabled" : "19",
  "state_supplement_aged" : "2",
  "total_medicaid_cases" : "150",
  "tfa_total_recipients" : "6",
  "total_medicaid_recipients" : "276",
  "state_supplement_total" : "22"
}
, {
  "tfa_regular_cases" : "6",
  "town_code" : "79",
  "snap_cases" : "31",
  "snap_recipients" : "49",
  "saga_cash_cases" : "1",
  "town_name" : "Marlborough",
  "tfa_regular_recipients" : "14",
  "saga_med_cases" : "17",
  "saga_med_recipients" : "17",
  "saga_cash_recipients" : "1",
  "tfa_total_cases" : "6",
  "state_supplement_disabled" : "6",
  "state_supplement_aged" : "3",
  "state_supplement_blind" : "1",
  "total_medicaid_cases" : "180",
  "tfa_total_recipients" : "14",
  "total_medicaid_recipients" : "263",
  "state_supplement_total" : "10"
}
, {
  "tfa_regular_cases" : "3",
  "town_code" : "92",
  "snap_cases" : "31",
  "snap_recipients" : "49",
  "saga_cash_cases" : "4",
  "town_name" : "New Hartford",
  "tfa_regular_recipients" : "3",
  "saga_med_cases" : "21",
  "saga_med_recipients" : "21",
  "saga_cash_recipients" : "4",
  "tfa_total_cases" : "3",
  "state_supplement_disabled" : "16",
  "state_supplement_blind" : "1",
  "total_medicaid_cases" : "145",
  "tfa_total_recipients" : "3",
  "total_medicaid_recipients" : "255",
  "state_supplement_total" : "17"
}
, {
  "tfa_regular_cases" : "2",
  "tfa_two_parent_cases" : "*",
  "town_code" : "20",
  "snap_cases" : "33",
  "snap_recipients" : "53",
  "saga_cash_cases" : "5",
  "town_name" : "Burlington",
  "tfa_regular_recipients" : "4",
  "saga_med_cases" : "20",
  "saga_med_recipients" : "20",
  "saga_cash_recipients" : "5",
  "tfa_total_cases" : "2",
  "state_supplement_disabled" : "9",
  "tfa_two_parent_recipients" : "1",
  "state_supplement_aged" : "3",
  "state_supplement_blind" : "4",
  "total_medicaid_cases" : "145",
  "tfa_total_recipients" : "5",
  "total_medicaid_recipients" : "243",
  "state_supplement_total" : "16"
}
, {
  "tfa_regular_cases" : "4",
  "town_code" : "105",
  "snap_cases" : "33",
  "snap_recipients" : "55",
  "town_name" : "Old Lyme",
  "tfa_regular_recipients" : "9",
  "saga_med_cases" : "16",
  "saga_med_recipients" : "16",
  "saga_cash_recipients" : "0",
  "tfa_total_cases" : "4",
  "state_supplement_disabled" : "11",
  "state_supplement_aged" : "5",
  "state_supplement_blind" : "1",
  "total_medicaid_cases" : "146",
  "tfa_total_recipients" : "9",
  "total_medicaid_recipients" : "235",
  "state_supplement_total" : "18"
}
, {
  "tfa_regular_cases" : "5",
  "town_code" : "167",
  "snap_cases" : "34",
  "snap_recipients" : "45",
  "saga_cash_cases" : "4",
  "town_name" : "Woodbridge",
  "tfa_regular_recipients" : "10",
  "saga_med_cases" : "13",
  "saga_med_recipients" : "13",
  "saga_cash_recipients" : "4",
  "tfa_total_cases" : "5",
  "state_supplement_disabled" : "6",
  "state_supplement_aged" : "6",
  "total_medicaid_cases" : "179",
  "tfa_total_recipients" : "10",
  "total_medicaid_recipients" : "246",
  "state_supplement_total" : "12"
}
, {
  "tfa_regular_cases" : "2",
  "tfa_two_parent_cases" : "*",
  "town_code" : "90",
  "snap_cases" : "35",
  "snap_recipients" : "61",
  "saga_cash_cases" : "1",
  "town_name" : "New Canaan",
  "tfa_regular_recipients" : "5",
  "saga_med_cases" : "10",
  "saga_med_recipients" : "10",
  "saga_cash_recipients" : "1",
  "tfa_total_cases" : "2",
  "state_supplement_disabled" : "4",
  "tfa_two_parent_recipients" : "2",
  "state_supplement_aged" : "5",
  "total_medicaid_cases" : "147",
  "tfa_total_recipients" : "7",
  "total_medicaid_recipients" : "207",
  "state_supplement_total" : "9"
}
, {
  "tfa_regular_cases" : "6",
  "town_code" : "168",
  "snap_cases" : "36",
  "snap_recipients" : "60",
  "saga_cash_cases" : "5",
  "town_name" : "Woodbury",
  "tfa_regular_recipients" : "11",
  "saga_med_cases" : "21",
  "saga_med_recipients" : "21",
  "saga_cash_recipients" : "5",
  "tfa_total_cases" : "6",
  "state_supplement_disabled" : "19",
  "state_supplement_aged" : "3",
  "total_medicaid_cases" : "208",
  "tfa_total_recipients" : "11",
  "total_medicaid_recipients" : "367",
  "state_supplement_total" : "23"
}
, {
  "tfa_regular_cases" : "3",
  "town_code" : "30",
  "snap_cases" : "37",
  "snap_recipients" : "70",
  "town_name" : "Columbia",
  "tfa_regular_recipients" : "6",
  "saga_med_cases" : "14",
  "saga_med_recipients" : "14",
  "tfa_total_cases" : "3",
  "state_supplement_disabled" : "15",
  "state_supplement_aged" : "4",
  "state_supplement_blind" : "2",
  "total_medicaid_cases" : "168",
  "tfa_total_recipients" : "6",
  "total_medicaid_recipients" : "291",
  "state_supplement_total" : "21"
}
, {
  "tfa_regular_cases" : "1",
  "tfa_two_parent_cases" : "13",
  "town_code" : "56",
  "snap_cases" : "37",
  "snap_recipients" : "63",
  "saga_cash_cases" : "4",
  "town_name" : "Granby",
  "tfa_regular_recipients" : "1",
  "saga_med_cases" : "16",
  "saga_med_recipients" : "16",
  "saga_cash_recipients" : "4",
  "tfa_total_cases" : "14",
  "state_supplement_disabled" : "13",
  "tfa_two_parent_recipients" : "2",
  "state_supplement_aged" : "2",
  "state_supplement_blind" : "1",
  "total_medicaid_cases" : "226",
  "tfa_total_recipients" : "3",
  "total_medicaid_recipients" : "367",
  "state_supplement_total" : "17"
}
, {
  "tfa_regular_cases" : "4",
  "tfa_two_parent_cases" : "*",
  "town_code" : "61",
  "snap_cases" : "37",
  "snap_recipients" : "59",
  "saga_cash_cases" : "8",
  "town_name" : "Haddam",
  "tfa_regular_recipients" : "7",
  "saga_med_cases" : "20",
  "saga_med_recipients" : "20",
  "saga_cash_recipients" : "8",
  "tfa_total_cases" : "4",
  "state_supplement_disabled" : "21",
  "tfa_two_parent_recipients" : "1",
  "state_supplement_aged" : "5",
  "total_medicaid_cases" : "187",
  "tfa_total_recipients" : "8",
  "total_medicaid_recipients" : "312",
  "state_supplement_total" : "26"
}
, {
  "tfa_regular_cases" : "1",
  "town_code" : "36",
  "snap_cases" : "38",
  "snap_recipients" : "60",
  "saga_cash_cases" : "3",
  "town_name" : "Deep River",
  "tfa_regular_recipients" : "2",
  "saga_med_cases" : "14",
  "saga_med_recipients" : "14",
  "saga_cash_recipients" : "3",
  "tfa_total_cases" : "1",
  "state_supplement_disabled" : "38",
  "state_supplement_aged" : "2",
  "total_medicaid_cases" : "236",
  "tfa_total_recipients" : "2",
  "total_medicaid_recipients" : "381",
  "state_supplement_total" : "40"
}
, {
  "tfa_regular_cases" : "3",
  "tfa_two_parent_cases" : "*",
  "town_code" : "67",
  "snap_cases" : "39",
  "snap_recipients" : "73",
  "saga_cash_cases" : "3",
  "town_name" : "Hebron",
  "tfa_regular_recipients" : "5",
  "saga_med_cases" : "18",
  "saga_med_recipients" : "18",
  "saga_cash_recipients" : "3",
  "tfa_total_cases" : "3",
  "state_supplement_disabled" : "19",
  "tfa_two_parent_recipients" : "2",
  "state_supplement_aged" : "4",
  "state_supplement_blind" : "1",
  "total_medicaid_cases" : "192",
  "tfa_total_recipients" : "7",
  "total_medicaid_recipients" : "340",
  "state_supplement_total" : "25"
}
, {
  "tfa_regular_cases" : "2",
  "tfa_two_parent_cases" : "*",
  "town_code" : "63",
  "snap_cases" : "40",
  "snap_recipients" : "64",
  "saga_cash_cases" : "1",
  "town_name" : "Hampton",
  "tfa_regular_recipients" : "4",
  "saga_med_cases" : "15",
  "saga_med_recipients" : "15",
  "saga_cash_recipients" : "1",
  "tfa_total_cases" : "2",
  "state_supplement_disabled" : "5",
  "tfa_two_parent_recipients" : "1",
  "total_medicaid_cases" : "87",
  "tfa_total_recipients" : "5",
  "total_medicaid_recipients" : "167",
  "state_supplement_total" : "5"
}
, {
  "tfa_regular_cases" : "7",
  "town_code" : "81",
  "snap_cases" : "40",
  "snap_recipients" : "60",
  "saga_cash_cases" : "1",
  "town_name" : "Middlebury",
  "tfa_regular_recipients" : "12",
  "saga_med_cases" : "10",
  "saga_med_recipients" : "10",
  "saga_cash_recipients" : "1",
  "tfa_total_cases" : "7",
  "state_supplement_disabled" : "3",
  "total_medicaid_cases" : "169",
  "tfa_total_recipients" : "12",
  "total_medicaid_recipients" : "267",
  "state_supplement_total" : "3"
}
, {
  "tfa_regular_cases" : "6",
  "tfa_two_parent_cases" : "*",
  "town_code" : "147",
  "snap_cases" : "42",
  "snap_recipients" : "75",
  "saga_cash_cases" : "1",
  "town_name" : "Voluntown",
  "tfa_regular_recipients" : "12",
  "saga_med_cases" : "14",
  "saga_med_recipients" : "14",
  "saga_cash_recipients" : "1",
  "tfa_total_cases" : "6",
  "state_supplement_disabled" : "3",
  "tfa_two_parent_recipients" : "2",
  "total_medicaid_cases" : "109",
  "tfa_total_recipients" : "14",
  "total_medicaid_recipients" : "212",
  "state_supplement_total" : "3"
}
, {
  "tfa_regular_cases" : "8",
  "town_code" : "102",
  "snap_cases" : "43",
  "snap_recipients" : "89",
  "saga_cash_cases" : "4",
  "town_name" : "North Stonington",
  "tfa_regular_recipients" : "14",
  "saga_med_cases" : "14",
  "saga_med_recipients" : "14",
  "saga_cash_recipients" : "4",
  "tfa_total_cases" : "8",
  "state_supplement_disabled" : "6",
  "state_supplement_aged" : "1",
  "state_supplement_blind" : "1",
  "total_medicaid_cases" : "187",
  "tfa_total_recipients" : "14",
  "total_medicaid_recipients" : "323",
  "state_supplement_total" : "8"
}
, {
  "tfa_regular_cases" : "5",
  "town_code" : "4",
  "snap_cases" : "45",
  "snap_recipients" : "75",
  "saga_cash_cases" : "2",
  "town_name" : "Avon",
  "tfa_regular_recipients" : "11",
  "saga_med_cases" : "12",
  "saga_med_recipients" : "12",
  "saga_cash_recipients" : "2",
  "tfa_total_cases" : "5",
  "state_supplement_disabled" : "8",
  "state_supplement_aged" : "7",
  "total_medicaid_cases" : "297",
  "tfa_total_recipients" : "11",
  "total_medicaid_recipients" : "434",
  "state_supplement_total" : "16"
}
, {
  "tfa_regular_cases" : "6",
  "town_code" : "107",
  "snap_cases" : "46",
  "snap_recipients" : "59",
  "saga_cash_cases" : "1",
  "town_name" : "Orange",
  "tfa_regular_recipients" : "11",
  "saga_med_cases" : "34",
  "saga_med_recipients" : "34",
  "saga_cash_recipients" : "1",
  "tfa_total_cases" : "6",
  "state_supplement_disabled" : "14",
  "state_supplement_aged" : "7",
  "total_medicaid_cases" : "266",
  "tfa_total_recipients" : "11",
  "total_medicaid_recipients" : "411",
  "state_supplement_total" : "21"
}
, {
  "tfa_regular_cases" : "4",
  "tfa_two_parent_cases" : "*",
  "town_code" : "112",
  "snap_cases" : "47",
  "snap_recipients" : "84",
  "saga_cash_cases" : "3",
  "town_name" : "Pomfret",
  "tfa_regular_recipients" : "5",
  "saga_med_cases" : "13",
  "saga_med_recipients" : "13",
  "saga_cash_recipients" : "3",
  "tfa_total_cases" : "4",
  "state_supplement_disabled" : "3",
  "tfa_two_parent_recipients" : "1",
  "state_supplement_aged" : "4",
  "total_medicaid_cases" : "141",
  "tfa_total_recipients" : "6",
  "total_medicaid_recipients" : "259",
  "state_supplement_total" : "7"
}
, {
  "tfa_regular_cases" : "3",
  "tfa_two_parent_cases" : "*",
  "town_code" : "118",
  "snap_cases" : "49",
  "snap_recipients" : "66",
  "saga_cash_cases" : "3",
  "town_name" : "Ridgefield",
  "tfa_regular_recipients" : "5",
  "saga_med_cases" : "25",
  "saga_med_recipients" : "25",
  "saga_cash_recipients" : "3",
  "tfa_total_cases" : "3",
  "state_supplement_disabled" : "5",
  "tfa_two_parent_recipients" : "1",
  "total_medicaid_cases" : "293",
  "tfa_total_recipients" : "6",
  "total_medicaid_recipients" : "411",
  "state_supplement_total" : "5"
}
, {
  "tfa_regular_cases" : "3",
  "town_code" : "13",
  "snap_cases" : "51",
  "snap_recipients" : "81",
  "saga_cash_cases" : "3",
  "town_name" : "Bozrah",
  "tfa_regular_recipients" : "5",
  "saga_med_cases" : "26",
  "saga_med_recipients" : "26",
  "saga_cash_recipients" : "3",
  "tfa_total_cases" : "3",
  "state_supplement_disabled" : "17",
  "state_supplement_aged" : "11",
  "total_medicaid_cases" : "122",
  "tfa_total_recipients" : "5",
  "total_medicaid_recipients" : "195",
  "state_supplement_total" : "29"
}
, {
  "tfa_regular_cases" : "7",
  "town_code" : "24",
  "snap_cases" : "51",
  "snap_recipients" : "97",
  "saga_cash_cases" : "3",
  "town_name" : "Chaplin",
  "tfa_regular_recipients" : "15",
  "saga_med_cases" : "22",
  "saga_med_recipients" : "22",
  "saga_cash_recipients" : "3",
  "tfa_total_cases" : "7",
  "state_supplement_disabled" : "2",
  "state_supplement_aged" : "1",
  "total_medicaid_cases" : "116",
  "tfa_total_recipients" : "15",
  "total_medicaid_recipients" : "215",
  "state_supplement_total" : "3"
}
, {
  "tfa_regular_cases" : "9",
  "tfa_two_parent_cases" : "*",
  "town_code" : "41",
  "snap_cases" : "51",
  "snap_recipients" : "75",
  "saga_cash_cases" : "4",
  "town_name" : "East Haddam",
  "tfa_regular_recipients" : "14",
  "saga_med_cases" : "17",
  "saga_med_recipients" : "17",
  "saga_cash_recipients" : "4",
  "tfa_total_cases" : "9",
  "state_supplement_disabled" : "15",
  "tfa_two_parent_recipients" : "1",
  "state_supplement_aged" : "3",
  "state_supplement_blind" : "1",
  "total_medicaid_cases" : "243",
  "tfa_total_recipients" : "15",
  "total_medicaid_recipients" : "414",
  "state_supplement_total" : "20"
}
, {
  "tfa_regular_cases" : "9",
  "tfa_two_parent_cases" : "1",
  "town_code" : "3",
  "snap_cases" : "53",
  "snap_recipients" : "99",
  "saga_cash_cases" : "5",
  "town_name" : "Ashford",
  "tfa_regular_recipients" : "21",
  "saga_med_cases" : "19",
  "saga_med_recipients" : "19",
  "saga_cash_recipients" : "5",
  "tfa_total_cases" : "10",
  "state_supplement_disabled" : "14",
  "tfa_two_parent_recipients" : "4",
  "state_supplement_aged" : "9",
  "total_medicaid_cases" : "186",
  "tfa_total_recipients" : "25",
  "total_medicaid_recipients" : "370",
  "state_supplement_total" : "23"
}
, {
  "tfa_regular_cases" : "10",
  "town_code" : "73",
  "snap_cases" : "53",
  "snap_recipients" : "91",
  "saga_cash_cases" : "3",
  "town_name" : "Lisbon",
  "tfa_regular_recipients" : "15",
  "saga_med_cases" : "25",
  "saga_med_recipients" : "25",
  "saga_cash_recipients" : "3",
  "tfa_total_cases" : "10",
  "state_supplement_disabled" : "5",
  "total_medicaid_cases" : "140",
  "tfa_total_recipients" : "15",
  "total_medicaid_recipients" : "264",
  "state_supplement_total" : "5"
}
, {
  "tfa_regular_cases" : "10",
  "town_code" : "115",
  "snap_cases" : "53",
  "snap_recipients" : "82",
  "saga_cash_cases" : "2",
  "town_name" : "Prospect",
  "tfa_regular_recipients" : "19",
  "saga_med_cases" : "31",
  "saga_med_recipients" : "31",
  "saga_cash_recipients" : "2",
  "tfa_total_cases" : "10",
  "state_supplement_disabled" : "21",
  "state_supplement_aged" : "3",
  "total_medicaid_cases" : "314",
  "tfa_total_recipients" : "19",
  "total_medicaid_recipients" : "484",
  "state_supplement_total" : "24"
}
, {
  "tfa_regular_cases" : "6",
  "tfa_two_parent_cases" : "*",
  "town_code" : "23",
  "snap_cases" : "54",
  "snap_recipients" : "80",
  "saga_cash_cases" : "1",
  "town_name" : "Canton",
  "tfa_regular_recipients" : "8",
  "saga_med_cases" : "13",
  "saga_med_recipients" : "13",
  "saga_cash_recipients" : "1",
  "tfa_total_cases" : "6",
  "state_supplement_disabled" : "6",
  "tfa_two_parent_recipients" : "1",
  "state_supplement_aged" : "5",
  "state_supplement_blind" : "3",
  "total_medicaid_cases" : "261",
  "tfa_total_recipients" : "9",
  "total_medicaid_recipients" : "400",
  "state_supplement_total" : "14"
}
, {
  "tfa_regular_cases" : "7",
  "town_code" : "85",
  "snap_cases" : "55",
  "snap_recipients" : "100",
  "saga_cash_cases" : "2",
  "town_name" : "Monroe",
  "tfa_regular_recipients" : "14",
  "saga_med_cases" : "34",
  "saga_med_recipients" : "34",
  "saga_cash_recipients" : "2",
  "tfa_total_cases" : "7",
  "state_supplement_disabled" : "27",
  "state_supplement_aged" : "6",
  "total_medicaid_cases" : "365",
  "tfa_total_recipients" : "14",
  "total_medicaid_recipients" : "629",
  "state_supplement_total" : "33"
}
, {
  "tfa_regular_cases" : "10",
  "town_code" : "108",
  "snap_cases" : "55",
  "snap_recipients" : "105",
  "saga_cash_cases" : "3",
  "town_name" : "Oxford",
  "tfa_regular_recipients" : "18",
  "saga_med_cases" : "22",
  "saga_med_recipients" : "22",
  "saga_cash_recipients" : "3",
  "tfa_total_cases" : "10",
  "state_supplement_disabled" : "15",
  "total_medicaid_cases" : "257",
  "tfa_total_recipients" : "18",
  "total_medicaid_recipients" : "486",
  "state_supplement_total" : "16"
}
, {
  "tfa_regular_cases" : "7",
  "town_code" : "114",
  "snap_cases" : "55",
  "snap_recipients" : "89",
  "saga_cash_cases" : "3",
  "town_name" : "Preston",
  "tfa_regular_recipients" : "15",
  "saga_med_cases" : "20",
  "saga_med_recipients" : "20",
  "saga_cash_recipients" : "3",
  "tfa_total_cases" : "7",
  "state_supplement_disabled" : "9",
  "total_medicaid_cases" : "151",
  "tfa_total_recipients" : "15",
  "total_medicaid_recipients" : "261",
  "state_supplement_total" : "9"
}
, {
  "tfa_regular_cases" : "7",
  "town_code" : "6",
  "snap_cases" : "56",
  "snap_recipients" : "97",
  "town_name" : "Beacon Falls",
  "tfa_regular_recipients" : "13",
  "saga_med_cases" : "30",
  "saga_med_recipients" : "30",
  "tfa_total_cases" : "7",
  "state_supplement_disabled" : "5",
  "state_supplement_aged" : "1",
  "total_medicaid_cases" : "167",
  "tfa_total_recipients" : "13",
  "total_medicaid_recipients" : "311",
  "state_supplement_total" : "7"
}
, {
  "tfa_regular_cases" : "10",
  "town_code" : "91",
  "snap_cases" : "56",
  "snap_recipients" : "97",
  "saga_cash_cases" : "2",
  "town_name" : "New Fairfield",
  "tfa_regular_recipients" : "18",
  "saga_med_cases" : "33",
  "saga_med_recipients" : "33",
  "saga_cash_recipients" : "2",
  "tfa_total_cases" : "10",
  "state_supplement_disabled" : "6",
  "state_supplement_aged" : "4",
  "total_medicaid_cases" : "267",
  "tfa_total_recipients" : "18",
  "total_medicaid_recipients" : "492",
  "state_supplement_total" : "10"
}
, {
  "tfa_regular_cases" : "14",
  "tfa_two_parent_cases" : "1",
  "town_code" : "142",
  "snap_cases" : "56",
  "snap_recipients" : "84",
  "saga_cash_cases" : "5",
  "town_name" : "Tolland",
  "tfa_regular_recipients" : "22",
  "saga_med_cases" : "21",
  "saga_med_recipients" : "21",
  "saga_cash_recipients" : "5",
  "tfa_total_cases" : "15",
  "state_supplement_disabled" : "16",
  "tfa_two_parent_recipients" : "4",
  "state_supplement_aged" : "7",
  "total_medicaid_cases" : "308",
  "tfa_total_recipients" : "26",
  "total_medicaid_recipients" : "559",
  "state_supplement_total" : "23"
}
, {
  "tfa_regular_cases" : "6",
  "town_code" : "18",
  "snap_cases" : "57",
  "snap_recipients" : "89",
  "saga_cash_cases" : "4",
  "town_name" : "Brookfield",
  "tfa_regular_recipients" : "12",
  "saga_med_cases" : "35",
  "saga_med_recipients" : "35",
  "saga_cash_recipients" : "4",
  "tfa_total_cases" : "6",
  "state_supplement_disabled" : "5",
  "state_supplement_aged" : "2",
  "total_medicaid_cases" : "305",
  "tfa_total_recipients" : "12",
  "total_medicaid_recipients" : "525",
  "state_supplement_total" : "7"
}
, {
  "tfa_regular_cases" : "10",
  "tfa_two_parent_cases" : "1",
  "town_code" : "160",
  "snap_cases" : "57",
  "snap_recipients" : "94",
  "saga_cash_cases" : "5",
  "town_name" : "Willington",
  "tfa_regular_recipients" : "17",
  "saga_med_cases" : "21",
  "saga_med_recipients" : "21",
  "saga_cash_recipients" : "5",
  "tfa_total_cases" : "11",
  "state_supplement_disabled" : "29",
  "tfa_two_parent_recipients" : "4",
  "state_supplement_aged" : "6",
  "total_medicaid_cases" : "191",
  "tfa_total_recipients" : "21",
  "total_medicaid_recipients" : "327",
  "state_supplement_total" : "37"
}
, {
  "tfa_regular_cases" : "8",
  "tfa_two_parent_cases" : "*",
  "town_code" : "169",
  "snap_cases" : "57",
  "snap_recipients" : "109",
  "town_name" : "Woodstock",
  "tfa_regular_recipients" : "11",
  "saga_med_cases" : "16",
  "saga_med_recipients" : "16",
  "saga_cash_recipients" : "0",
  "tfa_total_cases" : "8",
  "state_supplement_disabled" : "2",
  "tfa_two_parent_recipients" : "1",
  "total_medicaid_cases" : "192",
  "tfa_total_recipients" : "12",
  "total_medicaid_recipients" : "380",
  "state_supplement_total" : "2"
}
, {
  "town_code" : "125",
  "snap_cases" : "58",
  "snap_recipients" : "68",
  "saga_cash_cases" : "1",
  "town_name" : "Sharon",
  "saga_med_cases" : "56",
  "saga_med_recipients" : "56",
  "saga_cash_recipients" : "1",
  "tfa_total_cases" : "0",
  "state_supplement_disabled" : "1",
  "total_medicaid_cases" : "99",
  "tfa_total_recipients" : "0",
  "total_medicaid_recipients" : "185",
  "state_supplement_total" : "1"
}
, {
  "tfa_regular_cases" : "8",
  "tfa_two_parent_cases" : "*",
  "town_code" : "100",
  "snap_cases" : "59",
  "snap_recipients" : "109",
  "saga_cash_cases" : "2",
  "town_name" : "North Canaan",
  "tfa_regular_recipients" : "14",
  "saga_med_cases" : "15",
  "saga_med_recipients" : "15",
  "saga_cash_recipients" : "2",
  "tfa_total_cases" : "8",
  "state_supplement_disabled" : "3",
  "tfa_two_parent_recipients" : "1",
  "total_medicaid_cases" : "254",
  "tfa_total_recipients" : "15",
  "total_medicaid_recipients" : "432",
  "state_supplement_total" : "3"
}
, {
  "tfa_regular_cases" : "2",
  "town_code" : "76",
  "snap_cases" : "60",
  "snap_recipients" : "78",
  "saga_cash_cases" : "4",
  "town_name" : "Madison",
  "tfa_regular_recipients" : "5",
  "saga_med_cases" : "28",
  "saga_med_recipients" : "28",
  "saga_cash_recipients" : "4",
  "tfa_total_cases" : "2",
  "state_supplement_disabled" : "7",
  "state_supplement_aged" : "2",
  "total_medicaid_cases" : "291",
  "tfa_total_recipients" : "5",
  "total_medicaid_recipients" : "452",
  "state_supplement_total" : "9"
}
, {
  "tfa_regular_cases" : "12",
  "town_code" : "129",
  "snap_cases" : "63",
  "snap_recipients" : "111",
  "saga_cash_cases" : "2",
  "town_name" : "Somers",
  "tfa_regular_recipients" : "27",
  "saga_med_cases" : "27",
  "saga_med_recipients" : "27",
  "saga_cash_recipients" : "2",
  "tfa_total_cases" : "12",
  "state_supplement_disabled" : "8",
  "state_supplement_aged" : "1",
  "total_medicaid_cases" : "194",
  "tfa_total_recipients" : "27",
  "total_medicaid_recipients" : "355",
  "state_supplement_total" : "11"
}
, {
  "tfa_regular_cases" : "7",
  "town_code" : "158",
  "snap_cases" : "63",
  "snap_recipients" : "97",
  "saga_cash_cases" : "4",
  "town_name" : "Westport",
  "tfa_regular_recipients" : "13",
  "saga_med_cases" : "35",
  "saga_med_recipients" : "35",
  "saga_cash_recipients" : "4",
  "tfa_total_cases" : "7",
  "state_supplement_disabled" : "27",
  "state_supplement_aged" : "4",
  "total_medicaid_cases" : "345",
  "tfa_total_recipients" : "13",
  "total_medicaid_recipients" : "485",
  "state_supplement_total" : "32"
}
, {
  "tfa_regular_cases" : "12",
  "tfa_two_parent_cases" : "*",
  "town_code" : "130",
  "snap_cases" : "64",
  "snap_recipients" : "94",
  "saga_cash_cases" : "3",
  "town_name" : "Southbury",
  "tfa_regular_recipients" : "21",
  "saga_med_cases" : "36",
  "saga_med_recipients" : "36",
  "saga_cash_recipients" : "3",
  "tfa_total_cases" : "12",
  "state_supplement_disabled" : "33",
  "tfa_two_parent_recipients" : "1",
  "state_supplement_aged" : "18",
  "total_medicaid_cases" : "940",
  "tfa_total_recipients" : "22",
  "total_medicaid_recipients" : "1113",
  "state_supplement_total" : "51"
}
, {
  "tfa_regular_cases" : "10",
  "town_code" : "106",
  "snap_cases" : "66",
  "snap_recipients" : "109",
  "saga_cash_cases" : "5",
  "town_name" : "Old Saybrook",
  "tfa_regular_recipients" : "19",
  "saga_med_cases" : "27",
  "saga_med_recipients" : "27",
  "saga_cash_recipients" : "5",
  "tfa_total_cases" : "10",
  "state_supplement_disabled" : "14",
  "state_supplement_aged" : "4",
  "total_medicaid_cases" : "455",
  "tfa_total_recipients" : "19",
  "total_medicaid_recipients" : "707",
  "state_supplement_total" : "18"
}
, {
  "tfa_regular_cases" : "8",
  "town_code" : "74",
  "snap_cases" : "67",
  "snap_recipients" : "100",
  "saga_cash_cases" : "3",
  "town_name" : "Litchfield",
  "tfa_regular_recipients" : "15",
  "saga_med_cases" : "23",
  "saga_med_recipients" : "23",
  "saga_cash_recipients" : "3",
  "tfa_total_cases" : "8",
  "state_supplement_disabled" : "42",
  "state_supplement_aged" : "29",
  "total_medicaid_cases" : "375",
  "tfa_total_recipients" : "15",
  "total_medicaid_recipients" : "544",
  "state_supplement_total" : "71"
}
, {
  "tfa_regular_cases" : "5",
  "town_code" : "154",
  "snap_cases" : "70",
  "snap_recipients" : "92",
  "saga_cash_cases" : "3",
  "town_name" : "Westbrook",
  "tfa_regular_recipients" : "12",
  "saga_med_cases" : "28",
  "saga_med_recipients" : "28",
  "saga_cash_recipients" : "3",
  "tfa_total_cases" : "5",
  "state_supplement_disabled" : "26",
  "state_supplement_aged" : "20",
  "state_supplement_blind" : "1",
  "total_medicaid_cases" : "282",
  "tfa_total_recipients" : "12",
  "total_medicaid_recipients" : "432",
  "state_supplement_total" : "47"
}
, {
  "tfa_regular_cases" : "11",
  "tfa_two_parent_cases" : "2",
  "town_code" : "22",
  "snap_cases" : "74",
  "snap_recipients" : "128",
  "saga_cash_cases" : "4",
  "town_name" : "Canterbury",
  "tfa_regular_recipients" : "23",
  "saga_med_cases" : "22",
  "saga_med_recipients" : "22",
  "saga_cash_recipients" : "4",
  "tfa_total_cases" : "13",
  "state_supplement_disabled" : "6",
  "tfa_two_parent_recipients" : "7",
  "state_supplement_aged" : "2",
  "total_medicaid_cases" : "227",
  "tfa_total_recipients" : "30",
  "total_medicaid_recipients" : "429",
  "state_supplement_total" : "8"
}
, {
  "tfa_regular_cases" : "9",
  "tfa_two_parent_cases" : "*",
  "town_code" : "139",
  "snap_cases" : "77",
  "snap_recipients" : "141",
  "saga_cash_cases" : "2",
  "town_name" : "Suffield",
  "tfa_regular_recipients" : "13",
  "saga_med_cases" : "28",
  "saga_med_recipients" : "28",
  "saga_cash_recipients" : "2",
  "tfa_total_cases" : "9",
  "state_supplement_disabled" : "10",
  "tfa_two_parent_recipients" : "2",
  "state_supplement_aged" : "8",
  "total_medicaid_cases" : "317",
  "tfa_total_recipients" : "15",
  "total_medicaid_recipients" : "538",
  "state_supplement_total" : "19"
}
, {
  "tfa_regular_cases" : "12",
  "tfa_two_parent_cases" : "*",
  "town_code" : "136",
  "snap_cases" : "78",
  "snap_recipients" : "150",
  "saga_cash_cases" : "4",
  "town_name" : "Sterling",
  "tfa_regular_recipients" : "23",
  "saga_med_cases" : "26",
  "saga_med_recipients" : "26",
  "saga_cash_recipients" : "4",
  "tfa_total_cases" : "12",
  "state_supplement_disabled" : "5",
  "tfa_two_parent_recipients" : "2",
  "state_supplement_aged" : "1",
  "total_medicaid_cases" : "185",
  "tfa_total_recipients" : "25",
  "total_medicaid_recipients" : "352",
  "state_supplement_total" : "6"
}
, {
  "tfa_regular_cases" : "14",
  "tfa_two_parent_cases" : "1",
  "town_code" : "133",
  "snap_cases" : "82",
  "snap_recipients" : "184",
  "saga_cash_cases" : "7",
  "town_name" : "Sprague",
  "tfa_regular_recipients" : "27",
  "saga_med_cases" : "28",
  "saga_med_recipients" : "28",
  "saga_cash_recipients" : "7",
  "tfa_total_cases" : "15",
  "state_supplement_disabled" : "4",
  "tfa_two_parent_recipients" : "8",
  "state_supplement_aged" : "1",
  "total_medicaid_cases" : "226",
  "tfa_total_recipients" : "35",
  "total_medicaid_recipients" : "433",
  "state_supplement_total" : "6"
}
, {
  "tfa_regular_cases" : "14",
  "tfa_two_parent_cases" : "2",
  "town_code" : "128",
  "snap_cases" : "83",
  "snap_recipients" : "139",
  "saga_cash_cases" : "5",
  "town_name" : "Simsbury",
  "tfa_regular_recipients" : "29",
  "saga_med_cases" : "30",
  "saga_med_recipients" : "30",
  "saga_cash_recipients" : "5",
  "tfa_total_cases" : "16",
  "state_supplement_disabled" : "16",
  "tfa_two_parent_recipients" : "12",
  "state_supplement_aged" : "8",
  "total_medicaid_cases" : "431",
  "tfa_total_recipients" : "41",
  "total_medicaid_recipients" : "689",
  "state_supplement_total" : "25"
}
, {
  "tfa_regular_cases" : "14",
  "town_code" : "97",
  "snap_cases" : "89",
  "snap_recipients" : "140",
  "saga_cash_cases" : "3",
  "town_name" : "Newtown",
  "tfa_regular_recipients" : "23",
  "saga_med_cases" : "65",
  "saga_med_recipients" : "65",
  "saga_cash_recipients" : "3",
  "tfa_total_cases" : "14",
  "state_supplement_disabled" : "7",
  "state_supplement_aged" : "5",
  "total_medicaid_cases" : "464",
  "tfa_total_recipients" : "23",
  "total_medicaid_recipients" : "772",
  "state_supplement_total" : "12"
}
, {
  "tfa_regular_cases" : "16",
  "tfa_two_parent_cases" : "2",
  "town_code" : "99",
  "snap_cases" : "95",
  "snap_recipients" : "157",
  "saga_cash_cases" : "3",
  "town_name" : "North Branford",
  "tfa_regular_recipients" : "25",
  "saga_med_cases" : "45",
  "saga_med_recipients" : "45",
  "saga_cash_recipients" : "3",
  "tfa_total_cases" : "18",
  "state_supplement_disabled" : "22",
  "tfa_two_parent_recipients" : "9",
  "state_supplement_aged" : "4",
  "total_medicaid_cases" : "386",
  "tfa_total_recipients" : "34",
  "total_medicaid_recipients" : "643",
  "state_supplement_total" : "27"
}
, {
  "tfa_regular_cases" : "13",
  "tfa_two_parent_cases" : "1",
  "town_code" : "42",
  "snap_cases" : "96",
  "snap_recipients" : "176",
  "saga_cash_cases" : "8",
  "town_name" : "East Hampton",
  "tfa_regular_recipients" : "25",
  "saga_med_cases" : "37",
  "saga_med_recipients" : "37",
  "saga_cash_recipients" : "8",
  "tfa_total_cases" : "14",
  "state_supplement_disabled" : "44",
  "tfa_two_parent_recipients" : "3",
  "state_supplement_aged" : "13",
  "total_medicaid_cases" : "433",
  "tfa_total_recipients" : "28",
  "total_medicaid_recipients" : "711",
  "state_supplement_total" : "58"
}
, {
  "tfa_regular_cases" : "15",
  "tfa_two_parent_cases" : "1",
  "town_code" : "48",
  "snap_cases" : "106",
  "snap_recipients" : "175",
  "saga_cash_cases" : "5",
  "town_name" : "Ellington",
  "tfa_regular_recipients" : "27",
  "saga_med_cases" : "37",
  "saga_med_recipients" : "37",
  "saga_cash_recipients" : "5",
  "tfa_total_cases" : "16",
  "state_supplement_disabled" : "21",
  "tfa_two_parent_recipients" : "3",
  "state_supplement_aged" : "5",
  "total_medicaid_cases" : "314",
  "tfa_total_recipients" : "30",
  "total_medicaid_recipients" : "567",
  "state_supplement_total" : "27"
}
, {
  "tfa_regular_cases" : "7",
  "tfa_two_parent_cases" : "*",
  "town_code" : "140",
  "snap_cases" : "107",
  "snap_recipients" : "187",
  "saga_cash_cases" : "5",
  "town_name" : "Thomaston",
  "tfa_regular_recipients" : "13",
  "saga_med_cases" : "47",
  "saga_med_recipients" : "47",
  "saga_cash_recipients" : "5",
  "tfa_total_cases" : "7",
  "state_supplement_disabled" : "17",
  "tfa_two_parent_recipients" : "1",
  "state_supplement_aged" : "2",
  "total_medicaid_cases" : "278",
  "tfa_total_recipients" : "14",
  "total_medicaid_recipients" : "536",
  "state_supplement_total" : "20"
}
, {
  "tfa_regular_cases" : "20",
  "tfa_two_parent_cases" : "*",
  "town_code" : "60",
  "snap_cases" : "112",
  "snap_recipients" : "173",
  "saga_cash_cases" : "4",
  "town_name" : "Guilford",
  "tfa_regular_recipients" : "43",
  "saga_med_cases" : "38",
  "saga_med_recipients" : "38",
  "saga_cash_recipients" : "4",
  "tfa_total_cases" : "20",
  "state_supplement_disabled" : "24",
  "tfa_two_parent_recipients" : "2",
  "state_supplement_aged" : "4",
  "total_medicaid_cases" : "527",
  "tfa_total_recipients" : "45",
  "total_medicaid_recipients" : "805",
  "state_supplement_total" : "28"
}
, {
  "tfa_regular_cases" : "18",
  "tfa_two_parent_cases" : "*",
  "town_code" : "33",
  "snap_cases" : "115",
  "snap_recipients" : "199",
  "saga_cash_cases" : "7",
  "town_name" : "Cromwell",
  "tfa_regular_recipients" : "30",
  "saga_med_cases" : "37",
  "saga_med_recipients" : "37",
  "saga_cash_recipients" : "7",
  "tfa_total_cases" : "18",
  "state_supplement_disabled" : "21",
  "tfa_two_parent_recipients" : "3",
  "state_supplement_aged" : "6",
  "total_medicaid_cases" : "652",
  "tfa_total_recipients" : "33",
  "total_medicaid_recipients" : "943",
  "state_supplement_total" : "27"
}
, {
  "tfa_regular_cases" : "16",
  "tfa_two_parent_cases" : "*",
  "town_code" : "25",
  "snap_cases" : "120",
  "snap_recipients" : "216",
  "saga_cash_cases" : "3",
  "town_name" : "Cheshire",
  "tfa_regular_recipients" : "31",
  "saga_med_cases" : "47",
  "saga_med_recipients" : "47",
  "saga_cash_recipients" : "3",
  "tfa_total_cases" : "16",
  "state_supplement_disabled" : "49",
  "tfa_two_parent_recipients" : "2",
  "state_supplement_aged" : "51",
  "state_supplement_blind" : "1",
  "total_medicaid_cases" : "676",
  "tfa_total_recipients" : "33",
  "total_medicaid_recipients" : "994",
  "state_supplement_total" : "102"
}
, {
  "tfa_regular_cases" : "22",
  "tfa_two_parent_cases" : "1",
  "town_code" : "72",
  "snap_cases" : "122",
  "snap_recipients" : "246",
  "saga_cash_cases" : "8",
  "town_name" : "Ledyard",
  "tfa_regular_recipients" : "46",
  "saga_med_cases" : "57",
  "saga_med_recipients" : "57",
  "saga_cash_recipients" : "8",
  "tfa_total_cases" : "23",
  "state_supplement_disabled" : "30",
  "tfa_two_parent_recipients" : "3",
  "state_supplement_aged" : "10",
  "total_medicaid_cases" : "500",
  "tfa_total_recipients" : "49",
  "total_medicaid_recipients" : "891",
  "state_supplement_total" : "40"
}
, {
  "tfa_regular_cases" : "15",
  "tfa_two_parent_cases" : "1",
  "town_code" : "32",
  "snap_cases" : "130",
  "snap_recipients" : "225",
  "saga_cash_cases" : "5",
  "town_name" : "Coventry",
  "tfa_regular_recipients" : "37",
  "saga_med_cases" : "54",
  "saga_med_recipients" : "54",
  "saga_cash_recipients" : "5",
  "tfa_total_cases" : "16",
  "state_supplement_disabled" : "20",
  "tfa_two_parent_recipients" : "5",
  "state_supplement_aged" : "2",
  "total_medicaid_cases" : "395",
  "tfa_total_recipients" : "42",
  "total_medicaid_recipients" : "720",
  "state_supplement_total" : "23"
}
, {
  "tfa_regular_cases" : "18",
  "town_code" : "113",
  "snap_cases" : "132",
  "snap_recipients" : "244",
  "saga_cash_cases" : "5",
  "town_name" : "Portland",
  "tfa_regular_recipients" : "40",
  "saga_med_cases" : "46",
  "saga_med_recipients" : "46",
  "saga_cash_recipients" : "5",
  "tfa_total_cases" : "18",
  "state_supplement_disabled" : "40",
  "state_supplement_aged" : "37",
  "total_medicaid_cases" : "394",
  "tfa_total_recipients" : "40",
  "total_medicaid_recipients" : "614",
  "state_supplement_total" : "77"
}
, {
  "tfa_regular_cases" : "11",
  "tfa_two_parent_cases" : "1",
  "town_code" : "71",
  "snap_cases" : "135",
  "snap_recipients" : "201",
  "saga_cash_cases" : "5",
  "town_name" : "Lebanon",
  "tfa_regular_recipients" : "18",
  "saga_med_cases" : "110",
  "saga_med_recipients" : "110",
  "saga_cash_recipients" : "5",
  "tfa_total_cases" : "12",
  "state_supplement_disabled" : "24",
  "tfa_two_parent_recipients" : "3",
  "state_supplement_aged" : "1",
  "state_supplement_blind" : "3",
  "total_medicaid_cases" : "270",
  "tfa_total_recipients" : "21",
  "total_medicaid_recipients" : "505",
  "state_supplement_total" : "29"
}
, {
  "tfa_regular_cases" : "19",
  "tfa_two_parent_cases" : "1",
  "town_code" : "45",
  "snap_cases" : "137",
  "snap_recipients" : "220",
  "saga_cash_cases" : "12",
  "town_name" : "East Lyme",
  "tfa_regular_recipients" : "36",
  "saga_med_cases" : "57",
  "saga_med_recipients" : "57",
  "saga_cash_recipients" : "12",
  "tfa_total_cases" : "20",
  "state_supplement_disabled" : "29",
  "tfa_two_parent_recipients" : "5",
  "state_supplement_aged" : "7",
  "total_medicaid_cases" : "564",
  "tfa_total_recipients" : "41",
  "total_medicaid_recipients" : "947",
  "state_supplement_total" : "37"
}
, {
  "tfa_regular_cases" : "12",
  "tfa_two_parent_cases" : "*",
  "town_code" : "7",
  "snap_cases" : "141",
  "snap_recipients" : "224",
  "saga_cash_cases" : "4",
  "town_name" : "Berlin",
  "tfa_regular_recipients" : "27",
  "saga_med_cases" : "47",
  "saga_med_recipients" : "47",
  "saga_cash_recipients" : "4",
  "tfa_total_cases" : "12",
  "state_supplement_disabled" : "31",
  "tfa_two_parent_recipients" : "2",
  "state_supplement_aged" : "23",
  "total_medicaid_cases" : "486",
  "tfa_total_recipients" : "29",
  "total_medicaid_recipients" : "789",
  "state_supplement_total" : "55"
}
, {
  "tfa_regular_cases" : "14",
  "tfa_two_parent_cases" : "1",
  "town_code" : "119",
  "snap_cases" : "147",
  "snap_recipients" : "213",
  "saga_cash_cases" : "11",
  "town_name" : "Rocky Hill",
  "tfa_regular_recipients" : "28",
  "saga_med_cases" : "81",
  "saga_med_recipients" : "81",
  "saga_cash_recipients" : "11",
  "tfa_total_cases" : "15",
  "state_supplement_disabled" : "20",
  "tfa_two_parent_recipients" : "4",
  "state_supplement_aged" : "22",
  "total_medicaid_cases" : "786",
  "tfa_total_recipients" : "32",
  "total_medicaid_recipients" : "1115",
  "state_supplement_total" : "43"
}
, {
  "tfa_regular_cases" : "18",
  "tfa_two_parent_cases" : "1",
  "town_code" : "78",
  "snap_cases" : "148",
  "snap_recipients" : "256",
  "saga_cash_cases" : "9",
  "town_name" : "Mansfield",
  "tfa_regular_recipients" : "39",
  "saga_med_cases" : "48",
  "saga_med_recipients" : "48",
  "saga_cash_recipients" : "9",
  "tfa_total_cases" : "19",
  "state_supplement_disabled" : "16",
  "tfa_two_parent_recipients" : "3",
  "state_supplement_aged" : "1",
  "total_medicaid_cases" : "522",
  "tfa_total_recipients" : "42",
  "total_medicaid_recipients" : "868",
  "state_supplement_total" : "18"
}
, {
  "tfa_regular_cases" : "24",
  "tfa_two_parent_cases" : "*",
  "town_code" : "166",
  "snap_cases" : "149",
  "snap_recipients" : "241",
  "saga_cash_cases" : "10",
  "town_name" : "Wolcott",
  "tfa_regular_recipients" : "40",
  "saga_med_cases" : "57",
  "saga_med_recipients" : "57",
  "saga_cash_recipients" : "10",
  "tfa_total_cases" : "24",
  "state_supplement_disabled" : "38",
  "tfa_two_parent_recipients" : "2",
  "state_supplement_aged" : "4",
  "total_medicaid_cases" : "640",
  "tfa_total_recipients" : "42",
  "total_medicaid_recipients" : "1086",
  "state_supplement_total" : "42"
}
, {
  "tfa_regular_cases" : "17",
  "tfa_two_parent_cases" : "*",
  "town_code" : "27",
  "snap_cases" : "153",
  "snap_recipients" : "203",
  "saga_cash_cases" : "8",
  "town_name" : "Clinton",
  "tfa_regular_recipients" : "34",
  "saga_med_cases" : "39",
  "saga_med_recipients" : "39",
  "saga_cash_recipients" : "8",
  "tfa_total_cases" : "17",
  "state_supplement_disabled" : "60",
  "tfa_two_parent_recipients" : "2",
  "state_supplement_aged" : "7",
  "total_medicaid_cases" : "489",
  "tfa_total_recipients" : "36",
  "total_medicaid_recipients" : "787",
  "state_supplement_total" : "68"
}
, {
  "tfa_regular_cases" : "16",
  "tfa_two_parent_cases" : "1",
  "town_code" : "9",
  "snap_cases" : "163",
  "snap_recipients" : "261",
  "saga_cash_cases" : "13",
  "town_name" : "Bethel",
  "tfa_regular_recipients" : "36",
  "saga_med_cases" : "66",
  "saga_med_recipients" : "66",
  "saga_cash_recipients" : "13",
  "tfa_total_cases" : "17",
  "state_supplement_disabled" : "15",
  "tfa_two_parent_recipients" : "5",
  "state_supplement_aged" : "12",
  "total_medicaid_cases" : "646",
  "tfa_total_recipients" : "41",
  "total_medicaid_recipients" : "1096",
  "state_supplement_total" : "28"
}
, {
  "tfa_regular_cases" : "22",
  "tfa_two_parent_cases" : "*",
  "town_code" : "144",
  "snap_cases" : "165",
  "snap_recipients" : "235",
  "saga_cash_cases" : "9",
  "town_name" : "Trumbull",
  "tfa_regular_recipients" : "27",
  "saga_med_cases" : "69",
  "saga_med_recipients" : "69",
  "saga_cash_recipients" : "9",
  "tfa_total_cases" : "22",
  "state_supplement_disabled" : "59",
  "tfa_two_parent_recipients" : "1",
  "state_supplement_aged" : "21",
  "total_medicaid_cases" : "960",
  "tfa_total_recipients" : "28",
  "total_medicaid_recipients" : "1382",
  "state_supplement_total" : "80"
}
, {
  "tfa_regular_cases" : "20",
  "tfa_two_parent_cases" : "*",
  "town_code" : "132",
  "snap_cases" : "166",
  "snap_recipients" : "266",
  "saga_cash_cases" : "14",
  "town_name" : "South Windsor",
  "tfa_regular_recipients" : "39",
  "saga_med_cases" : "62",
  "saga_med_recipients" : "62",
  "saga_cash_recipients" : "14",
  "tfa_total_cases" : "20",
  "state_supplement_disabled" : "29",
  "tfa_two_parent_recipients" : "2",
  "state_supplement_aged" : "21",
  "state_supplement_blind" : "1",
  "total_medicaid_cases" : "695",
  "tfa_total_recipients" : "41",
  "total_medicaid_recipients" : "1121",
  "state_supplement_total" : "51"
}
, {
  "tfa_regular_cases" : "34",
  "tfa_two_parent_cases" : "3",
  "town_code" : "165",
  "snap_cases" : "171",
  "snap_recipients" : "338",
  "saga_cash_cases" : "7",
  "town_name" : "Windsor Locks",
  "tfa_regular_recipients" : "72",
  "saga_med_cases" : "45",
  "saga_med_recipients" : "45",
  "saga_cash_recipients" : "7",
  "tfa_total_cases" : "37",
  "state_supplement_disabled" : "16",
  "tfa_two_parent_recipients" : "12",
  "state_supplement_aged" : "6",
  "total_medicaid_cases" : "552",
  "tfa_total_recipients" : "84",
  "total_medicaid_recipients" : "1110",
  "state_supplement_total" : "23"
}
, {
  "tfa_regular_cases" : "42",
  "town_code" : "134",
  "snap_cases" : "174",
  "snap_recipients" : "315",
  "saga_cash_cases" : "5",
  "town_name" : "Stafford",
  "tfa_regular_recipients" : "73",
  "saga_med_cases" : "44",
  "saga_med_recipients" : "44",
  "saga_cash_recipients" : "5",
  "tfa_total_cases" : "42",
  "state_supplement_disabled" : "14",
  "state_supplement_aged" : "2",
  "total_medicaid_cases" : "589",
  "tfa_total_recipients" : "73",
  "total_medicaid_recipients" : "1009",
  "state_supplement_total" : "16"
}
, {
  "tfa_regular_cases" : "20",
  "tfa_two_parent_cases" : "*",
  "town_code" : "28",
  "snap_cases" : "178",
  "snap_recipients" : "339",
  "saga_cash_cases" : "5",
  "town_name" : "Colchester",
  "tfa_regular_recipients" : "33",
  "saga_med_cases" : "50",
  "saga_med_recipients" : "50",
  "saga_cash_recipients" : "5",
  "tfa_total_cases" : "20",
  "state_supplement_disabled" : "39",
  "tfa_two_parent_recipients" : "1",
  "state_supplement_aged" : "6",
  "total_medicaid_cases" : "675",
  "tfa_total_recipients" : "34",
  "total_medicaid_recipients" : "1159",
  "state_supplement_total" : "45"
}
, {
  "tfa_regular_cases" : "30",
  "tfa_two_parent_cases" : "2",
  "town_code" : "152",
  "snap_cases" : "191",
  "snap_recipients" : "325",
  "saga_cash_cases" : "22",
  "town_name" : "Waterford",
  "tfa_regular_recipients" : "51",
  "saga_med_cases" : "88",
  "saga_med_recipients" : "88",
  "saga_cash_recipients" : "22",
  "tfa_total_cases" : "32",
  "state_supplement_disabled" : "47",
  "tfa_two_parent_recipients" : "8",
  "state_supplement_aged" : "9",
  "total_medicaid_cases" : "1005",
  "tfa_total_recipients" : "59",
  "total_medicaid_recipients" : "1506",
  "state_supplement_total" : "57"
}
, {
  "tfa_regular_cases" : "37",
  "tfa_two_parent_cases" : "1",
  "town_code" : "111",
  "snap_cases" : "197",
  "snap_recipients" : "358",
  "saga_cash_cases" : "14",
  "town_name" : "Plymouth",
  "tfa_regular_recipients" : "62",
  "saga_med_cases" : "64",
  "saga_med_recipients" : "64",
  "saga_cash_recipients" : "14",
  "tfa_total_cases" : "38",
  "state_supplement_disabled" : "14",
  "tfa_two_parent_recipients" : "9",
  "state_supplement_aged" : "9",
  "total_medicaid_cases" : "589",
  "tfa_total_recipients" : "71",
  "total_medicaid_recipients" : "1080",
  "state_supplement_total" : "24"
}
, {
  "tfa_regular_cases" : "23",
  "tfa_two_parent_cases" : "1",
  "town_code" : "141",
  "snap_cases" : "205",
  "snap_recipients" : "378",
  "saga_cash_cases" : "7",
  "town_name" : "Thompson",
  "tfa_regular_recipients" : "41",
  "saga_med_cases" : "50",
  "saga_med_recipients" : "50",
  "saga_cash_recipients" : "7",
  "tfa_total_cases" : "24",
  "state_supplement_disabled" : "16",
  "tfa_two_parent_recipients" : "5",
  "state_supplement_aged" : "5",
  "state_supplement_blind" : "1",
  "total_medicaid_cases" : "417",
  "tfa_total_recipients" : "46",
  "total_medicaid_recipients" : "765",
  "state_supplement_total" : "23"
}
, {
  "tfa_regular_cases" : "28",
  "town_code" : "47",
  "snap_cases" : "207",
  "snap_recipients" : "410",
  "saga_cash_cases" : "15",
  "town_name" : "East Windsor",
  "tfa_regular_recipients" : "61",
  "saga_med_cases" : "39",
  "saga_med_recipients" : "40",
  "saga_cash_recipients" : "15",
  "tfa_total_cases" : "28",
  "state_supplement_disabled" : "22",
  "state_supplement_aged" : "2",
  "total_medicaid_cases" : "716",
  "tfa_total_recipients" : "61",
  "total_medicaid_recipients" : "1168",
  "state_supplement_total" : "24"
}
, {
  "tfa_regular_cases" : "20",
  "town_code" : "52",
  "snap_cases" : "211",
  "snap_recipients" : "313",
  "saga_cash_cases" : "14",
  "town_name" : "Farmington",
  "tfa_regular_recipients" : "39",
  "saga_med_cases" : "41",
  "saga_med_recipients" : "42",
  "saga_cash_recipients" : "14",
  "tfa_total_cases" : "20",
  "state_supplement_disabled" : "106",
  "state_supplement_aged" : "37",
  "state_supplement_blind" : "2",
  "total_medicaid_cases" : "808",
  "tfa_total_recipients" : "39",
  "total_medicaid_recipients" : "1205",
  "state_supplement_total" : "145"
}
, {
  "tfa_regular_cases" : "26",
  "tfa_two_parent_cases" : "1",
  "town_code" : "19",
  "snap_cases" : "216",
  "snap_recipients" : "366",
  "saga_cash_cases" : "6",
  "town_name" : "Brooklyn",
  "tfa_regular_recipients" : "51",
  "saga_med_cases" : "63",
  "saga_med_recipients" : "63",
  "saga_cash_recipients" : "6",
  "tfa_total_cases" : "27",
  "state_supplement_disabled" : "57",
  "tfa_two_parent_recipients" : "1",
  "state_supplement_aged" : "16",
  "total_medicaid_cases" : "545",
  "tfa_total_recipients" : "52",
  "total_medicaid_recipients" : "844",
  "state_supplement_total" : "73"
}
, {
  "tfa_regular_cases" : "19",
  "tfa_two_parent_cases" : "*",
  "town_code" : "54",
  "snap_cases" : "219",
  "snap_recipients" : "341",
  "saga_cash_cases" : "13",
  "town_name" : "Glastonbury",
  "tfa_regular_recipients" : "37",
  "saga_med_cases" : "64",
  "saga_med_recipients" : "64",
  "saga_cash_recipients" : "13",
  "tfa_total_cases" : "19",
  "state_supplement_disabled" : "46",
  "tfa_two_parent_recipients" : "1",
  "state_supplement_aged" : "24",
  "state_supplement_blind" : "1",
  "total_medicaid_cases" : "820",
  "tfa_total_recipients" : "38",
  "total_medicaid_recipients" : "1290",
  "state_supplement_total" : "72"
}
, {
  "tfa_regular_cases" : "37",
  "tfa_two_parent_cases" : "1",
  "town_code" : "101",
  "snap_cases" : "222",
  "snap_recipients" : "339",
  "saga_cash_cases" : "15",
  "town_name" : "North Haven",
  "tfa_regular_recipients" : "70",
  "saga_med_cases" : "83",
  "saga_med_recipients" : "83",
  "saga_cash_recipients" : "15",
  "tfa_total_cases" : "38",
  "state_supplement_disabled" : "56",
  "tfa_two_parent_recipients" : "4",
  "state_supplement_aged" : "19",
  "total_medicaid_cases" : "824",
  "tfa_total_recipients" : "74",
  "total_medicaid_recipients" : "1295",
  "state_supplement_total" : "75"
}
, {
  "tfa_regular_cases" : "30",
  "tfa_two_parent_cases" : "3",
  "town_code" : "124",
  "snap_cases" : "258",
  "snap_recipients" : "465",
  "saga_cash_cases" : "14",
  "town_name" : "Seymour",
  "tfa_regular_recipients" : "64",
  "saga_med_cases" : "76",
  "saga_med_recipients" : "76",
  "saga_cash_recipients" : "14",
  "tfa_total_cases" : "33",
  "state_supplement_disabled" : "36",
  "tfa_two_parent_recipients" : "11",
  "state_supplement_aged" : "6",
  "total_medicaid_cases" : "753",
  "tfa_total_recipients" : "75",
  "total_medicaid_recipients" : "1319",
  "state_supplement_total" : "42"
}
, {
  "tfa_regular_cases" : "29",
  "tfa_two_parent_cases" : "1",
  "town_code" : "51",
  "snap_cases" : "267",
  "snap_recipients" : "404",
  "saga_cash_cases" : "16",
  "town_name" : "Fairfield",
  "tfa_regular_recipients" : "56",
  "saga_med_cases" : "110",
  "saga_med_recipients" : "110",
  "saga_cash_recipients" : "16",
  "tfa_total_cases" : "30",
  "state_supplement_disabled" : "37",
  "tfa_two_parent_recipients" : "6",
  "state_supplement_aged" : "13",
  "total_medicaid_cases" : "1473",
  "tfa_total_recipients" : "62",
  "total_medicaid_recipients" : "2162",
  "state_supplement_total" : "51"
}
, {
  "tfa_regular_cases" : "29",
  "tfa_two_parent_cases" : "*",
  "town_code" : "57",
  "snap_cases" : "269",
  "snap_recipients" : "450",
  "saga_cash_cases" : "9",
  "town_name" : "Greenwich",
  "tfa_regular_recipients" : "48",
  "saga_med_cases" : "64",
  "saga_med_recipients" : "64",
  "saga_cash_recipients" : "9",
  "tfa_total_cases" : "29",
  "state_supplement_disabled" : "55",
  "tfa_two_parent_recipients" : "2",
  "state_supplement_aged" : "55",
  "total_medicaid_cases" : "1350",
  "tfa_total_recipients" : "50",
  "total_medicaid_recipients" : "1989",
  "state_supplement_total" : "111"
}
, {
  "tfa_regular_cases" : "41",
  "tfa_two_parent_cases" : "1",
  "town_code" : "153",
  "snap_cases" : "276",
  "snap_recipients" : "453",
  "saga_cash_cases" : "18",
  "town_name" : "Watertown",
  "tfa_regular_recipients" : "74",
  "saga_med_cases" : "122",
  "saga_med_recipients" : "122",
  "saga_cash_recipients" : "18",
  "tfa_total_cases" : "42",
  "state_supplement_disabled" : "95",
  "tfa_two_parent_recipients" : "4",
  "state_supplement_aged" : "21",
  "state_supplement_blind" : "1",
  "total_medicaid_cases" : "932",
  "tfa_total_recipients" : "78",
  "total_medicaid_recipients" : "1557",
  "state_supplement_total" : "118"
}
, {
  "tfa_regular_cases" : "43",
  "tfa_two_parent_cases" : "3",
  "town_code" : "86",
  "snap_cases" : "287",
  "snap_recipients" : "541",
  "saga_cash_cases" : "20",
  "town_name" : "Montville",
  "tfa_regular_recipients" : "77",
  "saga_med_cases" : "79",
  "saga_med_recipients" : "79",
  "saga_cash_recipients" : "20",
  "tfa_total_cases" : "46",
  "state_supplement_disabled" : "85",
  "tfa_two_parent_recipients" : "11",
  "state_supplement_aged" : "13",
  "total_medicaid_cases" : "900",
  "tfa_total_recipients" : "88",
  "total_medicaid_recipients" : "1577",
  "state_supplement_total" : "98"
}
, {
  "tfa_regular_cases" : "32",
  "tfa_two_parent_cases" : "*",
  "town_code" : "96",
  "snap_cases" : "288",
  "snap_recipients" : "453",
  "saga_cash_cases" : "17",
  "town_name" : "New Milford",
  "tfa_regular_recipients" : "63",
  "saga_med_cases" : "99",
  "saga_med_recipients" : "99",
  "saga_cash_recipients" : "17",
  "tfa_total_cases" : "32",
  "state_supplement_disabled" : "31",
  "tfa_two_parent_recipients" : "2",
  "state_supplement_aged" : "11",
  "total_medicaid_cases" : "1113",
  "tfa_total_recipients" : "65",
  "total_medicaid_recipients" : "1821",
  "state_supplement_total" : "42"
}
, {
  "tfa_regular_cases" : "33",
  "tfa_two_parent_cases" : "2",
  "town_code" : "94",
  "snap_cases" : "298",
  "snap_recipients" : "500",
  "saga_cash_cases" : "24",
  "town_name" : "Newington",
  "tfa_regular_recipients" : "63",
  "saga_med_cases" : "111",
  "saga_med_recipients" : "111",
  "saga_cash_recipients" : "24",
  "tfa_total_cases" : "35",
  "state_supplement_disabled" : "26",
  "tfa_two_parent_recipients" : "11",
  "state_supplement_aged" : "26",
  "state_supplement_blind" : "2",
  "total_medicaid_cases" : "1317",
  "tfa_total_recipients" : "74",
  "total_medicaid_recipients" : "2094",
  "state_supplement_total" : "55"
}
, {
  "tfa_regular_cases" : "44",
  "tfa_two_parent_cases" : "3",
  "town_code" : "58",
  "snap_cases" : "306",
  "snap_recipients" : "565",
  "saga_cash_cases" : "25",
  "town_name" : "Griswold",
  "tfa_regular_recipients" : "83",
  "saga_med_cases" : "82",
  "saga_med_recipients" : "82",
  "saga_cash_recipients" : "25",
  "tfa_total_cases" : "47",
  "state_supplement_disabled" : "38",
  "tfa_two_parent_recipients" : "10",
  "state_supplement_aged" : "6",
  "total_medicaid_cases" : "738",
  "tfa_total_recipients" : "93",
  "total_medicaid_recipients" : "1341",
  "state_supplement_total" : "45"
}
, {
  "tfa_regular_cases" : "44",
  "tfa_two_parent_cases" : "2",
  "town_code" : "137",
  "snap_cases" : "315",
  "snap_recipients" : "572",
  "saga_cash_cases" : "18",
  "town_name" : "Stonington",
  "tfa_regular_recipients" : "92",
  "saga_med_cases" : "103",
  "saga_med_recipients" : "103",
  "saga_cash_recipients" : "18",
  "tfa_total_cases" : "46",
  "state_supplement_disabled" : "61",
  "tfa_two_parent_recipients" : "8",
  "state_supplement_aged" : "10",
  "total_medicaid_cases" : "1039",
  "tfa_total_recipients" : "100",
  "total_medicaid_recipients" : "1688",
  "state_supplement_total" : "71"
}
, {
  "tfa_regular_cases" : "49",
  "tfa_two_parent_cases" : "3",
  "town_code" : "126",
  "snap_cases" : "332",
  "snap_recipients" : "594",
  "saga_cash_cases" : "17",
  "town_name" : "Shelton",
  "tfa_regular_recipients" : "104",
  "saga_med_cases" : "136",
  "saga_med_recipients" : "136",
  "saga_cash_recipients" : "17",
  "tfa_total_cases" : "52",
  "state_supplement_disabled" : "36",
  "tfa_two_parent_recipients" : "16",
  "state_supplement_aged" : "31",
  "total_medicaid_cases" : "1415",
  "tfa_total_recipients" : "120",
  "total_medicaid_recipients" : "2310",
  "state_supplement_total" : "68"
}
, {
  "tfa_regular_cases" : "36",
  "tfa_two_parent_cases" : "3",
  "town_code" : "162",
  "snap_cases" : "338",
  "snap_recipients" : "639",
  "saga_cash_cases" : "12",
  "town_name" : "Winchester",
  "tfa_regular_recipients" : "76",
  "saga_med_cases" : "116",
  "saga_med_recipients" : "116",
  "saga_cash_recipients" : "12",
  "tfa_total_cases" : "39",
  "state_supplement_disabled" : "66",
  "tfa_two_parent_recipients" : "14",
  "state_supplement_aged" : "6",
  "total_medicaid_cases" : "893",
  "tfa_total_recipients" : "90",
  "total_medicaid_recipients" : "1697",
  "state_supplement_total" : "73"
}
, {
  "tfa_regular_cases" : "46",
  "tfa_two_parent_cases" : "2",
  "town_code" : "110",
  "snap_cases" : "342",
  "snap_recipients" : "553",
  "saga_cash_cases" : "20",
  "town_name" : "Plainville",
  "tfa_regular_recipients" : "88",
  "saga_med_cases" : "93",
  "saga_med_recipients" : "93",
  "saga_cash_recipients" : "20",
  "tfa_total_cases" : "48",
  "state_supplement_disabled" : "56",
  "tfa_two_parent_recipients" : "9",
  "state_supplement_aged" : "31",
  "total_medicaid_cases" : "967",
  "tfa_total_recipients" : "97",
  "total_medicaid_recipients" : "1569",
  "state_supplement_total" : "88"
}
, {
  "tfa_regular_cases" : "70",
  "tfa_two_parent_cases" : "4",
  "town_code" : "37",
  "snap_cases" : "377",
  "snap_recipients" : "783",
  "saga_cash_cases" : "15",
  "town_name" : "Derby",
  "tfa_regular_recipients" : "141",
  "saga_med_cases" : "99",
  "saga_med_recipients" : "99",
  "saga_cash_recipients" : "15",
  "tfa_total_cases" : "74",
  "state_supplement_disabled" : "11",
  "tfa_two_parent_recipients" : "14",
  "state_supplement_aged" : "9",
  "total_medicaid_cases" : "1047",
  "tfa_total_recipients" : "155",
  "total_medicaid_recipients" : "1865",
  "state_supplement_total" : "20"
}
, {
  "tfa_regular_cases" : "42",
  "tfa_two_parent_cases" : "3",
  "town_code" : "14",
  "snap_cases" : "402",
  "snap_recipients" : "570",
  "saga_cash_cases" : "18",
  "town_name" : "Branford",
  "tfa_regular_recipients" : "67",
  "saga_med_cases" : "146",
  "saga_med_recipients" : "146",
  "saga_cash_recipients" : "18",
  "tfa_total_cases" : "45",
  "state_supplement_disabled" : "81",
  "tfa_two_parent_recipients" : "11",
  "state_supplement_aged" : "14",
  "total_medicaid_cases" : "1155",
  "tfa_total_recipients" : "78",
  "total_medicaid_recipients" : "1790",
  "state_supplement_total" : "95"
}
, {
  "tfa_regular_cases" : "31",
  "tfa_two_parent_cases" : "1",
  "town_code" : "159",
  "snap_cases" : "417",
  "snap_recipients" : "648",
  "saga_cash_cases" : "26",
  "town_name" : "Wethersfield",
  "tfa_regular_recipients" : "63",
  "saga_med_cases" : "86",
  "saga_med_recipients" : "86",
  "saga_cash_recipients" : "26",
  "tfa_total_cases" : "32",
  "state_supplement_disabled" : "45",
  "tfa_two_parent_recipients" : "4",
  "state_supplement_aged" : "25",
  "state_supplement_blind" : "0",
  "total_medicaid_cases" : "1063",
  "tfa_total_recipients" : "67",
  "total_medicaid_recipients" : "1679",
  "state_supplement_total" : "71"
}
, {
  "tfa_regular_cases" : "67",
  "tfa_two_parent_cases" : "1",
  "town_code" : "131",
  "snap_cases" : "425",
  "snap_recipients" : "764",
  "saga_cash_cases" : "24",
  "town_name" : "Southington",
  "tfa_regular_recipients" : "124",
  "saga_med_cases" : "149",
  "saga_med_recipients" : "149",
  "saga_cash_recipients" : "24",
  "tfa_total_cases" : "68",
  "state_supplement_disabled" : "46",
  "tfa_two_parent_recipients" : "4",
  "state_supplement_aged" : "10",
  "total_medicaid_cases" : "1462",
  "tfa_total_recipients" : "128",
  "total_medicaid_recipients" : "2494",
  "state_supplement_total" : "57"
}
, {
  "tfa_regular_cases" : "63",
  "tfa_two_parent_cases" : "2",
  "town_code" : "148",
  "snap_cases" : "440",
  "snap_recipients" : "755",
  "saga_cash_cases" : "17",
  "town_name" : "Wallingford",
  "tfa_regular_recipients" : "120",
  "saga_med_cases" : "166",
  "saga_med_recipients" : "166",
  "saga_cash_recipients" : "17",
  "tfa_total_cases" : "65",
  "state_supplement_disabled" : "75",
  "tfa_two_parent_recipients" : "9",
  "state_supplement_aged" : "90",
  "state_supplement_blind" : "2",
  "total_medicaid_cases" : "2001",
  "tfa_total_recipients" : "129",
  "total_medicaid_recipients" : "3125",
  "state_supplement_total" : "167"
}
, {
  "tfa_regular_cases" : "69",
  "tfa_two_parent_cases" : "3",
  "town_code" : "116",
  "snap_cases" : "457",
  "snap_recipients" : "843",
  "saga_cash_cases" : "19",
  "town_name" : "Putnam",
  "tfa_regular_recipients" : "152",
  "saga_med_cases" : "115",
  "saga_med_recipients" : "115",
  "saga_cash_recipients" : "19",
  "tfa_total_cases" : "72",
  "state_supplement_disabled" : "29",
  "tfa_two_parent_recipients" : "13",
  "state_supplement_aged" : "30",
  "total_medicaid_cases" : "1025",
  "tfa_total_recipients" : "165",
  "total_medicaid_recipients" : "1700",
  "state_supplement_total" : "59"
}
, {
  "tfa_regular_cases" : "88",
  "tfa_two_parent_cases" : "2",
  "town_code" : "11",
  "snap_cases" : "497",
  "snap_recipients" : "855",
  "saga_cash_cases" : "18",
  "town_name" : "Bloomfield",
  "tfa_regular_recipients" : "154",
  "saga_med_cases" : "156",
  "saga_med_recipients" : "156",
  "saga_cash_recipients" : "18",
  "tfa_total_cases" : "90",
  "state_supplement_disabled" : "62",
  "tfa_two_parent_recipients" : "10",
  "state_supplement_aged" : "39",
  "state_supplement_blind" : "3",
  "total_medicaid_cases" : "1614",
  "tfa_total_recipients" : "164",
  "total_medicaid_recipients" : "2383",
  "state_supplement_total" : "104"
}
, {
  "tfa_regular_cases" : "88",
  "tfa_two_parent_cases" : "5",
  "town_code" : "164",
  "snap_cases" : "514",
  "snap_recipients" : "926",
  "saga_cash_cases" : "27",
  "town_name" : "Windsor",
  "tfa_regular_recipients" : "162",
  "saga_med_cases" : "168",
  "saga_med_recipients" : "168",
  "saga_cash_recipients" : "27",
  "tfa_total_cases" : "93",
  "state_supplement_disabled" : "92",
  "tfa_two_parent_recipients" : "16",
  "state_supplement_aged" : "42",
  "state_supplement_blind" : "1",
  "total_medicaid_cases" : "1684",
  "tfa_total_recipients" : "178",
  "total_medicaid_recipients" : "2717",
  "state_supplement_total" : "136"
}
, {
  "tfa_regular_cases" : "72",
  "tfa_two_parent_cases" : "2",
  "town_code" : "109",
  "snap_cases" : "515",
  "snap_recipients" : "1056",
  "saga_cash_cases" : "20",
  "town_name" : "Plainfield",
  "tfa_regular_recipients" : "148",
  "saga_med_cases" : "132",
  "saga_med_recipients" : "133",
  "saga_cash_recipients" : "20",
  "tfa_total_cases" : "74",
  "state_supplement_disabled" : "53",
  "tfa_two_parent_recipients" : "8",
  "state_supplement_aged" : "5",
  "total_medicaid_cases" : "1243",
  "tfa_total_recipients" : "156",
  "total_medicaid_recipients" : "2243",
  "state_supplement_total" : "58"
}
, {
  "tfa_regular_cases" : "75",
  "tfa_two_parent_cases" : "3",
  "town_code" : "84",
  "snap_cases" : "620",
  "snap_recipients" : "1044",
  "saga_cash_cases" : "26",
  "town_name" : "Milford",
  "tfa_regular_recipients" : "145",
  "saga_med_cases" : "268",
  "saga_med_recipients" : "268",
  "saga_cash_recipients" : "26",
  "tfa_total_cases" : "78",
  "state_supplement_disabled" : "72",
  "tfa_two_parent_recipients" : "13",
  "state_supplement_aged" : "29",
  "total_medicaid_cases" : "1975",
  "tfa_total_recipients" : "158",
  "total_medicaid_recipients" : "3306",
  "state_supplement_total" : "102"
}
, {
  "tfa_regular_cases" : "115",
  "tfa_two_parent_cases" : "4",
  "town_code" : "44",
  "snap_cases" : "691",
  "snap_recipients" : "1217",
  "saga_cash_cases" : "26",
  "town_name" : "East Haven",
  "tfa_regular_recipients" : "212",
  "saga_med_cases" : "253",
  "saga_med_recipients" : "253",
  "saga_cash_recipients" : "26",
  "tfa_total_cases" : "119",
  "state_supplement_disabled" : "110",
  "tfa_two_parent_recipients" : "15",
  "state_supplement_aged" : "39",
  "total_medicaid_cases" : "1960",
  "tfa_total_recipients" : "227",
  "total_medicaid_recipients" : "3339",
  "state_supplement_total" : "150"
}
, {
  "tfa_regular_cases" : "85",
  "tfa_two_parent_cases" : "3",
  "town_code" : "69",
  "snap_cases" : "708",
  "snap_recipients" : "1286",
  "saga_cash_cases" : "38",
  "town_name" : "Killingly",
  "tfa_regular_recipients" : "173",
  "saga_med_cases" : "187",
  "saga_med_recipients" : "188",
  "saga_cash_recipients" : "38",
  "tfa_total_cases" : "88",
  "state_supplement_disabled" : "93",
  "tfa_two_parent_recipients" : "9",
  "state_supplement_aged" : "26",
  "state_supplement_blind" : "1",
  "total_medicaid_cases" : "1587",
  "tfa_total_recipients" : "182",
  "total_medicaid_recipients" : "2736",
  "state_supplement_total" : "121"
}
, {
  "tfa_regular_cases" : "146",
  "tfa_two_parent_cases" : "5",
  "town_code" : "49",
  "snap_cases" : "756",
  "snap_recipients" : "1504",
  "saga_cash_cases" : "35",
  "town_name" : "Enfield",
  "tfa_regular_recipients" : "317",
  "saga_med_cases" : "220",
  "saga_med_recipients" : "220",
  "saga_cash_recipients" : "35",
  "tfa_total_cases" : "151",
  "state_supplement_disabled" : "77",
  "tfa_two_parent_recipients" : "22",
  "state_supplement_aged" : "62",
  "total_medicaid_cases" : "2133",
  "tfa_total_recipients" : "339",
  "total_medicaid_recipients" : "3890",
  "state_supplement_total" : "140"
}
, {
  "tfa_regular_cases" : "149",
  "tfa_two_parent_cases" : "7",
  "town_code" : "2",
  "snap_cases" : "788",
  "snap_recipients" : "1702",
  "saga_cash_cases" : "27",
  "town_name" : "Ansonia",
  "tfa_regular_recipients" : "324",
  "saga_med_cases" : "186",
  "saga_med_recipients" : "186",
  "saga_cash_recipients" : "27",
  "tfa_total_cases" : "156",
  "state_supplement_disabled" : "42",
  "tfa_two_parent_recipients" : "28",
  "state_supplement_aged" : "16",
  "total_medicaid_cases" : "1695",
  "tfa_total_recipients" : "352",
  "total_medicaid_recipients" : "3276",
  "state_supplement_total" : "59"
}
, {
  "tfa_regular_cases" : "155",
  "tfa_two_parent_cases" : "7",
  "town_code" : "59",
  "snap_cases" : "825",
  "snap_recipients" : "1575",
  "saga_cash_cases" : "38",
  "town_name" : "Groton",
  "tfa_regular_recipients" : "312",
  "saga_med_cases" : "174",
  "saga_med_recipients" : "174",
  "saga_cash_recipients" : "38",
  "tfa_total_cases" : "162",
  "state_supplement_disabled" : "55",
  "tfa_two_parent_recipients" : "27",
  "state_supplement_aged" : "54",
  "total_medicaid_cases" : "1875",
  "tfa_total_recipients" : "339",
  "total_medicaid_recipients" : "3334",
  "state_supplement_total" : "110"
}
, {
  "tfa_regular_cases" : "163",
  "tfa_two_parent_cases" : "6",
  "town_code" : "138",
  "snap_cases" : "832",
  "snap_recipients" : "1610",
  "saga_cash_cases" : "29",
  "town_name" : "Stratford",
  "tfa_regular_recipients" : "313",
  "saga_med_cases" : "286",
  "saga_med_recipients" : "286",
  "saga_cash_recipients" : "29",
  "tfa_total_cases" : "169",
  "state_supplement_disabled" : "73",
  "tfa_two_parent_recipients" : "26",
  "state_supplement_aged" : "33",
  "total_medicaid_cases" : "2565",
  "tfa_total_recipients" : "339",
  "total_medicaid_recipients" : "4613",
  "state_supplement_total" : "106"
}
, {
  "tfa_regular_cases" : "139",
  "tfa_two_parent_cases" : "6",
  "town_code" : "146",
  "snap_cases" : "850",
  "snap_recipients" : "1622",
  "saga_cash_cases" : "43",
  "town_name" : "Vernon",
  "tfa_regular_recipients" : "273",
  "saga_med_cases" : "221",
  "saga_med_recipients" : "221",
  "saga_cash_recipients" : "43",
  "tfa_total_cases" : "145",
  "state_supplement_disabled" : "130",
  "tfa_two_parent_recipients" : "23",
  "state_supplement_aged" : "31",
  "state_supplement_blind" : "4",
  "total_medicaid_cases" : "1940",
  "tfa_total_recipients" : "296",
  "total_medicaid_recipients" : "3500",
  "state_supplement_total" : "166"
}
, {
  "tfa_regular_cases" : "109",
  "tfa_two_parent_cases" : "4",
  "town_code" : "88",
  "snap_cases" : "898",
  "snap_recipients" : "1722",
  "saga_cash_cases" : "33",
  "town_name" : "Naugatuck",
  "tfa_regular_recipients" : "224",
  "saga_med_cases" : "246",
  "saga_med_recipients" : "246",
  "saga_cash_recipients" : "33",
  "tfa_total_cases" : "113",
  "state_supplement_disabled" : "59",
  "tfa_two_parent_recipients" : "15",
  "state_supplement_aged" : "26",
  "total_medicaid_cases" : "2137",
  "tfa_total_recipients" : "239",
  "total_medicaid_recipients" : "3956",
  "state_supplement_total" : "85"
}
, {
  "tfa_regular_cases" : "212",
  "tfa_two_parent_cases" : "6",
  "town_code" : "62",
  "snap_cases" : "1089",
  "snap_recipients" : "1914",
  "saga_cash_cases" : "35",
  "town_name" : "Hamden",
  "tfa_regular_recipients" : "386",
  "saga_med_cases" : "355",
  "saga_med_recipients" : "356",
  "saga_cash_recipients" : "35",
  "tfa_total_cases" : "218",
  "state_supplement_disabled" : "163",
  "tfa_two_parent_recipients" : "19",
  "state_supplement_aged" : "58",
  "state_supplement_blind" : "2",
  "total_medicaid_cases" : "3454",
  "tfa_total_recipients" : "405",
  "total_medicaid_recipients" : "5349",
  "state_supplement_total" : "224"
}
, {
  "tfa_regular_cases" : "110",
  "tfa_two_parent_cases" : "6",
  "town_code" : "155",
  "snap_cases" : "1128",
  "snap_recipients" : "1867",
  "saga_cash_cases" : "46",
  "town_name" : "West Hartford",
  "tfa_regular_recipients" : "201",
  "saga_med_cases" : "207",
  "saga_med_recipients" : "207",
  "saga_cash_recipients" : "46",
  "tfa_total_cases" : "116",
  "state_supplement_disabled" : "180",
  "tfa_two_parent_recipients" : "22",
  "state_supplement_aged" : "356",
  "state_supplement_blind" : "2",
  "total_medicaid_cases" : "3358",
  "tfa_total_recipients" : "223",
  "total_medicaid_recipients" : "4933",
  "state_supplement_total" : "539"
}
, {
  "tfa_regular_cases" : "139",
  "tfa_two_parent_cases" : "10",
  "town_code" : "143",
  "snap_cases" : "1337",
  "snap_recipients" : "2325",
  "saga_cash_cases" : "63",
  "town_name" : "Torrington",
  "tfa_regular_recipients" : "288",
  "saga_med_cases" : "475",
  "saga_med_recipients" : "475",
  "saga_cash_recipients" : "63",
  "tfa_total_cases" : "149",
  "state_supplement_disabled" : "187",
  "tfa_two_parent_recipients" : "36",
  "state_supplement_aged" : "31",
  "state_supplement_blind" : "2",
  "total_medicaid_cases" : "3206",
  "tfa_total_recipients" : "324",
  "total_medicaid_recipients" : "5580",
  "state_supplement_total" : "221"
}
, {
  "tfa_regular_cases" : "260",
  "tfa_two_parent_cases" : "3",
  "town_code" : "103",
  "snap_cases" : "1411",
  "snap_recipients" : "2591",
  "saga_cash_cases" : "68",
  "town_name" : "Norwalk",
  "tfa_regular_recipients" : "498",
  "saga_med_cases" : "413",
  "saga_med_recipients" : "413",
  "saga_cash_recipients" : "68",
  "tfa_total_cases" : "263",
  "state_supplement_disabled" : "139",
  "tfa_two_parent_recipients" : "13",
  "state_supplement_aged" : "61",
  "state_supplement_blind" : "3",
  "total_medicaid_cases" : "5030",
  "tfa_total_recipients" : "511",
  "total_medicaid_recipients" : "8133",
  "state_supplement_total" : "204"
}
, {
  "tfa_regular_cases" : "237",
  "tfa_two_parent_cases" : "4",
  "town_code" : "83",
  "snap_cases" : "1495",
  "snap_recipients" : "2606",
  "saga_cash_cases" : "95",
  "town_name" : "Middletown",
  "tfa_regular_recipients" : "459",
  "saga_med_cases" : "524",
  "saga_med_recipients" : "524",
  "saga_cash_recipients" : "95",
  "tfa_total_cases" : "241",
  "state_supplement_disabled" : "194",
  "tfa_two_parent_recipients" : "18",
  "state_supplement_aged" : "44",
  "state_supplement_blind" : "1",
  "total_medicaid_cases" : "3419",
  "tfa_total_recipients" : "477",
  "total_medicaid_recipients" : "5656",
  "state_supplement_total" : "240"
}
, {
  "tfa_regular_cases" : "189",
  "tfa_two_parent_cases" : "4",
  "town_code" : "34",
  "snap_cases" : "1593",
  "snap_recipients" : "2764",
  "saga_cash_cases" : "71",
  "town_name" : "Danbury",
  "tfa_regular_recipients" : "364",
  "saga_med_cases" : "539",
  "saga_med_recipients" : "539",
  "saga_cash_recipients" : "71",
  "tfa_total_cases" : "193",
  "state_supplement_disabled" : "102",
  "tfa_two_parent_recipients" : "15",
  "state_supplement_aged" : "75",
  "total_medicaid_cases" : "5760",
  "tfa_total_recipients" : "379",
  "total_medicaid_recipients" : "9061",
  "state_supplement_total" : "177"
}
, {
  "tfa_regular_cases" : "328",
  "tfa_two_parent_cases" : "12",
  "town_code" : "77",
  "snap_cases" : "1877",
  "snap_recipients" : "3781",
  "saga_cash_cases" : "94",
  "town_name" : "Manchester",
  "tfa_regular_recipients" : "700",
  "saga_med_cases" : "518",
  "saga_med_recipients" : "519",
  "saga_cash_recipients" : "94",
  "tfa_total_cases" : "340",
  "state_supplement_disabled" : "227",
  "tfa_two_parent_recipients" : "45",
  "state_supplement_aged" : "77",
  "state_supplement_blind" : "1",
  "total_medicaid_cases" : "4422",
  "tfa_total_recipients" : "745",
  "total_medicaid_recipients" : "7963",
  "state_supplement_total" : "307"
}
, {
  "tfa_regular_cases" : "359",
  "tfa_two_parent_cases" : "17",
  "town_code" : "17",
  "snap_cases" : "1922",
  "snap_recipients" : "3768",
  "saga_cash_cases" : "78",
  "town_name" : "Bristol",
  "tfa_regular_recipients" : "725",
  "saga_med_cases" : "503",
  "saga_med_recipients" : "503",
  "saga_cash_recipients" : "78",
  "tfa_total_cases" : "376",
  "state_supplement_disabled" : "134",
  "tfa_two_parent_recipients" : "59",
  "state_supplement_aged" : "33",
  "total_medicaid_cases" : "4470",
  "tfa_total_recipients" : "784",
  "total_medicaid_recipients" : "8021",
  "state_supplement_total" : "168"
}
, {
  "tfa_regular_cases" : "332",
  "tfa_two_parent_cases" : "18",
  "town_code" : "95",
  "snap_cases" : "1928",
  "snap_recipients" : "3769",
  "saga_cash_cases" : "122",
  "town_name" : "New London",
  "tfa_regular_recipients" : "750",
  "saga_med_cases" : "538",
  "saga_med_recipients" : "538",
  "saga_cash_recipients" : "122",
  "tfa_total_cases" : "350",
  "state_supplement_disabled" : "173",
  "tfa_two_parent_recipients" : "68",
  "state_supplement_aged" : "60",
  "total_medicaid_cases" : "3510",
  "tfa_total_recipients" : "818",
  "total_medicaid_recipients" : "6413",
  "state_supplement_total" : "234"
}
, {
  "tfa_regular_cases" : "386",
  "tfa_two_parent_cases" : "17",
  "town_code" : "156",
  "snap_cases" : "2088",
  "snap_recipients" : "3917",
  "saga_cash_cases" : "71",
  "town_name" : "West Haven",
  "tfa_regular_recipients" : "741",
  "saga_med_cases" : "630",
  "saga_med_recipients" : "630",
  "saga_cash_recipients" : "71",
  "tfa_total_cases" : "403",
  "state_supplement_disabled" : "162",
  "tfa_two_parent_recipients" : "59",
  "state_supplement_aged" : "47",
  "state_supplement_blind" : "1",
  "total_medicaid_cases" : "5103",
  "tfa_total_recipients" : "800",
  "total_medicaid_recipients" : "8994",
  "state_supplement_total" : "210"
}
, {
  "tfa_regular_cases" : "295",
  "tfa_two_parent_cases" : "18",
  "town_code" : "163",
  "snap_cases" : "2112",
  "snap_recipients" : "3982",
  "saga_cash_cases" : "67",
  "town_name" : "Windham",
  "tfa_regular_recipients" : "638",
  "saga_med_cases" : "650",
  "saga_med_recipients" : "650",
  "saga_cash_recipients" : "67",
  "tfa_total_cases" : "313",
  "state_supplement_disabled" : "111",
  "tfa_two_parent_recipients" : "61",
  "state_supplement_aged" : "36",
  "state_supplement_blind" : "1",
  "total_medicaid_cases" : "3356",
  "tfa_total_recipients" : "699",
  "total_medicaid_recipients" : "6012",
  "state_supplement_total" : "148"
}
, {
  "tfa_regular_cases" : "274",
  "tfa_two_parent_cases" : "6",
  "town_code" : "135",
  "snap_cases" : "2275",
  "snap_recipients" : "3825",
  "saga_cash_cases" : "105",
  "town_name" : "Stamford",
  "tfa_regular_recipients" : "519",
  "saga_med_cases" : "609",
  "saga_med_recipients" : "609",
  "saga_cash_recipients" : "105",
  "tfa_total_cases" : "280",
  "state_supplement_disabled" : "181",
  "tfa_two_parent_recipients" : "22",
  "state_supplement_aged" : "256",
  "total_medicaid_cases" : "7153",
  "tfa_total_recipients" : "541",
  "total_medicaid_recipients" : "11289",
  "state_supplement_total" : "437"
}
, {
  "tfa_regular_cases" : "364",
  "tfa_two_parent_cases" : "24",
  "town_code" : "104",
  "snap_cases" : "2372",
  "snap_recipients" : "4512",
  "saga_cash_cases" : "133",
  "town_name" : "Norwich",
  "tfa_regular_recipients" : "772",
  "saga_med_cases" : "696",
  "saga_med_recipients" : "696",
  "saga_cash_recipients" : "133",
  "tfa_total_cases" : "388",
  "state_supplement_disabled" : "264",
  "tfa_two_parent_recipients" : "88",
  "state_supplement_aged" : "74",
  "state_supplement_blind" : "2",
  "total_medicaid_cases" : "4240",
  "tfa_total_recipients" : "860",
  "total_medicaid_recipients" : "7702",
  "state_supplement_total" : "341"
}
, {
  "tfa_regular_cases" : "527",
  "tfa_two_parent_cases" : "21",
  "town_code" : "43",
  "snap_cases" : "2881",
  "snap_recipients" : "5294",
  "saga_cash_cases" : "121",
  "town_name" : "East Hartford",
  "tfa_regular_recipients" : "1057",
  "saga_med_cases" : "734",
  "saga_med_recipients" : "734",
  "saga_cash_recipients" : "121",
  "tfa_total_cases" : "548",
  "state_supplement_disabled" : "166",
  "tfa_two_parent_recipients" : "75",
  "state_supplement_aged" : "80",
  "state_supplement_blind" : "3",
  "total_medicaid_cases" : "5631",
  "tfa_total_recipients" : "1132",
  "total_medicaid_recipients" : "9989",
  "state_supplement_total" : "250"
}
, {
  "tfa_regular_cases" : "625",
  "tfa_two_parent_cases" : "29",
  "town_code" : "80",
  "snap_cases" : "3023",
  "snap_recipients" : "6396",
  "saga_cash_cases" : "145",
  "town_name" : "Meriden",
  "tfa_regular_recipients" : "1313",
  "saga_med_cases" : "756",
  "saga_med_recipients" : "756",
  "saga_cash_recipients" : "145",
  "tfa_total_cases" : "654",
  "state_supplement_disabled" : "383",
  "tfa_two_parent_recipients" : "111",
  "state_supplement_aged" : "134",
  "state_supplement_blind" : "3",
  "total_medicaid_cases" : "6677",
  "tfa_total_recipients" : "1424",
  "total_medicaid_recipients" : "12078",
  "state_supplement_total" : "521"
}
, {
  "tfa_regular_cases" : "1038",
  "tfa_two_parent_cases" : "72",
  "town_code" : "89",
  "snap_cases" : "6235",
  "snap_recipients" : "12276",
  "saga_cash_cases" : "269",
  "town_name" : "New Britain",
  "tfa_regular_recipients" : "2218",
  "saga_med_cases" : "1563",
  "saga_med_recipients" : "1564",
  "saga_cash_recipients" : "269",
  "tfa_total_cases" : "1110",
  "state_supplement_disabled" : "442",
  "tfa_two_parent_recipients" : "261",
  "state_supplement_aged" : "195",
  "state_supplement_blind" : "2",
  "total_medicaid_cases" : "10310",
  "tfa_total_recipients" : "2479",
  "total_medicaid_recipients" : "19144",
  "state_supplement_total" : "640"
}
, {
  "tfa_regular_cases" : "1755",
  "tfa_two_parent_cases" : "77",
  "town_code" : "151",
  "snap_cases" : "10197",
  "snap_recipients" : "20665",
  "saga_cash_cases" : "308",
  "town_name" : "Waterbury",
  "tfa_regular_recipients" : "3731",
  "saga_med_cases" : "2775",
  "saga_med_recipients" : "2775",
  "saga_cash_recipients" : "308",
  "tfa_total_cases" : "1832",
  "state_supplement_disabled" : "806",
  "tfa_two_parent_recipients" : "286",
  "state_supplement_aged" : "303",
  "state_supplement_blind" : "3",
  "total_medicaid_cases" : "17007",
  "tfa_total_recipients" : "4017",
  "total_medicaid_recipients" : "31909",
  "state_supplement_total" : "1112"
}
, {
  "tfa_regular_cases" : "1678",
  "tfa_two_parent_cases" : "83",
  "town_code" : "15",
  "snap_cases" : "10608",
  "snap_recipients" : "20195",
  "saga_cash_cases" : "330",
  "town_name" : "Bridgeport",
  "tfa_regular_recipients" : "3283",
  "saga_med_cases" : "3102",
  "saga_med_recipients" : "3103",
  "saga_cash_recipients" : "330",
  "tfa_total_cases" : "1761",
  "state_supplement_disabled" : "672",
  "tfa_two_parent_recipients" : "309",
  "state_supplement_aged" : "320",
  "state_supplement_blind" : "3",
  "total_medicaid_cases" : "20413",
  "tfa_total_recipients" : "3592",
  "total_medicaid_recipients" : "36497",
  "state_supplement_total" : "995"
}
, {
  "tfa_regular_cases" : "2260",
  "tfa_two_parent_cases" : "79",
  "town_code" : "93",
  "snap_cases" : "13122",
  "snap_recipients" : "24306",
  "saga_cash_cases" : "379",
  "town_name" : "New Haven",
  "tfa_regular_recipients" : "4602",
  "saga_med_cases" : "4399",
  "saga_med_recipients" : "4399",
  "saga_cash_recipients" : "379",
  "tfa_total_cases" : "2339",
  "state_supplement_disabled" : "740",
  "tfa_two_parent_recipients" : "276",
  "state_supplement_aged" : "303",
  "state_supplement_blind" : "3",
  "total_medicaid_cases" : "19618",
  "tfa_total_recipients" : "4878",
  "total_medicaid_recipients" : "34085",
  "state_supplement_total" : "1048"
}
, {
  "tfa_regular_cases" : "2930",
  "tfa_two_parent_cases" : "144",
  "town_code" : "64",
  "snap_cases" : "18439",
  "snap_recipients" : "34509",
  "saga_cash_cases" : "633",
  "town_name" : "Hartford",
  "tfa_regular_recipients" : "6314",
  "saga_med_cases" : "5574",
  "saga_med_recipients" : "5574",
  "saga_cash_recipients" : "633",
  "tfa_total_cases" : "3074",
  "state_supplement_disabled" : "1046",
  "tfa_two_parent_recipients" : "553",
  "state_supplement_aged" : "449",
  "state_supplement_blind" : "7",
  "total_medicaid_cases" : "24002",
  "tfa_total_recipients" : "6867",
  "total_medicaid_recipients" : "44188",
  "state_supplement_total" : "1504"
}
, {
  "tfa_regular_cases" : "17625",
  "tfa_two_parent_cases" : "818",
  "snap_cases" : "109880",
  "snap_recipients" : "205594",
  "saga_cash_cases" : "4447",
  "town_name" : "STATEWIDE",
  "tfa_regular_recipients" : "35975",
  "saga_med_cases" : "33254",
  "saga_med_recipients" : "33260",
  "saga_cash_recipients" : "4447",
  "tfa_total_cases" : "18443",
  "state_supplement_disabled" : "10246",
  "tfa_two_parent_recipients" : "2989",
  "state_supplement_aged" : "4527",
  "state_supplement_blind" : "94",
  "total_medicaid_cases" : "237419",
  "tfa_total_recipients" : "38964",
  "total_medicaid_recipients" : "411826",
  "state_supplement_total" : "14868"
}
, {
  "snap_recipients" : "1",
  "town_name" : "Unclassified",
  "saga_med_recipients" : "0",
  "saga_cash_recipients" : "0",
  "tfa_total_cases" : "0",
  "total_medicaid_cases" : "499",
  "tfa_total_recipients" : "0",
  "total_medicaid_recipients" : "501",
  "state_supplement_total" : "0"
}
 ]