{
  "id" : "c9nz-yr3i",
  "name" : "Aquifer Protection Areas",
  "attribution" : "Department of Energy and Environmental Protection",
  "attributionLink" : "http://www.ct.gov/deep/cwp/view.asp?a=2698&q=322898&deepNav_GID=1707#NaturalResourcesManagement",
  "averageRating" : 0,
  "blobFilename" : "Aquifer_Protection_Area_shp.zip",
  "blobFileSize" : 403908,
  "blobId" : "STi3sqNM04FIWqI4mI1k9jR8HK_af4Ze1n52-ybnI0A",
  "blobMimeType" : "application/zip; charset=binary",
  "category" : "Environment and Natural Resources",
  "createdAt" : 1395773983,
  "description" : "An aquifer protection area is categorized as either a preliminary (level B) or final (level A) aquifer protection area, depending on the quality of mapping. Preliminary mapping provides a general estimate of the area contributing ground water to the well field. Final mapping is based on extensive, site-specific, detailed modeling of the ground water flow system at the well field. For a given aquifer protection area, this information includes either the preliminary or more detailed final mapping. Aquifer protection areas are represented as polygon areas and mapped for use at 1:24,000 scale (1 inch = 2,000 feet).",
  "displayType" : "map",
  "downloadCount" : 6,
  "indexUpdatedAt" : 1449091865,
  "licenseId" : "PUBLIC_DOMAIN",
  "newBackend" : true,
  "numberOfComments" : 0,
  "oid" : 15140765,
  "publicationAppendEnabled" : false,
  "publicationDate" : 1438977211,
  "publicationGroup" : 5805374,
  "publicationStage" : "published",
  "tableId" : 5805374,
  "totalTimesRated" : 0,
  "viewCount" : 213,
  "viewLastModified" : 1438977262,
  "viewType" : "geo",
  "childViews" : [ "k85u-fs8n", "px8v-zemz" ],
  "columns" : [ ],
  "displayFormat" : {
    "bkgdLayers" : [ {
      "alias" : "Google",
      "opacity" : 1,
      "layerKey" : "Google Roadmap"
    }, {
      "alias" : "ESRI",
      "opacity" : 1,
      "layerKey" : "World Street Map (ESRI)"
    } ],
    "viewport" : {
      "ymin" : 41.209418598846,
      "ymax" : 42.046403097683,
      "xmin" : -74.314575419154,
      "xmax" : -71.098602519212
    },
    "plotStyle" : "point",
    "distinctLegend" : true,
    "exclusiveLayers" : true,
    "viewDefinitions" : [ {
      "uid" : "self"
    } ]
  },
  "grants" : [ {
    "inherited" : false,
    "type" : "viewer",
    "flags" : [ "public" ]
  } ],
  "license" : {
    "name" : "Public Domain"
  },
  "metadata" : {
    "renderTypeConfig" : {
      "visible" : {
        "map" : true
      }
    },
    "availableDisplayTypes" : [ "map", "table", "fatrow", "page" ],
    "geo" : {
      "owsUrl" : "/api/geospatial/c9nz-yr3i",
      "isNbe" : true,
      "bbox" : "-73.55170033806746,41.079929228184234,-71.78179109941796,42.09841219022416",
      "layers" : "k85u-fs8n,px8v-zemz",
      "featureIdAttribute" : "_SocrataID",
      "bboxCrs" : "EPSG:4326",
      "namespace" : "_c9nz-yr3i"
    }
  },
  "owner" : {
    "id" : "cvy9-n6sb",
    "displayName" : "Tyler Kleykamp",
    "roleName" : "administrator",
    "screenName" : "Tyler Kleykamp",
    "rights" : [ "create_datasets", "edit_others_datasets", "edit_sdp", "edit_site_theme", "moderate_comments", "manage_users", "chown_datasets", "edit_nominations", "approve_nominations", "feature_items", "federations", "manage_stories", "manage_approval", "change_configurations", "view_domain", "view_others_datasets", "edit_pages", "create_pages", "view_goals", "view_dashboards", "edit_goals", "edit_dashboards", "create_dashboards" ]
  },
  "query" : { },
  "rights" : [ "read" ],
  "tableAuthor" : {
    "id" : "cvy9-n6sb",
    "displayName" : "Tyler Kleykamp",
    "roleName" : "administrator",
    "screenName" : "Tyler Kleykamp",
    "rights" : [ "create_datasets", "edit_others_datasets", "edit_sdp", "edit_site_theme", "moderate_comments", "manage_users", "chown_datasets", "edit_nominations", "approve_nominations", "feature_items", "federations", "manage_stories", "manage_approval", "change_configurations", "view_domain", "view_others_datasets", "edit_pages", "create_pages", "view_goals", "view_dashboards", "edit_goals", "edit_dashboards", "create_dashboards" ]
  },
  "tags" : [ "aquifer", "water" ],
  "flags" : [ "default" ]
}
