[ {
  "tfa_regular_cases" : "2",
  "tfa_two_parent_cases" : "1",
  "town_code" : "1",
  "snap_cases" : "60",
  "medicaid_lia_cases" : "26",
  "snap_recipients" : "117",
  "town_name" : "Andover",
  "tfa_regular_recipients" : "4",
  "saga_cash_recipients" : "0",
  "tfa_total_cases" : "3",
  "state_supplement_disabled" : "7",
  "tfa_two_parent_recipients" : "6",
  "medicaid_lia_recipients" : "26",
  "total_medicaid_cases" : "145",
  "tfa_total_recipients" : "10",
  "total_medicaid_recipients" : "283",
  "state_supplement_total" : "7"
}
, {
  "tfa_regular_cases" : "117",
  "tfa_two_parent_cases" : "15",
  "town_code" : "2",
  "snap_cases" : "1547",
  "medicaid_lia_cases" : "610",
  "snap_recipients" : "3102",
  "saga_cash_cases" : "30",
  "town_name" : "Ansonia",
  "tfa_regular_recipients" : "233",
  "saga_cash_recipients" : "30",
  "tfa_total_cases" : "132",
  "state_supplement_disabled" : "37",
  "tfa_two_parent_recipients" : "52",
  "state_supplement_aged" : "11",
  "medicaid_lia_recipients" : "610",
  "total_medicaid_cases" : "2683",
  "tfa_total_recipients" : "285",
  "total_medicaid_recipients" : "4707",
  "state_supplement_total" : "49"
}
, {
  "tfa_regular_cases" : "12",
  "tfa_two_parent_cases" : "*",
  "town_code" : "3",
  "snap_cases" : "162",
  "medicaid_lia_cases" : "69",
  "snap_recipients" : "329",
  "saga_cash_cases" : "6",
  "town_name" : "Ashford",
  "tfa_regular_recipients" : "25",
  "saga_cash_recipients" : "6",
  "tfa_total_cases" : "12",
  "state_supplement_disabled" : "11",
  "tfa_two_parent_recipients" : "1",
  "state_supplement_aged" : "5",
  "medicaid_lia_recipients" : "69",
  "total_medicaid_cases" : "329",
  "tfa_total_recipients" : "26",
  "total_medicaid_recipients" : "613",
  "state_supplement_total" : "17"
}
, {
  "tfa_regular_cases" : "7",
  "tfa_two_parent_cases" : "*",
  "town_code" : "4",
  "snap_cases" : "165",
  "medicaid_lia_cases" : "82",
  "snap_recipients" : "253",
  "saga_cash_cases" : "6",
  "town_name" : "Avon",
  "tfa_regular_recipients" : "10",
  "saga_cash_recipients" : "6",
  "tfa_total_cases" : "7",
  "state_supplement_disabled" : "8",
  "tfa_two_parent_recipients" : "3",
  "state_supplement_aged" : "7",
  "medicaid_lia_recipients" : "82",
  "total_medicaid_cases" : "480",
  "tfa_total_recipients" : "13",
  "total_medicaid_recipients" : "714",
  "state_supplement_total" : "16"
}
, {
  "tfa_regular_cases" : "2",
  "tfa_two_parent_cases" : "*",
  "town_code" : "5",
  "snap_cases" : "61",
  "medicaid_lia_cases" : "32",
  "snap_recipients" : "121",
  "town_name" : "Barkhamsted",
  "tfa_regular_recipients" : "3",
  "saga_cash_recipients" : "0",
  "tfa_total_cases" : "2",
  "state_supplement_disabled" : "4",
  "tfa_two_parent_recipients" : "1",
  "medicaid_lia_recipients" : "32",
  "total_medicaid_cases" : "175",
  "tfa_total_recipients" : "4",
  "total_medicaid_recipients" : "313",
  "state_supplement_total" : "4"
}
, {
  "tfa_regular_cases" : "7",
  "tfa_two_parent_cases" : "3",
  "town_code" : "6",
  "snap_cases" : "137",
  "medicaid_lia_cases" : "66",
  "snap_recipients" : "239",
  "saga_cash_cases" : "2",
  "town_name" : "Beacon Falls",
  "tfa_regular_recipients" : "12",
  "saga_cash_recipients" : "2",
  "tfa_total_cases" : "10",
  "state_supplement_disabled" : "4",
  "tfa_two_parent_recipients" : "13",
  "state_supplement_aged" : "3",
  "medicaid_lia_recipients" : "66",
  "total_medicaid_cases" : "284",
  "tfa_total_recipients" : "25",
  "total_medicaid_recipients" : "501",
  "state_supplement_total" : "7"
}
, {
  "tfa_regular_cases" : "18",
  "tfa_two_parent_cases" : "2",
  "town_code" : "7",
  "snap_cases" : "482",
  "medicaid_lia_cases" : "224",
  "snap_recipients" : "764",
  "saga_cash_cases" : "7",
  "town_name" : "Berlin",
  "tfa_regular_recipients" : "40",
  "saga_cash_recipients" : "7",
  "tfa_total_cases" : "20",
  "state_supplement_disabled" : "30",
  "tfa_two_parent_recipients" : "7",
  "state_supplement_aged" : "23",
  "medicaid_lia_recipients" : "224",
  "total_medicaid_cases" : "930",
  "tfa_total_recipients" : "47",
  "total_medicaid_recipients" : "1450",
  "state_supplement_total" : "55"
}
, {
  "tfa_regular_cases" : "3",
  "town_code" : "8",
  "snap_cases" : "62",
  "medicaid_lia_cases" : "29",
  "snap_recipients" : "101",
  "saga_cash_cases" : "1",
  "town_name" : "Bethany",
  "tfa_regular_recipients" : "4",
  "saga_cash_recipients" : "1",
  "tfa_total_cases" : "3",
  "state_supplement_disabled" : "8",
  "state_supplement_aged" : "5",
  "medicaid_lia_recipients" : "29",
  "total_medicaid_cases" : "158",
  "tfa_total_recipients" : "4",
  "total_medicaid_recipients" : "274",
  "state_supplement_total" : "13"
}
, {
  "tfa_regular_cases" : "22",
  "tfa_two_parent_cases" : "2",
  "town_code" : "9",
  "snap_cases" : "425",
  "medicaid_lia_cases" : "218",
  "snap_recipients" : "777",
  "saga_cash_cases" : "13",
  "town_name" : "Bethel",
  "tfa_regular_recipients" : "40",
  "saga_cash_recipients" : "13",
  "tfa_total_cases" : "24",
  "state_supplement_disabled" : "11",
  "tfa_two_parent_recipients" : "8",
  "state_supplement_aged" : "12",
  "medicaid_lia_recipients" : "218",
  "total_medicaid_cases" : "1076",
  "tfa_total_recipients" : "48",
  "total_medicaid_recipients" : "1847",
  "state_supplement_total" : "24"
}
, {
  "town_code" : "10",
  "snap_cases" : "67",
  "medicaid_lia_cases" : "29",
  "snap_recipients" : "108",
  "town_name" : "Bethlehem",
  "tfa_regular_recipients" : "1",
  "saga_cash_recipients" : "0",
  "state_supplement_disabled" : "7",
  "medicaid_lia_recipients" : "29",
  "total_medicaid_cases" : "174",
  "tfa_total_recipients" : "1",
  "total_medicaid_recipients" : "313",
  "state_supplement_total" : "7"
}
, {
  "tfa_regular_cases" : "84",
  "tfa_two_parent_cases" : "5",
  "town_code" : "11",
  "snap_cases" : "1302",
  "medicaid_lia_cases" : "586",
  "snap_recipients" : "2089",
  "saga_cash_cases" : "23",
  "town_name" : "Bloomfield",
  "tfa_regular_recipients" : "158",
  "saga_cash_recipients" : "23",
  "tfa_total_cases" : "89",
  "state_supplement_disabled" : "73",
  "tfa_two_parent_recipients" : "18",
  "state_supplement_aged" : "43",
  "medicaid_lia_recipients" : "586",
  "state_supplement_blind" : "1",
  "total_medicaid_cases" : "2404",
  "tfa_total_recipients" : "176",
  "total_medicaid_recipients" : "3388",
  "state_supplement_total" : "117"
}
, {
  "tfa_regular_cases" : "7",
  "tfa_two_parent_cases" : "*",
  "town_code" : "12",
  "snap_cases" : "82",
  "medicaid_lia_cases" : "56",
  "snap_recipients" : "152",
  "saga_cash_cases" : "3",
  "town_name" : "Bolton",
  "tfa_regular_recipients" : "12",
  "saga_cash_recipients" : "3",
  "tfa_total_cases" : "7",
  "state_supplement_disabled" : "9",
  "tfa_two_parent_recipients" : "1",
  "state_supplement_aged" : "3",
  "medicaid_lia_recipients" : "56",
  "total_medicaid_cases" : "203",
  "tfa_total_recipients" : "13",
  "total_medicaid_recipients" : "352",
  "state_supplement_total" : "12"
}
, {
  "tfa_regular_cases" : "6",
  "town_code" : "13",
  "snap_cases" : "98",
  "medicaid_lia_cases" : "44",
  "snap_recipients" : "165",
  "saga_cash_cases" : "5",
  "town_name" : "Bozrah",
  "tfa_regular_recipients" : "10",
  "saga_cash_recipients" : "5",
  "tfa_total_cases" : "6",
  "state_supplement_disabled" : "22",
  "state_supplement_aged" : "7",
  "medicaid_lia_recipients" : "44",
  "total_medicaid_cases" : "207",
  "tfa_total_recipients" : "10",
  "total_medicaid_recipients" : "313",
  "state_supplement_total" : "29"
}
, {
  "tfa_regular_cases" : "37",
  "tfa_two_parent_cases" : "7",
  "town_code" : "14",
  "snap_cases" : "1016",
  "medicaid_lia_cases" : "471",
  "snap_recipients" : "1547",
  "saga_cash_cases" : "23",
  "town_name" : "Branford",
  "tfa_regular_recipients" : "72",
  "saga_cash_recipients" : "23",
  "tfa_total_cases" : "44",
  "state_supplement_disabled" : "80",
  "tfa_two_parent_recipients" : "26",
  "state_supplement_aged" : "25",
  "medicaid_lia_recipients" : "471",
  "total_medicaid_cases" : "1960",
  "tfa_total_recipients" : "98",
  "total_medicaid_recipients" : "2972",
  "state_supplement_total" : "105"
}
, {
  "tfa_regular_cases" : "1489",
  "tfa_two_parent_cases" : "125",
  "town_code" : "15",
  "snap_cases" : "20321",
  "medicaid_lia_cases" : "7873",
  "snap_recipients" : "37425",
  "saga_cash_cases" : "346",
  "town_name" : "Bridgeport",
  "tfa_regular_recipients" : "2965",
  "saga_cash_recipients" : "346",
  "tfa_total_cases" : "1614",
  "state_supplement_disabled" : "680",
  "tfa_two_parent_recipients" : "447",
  "state_supplement_aged" : "302",
  "medicaid_lia_recipients" : "7874",
  "total_medicaid_cases" : "32409",
  "tfa_total_recipients" : "3412",
  "total_medicaid_recipients" : "52809",
  "state_supplement_total" : "983"
}
, {
  "town_code" : "16",
  "snap_cases" : "17",
  "medicaid_lia_cases" : "12",
  "snap_recipients" : "26",
  "town_name" : "Bridgewater",
  "saga_cash_recipients" : "0",
  "tfa_total_cases" : "0",
  "medicaid_lia_recipients" : "12",
  "total_medicaid_cases" : "45",
  "tfa_total_recipients" : "0",
  "total_medicaid_recipients" : "84",
  "state_supplement_total" : "0"
}
, {
  "tfa_regular_cases" : "361",
  "tfa_two_parent_cases" : "37",
  "town_code" : "17",
  "snap_cases" : "4011",
  "medicaid_lia_cases" : "1510",
  "snap_recipients" : "7664",
  "saga_cash_cases" : "63",
  "town_name" : "Bristol",
  "tfa_regular_recipients" : "764",
  "saga_cash_recipients" : "63",
  "tfa_total_cases" : "398",
  "state_supplement_disabled" : "143",
  "tfa_two_parent_recipients" : "117",
  "state_supplement_aged" : "45",
  "medicaid_lia_recipients" : "1510",
  "total_medicaid_cases" : "6882",
  "tfa_total_recipients" : "881",
  "total_medicaid_recipients" : "11841",
  "state_supplement_total" : "189"
}
, {
  "tfa_regular_cases" : "10",
  "tfa_two_parent_cases" : "*",
  "town_code" : "18",
  "snap_cases" : "251",
  "medicaid_lia_cases" : "143",
  "snap_recipients" : "419",
  "saga_cash_cases" : "4",
  "town_name" : "Brookfield",
  "tfa_regular_recipients" : "18",
  "saga_cash_recipients" : "4",
  "tfa_total_cases" : "10",
  "state_supplement_disabled" : "7",
  "tfa_two_parent_recipients" : "3",
  "state_supplement_aged" : "3",
  "medicaid_lia_recipients" : "143",
  "total_medicaid_cases" : "717",
  "tfa_total_recipients" : "21",
  "total_medicaid_recipients" : "1184",
  "state_supplement_total" : "11"
}
, {
  "tfa_regular_cases" : "26",
  "tfa_two_parent_cases" : "4",
  "town_code" : "19",
  "snap_cases" : "409",
  "medicaid_lia_cases" : "163",
  "snap_recipients" : "764",
  "saga_cash_cases" : "16",
  "town_name" : "Brooklyn",
  "tfa_regular_recipients" : "57",
  "saga_cash_recipients" : "16",
  "tfa_total_cases" : "30",
  "state_supplement_disabled" : "50",
  "tfa_two_parent_recipients" : "12",
  "state_supplement_aged" : "13",
  "medicaid_lia_recipients" : "163",
  "total_medicaid_cases" : "805",
  "tfa_total_recipients" : "69",
  "total_medicaid_recipients" : "1295",
  "state_supplement_total" : "63"
}
, {
  "tfa_regular_cases" : "4",
  "town_code" : "20",
  "snap_cases" : "87",
  "medicaid_lia_cases" : "59",
  "snap_recipients" : "163",
  "town_name" : "Burlington",
  "tfa_regular_recipients" : "10",
  "saga_cash_recipients" : "0",
  "tfa_total_cases" : "4",
  "state_supplement_disabled" : "11",
  "state_supplement_aged" : "1",
  "medicaid_lia_recipients" : "59",
  "state_supplement_blind" : "5",
  "total_medicaid_cases" : "283",
  "tfa_total_recipients" : "10",
  "total_medicaid_recipients" : "485",
  "state_supplement_total" : "18"
}
, {
  "tfa_regular_cases" : "3",
  "town_code" : "21",
  "snap_cases" : "100",
  "medicaid_lia_cases" : "42",
  "snap_recipients" : "176",
  "saga_cash_cases" : "1",
  "town_name" : "Canaan",
  "tfa_regular_recipients" : "6",
  "saga_cash_recipients" : "1",
  "tfa_total_cases" : "3",
  "state_supplement_disabled" : "3",
  "medicaid_lia_recipients" : "42",
  "total_medicaid_cases" : "262",
  "tfa_total_recipients" : "6",
  "total_medicaid_recipients" : "447",
  "state_supplement_total" : "3"
}
, {
  "tfa_regular_cases" : "8",
  "town_code" : "22",
  "snap_cases" : "166",
  "medicaid_lia_cases" : "73",
  "snap_recipients" : "298",
  "saga_cash_cases" : "5",
  "town_name" : "Canterbury",
  "tfa_regular_recipients" : "13",
  "saga_cash_recipients" : "5",
  "tfa_total_cases" : "8",
  "state_supplement_disabled" : "8",
  "state_supplement_aged" : "2",
  "medicaid_lia_recipients" : "73",
  "total_medicaid_cases" : "375",
  "tfa_total_recipients" : "13",
  "total_medicaid_recipients" : "655",
  "state_supplement_total" : "11"
}
, {
  "tfa_regular_cases" : "3",
  "tfa_two_parent_cases" : "1",
  "town_code" : "23",
  "snap_cases" : "163",
  "medicaid_lia_cases" : "59",
  "snap_recipients" : "261",
  "saga_cash_cases" : "1",
  "town_name" : "Canton",
  "tfa_regular_recipients" : "6",
  "saga_cash_recipients" : "1",
  "tfa_total_cases" : "4",
  "state_supplement_disabled" : "7",
  "tfa_two_parent_recipients" : "6",
  "state_supplement_aged" : "5",
  "medicaid_lia_recipients" : "59",
  "state_supplement_blind" : "2",
  "total_medicaid_cases" : "335",
  "tfa_total_recipients" : "12",
  "total_medicaid_recipients" : "556",
  "state_supplement_total" : "14"
}
, {
  "tfa_regular_cases" : "7",
  "tfa_two_parent_cases" : "*",
  "town_code" : "24",
  "snap_cases" : "106",
  "medicaid_lia_cases" : "49",
  "snap_recipients" : "217",
  "saga_cash_cases" : "4",
  "town_name" : "Chaplin",
  "tfa_regular_recipients" : "12",
  "saga_cash_recipients" : "4",
  "tfa_total_cases" : "7",
  "tfa_two_parent_recipients" : "2",
  "medicaid_lia_recipients" : "49",
  "total_medicaid_cases" : "198",
  "tfa_total_recipients" : "14",
  "total_medicaid_recipients" : "358",
  "state_supplement_total" : "0"
}
, {
  "tfa_regular_cases" : "12",
  "tfa_two_parent_cases" : "1",
  "town_code" : "25",
  "snap_cases" : "360",
  "medicaid_lia_cases" : "181",
  "snap_recipients" : "586",
  "saga_cash_cases" : "6",
  "town_name" : "Cheshire",
  "tfa_regular_recipients" : "22",
  "saga_cash_recipients" : "6",
  "tfa_total_cases" : "13",
  "state_supplement_disabled" : "58",
  "tfa_two_parent_recipients" : "5",
  "state_supplement_aged" : "58",
  "medicaid_lia_recipients" : "181",
  "total_medicaid_cases" : "1058",
  "tfa_total_recipients" : "27",
  "total_medicaid_recipients" : "1562",
  "state_supplement_total" : "117"
}
, {
  "tfa_regular_cases" : "2",
  "town_code" : "26",
  "snap_cases" : "75",
  "medicaid_lia_cases" : "42",
  "snap_recipients" : "123",
  "saga_cash_cases" : "2",
  "town_name" : "Chester",
  "tfa_regular_recipients" : "3",
  "saga_cash_recipients" : "2",
  "tfa_total_cases" : "2",
  "state_supplement_disabled" : "24",
  "state_supplement_aged" : "6",
  "medicaid_lia_recipients" : "42",
  "total_medicaid_cases" : "292",
  "tfa_total_recipients" : "3",
  "total_medicaid_recipients" : "424",
  "state_supplement_total" : "31"
}
, {
  "tfa_regular_cases" : "16",
  "tfa_two_parent_cases" : "1",
  "town_code" : "27",
  "snap_cases" : "398",
  "medicaid_lia_cases" : "166",
  "snap_recipients" : "665",
  "saga_cash_cases" : "8",
  "town_name" : "Clinton",
  "tfa_regular_recipients" : "33",
  "saga_cash_recipients" : "8",
  "tfa_total_cases" : "17",
  "state_supplement_disabled" : "57",
  "tfa_two_parent_recipients" : "5",
  "state_supplement_aged" : "7",
  "medicaid_lia_recipients" : "166",
  "total_medicaid_cases" : "843",
  "tfa_total_recipients" : "38",
  "total_medicaid_recipients" : "1400",
  "state_supplement_total" : "65"
}
, {
  "tfa_regular_cases" : "23",
  "tfa_two_parent_cases" : "1",
  "town_code" : "28",
  "snap_cases" : "494",
  "medicaid_lia_cases" : "213",
  "snap_recipients" : "899",
  "saga_cash_cases" : "10",
  "town_name" : "Colchester",
  "tfa_regular_recipients" : "40",
  "saga_cash_recipients" : "10",
  "tfa_total_cases" : "24",
  "state_supplement_disabled" : "56",
  "tfa_two_parent_recipients" : "4",
  "state_supplement_aged" : "11",
  "medicaid_lia_recipients" : "213",
  "total_medicaid_cases" : "1081",
  "tfa_total_recipients" : "44",
  "total_medicaid_recipients" : "1812",
  "state_supplement_total" : "67"
}
, {
  "town_code" : "29",
  "snap_cases" : "8",
  "medicaid_lia_cases" : "5",
  "snap_recipients" : "18",
  "town_name" : "Colebrook",
  "saga_cash_recipients" : "0",
  "tfa_total_cases" : "0",
  "medicaid_lia_recipients" : "5",
  "total_medicaid_cases" : "23",
  "tfa_total_recipients" : "0",
  "total_medicaid_recipients" : "41",
  "state_supplement_total" : "0"
}
, {
  "tfa_regular_cases" : "4",
  "town_code" : "30",
  "snap_cases" : "100",
  "medicaid_lia_cases" : "54",
  "snap_recipients" : "186",
  "saga_cash_cases" : "3",
  "town_name" : "Columbia",
  "tfa_regular_recipients" : "8",
  "saga_cash_recipients" : "3",
  "tfa_total_cases" : "4",
  "state_supplement_disabled" : "16",
  "state_supplement_aged" : "4",
  "medicaid_lia_recipients" : "54",
  "state_supplement_blind" : "3",
  "total_medicaid_cases" : "266",
  "tfa_total_recipients" : "8",
  "total_medicaid_recipients" : "448",
  "state_supplement_total" : "24"
}
, {
  "town_code" : "31",
  "snap_cases" : "27",
  "medicaid_lia_cases" : "22",
  "snap_recipients" : "61",
  "town_name" : "Cornwall",
  "saga_cash_recipients" : "0",
  "tfa_total_cases" : "0",
  "state_supplement_disabled" : "1",
  "medicaid_lia_recipients" : "22",
  "total_medicaid_cases" : "80",
  "tfa_total_recipients" : "0",
  "total_medicaid_recipients" : "161",
  "state_supplement_total" : "1"
}
, {
  "tfa_regular_cases" : "19",
  "tfa_two_parent_cases" : "1",
  "town_code" : "32",
  "snap_cases" : "337",
  "medicaid_lia_cases" : "159",
  "snap_recipients" : "618",
  "saga_cash_cases" : "5",
  "town_name" : "Coventry",
  "tfa_regular_recipients" : "34",
  "saga_cash_recipients" : "5",
  "tfa_total_cases" : "20",
  "state_supplement_disabled" : "22",
  "tfa_two_parent_recipients" : "6",
  "state_supplement_aged" : "4",
  "medicaid_lia_recipients" : "159",
  "total_medicaid_cases" : "691",
  "tfa_total_recipients" : "40",
  "total_medicaid_recipients" : "1203",
  "state_supplement_total" : "27"
}
, {
  "tfa_regular_cases" : "20",
  "town_code" : "33",
  "snap_cases" : "322",
  "medicaid_lia_cases" : "157",
  "snap_recipients" : "548",
  "saga_cash_cases" : "7",
  "town_name" : "Cromwell",
  "tfa_regular_recipients" : "38",
  "saga_cash_recipients" : "7",
  "tfa_total_cases" : "20",
  "state_supplement_disabled" : "22",
  "state_supplement_aged" : "12",
  "medicaid_lia_recipients" : "157",
  "total_medicaid_cases" : "906",
  "tfa_total_recipients" : "38",
  "total_medicaid_recipients" : "1354",
  "state_supplement_total" : "34"
}
, {
  "tfa_regular_cases" : "186",
  "tfa_two_parent_cases" : "18",
  "town_code" : "34",
  "snap_cases" : "3998",
  "medicaid_lia_cases" : "1585",
  "snap_recipients" : "7083",
  "saga_cash_cases" : "111",
  "town_name" : "Danbury",
  "tfa_regular_recipients" : "370",
  "saga_cash_recipients" : "111",
  "tfa_total_cases" : "204",
  "state_supplement_disabled" : "110",
  "tfa_two_parent_recipients" : "65",
  "state_supplement_aged" : "66",
  "medicaid_lia_recipients" : "1585",
  "total_medicaid_cases" : "9388",
  "tfa_total_recipients" : "435",
  "total_medicaid_recipients" : "15099",
  "state_supplement_total" : "177"
}
, {
  "tfa_regular_cases" : "6",
  "tfa_two_parent_cases" : "1",
  "town_code" : "35",
  "snap_cases" : "89",
  "medicaid_lia_cases" : "70",
  "snap_recipients" : "145",
  "saga_cash_cases" : "2",
  "town_name" : "Darien",
  "tfa_regular_recipients" : "11",
  "saga_cash_recipients" : "2",
  "tfa_total_cases" : "7",
  "state_supplement_disabled" : "7",
  "tfa_two_parent_recipients" : "4",
  "state_supplement_aged" : "2",
  "medicaid_lia_recipients" : "70",
  "total_medicaid_cases" : "259",
  "tfa_total_recipients" : "15",
  "total_medicaid_recipients" : "435",
  "state_supplement_total" : "9"
}
, {
  "tfa_regular_cases" : "5",
  "tfa_two_parent_cases" : "*",
  "town_code" : "36",
  "snap_cases" : "113",
  "medicaid_lia_cases" : "62",
  "snap_recipients" : "187",
  "saga_cash_cases" : "4",
  "town_name" : "Deep River",
  "tfa_regular_recipients" : "10",
  "saga_cash_recipients" : "4",
  "tfa_total_cases" : "5",
  "state_supplement_disabled" : "29",
  "tfa_two_parent_recipients" : "1",
  "state_supplement_aged" : "10",
  "medicaid_lia_recipients" : "62",
  "total_medicaid_cases" : "296",
  "tfa_total_recipients" : "11",
  "total_medicaid_recipients" : "456",
  "state_supplement_total" : "39"
}
, {
  "tfa_regular_cases" : "59",
  "tfa_two_parent_cases" : "6",
  "town_code" : "37",
  "snap_cases" : "869",
  "medicaid_lia_cases" : "351",
  "snap_recipients" : "1753",
  "saga_cash_cases" : "11",
  "town_name" : "Derby",
  "tfa_regular_recipients" : "120",
  "saga_cash_recipients" : "11",
  "tfa_total_cases" : "65",
  "state_supplement_disabled" : "20",
  "tfa_two_parent_recipients" : "22",
  "state_supplement_aged" : "12",
  "medicaid_lia_recipients" : "351",
  "total_medicaid_cases" : "1638",
  "tfa_total_recipients" : "142",
  "total_medicaid_recipients" : "2799",
  "state_supplement_total" : "32"
}
, {
  "tfa_regular_cases" : "2",
  "town_code" : "38",
  "snap_cases" : "88",
  "medicaid_lia_cases" : "52",
  "snap_recipients" : "143",
  "saga_cash_cases" : "3",
  "town_name" : "Durham",
  "tfa_regular_recipients" : "3",
  "saga_cash_recipients" : "3",
  "tfa_total_cases" : "2",
  "state_supplement_disabled" : "16",
  "medicaid_lia_recipients" : "52",
  "total_medicaid_cases" : "251",
  "tfa_total_recipients" : "3",
  "total_medicaid_recipients" : "384",
  "state_supplement_total" : "16"
}
, {
  "town_code" : "39",
  "snap_cases" : "43",
  "medicaid_lia_cases" : "23",
  "snap_recipients" : "88",
  "town_name" : "Eastford",
  "saga_cash_recipients" : "0",
  "tfa_total_cases" : "0",
  "medicaid_lia_recipients" : "23",
  "total_medicaid_cases" : "88",
  "tfa_total_recipients" : "0",
  "total_medicaid_recipients" : "151",
  "state_supplement_total" : "0"
}
, {
  "tfa_regular_cases" : "5",
  "town_code" : "40",
  "snap_cases" : "85",
  "medicaid_lia_cases" : "41",
  "snap_recipients" : "154",
  "town_name" : "East Granby",
  "tfa_regular_recipients" : "11",
  "saga_cash_recipients" : "0",
  "tfa_total_cases" : "5",
  "state_supplement_disabled" : "2",
  "state_supplement_aged" : "1",
  "medicaid_lia_recipients" : "41",
  "total_medicaid_cases" : "200",
  "tfa_total_recipients" : "11",
  "total_medicaid_recipients" : "364",
  "state_supplement_total" : "4"
}
, {
  "tfa_regular_cases" : "6",
  "town_code" : "41",
  "snap_cases" : "143",
  "medicaid_lia_cases" : "86",
  "snap_recipients" : "233",
  "saga_cash_cases" : "4",
  "town_name" : "East Haddam",
  "tfa_regular_recipients" : "9",
  "saga_cash_recipients" : "4",
  "tfa_total_cases" : "6",
  "state_supplement_disabled" : "15",
  "state_supplement_aged" : "3",
  "medicaid_lia_recipients" : "86",
  "total_medicaid_cases" : "409",
  "tfa_total_recipients" : "9",
  "total_medicaid_recipients" : "655",
  "state_supplement_total" : "19"
}
, {
  "tfa_regular_cases" : "14",
  "tfa_two_parent_cases" : "1",
  "town_code" : "42",
  "snap_cases" : "265",
  "medicaid_lia_cases" : "157",
  "snap_recipients" : "480",
  "saga_cash_cases" : "8",
  "town_name" : "East Hampton",
  "tfa_regular_recipients" : "24",
  "saga_cash_recipients" : "8",
  "tfa_total_cases" : "15",
  "state_supplement_disabled" : "35",
  "tfa_two_parent_recipients" : "8",
  "state_supplement_aged" : "18",
  "medicaid_lia_recipients" : "157",
  "total_medicaid_cases" : "636",
  "tfa_total_recipients" : "32",
  "total_medicaid_recipients" : "1054",
  "state_supplement_total" : "53"
}
, {
  "tfa_regular_cases" : "416",
  "tfa_two_parent_cases" : "28",
  "town_code" : "43",
  "snap_cases" : "5421",
  "medicaid_lia_cases" : "1861",
  "snap_recipients" : "10217",
  "saga_cash_cases" : "137",
  "town_name" : "East Hartford",
  "tfa_regular_recipients" : "842",
  "saga_cash_recipients" : "137",
  "tfa_total_cases" : "444",
  "state_supplement_disabled" : "182",
  "tfa_two_parent_recipients" : "98",
  "state_supplement_aged" : "74",
  "medicaid_lia_recipients" : "1861",
  "state_supplement_blind" : "2",
  "total_medicaid_cases" : "8786",
  "tfa_total_recipients" : "940",
  "total_medicaid_recipients" : "14834",
  "state_supplement_total" : "259"
}
, {
  "tfa_regular_cases" : "108",
  "tfa_two_parent_cases" : "4",
  "town_code" : "44",
  "snap_cases" : "1645",
  "medicaid_lia_cases" : "754",
  "snap_recipients" : "2809",
  "saga_cash_cases" : "36",
  "town_name" : "East Haven",
  "tfa_regular_recipients" : "210",
  "saga_cash_recipients" : "36",
  "tfa_total_cases" : "112",
  "state_supplement_disabled" : "114",
  "tfa_two_parent_recipients" : "16",
  "state_supplement_aged" : "50",
  "medicaid_lia_recipients" : "754",
  "total_medicaid_cases" : "3063",
  "tfa_total_recipients" : "226",
  "total_medicaid_recipients" : "4924",
  "state_supplement_total" : "165"
}
, {
  "tfa_regular_cases" : "17",
  "tfa_two_parent_cases" : "1",
  "town_code" : "45",
  "snap_cases" : "492",
  "medicaid_lia_cases" : "214",
  "snap_recipients" : "766",
  "saga_cash_cases" : "17",
  "town_name" : "East Lyme",
  "tfa_regular_recipients" : "26",
  "saga_cash_recipients" : "17",
  "tfa_total_cases" : "18",
  "state_supplement_disabled" : "36",
  "tfa_two_parent_recipients" : "5",
  "state_supplement_aged" : "6",
  "medicaid_lia_recipients" : "214",
  "state_supplement_blind" : "1",
  "total_medicaid_cases" : "984",
  "tfa_total_recipients" : "31",
  "total_medicaid_recipients" : "1571",
  "state_supplement_total" : "44"
}
, {
  "town_code" : "46",
  "snap_cases" : "49",
  "medicaid_lia_cases" : "50",
  "snap_recipients" : "75",
  "town_name" : "Easton",
  "tfa_regular_recipients" : "1",
  "saga_cash_recipients" : "0",
  "state_supplement_disabled" : "5",
  "state_supplement_aged" : "2",
  "medicaid_lia_recipients" : "50",
  "total_medicaid_cases" : "147",
  "tfa_total_recipients" : "1",
  "total_medicaid_recipients" : "215",
  "state_supplement_total" : "7"
}
, {
  "tfa_regular_cases" : "19",
  "tfa_two_parent_cases" : "3",
  "town_code" : "47",
  "snap_cases" : "491",
  "medicaid_lia_cases" : "201",
  "snap_recipients" : "893",
  "saga_cash_cases" : "11",
  "town_name" : "East Windsor",
  "tfa_regular_recipients" : "38",
  "saga_cash_recipients" : "11",
  "tfa_total_cases" : "22",
  "state_supplement_disabled" : "23",
  "tfa_two_parent_recipients" : "9",
  "state_supplement_aged" : "4",
  "medicaid_lia_recipients" : "201",
  "state_supplement_blind" : "1",
  "total_medicaid_cases" : "1069",
  "tfa_total_recipients" : "47",
  "total_medicaid_recipients" : "1730",
  "state_supplement_total" : "29"
}
, {
  "tfa_regular_cases" : "20",
  "tfa_two_parent_cases" : "1",
  "town_code" : "48",
  "snap_cases" : "292",
  "medicaid_lia_cases" : "149",
  "snap_recipients" : "510",
  "saga_cash_cases" : "7",
  "town_name" : "Ellington",
  "tfa_regular_recipients" : "37",
  "saga_cash_recipients" : "7",
  "tfa_total_cases" : "21",
  "state_supplement_disabled" : "18",
  "tfa_two_parent_recipients" : "5",
  "state_supplement_aged" : "6",
  "medicaid_lia_recipients" : "149",
  "total_medicaid_cases" : "607",
  "tfa_total_recipients" : "42",
  "total_medicaid_recipients" : "1055",
  "state_supplement_total" : "24"
}
, {
  "tfa_regular_cases" : "117",
  "tfa_two_parent_cases" : "8",
  "town_code" : "49",
  "snap_cases" : "1671",
  "medicaid_lia_cases" : "676",
  "snap_recipients" : "3294",
  "saga_cash_cases" : "34",
  "town_name" : "Enfield",
  "tfa_regular_recipients" : "230",
  "saga_cash_recipients" : "34",
  "tfa_total_cases" : "125",
  "state_supplement_disabled" : "62",
  "tfa_two_parent_recipients" : "24",
  "state_supplement_aged" : "56",
  "medicaid_lia_recipients" : "676",
  "state_supplement_blind" : "1",
  "total_medicaid_cases" : "3244",
  "tfa_total_recipients" : "254",
  "total_medicaid_recipients" : "5637",
  "state_supplement_total" : "119"
}
, {
  "tfa_two_parent_cases" : "1",
  "town_code" : "50",
  "snap_cases" : "111",
  "medicaid_lia_cases" : "61",
  "snap_recipients" : "182",
  "saga_cash_cases" : "1",
  "town_name" : "Essex",
  "tfa_regular_recipients" : "1",
  "saga_cash_recipients" : "1",
  "tfa_total_cases" : "1",
  "state_supplement_disabled" : "33",
  "tfa_two_parent_recipients" : "5",
  "state_supplement_aged" : "21",
  "medicaid_lia_recipients" : "61",
  "total_medicaid_cases" : "283",
  "tfa_total_recipients" : "6",
  "total_medicaid_recipients" : "471",
  "state_supplement_total" : "54"
}
, {
  "tfa_regular_cases" : "21",
  "tfa_two_parent_cases" : "3",
  "town_code" : "51",
  "snap_cases" : "725",
  "medicaid_lia_cases" : "436",
  "snap_recipients" : "1223",
  "saga_cash_cases" : "16",
  "town_name" : "Fairfield",
  "tfa_regular_recipients" : "48",
  "saga_cash_recipients" : "16",
  "tfa_total_cases" : "24",
  "state_supplement_disabled" : "26",
  "tfa_two_parent_recipients" : "11",
  "state_supplement_aged" : "14",
  "medicaid_lia_recipients" : "436",
  "total_medicaid_cases" : "2344",
  "tfa_total_recipients" : "59",
  "total_medicaid_recipients" : "3703",
  "state_supplement_total" : "41"
}
, {
  "tfa_regular_cases" : "13",
  "tfa_two_parent_cases" : "3",
  "town_code" : "52",
  "snap_cases" : "476",
  "medicaid_lia_cases" : "189",
  "snap_recipients" : "768",
  "saga_cash_cases" : "7",
  "town_name" : "Farmington",
  "tfa_regular_recipients" : "26",
  "saga_cash_recipients" : "7",
  "tfa_total_cases" : "16",
  "state_supplement_disabled" : "105",
  "tfa_two_parent_recipients" : "12",
  "state_supplement_aged" : "44",
  "medicaid_lia_recipients" : "189",
  "state_supplement_blind" : "3",
  "total_medicaid_cases" : "1129",
  "tfa_total_recipients" : "38",
  "total_medicaid_recipients" : "1706",
  "state_supplement_total" : "152"
}
, {
  "tfa_regular_cases" : "2",
  "tfa_two_parent_cases" : "*",
  "town_code" : "53",
  "snap_cases" : "51",
  "medicaid_lia_cases" : "21",
  "snap_recipients" : "98",
  "town_name" : "Franklin",
  "tfa_regular_recipients" : "3",
  "saga_cash_recipients" : "0",
  "tfa_total_cases" : "2",
  "state_supplement_disabled" : "2",
  "tfa_two_parent_recipients" : "2",
  "state_supplement_aged" : "1",
  "medicaid_lia_recipients" : "21",
  "total_medicaid_cases" : "109",
  "tfa_total_recipients" : "5",
  "total_medicaid_recipients" : "197",
  "state_supplement_total" : "3"
}
, {
  "tfa_regular_cases" : "11",
  "tfa_two_parent_cases" : "3",
  "town_code" : "54",
  "snap_cases" : "525",
  "medicaid_lia_cases" : "217",
  "snap_recipients" : "926",
  "saga_cash_cases" : "11",
  "town_name" : "Glastonbury",
  "tfa_regular_recipients" : "22",
  "saga_cash_recipients" : "11",
  "tfa_total_cases" : "14",
  "state_supplement_disabled" : "50",
  "tfa_two_parent_recipients" : "13",
  "state_supplement_aged" : "30",
  "medicaid_lia_recipients" : "217",
  "total_medicaid_cases" : "1168",
  "tfa_total_recipients" : "35",
  "total_medicaid_recipients" : "1956",
  "state_supplement_total" : "81"
}
, {
  "tfa_regular_cases" : "2",
  "tfa_two_parent_cases" : "*",
  "town_code" : "55",
  "snap_cases" : "49",
  "medicaid_lia_cases" : "30",
  "snap_recipients" : "80",
  "town_name" : "Goshen",
  "tfa_regular_recipients" : "4",
  "saga_cash_recipients" : "0",
  "tfa_total_cases" : "2",
  "state_supplement_disabled" : "7",
  "tfa_two_parent_recipients" : "2",
  "medicaid_lia_recipients" : "30",
  "total_medicaid_cases" : "133",
  "tfa_total_recipients" : "6",
  "total_medicaid_recipients" : "246",
  "state_supplement_total" : "8"
}
, {
  "tfa_regular_cases" : "7",
  "town_code" : "56",
  "snap_cases" : "123",
  "medicaid_lia_cases" : "57",
  "snap_recipients" : "226",
  "saga_cash_cases" : "1",
  "town_name" : "Granby",
  "tfa_regular_recipients" : "13",
  "saga_cash_recipients" : "1",
  "tfa_total_cases" : "7",
  "state_supplement_disabled" : "10",
  "state_supplement_aged" : "1",
  "medicaid_lia_recipients" : "57",
  "state_supplement_blind" : "1",
  "total_medicaid_cases" : "358",
  "tfa_total_recipients" : "13",
  "total_medicaid_recipients" : "602",
  "state_supplement_total" : "12"
}
, {
  "tfa_regular_cases" : "49",
  "tfa_two_parent_cases" : "3",
  "town_code" : "57",
  "snap_cases" : "763",
  "medicaid_lia_cases" : "373",
  "snap_recipients" : "1392",
  "saga_cash_cases" : "14",
  "town_name" : "Greenwich",
  "tfa_regular_recipients" : "106",
  "saga_cash_recipients" : "14",
  "tfa_total_cases" : "52",
  "state_supplement_disabled" : "44",
  "tfa_two_parent_recipients" : "14",
  "state_supplement_aged" : "55",
  "medicaid_lia_recipients" : "373",
  "total_medicaid_cases" : "2247",
  "tfa_total_recipients" : "120",
  "total_medicaid_recipients" : "3457",
  "state_supplement_total" : "99"
}
, {
  "tfa_regular_cases" : "57",
  "tfa_two_parent_cases" : "8",
  "town_code" : "58",
  "snap_cases" : "780",
  "medicaid_lia_cases" : "315",
  "snap_recipients" : "1471",
  "saga_cash_cases" : "26",
  "town_name" : "Griswold",
  "tfa_regular_recipients" : "112",
  "saga_cash_recipients" : "26",
  "tfa_total_cases" : "65",
  "state_supplement_disabled" : "40",
  "tfa_two_parent_recipients" : "28",
  "state_supplement_aged" : "5",
  "medicaid_lia_recipients" : "315",
  "total_medicaid_cases" : "1231",
  "tfa_total_recipients" : "140",
  "total_medicaid_recipients" : "2260",
  "state_supplement_total" : "45"
}
, {
  "tfa_regular_cases" : "133",
  "tfa_two_parent_cases" : "5",
  "town_code" : "59",
  "snap_cases" : "1910",
  "medicaid_lia_cases" : "588",
  "snap_recipients" : "3623",
  "saga_cash_cases" : "38",
  "town_name" : "Groton",
  "tfa_regular_recipients" : "279",
  "saga_cash_recipients" : "38",
  "tfa_total_cases" : "138",
  "state_supplement_disabled" : "73",
  "tfa_two_parent_recipients" : "16",
  "state_supplement_aged" : "62",
  "medicaid_lia_recipients" : "588",
  "total_medicaid_cases" : "2992",
  "tfa_total_recipients" : "295",
  "total_medicaid_recipients" : "5116",
  "state_supplement_total" : "136"
}
, {
  "tfa_regular_cases" : "14",
  "tfa_two_parent_cases" : "1",
  "town_code" : "60",
  "snap_cases" : "340",
  "medicaid_lia_cases" : "191",
  "snap_recipients" : "546",
  "saga_cash_cases" : "8",
  "town_name" : "Guilford",
  "tfa_regular_recipients" : "24",
  "saga_cash_recipients" : "8",
  "tfa_total_cases" : "15",
  "state_supplement_disabled" : "41",
  "tfa_two_parent_recipients" : "7",
  "state_supplement_aged" : "23",
  "medicaid_lia_recipients" : "191",
  "total_medicaid_cases" : "871",
  "tfa_total_recipients" : "31",
  "total_medicaid_recipients" : "1339",
  "state_supplement_total" : "65"
}
, {
  "tfa_regular_cases" : "7",
  "town_code" : "61",
  "snap_cases" : "113",
  "medicaid_lia_cases" : "75",
  "snap_recipients" : "198",
  "saga_cash_cases" : "1",
  "town_name" : "Haddam",
  "tfa_regular_recipients" : "11",
  "saga_cash_recipients" : "1",
  "tfa_total_cases" : "7",
  "state_supplement_disabled" : "18",
  "state_supplement_aged" : "4",
  "medicaid_lia_recipients" : "75",
  "total_medicaid_cases" : "322",
  "tfa_total_recipients" : "11",
  "total_medicaid_recipients" : "529",
  "state_supplement_total" : "23"
}
, {
  "tfa_regular_cases" : "232",
  "tfa_two_parent_cases" : "13",
  "town_code" : "62",
  "snap_cases" : "2596",
  "medicaid_lia_cases" : "1130",
  "snap_recipients" : "4540",
  "saga_cash_cases" : "41",
  "town_name" : "Hamden",
  "tfa_regular_recipients" : "423",
  "saga_cash_recipients" : "41",
  "tfa_total_cases" : "245",
  "state_supplement_disabled" : "176",
  "tfa_two_parent_recipients" : "42",
  "state_supplement_aged" : "63",
  "medicaid_lia_recipients" : "1130",
  "state_supplement_blind" : "2",
  "total_medicaid_cases" : "5342",
  "tfa_total_recipients" : "465",
  "total_medicaid_recipients" : "8175",
  "state_supplement_total" : "241"
}
, {
  "tfa_regular_cases" : "2",
  "town_code" : "63",
  "snap_cases" : "76",
  "medicaid_lia_cases" : "31",
  "snap_recipients" : "135",
  "town_name" : "Hampton",
  "tfa_regular_recipients" : "7",
  "saga_cash_recipients" : "0",
  "tfa_total_cases" : "2",
  "state_supplement_disabled" : "4",
  "medicaid_lia_recipients" : "31",
  "total_medicaid_cases" : "139",
  "tfa_total_recipients" : "7",
  "total_medicaid_recipients" : "250",
  "state_supplement_total" : "4"
}
, {
  "tfa_regular_cases" : "2190",
  "tfa_two_parent_cases" : "229",
  "town_code" : "64",
  "snap_cases" : "29171",
  "medicaid_lia_cases" : "10729",
  "snap_recipients" : "52197",
  "saga_cash_cases" : "709",
  "town_name" : "Hartford",
  "tfa_regular_recipients" : "4575",
  "saga_cash_recipients" : "709",
  "tfa_total_cases" : "2419",
  "state_supplement_disabled" : "970",
  "tfa_two_parent_recipients" : "768",
  "state_supplement_aged" : "419",
  "medicaid_lia_recipients" : "10729",
  "state_supplement_blind" : "9",
  "total_medicaid_cases" : "37405",
  "tfa_total_recipients" : "5343",
  "total_medicaid_recipients" : "59203",
  "state_supplement_total" : "1399"
}
, {
  "town_code" : "65",
  "snap_cases" : "26",
  "medicaid_lia_cases" : "12",
  "snap_recipients" : "50",
  "town_name" : "Hartland",
  "tfa_regular_recipients" : "1",
  "saga_cash_recipients" : "0",
  "state_supplement_disabled" : "10",
  "medicaid_lia_recipients" : "12",
  "state_supplement_blind" : "1",
  "total_medicaid_cases" : "75",
  "tfa_total_recipients" : "1",
  "total_medicaid_recipients" : "141",
  "state_supplement_total" : "12"
}
, {
  "tfa_regular_cases" : "3",
  "town_code" : "66",
  "snap_cases" : "89",
  "medicaid_lia_cases" : "45",
  "snap_recipients" : "165",
  "saga_cash_cases" : "3",
  "town_name" : "Harwinton",
  "tfa_regular_recipients" : "9",
  "saga_cash_recipients" : "3",
  "tfa_total_cases" : "3",
  "state_supplement_disabled" : "15",
  "state_supplement_aged" : "5",
  "medicaid_lia_recipients" : "45",
  "total_medicaid_cases" : "240",
  "tfa_total_recipients" : "9",
  "total_medicaid_recipients" : "433",
  "state_supplement_total" : "20"
}
, {
  "tfa_regular_cases" : "3",
  "tfa_two_parent_cases" : "*",
  "town_code" : "67",
  "snap_cases" : "126",
  "medicaid_lia_cases" : "81",
  "snap_recipients" : "211",
  "saga_cash_cases" : "2",
  "town_name" : "Hebron",
  "tfa_regular_recipients" : "6",
  "saga_cash_recipients" : "2",
  "tfa_total_cases" : "3",
  "state_supplement_disabled" : "19",
  "tfa_two_parent_recipients" : "1",
  "state_supplement_aged" : "2",
  "medicaid_lia_recipients" : "81",
  "state_supplement_blind" : "1",
  "total_medicaid_cases" : "343",
  "tfa_total_recipients" : "7",
  "total_medicaid_recipients" : "560",
  "state_supplement_total" : "22"
}
, {
  "town_code" : "68",
  "snap_cases" : "55",
  "medicaid_lia_cases" : "28",
  "snap_recipients" : "95",
  "town_name" : "Kent",
  "tfa_regular_recipients" : "1",
  "saga_cash_recipients" : "0",
  "state_supplement_disabled" : "6",
  "state_supplement_aged" : "5",
  "medicaid_lia_recipients" : "28",
  "total_medicaid_cases" : "192",
  "tfa_total_recipients" : "1",
  "total_medicaid_recipients" : "313",
  "state_supplement_total" : "12"
}
, {
  "tfa_regular_cases" : "83",
  "tfa_two_parent_cases" : "7",
  "town_code" : "69",
  "snap_cases" : "1430",
  "medicaid_lia_cases" : "539",
  "snap_recipients" : "2696",
  "saga_cash_cases" : "37",
  "town_name" : "Killingly",
  "tfa_regular_recipients" : "159",
  "saga_cash_recipients" : "37",
  "tfa_total_cases" : "90",
  "state_supplement_disabled" : "92",
  "tfa_two_parent_recipients" : "25",
  "state_supplement_aged" : "28",
  "medicaid_lia_recipients" : "540",
  "state_supplement_blind" : "2",
  "total_medicaid_cases" : "2497",
  "tfa_total_recipients" : "184",
  "total_medicaid_recipients" : "4139",
  "state_supplement_total" : "122"
}
, {
  "tfa_regular_cases" : "3",
  "town_code" : "70",
  "snap_cases" : "85",
  "medicaid_lia_cases" : "57",
  "snap_recipients" : "135",
  "town_name" : "Killingworth",
  "tfa_regular_recipients" : "4",
  "saga_cash_recipients" : "0",
  "tfa_total_cases" : "3",
  "state_supplement_disabled" : "4",
  "state_supplement_aged" : "1",
  "medicaid_lia_recipients" : "57",
  "total_medicaid_cases" : "188",
  "tfa_total_recipients" : "4",
  "total_medicaid_recipients" : "336",
  "state_supplement_total" : "6"
}
, {
  "tfa_regular_cases" : "11",
  "tfa_two_parent_cases" : "2",
  "town_code" : "71",
  "snap_cases" : "260",
  "medicaid_lia_cases" : "196",
  "snap_recipients" : "434",
  "saga_cash_cases" : "1",
  "town_name" : "Lebanon",
  "tfa_regular_recipients" : "27",
  "saga_cash_recipients" : "1",
  "tfa_total_cases" : "13",
  "state_supplement_disabled" : "29",
  "tfa_two_parent_recipients" : "6",
  "state_supplement_aged" : "3",
  "medicaid_lia_recipients" : "196",
  "state_supplement_blind" : "3",
  "total_medicaid_cases" : "551",
  "tfa_total_recipients" : "33",
  "total_medicaid_recipients" : "875",
  "state_supplement_total" : "35"
}
, {
  "tfa_regular_cases" : "29",
  "tfa_two_parent_cases" : "3",
  "town_code" : "72",
  "snap_cases" : "448",
  "medicaid_lia_cases" : "192",
  "snap_recipients" : "899",
  "saga_cash_cases" : "9",
  "town_name" : "Ledyard",
  "tfa_regular_recipients" : "58",
  "saga_cash_recipients" : "9",
  "tfa_total_cases" : "32",
  "state_supplement_disabled" : "34",
  "tfa_two_parent_recipients" : "9",
  "state_supplement_aged" : "7",
  "medicaid_lia_recipients" : "192",
  "total_medicaid_cases" : "924",
  "tfa_total_recipients" : "67",
  "total_medicaid_recipients" : "1612",
  "state_supplement_total" : "41"
}
, {
  "tfa_regular_cases" : "11",
  "tfa_two_parent_cases" : "2",
  "town_code" : "73",
  "snap_cases" : "158",
  "medicaid_lia_cases" : "76",
  "snap_recipients" : "294",
  "saga_cash_cases" : "3",
  "town_name" : "Lisbon",
  "tfa_regular_recipients" : "20",
  "saga_cash_recipients" : "3",
  "tfa_total_cases" : "13",
  "state_supplement_disabled" : "6",
  "tfa_two_parent_recipients" : "6",
  "state_supplement_aged" : "1",
  "medicaid_lia_recipients" : "76",
  "total_medicaid_cases" : "259",
  "tfa_total_recipients" : "26",
  "total_medicaid_recipients" : "440",
  "state_supplement_total" : "7"
}
, {
  "tfa_regular_cases" : "8",
  "town_code" : "74",
  "snap_cases" : "157",
  "medicaid_lia_cases" : "81",
  "snap_recipients" : "258",
  "saga_cash_cases" : "6",
  "town_name" : "Litchfield",
  "tfa_regular_recipients" : "13",
  "saga_cash_recipients" : "6",
  "tfa_total_cases" : "8",
  "state_supplement_disabled" : "39",
  "state_supplement_aged" : "29",
  "medicaid_lia_recipients" : "81",
  "total_medicaid_cases" : "462",
  "tfa_total_recipients" : "13",
  "total_medicaid_recipients" : "749",
  "state_supplement_total" : "68"
}
, {
  "town_code" : "75",
  "snap_cases" : "27",
  "medicaid_lia_cases" : "23",
  "snap_recipients" : "54",
  "town_name" : "Lyme",
  "saga_cash_recipients" : "0",
  "tfa_total_cases" : "0",
  "state_supplement_disabled" : "2",
  "state_supplement_aged" : "2",
  "medicaid_lia_recipients" : "23",
  "total_medicaid_cases" : "80",
  "tfa_total_recipients" : "0",
  "total_medicaid_recipients" : "136",
  "state_supplement_total" : "5"
}
, {
  "tfa_regular_cases" : "4",
  "tfa_two_parent_cases" : "1",
  "town_code" : "76",
  "snap_cases" : "187",
  "medicaid_lia_cases" : "114",
  "snap_recipients" : "279",
  "saga_cash_cases" : "2",
  "town_name" : "Madison",
  "tfa_regular_recipients" : "9",
  "saga_cash_recipients" : "2",
  "tfa_total_cases" : "5",
  "state_supplement_disabled" : "12",
  "tfa_two_parent_recipients" : "5",
  "state_supplement_aged" : "5",
  "medicaid_lia_recipients" : "114",
  "total_medicaid_cases" : "517",
  "tfa_total_recipients" : "14",
  "total_medicaid_recipients" : "827",
  "state_supplement_total" : "18"
}
, {
  "tfa_regular_cases" : "285",
  "tfa_two_parent_cases" : "18",
  "town_code" : "77",
  "snap_cases" : "4075",
  "medicaid_lia_cases" : "1597",
  "snap_recipients" : "7691",
  "saga_cash_cases" : "98",
  "town_name" : "Manchester",
  "tfa_regular_recipients" : "568",
  "saga_cash_recipients" : "98",
  "tfa_total_cases" : "303",
  "state_supplement_disabled" : "244",
  "tfa_two_parent_recipients" : "68",
  "state_supplement_aged" : "67",
  "medicaid_lia_recipients" : "1597",
  "state_supplement_blind" : "1",
  "total_medicaid_cases" : "7122",
  "tfa_total_recipients" : "636",
  "total_medicaid_recipients" : "11905",
  "state_supplement_total" : "314"
}
, {
  "tfa_regular_cases" : "14",
  "tfa_two_parent_cases" : "1",
  "town_code" : "78",
  "snap_cases" : "339",
  "medicaid_lia_cases" : "169",
  "snap_recipients" : "646",
  "saga_cash_cases" : "10",
  "town_name" : "Mansfield",
  "tfa_regular_recipients" : "26",
  "saga_cash_recipients" : "10",
  "tfa_total_cases" : "15",
  "state_supplement_disabled" : "17",
  "tfa_two_parent_recipients" : "6",
  "state_supplement_aged" : "2",
  "medicaid_lia_recipients" : "169",
  "total_medicaid_cases" : "762",
  "tfa_total_recipients" : "32",
  "total_medicaid_recipients" : "1285",
  "state_supplement_total" : "20"
}
, {
  "tfa_regular_cases" : "4",
  "tfa_two_parent_cases" : "*",
  "town_code" : "79",
  "snap_cases" : "74",
  "medicaid_lia_cases" : "54",
  "snap_recipients" : "136",
  "saga_cash_cases" : "2",
  "town_name" : "Marlborough",
  "tfa_regular_recipients" : "7",
  "saga_cash_recipients" : "2",
  "tfa_total_cases" : "4",
  "state_supplement_disabled" : "5",
  "tfa_two_parent_recipients" : "2",
  "state_supplement_aged" : "2",
  "medicaid_lia_recipients" : "54",
  "total_medicaid_cases" : "269",
  "tfa_total_recipients" : "9",
  "total_medicaid_recipients" : "431",
  "state_supplement_total" : "7"
}
, {
  "tfa_regular_cases" : "544",
  "tfa_two_parent_cases" : "64",
  "town_code" : "80",
  "snap_cases" : "6102",
  "medicaid_lia_cases" : "2180",
  "snap_recipients" : "12094",
  "saga_cash_cases" : "176",
  "town_name" : "Meriden",
  "tfa_regular_recipients" : "1118",
  "saga_cash_recipients" : "176",
  "tfa_total_cases" : "608",
  "state_supplement_disabled" : "401",
  "tfa_two_parent_recipients" : "213",
  "state_supplement_aged" : "154",
  "medicaid_lia_recipients" : "2180",
  "state_supplement_blind" : "1",
  "total_medicaid_cases" : "10163",
  "tfa_total_recipients" : "1331",
  "total_medicaid_recipients" : "17342",
  "state_supplement_total" : "557"
}
, {
  "tfa_regular_cases" : "5",
  "town_code" : "81",
  "snap_cases" : "128",
  "medicaid_lia_cases" : "59",
  "snap_recipients" : "209",
  "saga_cash_cases" : "2",
  "town_name" : "Middlebury",
  "tfa_regular_recipients" : "7",
  "saga_cash_recipients" : "2",
  "tfa_total_cases" : "5",
  "state_supplement_disabled" : "7",
  "state_supplement_aged" : "2",
  "medicaid_lia_recipients" : "59",
  "total_medicaid_cases" : "273",
  "tfa_total_recipients" : "7",
  "total_medicaid_recipients" : "474",
  "state_supplement_total" : "9"
}
, {
  "tfa_regular_cases" : "4",
  "town_code" : "82",
  "snap_cases" : "86",
  "medicaid_lia_cases" : "59",
  "snap_recipients" : "131",
  "saga_cash_cases" : "2",
  "town_name" : "Middlefield",
  "tfa_regular_recipients" : "6",
  "saga_cash_recipients" : "2",
  "tfa_total_cases" : "4",
  "state_supplement_disabled" : "6",
  "medicaid_lia_recipients" : "59",
  "total_medicaid_cases" : "177",
  "tfa_total_recipients" : "6",
  "total_medicaid_recipients" : "278",
  "state_supplement_total" : "6"
}
, {
  "tfa_regular_cases" : "207",
  "tfa_two_parent_cases" : "17",
  "town_code" : "83",
  "snap_cases" : "3511",
  "medicaid_lia_cases" : "1574",
  "snap_recipients" : "5851",
  "saga_cash_cases" : "145",
  "town_name" : "Middletown",
  "tfa_regular_recipients" : "395",
  "saga_cash_recipients" : "145",
  "tfa_total_cases" : "224",
  "state_supplement_disabled" : "230",
  "tfa_two_parent_recipients" : "59",
  "state_supplement_aged" : "42",
  "medicaid_lia_recipients" : "1574",
  "state_supplement_blind" : "1",
  "total_medicaid_cases" : "5730",
  "tfa_total_recipients" : "454",
  "total_medicaid_recipients" : "8832",
  "state_supplement_total" : "273"
}
, {
  "tfa_regular_cases" : "73",
  "tfa_two_parent_cases" : "8",
  "town_code" : "84",
  "snap_cases" : "1536",
  "medicaid_lia_cases" : "801",
  "snap_recipients" : "2568",
  "saga_cash_cases" : "28",
  "town_name" : "Milford",
  "tfa_regular_recipients" : "143",
  "saga_cash_recipients" : "28",
  "tfa_total_cases" : "81",
  "state_supplement_disabled" : "68",
  "tfa_two_parent_recipients" : "26",
  "state_supplement_aged" : "29",
  "medicaid_lia_recipients" : "801",
  "total_medicaid_cases" : "3146",
  "tfa_total_recipients" : "169",
  "total_medicaid_recipients" : "5065",
  "state_supplement_total" : "97"
}
, {
  "tfa_regular_cases" : "10",
  "tfa_two_parent_cases" : "*",
  "town_code" : "85",
  "snap_cases" : "203",
  "medicaid_lia_cases" : "136",
  "snap_recipients" : "350",
  "saga_cash_cases" : "5",
  "town_name" : "Monroe",
  "tfa_regular_recipients" : "23",
  "saga_cash_recipients" : "5",
  "tfa_total_cases" : "10",
  "state_supplement_disabled" : "25",
  "tfa_two_parent_recipients" : "2",
  "state_supplement_aged" : "6",
  "medicaid_lia_recipients" : "136",
  "total_medicaid_cases" : "611",
  "tfa_total_recipients" : "25",
  "total_medicaid_recipients" : "1086",
  "state_supplement_total" : "31"
}
, {
  "tfa_regular_cases" : "41",
  "tfa_two_parent_cases" : "4",
  "town_code" : "86",
  "snap_cases" : "855",
  "medicaid_lia_cases" : "383",
  "snap_recipients" : "1563",
  "saga_cash_cases" : "23",
  "town_name" : "Montville",
  "tfa_regular_recipients" : "72",
  "saga_cash_recipients" : "23",
  "tfa_total_cases" : "45",
  "state_supplement_disabled" : "72",
  "tfa_two_parent_recipients" : "15",
  "state_supplement_aged" : "13",
  "medicaid_lia_recipients" : "383",
  "total_medicaid_cases" : "1608",
  "tfa_total_recipients" : "87",
  "total_medicaid_recipients" : "2672",
  "state_supplement_total" : "86"
}
, {
  "tfa_regular_cases" : "4",
  "town_code" : "87",
  "snap_cases" : "44",
  "medicaid_lia_cases" : "22",
  "snap_recipients" : "83",
  "saga_cash_cases" : "1",
  "town_name" : "Morris",
  "tfa_regular_recipients" : "9",
  "saga_cash_recipients" : "1",
  "tfa_total_cases" : "4",
  "state_supplement_disabled" : "2",
  "medicaid_lia_recipients" : "22",
  "total_medicaid_cases" : "118",
  "tfa_total_recipients" : "9",
  "total_medicaid_recipients" : "213",
  "state_supplement_total" : "2"
}
, {
  "tfa_regular_cases" : "129",
  "tfa_two_parent_cases" : "8",
  "town_code" : "88",
  "snap_cases" : "1897",
  "medicaid_lia_cases" : "676",
  "snap_recipients" : "3705",
  "saga_cash_cases" : "25",
  "town_name" : "Naugatuck",
  "tfa_regular_recipients" : "234",
  "saga_cash_recipients" : "25",
  "tfa_total_cases" : "137",
  "state_supplement_disabled" : "62",
  "tfa_two_parent_recipients" : "26",
  "state_supplement_aged" : "27",
  "medicaid_lia_recipients" : "676",
  "total_medicaid_cases" : "3413",
  "tfa_total_recipients" : "260",
  "total_medicaid_recipients" : "5979",
  "state_supplement_total" : "89"
}
, {
  "tfa_regular_cases" : "1006",
  "tfa_two_parent_cases" : "160",
  "town_code" : "89",
  "snap_cases" : "10610",
  "medicaid_lia_cases" : "3827",
  "snap_recipients" : "20891",
  "saga_cash_cases" : "242",
  "town_name" : "New Britain",
  "tfa_regular_recipients" : "2141",
  "saga_cash_recipients" : "242",
  "tfa_total_cases" : "1166",
  "state_supplement_disabled" : "421",
  "tfa_two_parent_recipients" : "550",
  "state_supplement_aged" : "219",
  "medicaid_lia_recipients" : "3827",
  "state_supplement_blind" : "1",
  "total_medicaid_cases" : "15897",
  "tfa_total_recipients" : "2691",
  "total_medicaid_recipients" : "27442",
  "state_supplement_total" : "642"
}
, {
  "tfa_regular_cases" : "4",
  "town_code" : "90",
  "snap_cases" : "102",
  "medicaid_lia_cases" : "58",
  "snap_recipients" : "168",
  "saga_cash_cases" : "4",
  "town_name" : "New Canaan",
  "tfa_regular_recipients" : "7",
  "saga_cash_recipients" : "4",
  "tfa_total_cases" : "4",
  "state_supplement_disabled" : "1",
  "state_supplement_aged" : "3",
  "medicaid_lia_recipients" : "58",
  "total_medicaid_cases" : "294",
  "tfa_total_recipients" : "7",
  "total_medicaid_recipients" : "455",
  "state_supplement_total" : "4"
}
, {
  "tfa_regular_cases" : "6",
  "town_code" : "91",
  "snap_cases" : "152",
  "medicaid_lia_cases" : "109",
  "snap_recipients" : "310",
  "saga_cash_cases" : "1",
  "town_name" : "New Fairfield",
  "tfa_regular_recipients" : "16",
  "saga_cash_recipients" : "1",
  "tfa_total_cases" : "6",
  "state_supplement_disabled" : "3",
  "state_supplement_aged" : "1",
  "medicaid_lia_recipients" : "109",
  "total_medicaid_cases" : "475",
  "tfa_total_recipients" : "16",
  "total_medicaid_recipients" : "920",
  "state_supplement_total" : "4"
}
, {
  "tfa_regular_cases" : "4",
  "tfa_two_parent_cases" : "1",
  "town_code" : "92",
  "snap_cases" : "99",
  "medicaid_lia_cases" : "60",
  "snap_recipients" : "172",
  "town_name" : "New Hartford",
  "tfa_regular_recipients" : "6",
  "saga_cash_recipients" : "0",
  "tfa_total_cases" : "5",
  "state_supplement_disabled" : "19",
  "tfa_two_parent_recipients" : "4",
  "medicaid_lia_recipients" : "60",
  "state_supplement_blind" : "1",
  "total_medicaid_cases" : "288",
  "tfa_total_recipients" : "10",
  "total_medicaid_recipients" : "496",
  "state_supplement_total" : "21"
}
, {
  "tfa_regular_cases" : "1910",
  "tfa_two_parent_cases" : "152",
  "town_code" : "93",
  "snap_cases" : "19853",
  "medicaid_lia_cases" : "8047",
  "snap_recipients" : "36210",
  "saga_cash_cases" : "402",
  "town_name" : "New Haven",
  "tfa_regular_recipients" : "3852",
  "saga_cash_recipients" : "402",
  "tfa_total_cases" : "2062",
  "state_supplement_disabled" : "765",
  "tfa_two_parent_recipients" : "489",
  "state_supplement_aged" : "287",
  "medicaid_lia_recipients" : "8048",
  "state_supplement_blind" : "2",
  "total_medicaid_cases" : "29249",
  "tfa_total_recipients" : "4341",
  "total_medicaid_recipients" : "46272",
  "state_supplement_total" : "1054"
}
, {
  "tfa_regular_cases" : "26",
  "tfa_two_parent_cases" : "2",
  "town_code" : "94",
  "snap_cases" : "926",
  "medicaid_lia_cases" : "405",
  "snap_recipients" : "1542",
  "saga_cash_cases" : "34",
  "town_name" : "Newington",
  "tfa_regular_recipients" : "46",
  "saga_cash_recipients" : "34",
  "tfa_total_cases" : "28",
  "state_supplement_disabled" : "29",
  "tfa_two_parent_recipients" : "6",
  "state_supplement_aged" : "28",
  "medicaid_lia_recipients" : "405",
  "state_supplement_blind" : "1",
  "total_medicaid_cases" : "1976",
  "tfa_total_recipients" : "52",
  "total_medicaid_recipients" : "3065",
  "state_supplement_total" : "59"
}
, {
  "tfa_regular_cases" : "278",
  "tfa_two_parent_cases" : "32",
  "town_code" : "95",
  "snap_cases" : "4076",
  "medicaid_lia_cases" : "1380",
  "snap_recipients" : "7519",
  "saga_cash_cases" : "146",
  "town_name" : "New London",
  "tfa_regular_recipients" : "581",
  "saga_cash_recipients" : "146",
  "tfa_total_cases" : "310",
  "state_supplement_disabled" : "250",
  "tfa_two_parent_recipients" : "110",
  "state_supplement_aged" : "80",
  "medicaid_lia_recipients" : "1380",
  "state_supplement_blind" : "1",
  "total_medicaid_cases" : "5757",
  "tfa_total_recipients" : "691",
  "total_medicaid_recipients" : "9543",
  "state_supplement_total" : "331"
}
, {
  "tfa_regular_cases" : "34",
  "tfa_two_parent_cases" : "5",
  "town_code" : "96",
  "snap_cases" : "795",
  "medicaid_lia_cases" : "377",
  "snap_recipients" : "1430",
  "saga_cash_cases" : "19",
  "town_name" : "New Milford",
  "tfa_regular_recipients" : "65",
  "saga_cash_recipients" : "19",
  "tfa_total_cases" : "39",
  "state_supplement_disabled" : "35",
  "tfa_two_parent_recipients" : "17",
  "state_supplement_aged" : "13",
  "medicaid_lia_recipients" : "377",
  "total_medicaid_cases" : "1874",
  "tfa_total_recipients" : "82",
  "total_medicaid_recipients" : "3198",
  "state_supplement_total" : "49"
}
, {
  "tfa_regular_cases" : "15",
  "tfa_two_parent_cases" : "2",
  "town_code" : "97",
  "snap_cases" : "285",
  "medicaid_lia_cases" : "200",
  "snap_recipients" : "501",
  "saga_cash_cases" : "7",
  "town_name" : "Newtown",
  "tfa_regular_recipients" : "30",
  "saga_cash_recipients" : "7",
  "tfa_total_cases" : "17",
  "state_supplement_disabled" : "7",
  "tfa_two_parent_recipients" : "9",
  "state_supplement_aged" : "7",
  "medicaid_lia_recipients" : "200",
  "total_medicaid_cases" : "838",
  "tfa_total_recipients" : "39",
  "total_medicaid_recipients" : "1445",
  "state_supplement_total" : "14"
}
, {
  "town_code" : "98",
  "snap_cases" : "32",
  "medicaid_lia_cases" : "22",
  "snap_recipients" : "57",
  "town_name" : "Norfolk",
  "saga_cash_recipients" : "0",
  "tfa_total_cases" : "0",
  "state_supplement_disabled" : "2",
  "medicaid_lia_recipients" : "22",
  "total_medicaid_cases" : "92",
  "tfa_total_recipients" : "0",
  "total_medicaid_recipients" : "155",
  "state_supplement_total" : "2"
}
, {
  "tfa_regular_cases" : "20",
  "tfa_two_parent_cases" : "1",
  "town_code" : "99",
  "snap_cases" : "261",
  "medicaid_lia_cases" : "167",
  "snap_recipients" : "437",
  "saga_cash_cases" : "6",
  "town_name" : "North Branford",
  "tfa_regular_recipients" : "39",
  "saga_cash_recipients" : "6",
  "tfa_total_cases" : "21",
  "state_supplement_disabled" : "26",
  "tfa_two_parent_recipients" : "7",
  "state_supplement_aged" : "4",
  "medicaid_lia_recipients" : "167",
  "total_medicaid_cases" : "638",
  "tfa_total_recipients" : "46",
  "total_medicaid_recipients" : "1038",
  "state_supplement_total" : "30"
}
, {
  "tfa_regular_cases" : "3",
  "town_code" : "100",
  "snap_cases" : "56",
  "medicaid_lia_cases" : "14",
  "snap_recipients" : "89",
  "town_name" : "North Canaan",
  "tfa_regular_recipients" : "4",
  "saga_cash_recipients" : "0",
  "tfa_total_cases" : "3",
  "state_supplement_aged" : "2",
  "medicaid_lia_recipients" : "14",
  "total_medicaid_cases" : "141",
  "tfa_total_recipients" : "4",
  "total_medicaid_recipients" : "250",
  "state_supplement_total" : "2"
}
, {
  "tfa_regular_cases" : "26",
  "tfa_two_parent_cases" : "4",
  "town_code" : "101",
  "snap_cases" : "557",
  "medicaid_lia_cases" : "285",
  "snap_recipients" : "870",
  "saga_cash_cases" : "12",
  "town_name" : "North Haven",
  "tfa_regular_recipients" : "46",
  "saga_cash_recipients" : "12",
  "tfa_total_cases" : "30",
  "state_supplement_disabled" : "50",
  "tfa_two_parent_recipients" : "15",
  "state_supplement_aged" : "9",
  "medicaid_lia_recipients" : "285",
  "total_medicaid_cases" : "1162",
  "tfa_total_recipients" : "61",
  "total_medicaid_recipients" : "1808",
  "state_supplement_total" : "59"
}
, {
  "tfa_regular_cases" : "5",
  "tfa_two_parent_cases" : "*",
  "town_code" : "102",
  "snap_cases" : "134",
  "medicaid_lia_cases" : "76",
  "snap_recipients" : "255",
  "saga_cash_cases" : "3",
  "town_name" : "North Stonington",
  "tfa_regular_recipients" : "7",
  "saga_cash_recipients" : "3",
  "tfa_total_cases" : "5",
  "state_supplement_disabled" : "6",
  "tfa_two_parent_recipients" : "3",
  "state_supplement_aged" : "1",
  "medicaid_lia_recipients" : "76",
  "state_supplement_blind" : "1",
  "total_medicaid_cases" : "276",
  "tfa_total_recipients" : "10",
  "total_medicaid_recipients" : "492",
  "state_supplement_total" : "8"
}
, {
  "tfa_regular_cases" : "209",
  "tfa_two_parent_cases" : "7",
  "town_code" : "103",
  "snap_cases" : "3349",
  "medicaid_lia_cases" : "1573",
  "snap_recipients" : "6134",
  "saga_cash_cases" : "56",
  "town_name" : "Norwalk",
  "tfa_regular_recipients" : "386",
  "saga_cash_recipients" : "56",
  "tfa_total_cases" : "216",
  "state_supplement_disabled" : "118",
  "tfa_two_parent_recipients" : "23",
  "state_supplement_aged" : "56",
  "medicaid_lia_recipients" : "1574",
  "state_supplement_blind" : "2",
  "total_medicaid_cases" : "8378",
  "tfa_total_recipients" : "409",
  "total_medicaid_recipients" : "13590",
  "state_supplement_total" : "177"
}
, {
  "tfa_regular_cases" : "345",
  "tfa_two_parent_cases" : "43",
  "town_code" : "104",
  "snap_cases" : "5053",
  "medicaid_lia_cases" : "1808",
  "snap_recipients" : "9295",
  "saga_cash_cases" : "137",
  "town_name" : "Norwich",
  "tfa_regular_recipients" : "708",
  "saga_cash_recipients" : "137",
  "tfa_total_cases" : "388",
  "state_supplement_disabled" : "278",
  "tfa_two_parent_recipients" : "138",
  "state_supplement_aged" : "95",
  "medicaid_lia_recipients" : "1809",
  "state_supplement_blind" : "1",
  "total_medicaid_cases" : "7229",
  "tfa_total_recipients" : "846",
  "total_medicaid_recipients" : "12061",
  "state_supplement_total" : "375"
}
, {
  "tfa_regular_cases" : "4",
  "tfa_two_parent_cases" : "1",
  "town_code" : "105",
  "snap_cases" : "124",
  "medicaid_lia_cases" : "71",
  "snap_recipients" : "187",
  "town_name" : "Old Lyme",
  "tfa_regular_recipients" : "9",
  "saga_cash_recipients" : "0",
  "tfa_total_cases" : "5",
  "state_supplement_disabled" : "13",
  "tfa_two_parent_recipients" : "5",
  "state_supplement_aged" : "6",
  "medicaid_lia_recipients" : "71",
  "state_supplement_blind" : "1",
  "total_medicaid_cases" : "280",
  "tfa_total_recipients" : "14",
  "total_medicaid_recipients" : "448",
  "state_supplement_total" : "20"
}
, {
  "tfa_regular_cases" : "6",
  "tfa_two_parent_cases" : "*",
  "town_code" : "106",
  "snap_cases" : "216",
  "medicaid_lia_cases" : "120",
  "snap_recipients" : "372",
  "saga_cash_cases" : "3",
  "town_name" : "Old Saybrook",
  "tfa_regular_recipients" : "12",
  "saga_cash_recipients" : "3",
  "tfa_total_cases" : "6",
  "state_supplement_disabled" : "14",
  "tfa_two_parent_recipients" : "1",
  "state_supplement_aged" : "4",
  "medicaid_lia_recipients" : "120",
  "total_medicaid_cases" : "626",
  "tfa_total_recipients" : "13",
  "total_medicaid_recipients" : "991",
  "state_supplement_total" : "18"
}
, {
  "tfa_regular_cases" : "6",
  "town_code" : "107",
  "snap_cases" : "146",
  "medicaid_lia_cases" : "95",
  "snap_recipients" : "245",
  "saga_cash_cases" : "1",
  "town_name" : "Orange",
  "tfa_regular_recipients" : "12",
  "saga_cash_recipients" : "1",
  "tfa_total_cases" : "6",
  "state_supplement_disabled" : "11",
  "state_supplement_aged" : "6",
  "medicaid_lia_recipients" : "95",
  "total_medicaid_cases" : "454",
  "tfa_total_recipients" : "12",
  "total_medicaid_recipients" : "714",
  "state_supplement_total" : "18"
}
, {
  "tfa_regular_cases" : "9",
  "town_code" : "108",
  "snap_cases" : "183",
  "medicaid_lia_cases" : "87",
  "snap_recipients" : "315",
  "saga_cash_cases" : "4",
  "town_name" : "Oxford",
  "tfa_regular_recipients" : "15",
  "saga_cash_recipients" : "4",
  "tfa_total_cases" : "9",
  "state_supplement_disabled" : "13",
  "state_supplement_aged" : "3",
  "medicaid_lia_recipients" : "87",
  "total_medicaid_cases" : "409",
  "tfa_total_recipients" : "15",
  "total_medicaid_recipients" : "726",
  "state_supplement_total" : "16"
}
, {
  "tfa_regular_cases" : "76",
  "tfa_two_parent_cases" : "6",
  "town_code" : "109",
  "snap_cases" : "1061",
  "medicaid_lia_cases" : "390",
  "snap_recipients" : "2191",
  "saga_cash_cases" : "24",
  "town_name" : "Plainfield",
  "tfa_regular_recipients" : "146",
  "saga_cash_recipients" : "24",
  "tfa_total_cases" : "82",
  "state_supplement_disabled" : "37",
  "tfa_two_parent_recipients" : "22",
  "state_supplement_aged" : "4",
  "medicaid_lia_recipients" : "390",
  "total_medicaid_cases" : "1954",
  "tfa_total_recipients" : "168",
  "total_medicaid_recipients" : "3490",
  "state_supplement_total" : "41"
}
, {
  "tfa_regular_cases" : "44",
  "tfa_two_parent_cases" : "5",
  "town_code" : "110",
  "snap_cases" : "777",
  "medicaid_lia_cases" : "304",
  "snap_recipients" : "1290",
  "saga_cash_cases" : "18",
  "town_name" : "Plainville",
  "tfa_regular_recipients" : "85",
  "saga_cash_recipients" : "18",
  "tfa_total_cases" : "49",
  "state_supplement_disabled" : "68",
  "tfa_two_parent_recipients" : "18",
  "state_supplement_aged" : "20",
  "medicaid_lia_recipients" : "304",
  "total_medicaid_cases" : "1424",
  "tfa_total_recipients" : "103",
  "total_medicaid_recipients" : "2305",
  "state_supplement_total" : "88"
}
, {
  "tfa_regular_cases" : "28",
  "tfa_two_parent_cases" : "4",
  "town_code" : "111",
  "snap_cases" : "508",
  "medicaid_lia_cases" : "245",
  "snap_recipients" : "983",
  "saga_cash_cases" : "12",
  "town_name" : "Plymouth",
  "tfa_regular_recipients" : "54",
  "saga_cash_recipients" : "12",
  "tfa_total_cases" : "32",
  "state_supplement_disabled" : "25",
  "tfa_two_parent_recipients" : "16",
  "state_supplement_aged" : "4",
  "medicaid_lia_recipients" : "245",
  "total_medicaid_cases" : "1043",
  "tfa_total_recipients" : "70",
  "total_medicaid_recipients" : "1819",
  "state_supplement_total" : "30"
}
, {
  "tfa_regular_cases" : "5",
  "town_code" : "112",
  "snap_cases" : "97",
  "medicaid_lia_cases" : "43",
  "snap_recipients" : "178",
  "saga_cash_cases" : "1",
  "town_name" : "Pomfret",
  "tfa_regular_recipients" : "9",
  "saga_cash_recipients" : "1",
  "tfa_total_cases" : "5",
  "state_supplement_disabled" : "3",
  "state_supplement_aged" : "1",
  "medicaid_lia_recipients" : "43",
  "total_medicaid_cases" : "221",
  "tfa_total_recipients" : "9",
  "total_medicaid_recipients" : "406",
  "state_supplement_total" : "4"
}
, {
  "tfa_regular_cases" : "17",
  "tfa_two_parent_cases" : "*",
  "town_code" : "113",
  "snap_cases" : "285",
  "medicaid_lia_cases" : "142",
  "snap_recipients" : "510",
  "saga_cash_cases" : "5",
  "town_name" : "Portland",
  "tfa_regular_recipients" : "36",
  "saga_cash_recipients" : "5",
  "tfa_total_cases" : "17",
  "state_supplement_disabled" : "35",
  "tfa_two_parent_recipients" : "1",
  "state_supplement_aged" : "32",
  "medicaid_lia_recipients" : "142",
  "total_medicaid_cases" : "590",
  "tfa_total_recipients" : "37",
  "total_medicaid_recipients" : "945",
  "state_supplement_total" : "67"
}
, {
  "tfa_regular_cases" : "7",
  "tfa_two_parent_cases" : "1",
  "town_code" : "114",
  "snap_cases" : "175",
  "medicaid_lia_cases" : "81",
  "snap_recipients" : "301",
  "saga_cash_cases" : "6",
  "town_name" : "Preston",
  "tfa_regular_recipients" : "14",
  "saga_cash_recipients" : "6",
  "tfa_total_cases" : "8",
  "state_supplement_disabled" : "11",
  "tfa_two_parent_recipients" : "4",
  "state_supplement_aged" : "1",
  "medicaid_lia_recipients" : "81",
  "total_medicaid_cases" : "302",
  "tfa_total_recipients" : "18",
  "total_medicaid_recipients" : "483",
  "state_supplement_total" : "12"
}
, {
  "tfa_regular_cases" : "12",
  "town_code" : "115",
  "snap_cases" : "168",
  "medicaid_lia_cases" : "98",
  "snap_recipients" : "266",
  "saga_cash_cases" : "2",
  "town_name" : "Prospect",
  "tfa_regular_recipients" : "18",
  "saga_cash_recipients" : "2",
  "tfa_total_cases" : "12",
  "state_supplement_disabled" : "22",
  "state_supplement_aged" : "4",
  "medicaid_lia_recipients" : "98",
  "total_medicaid_cases" : "497",
  "tfa_total_recipients" : "18",
  "total_medicaid_recipients" : "764",
  "state_supplement_total" : "26"
}
, {
  "tfa_regular_cases" : "52",
  "tfa_two_parent_cases" : "5",
  "town_code" : "116",
  "snap_cases" : "826",
  "medicaid_lia_cases" : "277",
  "snap_recipients" : "1554",
  "saga_cash_cases" : "22",
  "town_name" : "Putnam",
  "tfa_regular_recipients" : "107",
  "saga_cash_recipients" : "22",
  "tfa_total_cases" : "57",
  "state_supplement_disabled" : "37",
  "tfa_two_parent_recipients" : "21",
  "state_supplement_aged" : "28",
  "medicaid_lia_recipients" : "277",
  "total_medicaid_cases" : "1382",
  "tfa_total_recipients" : "128",
  "total_medicaid_recipients" : "2314",
  "state_supplement_total" : "65"
}
, {
  "tfa_two_parent_cases" : "*",
  "town_code" : "117",
  "snap_cases" : "47",
  "medicaid_lia_cases" : "42",
  "snap_recipients" : "78",
  "town_name" : "Redding",
  "saga_cash_recipients" : "0",
  "state_supplement_disabled" : "3",
  "tfa_two_parent_recipients" : "2",
  "medicaid_lia_recipients" : "42",
  "total_medicaid_cases" : "172",
  "tfa_total_recipients" : "2",
  "total_medicaid_recipients" : "292",
  "state_supplement_total" : "3"
}
, {
  "tfa_regular_cases" : "2",
  "town_code" : "118",
  "snap_cases" : "149",
  "medicaid_lia_cases" : "92",
  "snap_recipients" : "228",
  "saga_cash_cases" : "3",
  "town_name" : "Ridgefield",
  "tfa_regular_recipients" : "3",
  "saga_cash_recipients" : "3",
  "tfa_total_cases" : "2",
  "state_supplement_disabled" : "9",
  "medicaid_lia_recipients" : "92",
  "total_medicaid_cases" : "477",
  "tfa_total_recipients" : "3",
  "total_medicaid_recipients" : "746",
  "state_supplement_total" : "9"
}
, {
  "tfa_regular_cases" : "11",
  "tfa_two_parent_cases" : "2",
  "town_code" : "119",
  "snap_cases" : "431",
  "medicaid_lia_cases" : "193",
  "snap_recipients" : "715",
  "saga_cash_cases" : "18",
  "town_name" : "Rocky Hill",
  "tfa_regular_recipients" : "22",
  "saga_cash_recipients" : "18",
  "tfa_total_cases" : "13",
  "state_supplement_disabled" : "19",
  "tfa_two_parent_recipients" : "7",
  "state_supplement_aged" : "20",
  "medicaid_lia_recipients" : "193",
  "total_medicaid_cases" : "1053",
  "tfa_total_recipients" : "29",
  "total_medicaid_recipients" : "1589",
  "state_supplement_total" : "39"
}
, {
  "town_code" : "120",
  "snap_cases" : "21",
  "medicaid_lia_cases" : "17",
  "snap_recipients" : "31",
  "town_name" : "Roxbury",
  "saga_cash_recipients" : "0",
  "tfa_total_cases" : "0",
  "state_supplement_disabled" : "6",
  "medicaid_lia_recipients" : "17",
  "total_medicaid_cases" : "66",
  "tfa_total_recipients" : "0",
  "total_medicaid_recipients" : "106",
  "state_supplement_total" : "6"
}
, {
  "tfa_regular_cases" : "7",
  "tfa_two_parent_cases" : "*",
  "town_code" : "121",
  "snap_cases" : "82",
  "medicaid_lia_cases" : "58",
  "snap_recipients" : "155",
  "saga_cash_cases" : "1",
  "town_name" : "Salem",
  "tfa_regular_recipients" : "14",
  "saga_cash_recipients" : "1",
  "tfa_total_cases" : "7",
  "state_supplement_disabled" : "7",
  "tfa_two_parent_recipients" : "1",
  "state_supplement_aged" : "3",
  "medicaid_lia_recipients" : "58",
  "total_medicaid_cases" : "192",
  "tfa_total_recipients" : "15",
  "total_medicaid_recipients" : "324",
  "state_supplement_total" : "11"
}
, {
  "tfa_regular_cases" : "1",
  "town_code" : "122",
  "snap_cases" : "59",
  "medicaid_lia_cases" : "37",
  "snap_recipients" : "98",
  "town_name" : "Salisbury",
  "tfa_regular_recipients" : "2",
  "saga_cash_recipients" : "0",
  "tfa_total_cases" : "1",
  "state_supplement_disabled" : "2",
  "state_supplement_aged" : "6",
  "medicaid_lia_recipients" : "37",
  "total_medicaid_cases" : "197",
  "tfa_total_recipients" : "2",
  "total_medicaid_recipients" : "319",
  "state_supplement_total" : "8"
}
, {
  "tfa_regular_cases" : "3",
  "tfa_two_parent_cases" : "*",
  "town_code" : "123",
  "snap_cases" : "39",
  "medicaid_lia_cases" : "18",
  "snap_recipients" : "69",
  "saga_cash_cases" : "1",
  "town_name" : "Scotland",
  "tfa_regular_recipients" : "6",
  "saga_cash_recipients" : "1",
  "tfa_total_cases" : "3",
  "tfa_two_parent_recipients" : "3",
  "medicaid_lia_recipients" : "18",
  "total_medicaid_cases" : "73",
  "tfa_total_recipients" : "9",
  "total_medicaid_recipients" : "134",
  "state_supplement_total" : "0"
}
, {
  "tfa_regular_cases" : "37",
  "tfa_two_parent_cases" : "1",
  "town_code" : "124",
  "snap_cases" : "615",
  "medicaid_lia_cases" : "288",
  "snap_recipients" : "1111",
  "saga_cash_cases" : "14",
  "town_name" : "Seymour",
  "tfa_regular_recipients" : "63",
  "saga_cash_recipients" : "14",
  "tfa_total_cases" : "38",
  "state_supplement_disabled" : "33",
  "tfa_two_parent_recipients" : "4",
  "state_supplement_aged" : "8",
  "medicaid_lia_recipients" : "288",
  "total_medicaid_cases" : "1278",
  "tfa_total_recipients" : "67",
  "total_medicaid_recipients" : "2191",
  "state_supplement_total" : "42"
}
, {
  "tfa_regular_cases" : "3",
  "tfa_two_parent_cases" : "*",
  "town_code" : "125",
  "snap_cases" : "77",
  "medicaid_lia_cases" : "70",
  "snap_recipients" : "114",
  "town_name" : "Sharon",
  "tfa_regular_recipients" : "7",
  "saga_cash_recipients" : "0",
  "tfa_total_cases" : "3",
  "tfa_two_parent_recipients" : "1",
  "state_supplement_aged" : "1",
  "medicaid_lia_recipients" : "70",
  "total_medicaid_cases" : "204",
  "tfa_total_recipients" : "8",
  "total_medicaid_recipients" : "333",
  "state_supplement_total" : "2"
}
, {
  "tfa_regular_cases" : "55",
  "tfa_two_parent_cases" : "6",
  "town_code" : "126",
  "snap_cases" : "984",
  "medicaid_lia_cases" : "541",
  "snap_recipients" : "1758",
  "saga_cash_cases" : "26",
  "town_name" : "Shelton",
  "tfa_regular_recipients" : "110",
  "saga_cash_recipients" : "26",
  "tfa_total_cases" : "61",
  "state_supplement_disabled" : "37",
  "tfa_two_parent_recipients" : "21",
  "state_supplement_aged" : "25",
  "medicaid_lia_recipients" : "541",
  "total_medicaid_cases" : "2333",
  "tfa_total_recipients" : "131",
  "total_medicaid_recipients" : "3872",
  "state_supplement_total" : "62"
}
, {
  "tfa_regular_cases" : "1",
  "town_code" : "127",
  "snap_cases" : "33",
  "medicaid_lia_cases" : "24",
  "snap_recipients" : "79",
  "town_name" : "Sherman",
  "tfa_regular_recipients" : "1",
  "saga_cash_recipients" : "0",
  "tfa_total_cases" : "1",
  "medicaid_lia_recipients" : "24",
  "total_medicaid_cases" : "120",
  "tfa_total_recipients" : "1",
  "total_medicaid_recipients" : "243",
  "state_supplement_total" : "0"
}
, {
  "tfa_regular_cases" : "9",
  "tfa_two_parent_cases" : "1",
  "town_code" : "128",
  "snap_cases" : "268",
  "medicaid_lia_cases" : "115",
  "snap_recipients" : "495",
  "saga_cash_cases" : "10",
  "town_name" : "Simsbury",
  "tfa_regular_recipients" : "18",
  "saga_cash_recipients" : "10",
  "tfa_total_cases" : "10",
  "state_supplement_disabled" : "14",
  "tfa_two_parent_recipients" : "3",
  "state_supplement_aged" : "6",
  "medicaid_lia_recipients" : "115",
  "total_medicaid_cases" : "700",
  "tfa_total_recipients" : "21",
  "total_medicaid_recipients" : "1186",
  "state_supplement_total" : "21"
}
, {
  "tfa_regular_cases" : "7",
  "tfa_two_parent_cases" : "2",
  "town_code" : "129",
  "snap_cases" : "162",
  "medicaid_lia_cases" : "69",
  "snap_recipients" : "310",
  "saga_cash_cases" : "5",
  "town_name" : "Somers",
  "tfa_regular_recipients" : "12",
  "saga_cash_recipients" : "5",
  "tfa_total_cases" : "9",
  "state_supplement_disabled" : "8",
  "tfa_two_parent_recipients" : "10",
  "state_supplement_aged" : "2",
  "medicaid_lia_recipients" : "69",
  "total_medicaid_cases" : "351",
  "tfa_total_recipients" : "22",
  "total_medicaid_recipients" : "629",
  "state_supplement_total" : "10"
}
, {
  "tfa_regular_cases" : "10",
  "tfa_two_parent_cases" : "1",
  "town_code" : "130",
  "snap_cases" : "294",
  "medicaid_lia_cases" : "158",
  "snap_recipients" : "446",
  "saga_cash_cases" : "9",
  "town_name" : "Southbury",
  "tfa_regular_recipients" : "18",
  "saga_cash_recipients" : "9",
  "tfa_total_cases" : "11",
  "state_supplement_disabled" : "25",
  "tfa_two_parent_recipients" : "2",
  "state_supplement_aged" : "19",
  "medicaid_lia_recipients" : "158",
  "total_medicaid_cases" : "1107",
  "tfa_total_recipients" : "20",
  "total_medicaid_recipients" : "1426",
  "state_supplement_total" : "44"
}
, {
  "tfa_regular_cases" : "61",
  "tfa_two_parent_cases" : "5",
  "town_code" : "131",
  "snap_cases" : "1090",
  "medicaid_lia_cases" : "461",
  "snap_recipients" : "1917",
  "saga_cash_cases" : "28",
  "town_name" : "Southington",
  "tfa_regular_recipients" : "123",
  "saga_cash_recipients" : "28",
  "tfa_total_cases" : "66",
  "state_supplement_disabled" : "46",
  "tfa_two_parent_recipients" : "19",
  "state_supplement_aged" : "13",
  "medicaid_lia_recipients" : "461",
  "total_medicaid_cases" : "2372",
  "tfa_total_recipients" : "142",
  "total_medicaid_recipients" : "3475",
  "state_supplement_total" : "59"
}
, {
  "tfa_regular_cases" : "23",
  "tfa_two_parent_cases" : "*",
  "town_code" : "132",
  "snap_cases" : "470",
  "medicaid_lia_cases" : "241",
  "snap_recipients" : "782",
  "saga_cash_cases" : "13",
  "town_name" : "South Windsor",
  "tfa_regular_recipients" : "40",
  "saga_cash_recipients" : "13",
  "tfa_total_cases" : "23",
  "state_supplement_disabled" : "30",
  "tfa_two_parent_recipients" : "3",
  "state_supplement_aged" : "19",
  "medicaid_lia_recipients" : "241",
  "total_medicaid_cases" : "1092",
  "tfa_total_recipients" : "43",
  "total_medicaid_recipients" : "1784",
  "state_supplement_total" : "50"
}
, {
  "tfa_regular_cases" : "19",
  "tfa_two_parent_cases" : "2",
  "town_code" : "133",
  "snap_cases" : "205",
  "medicaid_lia_cases" : "83",
  "snap_recipients" : "457",
  "saga_cash_cases" : "2",
  "town_name" : "Sprague",
  "tfa_regular_recipients" : "38",
  "saga_cash_recipients" : "2",
  "tfa_total_cases" : "21",
  "state_supplement_disabled" : "4",
  "tfa_two_parent_recipients" : "6",
  "state_supplement_aged" : "1",
  "medicaid_lia_recipients" : "83",
  "total_medicaid_cases" : "365",
  "tfa_total_recipients" : "44",
  "total_medicaid_recipients" : "674",
  "state_supplement_total" : "6"
}
, {
  "tfa_regular_cases" : "32",
  "tfa_two_parent_cases" : "3",
  "town_code" : "134",
  "snap_cases" : "483",
  "medicaid_lia_cases" : "195",
  "snap_recipients" : "922",
  "saga_cash_cases" : "9",
  "town_name" : "Stafford",
  "tfa_regular_recipients" : "57",
  "saga_cash_recipients" : "9",
  "tfa_total_cases" : "35",
  "state_supplement_disabled" : "16",
  "tfa_two_parent_recipients" : "11",
  "state_supplement_aged" : "1",
  "medicaid_lia_recipients" : "195",
  "total_medicaid_cases" : "960",
  "tfa_total_recipients" : "68",
  "total_medicaid_recipients" : "1689",
  "state_supplement_total" : "17"
}
, {
  "tfa_regular_cases" : "346",
  "tfa_two_parent_cases" : "32",
  "town_code" : "135",
  "snap_cases" : "5080",
  "medicaid_lia_cases" : "2190",
  "snap_recipients" : "9115",
  "saga_cash_cases" : "124",
  "town_name" : "Stamford",
  "tfa_regular_recipients" : "698",
  "saga_cash_recipients" : "124",
  "tfa_total_cases" : "378",
  "state_supplement_disabled" : "151",
  "tfa_two_parent_recipients" : "90",
  "state_supplement_aged" : "209",
  "medicaid_lia_recipients" : "2190",
  "total_medicaid_cases" : "12159",
  "tfa_total_recipients" : "788",
  "total_medicaid_recipients" : "19200",
  "state_supplement_total" : "360"
}
, {
  "tfa_regular_cases" : "15",
  "tfa_two_parent_cases" : "*",
  "town_code" : "136",
  "snap_cases" : "192",
  "medicaid_lia_cases" : "89",
  "snap_recipients" : "407",
  "saga_cash_cases" : "3",
  "town_name" : "Sterling",
  "tfa_regular_recipients" : "25",
  "saga_cash_recipients" : "3",
  "tfa_total_cases" : "15",
  "state_supplement_disabled" : "7",
  "tfa_two_parent_recipients" : "3",
  "medicaid_lia_recipients" : "89",
  "total_medicaid_cases" : "325",
  "tfa_total_recipients" : "28",
  "total_medicaid_recipients" : "595",
  "state_supplement_total" : "7"
}
, {
  "tfa_regular_cases" : "40",
  "tfa_two_parent_cases" : "4",
  "town_code" : "137",
  "snap_cases" : "835",
  "medicaid_lia_cases" : "324",
  "snap_recipients" : "1495",
  "saga_cash_cases" : "21",
  "town_name" : "Stonington",
  "tfa_regular_recipients" : "82",
  "saga_cash_recipients" : "21",
  "tfa_total_cases" : "44",
  "state_supplement_disabled" : "61",
  "tfa_two_parent_recipients" : "14",
  "state_supplement_aged" : "16",
  "medicaid_lia_recipients" : "324",
  "total_medicaid_cases" : "1599",
  "tfa_total_recipients" : "96",
  "total_medicaid_recipients" : "2640",
  "state_supplement_total" : "79"
}
, {
  "tfa_regular_cases" : "143",
  "tfa_two_parent_cases" : "9",
  "town_code" : "138",
  "snap_cases" : "2249",
  "medicaid_lia_cases" : "1037",
  "snap_recipients" : "4227",
  "saga_cash_cases" : "44",
  "town_name" : "Stratford",
  "tfa_regular_recipients" : "275",
  "saga_cash_recipients" : "44",
  "tfa_total_cases" : "152",
  "state_supplement_disabled" : "86",
  "tfa_two_parent_recipients" : "33",
  "state_supplement_aged" : "34",
  "medicaid_lia_recipients" : "1037",
  "total_medicaid_cases" : "4526",
  "tfa_total_recipients" : "308",
  "total_medicaid_recipients" : "7696",
  "state_supplement_total" : "120"
}
, {
  "tfa_regular_cases" : "10",
  "tfa_two_parent_cases" : "*",
  "town_code" : "139",
  "snap_cases" : "231",
  "medicaid_lia_cases" : "91",
  "snap_recipients" : "398",
  "saga_cash_cases" : "5",
  "town_name" : "Suffield",
  "tfa_regular_recipients" : "21",
  "saga_cash_recipients" : "5",
  "tfa_total_cases" : "10",
  "state_supplement_disabled" : "7",
  "tfa_two_parent_recipients" : "1",
  "state_supplement_aged" : "7",
  "medicaid_lia_recipients" : "91",
  "total_medicaid_cases" : "485",
  "tfa_total_recipients" : "22",
  "total_medicaid_recipients" : "779",
  "state_supplement_total" : "15"
}
, {
  "tfa_regular_cases" : "10",
  "town_code" : "140",
  "snap_cases" : "263",
  "medicaid_lia_cases" : "115",
  "snap_recipients" : "438",
  "saga_cash_cases" : "3",
  "town_name" : "Thomaston",
  "tfa_regular_recipients" : "23",
  "saga_cash_recipients" : "3",
  "tfa_total_cases" : "10",
  "state_supplement_disabled" : "16",
  "state_supplement_aged" : "1",
  "medicaid_lia_recipients" : "115",
  "total_medicaid_cases" : "501",
  "tfa_total_recipients" : "23",
  "total_medicaid_recipients" : "877",
  "state_supplement_total" : "18"
}
, {
  "tfa_regular_cases" : "22",
  "tfa_two_parent_cases" : "3",
  "town_code" : "141",
  "snap_cases" : "423",
  "medicaid_lia_cases" : "156",
  "snap_recipients" : "800",
  "saga_cash_cases" : "10",
  "town_name" : "Thompson",
  "tfa_regular_recipients" : "48",
  "saga_cash_recipients" : "10",
  "tfa_total_cases" : "25",
  "state_supplement_disabled" : "17",
  "tfa_two_parent_recipients" : "15",
  "state_supplement_aged" : "4",
  "medicaid_lia_recipients" : "156",
  "total_medicaid_cases" : "692",
  "tfa_total_recipients" : "63",
  "total_medicaid_recipients" : "1214",
  "state_supplement_total" : "21"
}
, {
  "tfa_regular_cases" : "14",
  "town_code" : "142",
  "snap_cases" : "170",
  "medicaid_lia_cases" : "90",
  "snap_recipients" : "306",
  "saga_cash_cases" : "3",
  "town_name" : "Tolland",
  "tfa_regular_recipients" : "22",
  "saga_cash_recipients" : "3",
  "tfa_total_cases" : "14",
  "state_supplement_disabled" : "10",
  "state_supplement_aged" : "7",
  "medicaid_lia_recipients" : "90",
  "total_medicaid_cases" : "500",
  "tfa_total_recipients" : "22",
  "total_medicaid_recipients" : "847",
  "state_supplement_total" : "18"
}
, {
  "tfa_regular_cases" : "121",
  "tfa_two_parent_cases" : "17",
  "town_code" : "143",
  "snap_cases" : "2739",
  "medicaid_lia_cases" : "1015",
  "snap_recipients" : "4719",
  "saga_cash_cases" : "47",
  "town_name" : "Torrington",
  "tfa_regular_recipients" : "238",
  "saga_cash_recipients" : "47",
  "tfa_total_cases" : "138",
  "state_supplement_disabled" : "170",
  "tfa_two_parent_recipients" : "58",
  "state_supplement_aged" : "35",
  "medicaid_lia_recipients" : "1015",
  "total_medicaid_cases" : "4859",
  "tfa_total_recipients" : "296",
  "total_medicaid_recipients" : "7977",
  "state_supplement_total" : "207"
}
, {
  "tfa_regular_cases" : "15",
  "tfa_two_parent_cases" : "3",
  "town_code" : "144",
  "snap_cases" : "441",
  "medicaid_lia_cases" : "292",
  "snap_recipients" : "730",
  "saga_cash_cases" : "12",
  "town_name" : "Trumbull",
  "tfa_regular_recipients" : "27",
  "saga_cash_recipients" : "12",
  "tfa_total_cases" : "18",
  "state_supplement_disabled" : "69",
  "tfa_two_parent_recipients" : "13",
  "state_supplement_aged" : "33",
  "medicaid_lia_recipients" : "292",
  "total_medicaid_cases" : "1579",
  "tfa_total_recipients" : "40",
  "total_medicaid_recipients" : "2476",
  "state_supplement_total" : "103"
}
, {
  "town_code" : "145",
  "snap_cases" : "10",
  "medicaid_lia_cases" : "8",
  "snap_recipients" : "17",
  "town_name" : "Union",
  "saga_cash_recipients" : "0",
  "tfa_total_cases" : "0",
  "medicaid_lia_recipients" : "8",
  "total_medicaid_cases" : "20",
  "tfa_total_recipients" : "0",
  "total_medicaid_recipients" : "29",
  "state_supplement_total" : "0"
}
, {
  "tfa_regular_cases" : "119",
  "tfa_two_parent_cases" : "8",
  "town_code" : "146",
  "snap_cases" : "1828",
  "medicaid_lia_cases" : "647",
  "snap_recipients" : "3361",
  "saga_cash_cases" : "46",
  "town_name" : "Vernon",
  "tfa_regular_recipients" : "238",
  "saga_cash_recipients" : "46",
  "tfa_total_cases" : "127",
  "state_supplement_disabled" : "111",
  "tfa_two_parent_recipients" : "33",
  "state_supplement_aged" : "37",
  "medicaid_lia_recipients" : "647",
  "state_supplement_blind" : "5",
  "total_medicaid_cases" : "3055",
  "tfa_total_recipients" : "271",
  "total_medicaid_recipients" : "5221",
  "state_supplement_total" : "154"
}
, {
  "tfa_regular_cases" : "7",
  "town_code" : "147",
  "snap_cases" : "114",
  "medicaid_lia_cases" : "51",
  "snap_recipients" : "201",
  "saga_cash_cases" : "2",
  "town_name" : "Voluntown",
  "tfa_regular_recipients" : "13",
  "saga_cash_recipients" : "2",
  "tfa_total_cases" : "7",
  "state_supplement_disabled" : "8",
  "medicaid_lia_recipients" : "51",
  "total_medicaid_cases" : "190",
  "tfa_total_recipients" : "13",
  "total_medicaid_recipients" : "337",
  "state_supplement_total" : "8"
}
, {
  "tfa_regular_cases" : "64",
  "tfa_two_parent_cases" : "7",
  "town_code" : "148",
  "snap_cases" : "1269",
  "medicaid_lia_cases" : "591",
  "snap_recipients" : "2225",
  "saga_cash_cases" : "23",
  "town_name" : "Wallingford",
  "tfa_regular_recipients" : "117",
  "saga_cash_recipients" : "23",
  "tfa_total_cases" : "71",
  "state_supplement_disabled" : "63",
  "tfa_two_parent_recipients" : "26",
  "state_supplement_aged" : "94",
  "medicaid_lia_recipients" : "591",
  "total_medicaid_cases" : "3004",
  "tfa_total_recipients" : "143",
  "total_medicaid_recipients" : "4823",
  "state_supplement_total" : "157"
}
, {
  "town_code" : "149",
  "snap_cases" : "14",
  "medicaid_lia_cases" : "5",
  "snap_recipients" : "37",
  "town_name" : "Warren",
  "saga_cash_recipients" : "0",
  "tfa_total_cases" : "0",
  "medicaid_lia_recipients" : "5",
  "total_medicaid_cases" : "42",
  "tfa_total_recipients" : "0",
  "total_medicaid_recipients" : "95",
  "state_supplement_total" : "0"
}
, {
  "tfa_regular_cases" : "1",
  "town_code" : "150",
  "snap_cases" : "49",
  "medicaid_lia_cases" : "40",
  "snap_recipients" : "96",
  "town_name" : "Washington",
  "tfa_regular_recipients" : "3",
  "saga_cash_recipients" : "0",
  "tfa_total_cases" : "1",
  "medicaid_lia_recipients" : "40",
  "total_medicaid_cases" : "159",
  "tfa_total_recipients" : "3",
  "total_medicaid_recipients" : "286",
  "state_supplement_total" : "0"
}
, {
  "tfa_regular_cases" : "1549",
  "tfa_two_parent_cases" : "136",
  "town_code" : "151",
  "snap_cases" : "17628",
  "medicaid_lia_cases" : "6540",
  "snap_recipients" : "33986",
  "saga_cash_cases" : "314",
  "town_name" : "Waterbury",
  "tfa_regular_recipients" : "3177",
  "saga_cash_recipients" : "314",
  "tfa_total_cases" : "1685",
  "state_supplement_disabled" : "869",
  "tfa_two_parent_recipients" : "473",
  "state_supplement_aged" : "313",
  "medicaid_lia_recipients" : "6541",
  "state_supplement_blind" : "3",
  "total_medicaid_cases" : "25803",
  "tfa_total_recipients" : "3650",
  "total_medicaid_recipients" : "43435",
  "state_supplement_total" : "1185"
}
, {
  "tfa_regular_cases" : "29",
  "tfa_two_parent_cases" : "1",
  "town_code" : "152",
  "snap_cases" : "603",
  "medicaid_lia_cases" : "285",
  "snap_recipients" : "1002",
  "saga_cash_cases" : "23",
  "town_name" : "Waterford",
  "tfa_regular_recipients" : "52",
  "saga_cash_recipients" : "23",
  "tfa_total_cases" : "30",
  "state_supplement_disabled" : "40",
  "tfa_two_parent_recipients" : "3",
  "state_supplement_aged" : "9",
  "medicaid_lia_recipients" : "285",
  "total_medicaid_cases" : "1412",
  "tfa_total_recipients" : "55",
  "total_medicaid_recipients" : "2188",
  "state_supplement_total" : "49"
}
, {
  "tfa_regular_cases" : "39",
  "tfa_two_parent_cases" : "3",
  "town_code" : "153",
  "snap_cases" : "669",
  "medicaid_lia_cases" : "319",
  "snap_recipients" : "1153",
  "saga_cash_cases" : "13",
  "town_name" : "Watertown",
  "tfa_regular_recipients" : "77",
  "saga_cash_recipients" : "13",
  "tfa_total_cases" : "42",
  "state_supplement_disabled" : "101",
  "tfa_two_parent_recipients" : "10",
  "state_supplement_aged" : "25",
  "medicaid_lia_recipients" : "319",
  "state_supplement_blind" : "1",
  "total_medicaid_cases" : "1491",
  "tfa_total_recipients" : "87",
  "total_medicaid_recipients" : "2484",
  "state_supplement_total" : "127"
}
, {
  "tfa_regular_cases" : "6",
  "town_code" : "154",
  "snap_cases" : "232",
  "medicaid_lia_cases" : "96",
  "snap_recipients" : "322",
  "saga_cash_cases" : "4",
  "town_name" : "Westbrook",
  "tfa_regular_recipients" : "9",
  "saga_cash_recipients" : "4",
  "tfa_total_cases" : "6",
  "state_supplement_disabled" : "30",
  "state_supplement_aged" : "9",
  "medicaid_lia_recipients" : "96",
  "total_medicaid_cases" : "446",
  "tfa_total_recipients" : "9",
  "total_medicaid_recipients" : "641",
  "state_supplement_total" : "39"
}
, {
  "tfa_regular_cases" : "102",
  "tfa_two_parent_cases" : "7",
  "town_code" : "155",
  "snap_cases" : "2097",
  "medicaid_lia_cases" : "668",
  "snap_recipients" : "3602",
  "saga_cash_cases" : "44",
  "town_name" : "West Hartford",
  "tfa_regular_recipients" : "196",
  "saga_cash_recipients" : "44",
  "tfa_total_cases" : "109",
  "state_supplement_disabled" : "152",
  "tfa_two_parent_recipients" : "24",
  "state_supplement_aged" : "302",
  "medicaid_lia_recipients" : "668",
  "state_supplement_blind" : "4",
  "total_medicaid_cases" : "4556",
  "tfa_total_recipients" : "220",
  "total_medicaid_recipients" : "6798",
  "state_supplement_total" : "459"
}
, {
  "tfa_regular_cases" : "317",
  "tfa_two_parent_cases" : "31",
  "town_code" : "156",
  "snap_cases" : "4456",
  "medicaid_lia_cases" : "1735",
  "snap_recipients" : "8198",
  "saga_cash_cases" : "87",
  "town_name" : "West Haven",
  "tfa_regular_recipients" : "621",
  "saga_cash_recipients" : "87",
  "tfa_total_cases" : "348",
  "state_supplement_disabled" : "149",
  "tfa_two_parent_recipients" : "97",
  "state_supplement_aged" : "53",
  "medicaid_lia_recipients" : "1736",
  "total_medicaid_cases" : "7636",
  "tfa_total_recipients" : "718",
  "total_medicaid_recipients" : "12699",
  "state_supplement_total" : "202"
}
, {
  "tfa_regular_cases" : "2",
  "tfa_two_parent_cases" : "*",
  "town_code" : "157",
  "snap_cases" : "30",
  "medicaid_lia_cases" : "37",
  "snap_recipients" : "49",
  "town_name" : "Weston",
  "tfa_regular_recipients" : "3",
  "saga_cash_recipients" : "0",
  "tfa_total_cases" : "2",
  "state_supplement_disabled" : "3",
  "tfa_two_parent_recipients" : "2",
  "state_supplement_aged" : "1",
  "medicaid_lia_recipients" : "37",
  "total_medicaid_cases" : "132",
  "tfa_total_recipients" : "5",
  "total_medicaid_recipients" : "229",
  "state_supplement_total" : "4"
}
, {
  "tfa_regular_cases" : "9",
  "tfa_two_parent_cases" : "*",
  "town_code" : "158",
  "snap_cases" : "245",
  "medicaid_lia_cases" : "146",
  "snap_recipients" : "379",
  "saga_cash_cases" : "4",
  "town_name" : "Westport",
  "tfa_regular_recipients" : "18",
  "saga_cash_recipients" : "4",
  "tfa_total_cases" : "9",
  "state_supplement_disabled" : "16",
  "tfa_two_parent_recipients" : "1",
  "state_supplement_aged" : "4",
  "medicaid_lia_recipients" : "146",
  "total_medicaid_cases" : "547",
  "tfa_total_recipients" : "19",
  "total_medicaid_recipients" : "809",
  "state_supplement_total" : "20"
}
, {
  "tfa_regular_cases" : "30",
  "tfa_two_parent_cases" : "1",
  "town_code" : "159",
  "snap_cases" : "1045",
  "medicaid_lia_cases" : "344",
  "snap_recipients" : "1601",
  "saga_cash_cases" : "34",
  "town_name" : "Wethersfield",
  "tfa_regular_recipients" : "61",
  "saga_cash_recipients" : "34",
  "tfa_total_cases" : "31",
  "state_supplement_disabled" : "37",
  "tfa_two_parent_recipients" : "4",
  "state_supplement_aged" : "36",
  "medicaid_lia_recipients" : "344",
  "total_medicaid_cases" : "1619",
  "tfa_total_recipients" : "65",
  "total_medicaid_recipients" : "2565",
  "state_supplement_total" : "73"
}
, {
  "tfa_regular_cases" : "9",
  "tfa_two_parent_cases" : "1",
  "town_code" : "160",
  "snap_cases" : "145",
  "medicaid_lia_cases" : "63",
  "snap_recipients" : "242",
  "saga_cash_cases" : "1",
  "town_name" : "Willington",
  "tfa_regular_recipients" : "20",
  "saga_cash_recipients" : "1",
  "tfa_total_cases" : "10",
  "state_supplement_disabled" : "31",
  "tfa_two_parent_recipients" : "3",
  "state_supplement_aged" : "8",
  "medicaid_lia_recipients" : "63",
  "total_medicaid_cases" : "296",
  "tfa_total_recipients" : "23",
  "total_medicaid_recipients" : "493",
  "state_supplement_total" : "39"
}
, {
  "tfa_regular_cases" : "1",
  "tfa_two_parent_cases" : "*",
  "town_code" : "161",
  "snap_cases" : "64",
  "medicaid_lia_cases" : "41",
  "snap_recipients" : "89",
  "saga_cash_cases" : "2",
  "town_name" : "Wilton",
  "tfa_regular_recipients" : "4",
  "saga_cash_recipients" : "2",
  "tfa_total_cases" : "1",
  "state_supplement_disabled" : "5",
  "tfa_two_parent_recipients" : "2",
  "state_supplement_aged" : "5",
  "medicaid_lia_recipients" : "41",
  "total_medicaid_cases" : "396",
  "tfa_total_recipients" : "6",
  "total_medicaid_recipients" : "541",
  "state_supplement_total" : "10"
}
, {
  "tfa_regular_cases" : "33",
  "tfa_two_parent_cases" : "5",
  "town_code" : "162",
  "snap_cases" : "715",
  "medicaid_lia_cases" : "265",
  "snap_recipients" : "1333",
  "saga_cash_cases" : "11",
  "town_name" : "Winchester",
  "tfa_regular_recipients" : "62",
  "saga_cash_recipients" : "11",
  "tfa_total_cases" : "38",
  "state_supplement_disabled" : "61",
  "tfa_two_parent_recipients" : "21",
  "state_supplement_aged" : "12",
  "medicaid_lia_recipients" : "265",
  "total_medicaid_cases" : "1307",
  "tfa_total_recipients" : "83",
  "total_medicaid_recipients" : "2293",
  "state_supplement_total" : "73"
}
, {
  "tfa_regular_cases" : "301",
  "tfa_two_parent_cases" : "19",
  "town_code" : "163",
  "snap_cases" : "3540",
  "medicaid_lia_cases" : "1359",
  "snap_recipients" : "6451",
  "saga_cash_cases" : "90",
  "town_name" : "Windham",
  "tfa_regular_recipients" : "622",
  "saga_cash_recipients" : "90",
  "tfa_total_cases" : "320",
  "state_supplement_disabled" : "96",
  "tfa_two_parent_recipients" : "70",
  "state_supplement_aged" : "22",
  "medicaid_lia_recipients" : "1359",
  "total_medicaid_cases" : "5088",
  "tfa_total_recipients" : "692",
  "total_medicaid_recipients" : "8268",
  "state_supplement_total" : "118"
}
, {
  "tfa_regular_cases" : "83",
  "tfa_two_parent_cases" : "6",
  "town_code" : "164",
  "snap_cases" : "1291",
  "medicaid_lia_cases" : "543",
  "snap_recipients" : "2204",
  "saga_cash_cases" : "37",
  "town_name" : "Windsor",
  "tfa_regular_recipients" : "156",
  "saga_cash_recipients" : "37",
  "tfa_total_cases" : "89",
  "state_supplement_disabled" : "99",
  "tfa_two_parent_recipients" : "21",
  "state_supplement_aged" : "48",
  "medicaid_lia_recipients" : "543",
  "total_medicaid_cases" : "2603",
  "tfa_total_recipients" : "177",
  "total_medicaid_recipients" : "3952",
  "state_supplement_total" : "148"
}
, {
  "tfa_regular_cases" : "30",
  "tfa_two_parent_cases" : "6",
  "town_code" : "165",
  "snap_cases" : "524",
  "medicaid_lia_cases" : "213",
  "snap_recipients" : "1012",
  "saga_cash_cases" : "7",
  "town_name" : "Windsor Locks",
  "tfa_regular_recipients" : "69",
  "saga_cash_recipients" : "7",
  "tfa_total_cases" : "36",
  "state_supplement_disabled" : "26",
  "tfa_two_parent_recipients" : "24",
  "state_supplement_aged" : "6",
  "medicaid_lia_recipients" : "213",
  "total_medicaid_cases" : "961",
  "tfa_total_recipients" : "93",
  "total_medicaid_recipients" : "1733",
  "state_supplement_total" : "32"
}
, {
  "tfa_regular_cases" : "26",
  "tfa_two_parent_cases" : "1",
  "town_code" : "166",
  "snap_cases" : "430",
  "medicaid_lia_cases" : "203",
  "snap_recipients" : "748",
  "saga_cash_cases" : "9",
  "town_name" : "Wolcott",
  "tfa_regular_recipients" : "45",
  "saga_cash_recipients" : "9",
  "tfa_total_cases" : "27",
  "state_supplement_disabled" : "41",
  "tfa_two_parent_recipients" : "5",
  "state_supplement_aged" : "7",
  "medicaid_lia_recipients" : "203",
  "total_medicaid_cases" : "1023",
  "tfa_total_recipients" : "50",
  "total_medicaid_recipients" : "1687",
  "state_supplement_total" : "48"
}
, {
  "tfa_regular_cases" : "7",
  "town_code" : "167",
  "snap_cases" : "85",
  "medicaid_lia_cases" : "71",
  "snap_recipients" : "135",
  "saga_cash_cases" : "2",
  "town_name" : "Woodbridge",
  "tfa_regular_recipients" : "12",
  "saga_cash_recipients" : "2",
  "tfa_total_cases" : "7",
  "state_supplement_disabled" : "7",
  "state_supplement_aged" : "5",
  "medicaid_lia_recipients" : "71",
  "total_medicaid_cases" : "315",
  "tfa_total_recipients" : "12",
  "total_medicaid_recipients" : "452",
  "state_supplement_total" : "12"
}
, {
  "tfa_regular_cases" : "7",
  "town_code" : "168",
  "snap_cases" : "151",
  "medicaid_lia_cases" : "76",
  "snap_recipients" : "258",
  "saga_cash_cases" : "3",
  "town_name" : "Woodbury",
  "tfa_regular_recipients" : "15",
  "saga_cash_recipients" : "3",
  "tfa_total_cases" : "7",
  "state_supplement_disabled" : "21",
  "state_supplement_aged" : "6",
  "medicaid_lia_recipients" : "76",
  "total_medicaid_cases" : "359",
  "tfa_total_recipients" : "15",
  "total_medicaid_recipients" : "634",
  "state_supplement_total" : "27"
}
, {
  "tfa_regular_cases" : "4",
  "tfa_two_parent_cases" : "1",
  "town_code" : "169",
  "snap_cases" : "163",
  "medicaid_lia_cases" : "87",
  "snap_recipients" : "296",
  "saga_cash_cases" : "4",
  "town_name" : "Woodstock",
  "tfa_regular_recipients" : "6",
  "saga_cash_recipients" : "4",
  "tfa_total_cases" : "5",
  "state_supplement_disabled" : "1",
  "tfa_two_parent_recipients" : "6",
  "state_supplement_aged" : "1",
  "medicaid_lia_recipients" : "87",
  "total_medicaid_cases" : "377",
  "tfa_total_recipients" : "12",
  "total_medicaid_recipients" : "695",
  "state_supplement_total" : "2"
}
, {
  "snap_cases" : "2",
  "medicaid_lia_cases" : "2",
  "snap_recipients" : "3",
  "town_name" : "Unclassified",
  "saga_cash_recipients" : "0",
  "tfa_total_cases" : "0",
  "medicaid_lia_recipients" : "2",
  "total_medicaid_cases" : "261",
  "tfa_total_recipients" : "0",
  "total_medicaid_recipients" : "263",
  "state_supplement_total" : "0"
}
, {
  "tfa_regular_cases" : "15552",
  "tfa_two_parent_cases" : "1,497",
  "snap_cases" : "215393",
  "medicaid_lia_cases" : "86426",
  "snap_recipients" : "393764",
  "saga_cash_cases" : "4844",
  "town_name" : "STATEWIDE",
  "tfa_regular_recipients" : "31284",
  "saga_cash_recipients" : "4844",
  "tfa_total_cases" : "17049",
  "state_supplement_disabled" : "10343",
  "tfa_two_parent_recipients" : "5053",
  "state_supplement_aged" : "4553",
  "medicaid_lia_recipients" : "86435",
  "state_supplement_blind" : "78",
  "total_medicaid_cases" : "372782",
  "tfa_total_recipients" : "36337",
  "total_medicaid_recipients" : "609861",
  "state_supplement_total" : "14974"
}
 ]