[ {
  "blms_loc_street" : "MAPLE AV",
  "ycoord" : "828611",
  "blms_dba" : "SOUTH END PIZZA & RESTAURANT",
  "blms_parcel" : "232762020",
  "xcoord" : "1017311",
  "bldt_lic_text3" : "RESTAURANT",
  "bldt_lic_text6" : "SEATING CAPACITY 20",
  "blms_id" : "10457",
  "blms_loc_no" : "888",
  "bldt_lic_text2" : "FOOD - CLASS 4"
}
, {
  "blms_loc_street" : "PARK ST",
  "ycoord" : "837002",
  "blms_dba" : "EL GRAN DOMINICANO RESTAURANT",
  "blms_parcel" : "204425174",
  "xcoord" : "1016689",
  "bldt_lic_text3" : "RESTAURANT",
  "bldt_lic_text6" : "SEATING CAPACITY 1",
  "blms_id" : "10880",
  "blms_loc_no" : "704",
  "bldt_lic_text2" : "FOOD - CLASS 4"
}
, {
  "blms_loc_street" : "PRATT ST",
  "ycoord" : "840384",
  "blms_dba" : "THE SOCIETY ROOM OF HARTFORD",
  "blms_parcel" : "245345115",
  "xcoord" : "1020753",
  "bldt_lic_text3" : "RESTAURANT",
  "blms_id" : "11086",
  "blms_loc_no" : "31",
  "bldt_lic_text2" : "FOOD - CLASS 4"
}
, {
  "blms_loc_street" : "PARK ST",
  "ycoord" : "836726",
  "blms_dba" : "EL BOHIO RESTAURANT",
  "blms_parcel" : "248456091",
  "xcoord" : "1019751",
  "bldt_lic_text3" : "RESTAURANT",
  "blms_id" : "10512",
  "blms_loc_no" : "90",
  "bldt_lic_text2" : "FOOD - CLASS 1"
}
, {
  "blms_loc_street" : "PARK ST",
  "ycoord" : "836880",
  "bldt_lic_text7" : "LIQUOR",
  "blms_dba" : "PITTA GOURMET PIZZA",
  "blms_parcel" : "226537059",
  "xcoord" : "1017673",
  "bldt_lic_text3" : "RESTAURANT",
  "bldt_lic_text6" : "SEATING CAPACITY 62",
  "blms_id" : "10518",
  "blms_loc_no" : "507",
  "bldt_lic_text2" : "FOOD - CLASS 4"
}
, {
  "blms_loc_street" : "ASYLUM ST",
  "ycoord" : "840460",
  "bldt_lic_text7" : "LIQUOR",
  "blms_dba" : "BLACK EYED SALLY'S",
  "blms_parcel" : "245333067",
  "xcoord" : "1019237",
  "bldt_lic_text3" : "RESTAURANT",
  "bldt_lic_text6" : "SEATING CAPACITY 160",
  "blms_id" : "10095",
  "blms_loc_no" : "350",
  "bldt_lic_text2" : "FOOD - CLASS 4"
}
, {
  "blms_loc_street" : "MAIN ST",
  "ycoord" : "839060",
  "bldt_lic_text7" : "LIQUOR",
  "blms_dba" : "WADSWORTH ATHENEUM",
  "blms_parcel" : "269362005",
  "xcoord" : "1020868",
  "bldt_lic_text3" : "RESTAURANT",
  "bldt_lic_text6" : "SEATING CAPACITY 500",
  "blms_id" : "10391",
  "blms_loc_no" : "600",
  "bldt_lic_text2" : "FOOD - CLASS 4"
}
, {
  "blms_loc_street" : "ALBANY AV",
  "ycoord" : "845327",
  "blms_dba" : "CHANNER'S SUNSHINE RESTAURANT",
  "blms_parcel" : "176200188",
  "xcoord" : "1015320",
  "bldt_lic_text3" : "RESTAURANT",
  "blms_id" : "10037",
  "blms_loc_no" : "1037",
  "bldt_lic_text2" : "FOOD - CLASS 4"
}
, {
  "blms_loc_street" : "HILLSIDE AV",
  "ycoord" : "833180",
  "blms_dba" : "OMEGA PIZZA RESTAURANT",
  "blms_parcel" : "184521053",
  "xcoord" : "1014194",
  "bldt_lic_text3" : "RESTAURANT",
  "bldt_lic_text6" : "LIQUOR",
  "blms_id" : "15243",
  "blms_loc_no" : "168",
  "bldt_lic_text2" : "FOOD - CLASS 4"
}
, {
  "blms_loc_street" : "BARBOUR ST",
  "ycoord" : "849731",
  "blms_dba" : "CHEONG GARDEN RESTAURANT",
  "blms_parcel" : "239112045",
  "xcoord" : "1019577",
  "bldt_lic_text3" : "RESTAURANT",
  "bldt_lic_text6" : "SEATING CAPACITY 8",
  "blms_id" : "10109",
  "blms_loc_no" : "265",
  "bldt_lic_text2" : "FOOD - CLASS 4"
}
, {
  "blms_loc_street" : "FRANKLIN AV",
  "ycoord" : "833836",
  "blms_dba" : "CITY FARE, INC.",
  "blms_parcel" : "250579183",
  "xcoord" : "1019857",
  "bldt_lic_text3" : "RESTAURANT",
  "bldt_lic_text6" : "SEATING CAPACITY 1",
  "blms_id" : "10291",
  "blms_loc_no" : "86",
  "bldt_lic_text2" : "FOOD - CLASS 4"
}
, {
  "blms_loc_street" : "BARBOUR ST",
  "ycoord" : "847639",
  "blms_dba" : "COZY SPOT, LLC",
  "blms_parcel" : "240162026",
  "xcoord" : "1019322",
  "bldt_lic_text3" : "RESTAURANT",
  "bldt_lic_text6" : "SEATING CAPACITY 39",
  "blms_id" : "10100",
  "blms_loc_no" : "77",
  "bldt_lic_text2" : "FOOD - CLASS 4"
}
, {
  "blms_loc_street" : "SISSON AV",
  "ycoord" : "839753",
  "blms_dba" : "CHICKEN CITY",
  "blms_parcel" : "134394203",
  "xcoord" : "1011725",
  "bldt_lic_text3" : "RESTAURANT",
  "blms_id" : "12589",
  "blms_loc_no" : "106",
  "bldt_lic_text2" : "FOOD - CLASS 3"
}
, {
  "blms_loc_street" : "WHITNEY ST",
  "ycoord" : "839990",
  "blms_dba" : "MO'S MIDTOWN RESTAURANT",
  "blms_parcel" : "133304001",
  "xcoord" : "1010552",
  "bldt_lic_text3" : "RESTAURANT",
  "bldt_lic_text6" : "SEATING CAPACITY 41",
  "blms_id" : "10730",
  "blms_loc_no" : "25",
  "bldt_lic_text2" : "FOOD - CLASS 3"
}
, {
  "blms_loc_street" : "WASHINGTON ST",
  "ycoord" : "835848",
  "blms_dba" : "SUBWAY 23326",
  "blms_parcel" : "227550153",
  "xcoord" : "1018500",
  "bldt_lic_text3" : "RESTAURANT",
  "bldt_lic_text6" : "SEATING CAPACITY 1",
  "blms_id" : "10690",
  "blms_loc_no" : "234",
  "bldt_lic_text2" : "FOOD - CLASS 4"
}
, {
  "blms_loc_street" : "PARK ST",
  "ycoord" : "836987",
  "blms_dba" : "BROASTERANT",
  "blms_parcel" : "204430213",
  "xcoord" : "1017080",
  "bldt_lic_text3" : "RESTAURANT",
  "bldt_lic_text6" : "SEATING CAPACITY 35",
  "blms_id" : "10527",
  "blms_loc_no" : "630",
  "bldt_lic_text2" : "FOOD - CLASS 3"
}
, {
  "blms_loc_street" : "PARK ST",
  "ycoord" : "836219",
  "bldt_lic_text7" : "LIQUOR",
  "blms_dba" : "LENA'S FIRST & LAST PIZZERI",
  "blms_parcel" : "113471005",
  "xcoord" : "1010040",
  "bldt_lic_text3" : "RESTAURANT",
  "bldt_lic_text6" : "SEATING CAPACITY = 80",
  "blms_id" : "10567",
  "blms_loc_no" : "2053",
  "bldt_lic_text2" : "FOOD - CLASS 4"
}
, {
  "blms_loc_street" : "BLOOMFIELD AV",
  "ycoord" : "850173",
  "blms_dba" : "UNIVERSITY OF HARTFORD - SUBWAY",
  "blms_parcel" : "125001001",
  "xcoord" : "1009980",
  "bldt_lic_text3" : "RESTAURANT",
  "blms_id" : "10137",
  "blms_loc_no" : "200",
  "bldt_lic_text2" : "FOOD - CLASS 3"
}
, {
  "blms_loc_street" : "BLUE HILLS AV",
  "ycoord" : "854285",
  "blms_dba" : "MR. PIZZA",
  "blms_parcel" : "169014056",
  "xcoord" : "1014774",
  "bldt_lic_text3" : "RESTAURANT",
  "blms_id" : "10143",
  "blms_loc_no" : "671",
  "bldt_lic_text2" : "FOOD - CLASS 4"
}
, {
  "blms_loc_street" : "NEWINGTON AV",
  "ycoord" : "824598",
  "bldt_lic_text7" : "LIQUOR",
  "blms_dba" : "PRIMAVERA PUB",
  "blms_parcel" : "145700007",
  "xcoord" : "1010782",
  "bldt_lic_text3" : "RESTAURANT",
  "bldt_lic_text6" : "SEATING CAPACITY 45",
  "blms_id" : "10505",
  "blms_loc_no" : "271",
  "bldt_lic_text2" : "FOOD - CLASS 4"
}
, {
  "blms_loc_street" : "PRATT ST",
  "ycoord" : "840400",
  "bldt_lic_text7" : "LIQUOR",
  "blms_dba" : "VAUGHAN'S PUBLIC HOUSE, LLC",
  "blms_parcel" : "245345116",
  "xcoord" : "1020657",
  "bldt_lic_text3" : "RESTAURANT",
  "bldt_lic_text6" : "SEATING CAPACITY 135",
  "blms_id" : "10576",
  "blms_loc_no" : "59",
  "bldt_lic_text2" : "FOOD - CLASS 4"
}
, {
  "blms_loc_street" : "TRUMBULL ST",
  "ycoord" : "839450",
  "bldt_lic_text7" : "LIQUOR",
  "blms_dba" : "VITO'S BY THE PARK",
  "blms_parcel" : "246347031",
  "xcoord" : "1020311",
  "bldt_lic_text3" : "RESTAURANT",
  "bldt_lic_text6" : "SEATING CAPACITY 160",
  "blms_id" : "10885",
  "blms_loc_no" : "26",
  "bldt_lic_text2" : "FOOD - CLASS 4"
}
, {
  "blms_loc_street" : "ALBANY AV",
  "ycoord" : "845470",
  "blms_dba" : "LOK CHUNG RESTAURANT",
  "blms_parcel" : "176194074",
  "xcoord" : "1014505",
  "bldt_lic_text3" : "RESTAURANT",
  "blms_id" : "10049",
  "blms_loc_no" : "1291",
  "bldt_lic_text2" : "FOOD - CLASS 4"
}
, {
  "blms_loc_street" : "FRANKLIN AV",
  "ycoord" : "832457",
  "bldt_lic_text7" : "LIQUOR",
  "blms_dba" : "CORNER GRINDER RESTAURANT",
  "blms_parcel" : "251678201",
  "xcoord" : "1020051",
  "bldt_lic_text3" : "RESTAURANT",
  "bldt_lic_text6" : "SEATING CAPACITY 52",
  "blms_id" : "10292",
  "blms_loc_no" : "200",
  "bldt_lic_text2" : "FOOD - CLASS 4"
}
, {
  "blms_loc_street" : "AIRPORT RD",
  "ycoord" : "829749",
  "blms_dba" : "BURGER KING #895",
  "blms_parcel" : "276690149",
  "xcoord" : "1022358",
  "bldt_lic_text3" : "RESTAURANT",
  "bldt_lic_text6" : "SEATING CAPACITY 2",
  "blms_id" : "10003",
  "blms_loc_no" : "70",
  "bldt_lic_text2" : "FOOD - CLASS 3"
}
, {
  "blms_loc_street" : "FARMINGTON AV",
  "ycoord" : "840534",
  "blms_dba" : "A-1 PIZZA",
  "blms_parcel" : "179319046",
  "xcoord" : "1014252",
  "bldt_lic_text3" : "RESTAURANT",
  "blms_id" : "10267",
  "blms_loc_no" : "274",
  "bldt_lic_text2" : "FOOD - CLASS 4"
}
, {
  "blms_loc_street" : "PROSPECT AV",
  "ycoord" : "834909",
  "blms_dba" : "MCDONALD'S",
  "blms_parcel" : "114471006",
  "xcoord" : "1009666",
  "bldt_lic_text3" : "RESTAURANT",
  "bldt_lic_text6" : "SEATING CAPACITY 85",
  "blms_id" : "10581",
  "blms_loc_no" : "214",
  "bldt_lic_text2" : "FOOD - CLASS 3"
}
, {
  "blms_loc_street" : "FARMINGTON AV",
  "ycoord" : "840074",
  "blms_dba" : "BURGER KING #849",
  "blms_parcel" : "133310071",
  "xcoord" : "1011067",
  "bldt_lic_text3" : "RESTAURANT",
  "bldt_lic_text6" : "SEATING CAPACITY 72",
  "blms_id" : "10274",
  "blms_loc_no" : "524",
  "bldt_lic_text2" : "FOOD - CLASS 4"
}
, {
  "blms_loc_street" : "ARCH ST",
  "ycoord" : "838299",
  "bldt_lic_text7" : "LIQUOR",
  "blms_dba" : "ARCH STREET TAVERN",
  "blms_parcel" : "270462027",
  "xcoord" : "1021612",
  "bldt_lic_text3" : "RESTAURANT",
  "bldt_lic_text6" : "SEATING CAPACITY = 120",
  "blms_id" : "10063",
  "blms_loc_no" : "85",
  "bldt_lic_text2" : "FOOD - CLASS 4"
}
, {
  "blms_loc_street" : "TRUMBULL ST",
  "ycoord" : "839717",
  "blms_dba" : "SALUTE LLC",
  "blms_parcel" : "246347027",
  "xcoord" : "1020344",
  "bldt_lic_text3" : "RESTAURANT",
  "blms_id" : "13463",
  "blms_loc_no" : "100",
  "bldt_lic_text2" : "FOOD - CLASS 4"
}
, {
  "blms_loc_street" : "CAPITOL AV",
  "ycoord" : "838998",
  "blms_dba" : "LA PALOMA SABANERA",
  "blms_parcel" : "202423077",
  "xcoord" : "1016683",
  "bldt_lic_text3" : "RESTAURANT",
  "blms_id" : "12154",
  "blms_loc_no" : "405",
  "bldt_lic_text2" : "FOOD - CLASS 4"
}
, {
  "blms_loc_street" : "WOODLAND ST",
  "ycoord" : "843860",
  "blms_dba" : "WOODLAND PIZZA",
  "blms_parcel" : "177251005",
  "xcoord" : "1014117",
  "bldt_lic_text3" : "RESTAURANT",
  "blms_id" : "13945",
  "blms_loc_no" : "150",
  "bldt_lic_text2" : "FOOD - CLASS 3"
}
, {
  "blms_loc_street" : "PARK ST",
  "ycoord" : "836659",
  "blms_dba" : "NEW PARK #1 CHINESE RESTAURANT",
  "blms_parcel" : "159480014",
  "xcoord" : "1012229",
  "bldt_lic_text3" : "RESTAURANT",
  "blms_id" : "10544",
  "blms_loc_no" : "1615",
  "bldt_lic_text2" : "FOOD - CLASS 4"
}
, {
  "blms_loc_street" : "BROAD ST",
  "ycoord" : "832096",
  "blms_dba" : "LAS GARZAS",
  "blms_parcel" : "207646106",
  "xcoord" : "1017189",
  "bldt_lic_text3" : "RESTAURANT",
  "bldt_lic_text6" : "SEATING CAPACITY 20",
  "blms_id" : "11089",
  "blms_loc_no" : "1786",
  "bldt_lic_text2" : "FOOD - CLASS 4"
}
, {
  "blms_loc_street" : "PARK ST",
  "ycoord" : "836365",
  "blms_dba" : "BRAZIL GRILL & PIZZA",
  "blms_parcel" : "136378019",
  "xcoord" : "1010366",
  "bldt_lic_text3" : "RESTAURANT",
  "bldt_lic_text6" : "SEATING CAPACITY 40",
  "blms_id" : "10906",
  "blms_loc_no" : "1996",
  "bldt_lic_text2" : "FOOD - CLASS 4"
}
, {
  "blms_loc_street" : "PARK ST",
  "ycoord" : "836337",
  "blms_dba" : "CASA LISBOA, LLC",
  "blms_parcel" : "113370033",
  "xcoord" : "1009888",
  "bldt_lic_text3" : "RESTAURANT",
  "bldt_lic_text6" : "SEATING CAPACITY 100",
  "blms_id" : "11040",
  "blms_loc_no" : "2074",
  "bldt_lic_text2" : "FOOD - CLASS 4"
}
, {
  "blms_loc_street" : "WASHINGTON ST",
  "ycoord" : "836788",
  "blms_dba" : "WANS CHINESE KITCHEN LLC",
  "blms_parcel" : "226549134",
  "xcoord" : "1018522",
  "bldt_lic_text3" : "RESTAURANT",
  "blms_id" : "10903",
  "blms_loc_no" : "162",
  "bldt_lic_text2" : "FOOD - CLASS 4"
}
, {
  "blms_loc_street" : "NEW BRITAIN AV",
  "ycoord" : "827373",
  "bldt_lic_text7" : "LIQUOR",
  "blms_dba" : "EMPIRE PIZZA",
  "blms_parcel" : "143703022",
  "xcoord" : "1010302",
  "bldt_lic_text3" : "RESTAURANT",
  "bldt_lic_text6" : "SEATING CAPACITY 2",
  "blms_id" : "10491",
  "blms_loc_no" : "861",
  "bldt_lic_text2" : "FOOD - CLASS 3"
}
, {
  "blms_loc_street" : "MAIN ST",
  "ycoord" : "847400",
  "blms_dba" : "HOT POTS",
  "blms_parcel" : "263128044",
  "xcoord" : "1020838",
  "bldt_lic_text3" : "RESTAURANT",
  "blms_id" : "10979",
  "blms_loc_no" : "2374",
  "bldt_lic_text2" : "FOOD - CLASS 4"
}
, {
  "blms_loc_street" : "CAPITOL AV",
  "ycoord" : "838908",
  "blms_dba" : "CAPITOL SUBS LLC",
  "blms_parcel" : "202428087",
  "xcoord" : "1017148",
  "bldt_lic_text3" : "RESTAURANT",
  "blms_id" : "14288",
  "blms_loc_no" : "335",
  "bldt_lic_text2" : "FOOD - CLASS 4"
}
, {
  "blms_loc_street" : "FARMINGTON AV",
  "ycoord" : "840558",
  "blms_dba" : "DOMINO'S PIZZA",
  "blms_parcel" : "179318016",
  "xcoord" : "1013750",
  "bldt_lic_text3" : "RESTAURANT",
  "blms_id" : "10268",
  "blms_loc_no" : "312",
  "bldt_lic_text2" : "FOOD - CLASS 3"
}
, {
  "blms_loc_street" : "FRANKLIN AV",
  "ycoord" : "829998",
  "blms_dba" : "TICO'S PLACE",
  "blms_parcel" : "253684232",
  "xcoord" : "1020350",
  "bldt_lic_text3" : "RESTAURANT",
  "blms_id" : "13668",
  "blms_loc_no" : "394",
  "bldt_lic_text2" : "FOOD - CLASS 4"
}
, {
  "blms_loc_street" : "NEW BRITAIN AV",
  "ycoord" : "828055",
  "bldt_lic_text7" : "LIQUOR",
  "blms_dba" : "COYOTE FLACO",
  "blms_parcel" : "165725084",
  "xcoord" : "1013066",
  "bldt_lic_text3" : "RESTAURANT",
  "bldt_lic_text6" : "SEATING CAPACITY 42",
  "blms_id" : "10820",
  "blms_loc_no" : "635",
  "bldt_lic_text2" : "FOOD - CLASS 4"
}
, {
  "blms_loc_street" : "NEW BRITAIN AV",
  "ycoord" : "830233",
  "bldt_lic_text7" : "LIQUOR",
  "blms_dba" : "PIOLIN RESTAURANT",
  "blms_parcel" : "187624069",
  "xcoord" : "1014600",
  "bldt_lic_text3" : "RESTAURANT",
  "bldt_lic_text6" : "SEATING CAPACITY  48",
  "blms_id" : "10485",
  "blms_loc_no" : "417",
  "bldt_lic_text2" : "FOOD - CLASS 4"
}
, {
  "blms_loc_street" : "ALBANY AV",
  "ycoord" : "845470",
  "blms_dba" : "JAM SKE'S RESTAURANT",
  "blms_parcel" : "176194074",
  "xcoord" : "1014505",
  "bldt_lic_text3" : "RESTAURANT",
  "bldt_lic_text6" : "SEATING CAPACITY 8",
  "blms_id" : "10050",
  "blms_loc_no" : "1291",
  "bldt_lic_text2" : "FOOD - CLASS 4"
}
, {
  "blms_loc_street" : "FRANKLIN AV",
  "ycoord" : "833650",
  "bldt_lic_text7" : "LIQUOR",
  "blms_dba" : "ALPINE CAFE",
  "blms_parcel" : "250577063",
  "xcoord" : "1019735",
  "bldt_lic_text3" : "RESTAURANT",
  "bldt_lic_text6" : "SEATING CAPACITY 2",
  "blms_id" : "10873",
  "blms_loc_no" : "99",
  "bldt_lic_text2" : "FOOD - CLASS 2"
}
, {
  "blms_loc_street" : "SEYMOUR ST",
  "ycoord" : "835662",
  "blms_dba" : "FRIENDLY'S RESTAURANTS, LLC",
  "blms_parcel" : "227550168",
  "xcoord" : "1018827",
  "bldt_lic_text3" : "RESTAURANT",
  "bldt_lic_text6" : "SEATING CAPACITY 112",
  "blms_id" : "10608",
  "blms_loc_no" : "85",
  "bldt_lic_text2" : "FOOD - CLASS 3"
}
, {
  "blms_loc_street" : "FRANKLIN AV",
  "ycoord" : "827212",
  "blms_dba" : "THE PLACE TO BE RESTAURANT LLC",
  "blms_parcel" : "255795224",
  "xcoord" : "1020574",
  "bldt_lic_text3" : "RESTAURANT",
  "blms_id" : "13784",
  "blms_loc_no" : "615",
  "bldt_lic_text2" : "FOOD - CLASS 4"
}
, {
  "blms_loc_street" : "ADELAIDE ST",
  "ycoord" : "830840",
  "blms_dba" : "MAPLE GIANT GRINDER & PIZZA",
  "blms_parcel" : "230658193",
  "xcoord" : "1018193",
  "bldt_lic_text3" : "RESTAURANT",
  "bldt_lic_text6" : "SEATING CAPACITY 30",
  "blms_id" : "10001",
  "blms_loc_no" : "236",
  "bldt_lic_text2" : "FOOD - CLASS 4"
}
, {
  "blms_loc_street" : "PARK ST",
  "ycoord" : "836390",
  "bldt_lic_text7" : "LIQUOR",
  "blms_dba" : "O CAMELO RESTAURANT",
  "blms_parcel" : "136478146",
  "xcoord" : "1011093",
  "bldt_lic_text3" : "RESTAURANT",
  "bldt_lic_text6" : "SEATING CAPACITY 75",
  "blms_id" : "10554",
  "blms_loc_no" : "1841",
  "bldt_lic_text2" : "FOOD - CLASS 3"
}
, {
  "blms_loc_street" : "TEMPLE ST",
  "ycoord" : "840463",
  "blms_dba" : "LE PETITE CHEF",
  "blms_parcel" : "268351018",
  "xcoord" : "1021153",
  "bldt_lic_text3" : "RESTAURANT",
  "bldt_lic_text6" : "SEATING CAPACITY 2",
  "blms_id" : "10638",
  "blms_loc_no" : "36",
  "bldt_lic_text2" : "FOOD - CLASS 4"
}
, {
  "blms_loc_street" : "FARMINGTON AV",
  "ycoord" : "839958",
  "blms_dba" : "KENTUCKY FRIED CHICKEN",
  "blms_parcel" : "134387198",
  "xcoord" : "1011355",
  "bldt_lic_text3" : "RESTAURANT",
  "bldt_lic_text6" : "SEATING CAPACITY  44",
  "blms_id" : "10273",
  "blms_loc_no" : "501",
  "bldt_lic_text2" : "FOOD - CLASS 4"
}
, {
  "blms_loc_street" : "PEARL ST",
  "ycoord" : "839930",
  "blms_dba" : "CAFE PEARL",
  "blms_parcel" : "246346034",
  "xcoord" : "1020512",
  "bldt_lic_text3" : "RESTAURANT",
  "blms_id" : "10881",
  "blms_loc_no" : "100",
  "bldt_lic_text2" : "FOOD - CLASS 3"
}
, {
  "blms_loc_street" : "ASYLUM ST",
  "ycoord" : "840155",
  "bldt_lic_text7" : "LIQUOR",
  "blms_dba" : "FENG ASIAN BISTRO",
  "blms_parcel" : "245346125",
  "xcoord" : "1020458",
  "bldt_lic_text3" : "RESTAURANT",
  "bldt_lic_text6" : "SEATING CAPACITY 4",
  "blms_id" : "10085",
  "blms_loc_no" : "93",
  "bldt_lic_text2" : "FOOD - CLASS 4"
}
, {
  "blms_loc_street" : "WESTON ST",
  "ycoord" : "847734",
  "blms_dba" : "MCDONALD'S",
  "blms_parcel" : "286129006",
  "xcoord" : "1023928",
  "bldt_lic_text3" : "RESTAURANT",
  "bldt_lic_text6" : "SEATING CAPACITY 80",
  "blms_id" : "10697",
  "blms_loc_no" : "98",
  "bldt_lic_text2" : "FOOD - CLASS 3"
}
, {
  "blms_loc_street" : "NEW PARK AV",
  "ycoord" : "832862",
  "blms_dba" : "NICOLE'S RESTAURANT",
  "blms_parcel" : "116474019",
  "xcoord" : "1009892",
  "bldt_lic_text3" : "RESTAURANT",
  "bldt_lic_text6" : "SEATING CAPACITY 30",
  "blms_id" : "10509",
  "blms_loc_no" : "341",
  "bldt_lic_text2" : "FOOD - CLASS 4"
}
, {
  "blms_loc_street" : "PEARL ST",
  "ycoord" : "840048",
  "blms_dba" : "BIN 228",
  "blms_parcel" : "245339095",
  "xcoord" : "1019809",
  "bldt_lic_text3" : "RESTAURANT",
  "bldt_lic_text6" : "SEATING CAPACITY 45",
  "blms_id" : "10574",
  "blms_loc_no" : "228",
  "bldt_lic_text2" : "FOOD - CLASS 3"
}
, {
  "blms_loc_street" : "ALBANY AV",
  "ycoord" : "845274",
  "blms_dba" : "MAMA'S PLACE",
  "blms_parcel" : "176200185",
  "xcoord" : "1015439",
  "bldt_lic_text3" : "RESTAURANT",
  "bldt_lic_text6" : "SEATING CAPACITY 18",
  "blms_id" : "10034",
  "blms_loc_no" : "1015",
  "bldt_lic_text2" : "FOOD - CLASS 3"
}
, {
  "blms_loc_street" : "FRANKLIN AV",
  "ycoord" : "830293",
  "bldt_lic_text7" : "LIQUOR",
  "blms_dba" : "ANDREA'S RESTAURANTE",
  "blms_parcel" : "253672213",
  "xcoord" : "1020168",
  "bldt_lic_text3" : "RESTAURANT",
  "bldt_lic_text6" : "SEATING CAPACITY 82",
  "blms_id" : "10309",
  "blms_loc_no" : "371",
  "bldt_lic_text2" : "FOOD - CLASS 4"
}
, {
  "blms_loc_street" : "MAIN ST",
  "ycoord" : "849824",
  "blms_dba" : "STAR CHINESE RESTAURANT",
  "blms_parcel" : "261121098",
  "xcoord" : "1022667",
  "bldt_lic_text3" : "RESTAURANT",
  "bldt_lic_text6" : "SEATING CAPACITY 1",
  "blms_id" : "10930",
  "blms_loc_no" : "2995",
  "bldt_lic_text2" : "FOOD - CLASS 4"
}
, {
  "blms_loc_street" : "ALBANY AV",
  "ycoord" : "845274",
  "blms_dba" : "FIRST WOK KITCHEN",
  "blms_parcel" : "176200185",
  "xcoord" : "1015439",
  "bldt_lic_text3" : "RESTAURANT",
  "blms_id" : "10033",
  "blms_loc_no" : "1011",
  "bldt_lic_text2" : "FOOD - CLASS 4"
}
, {
  "blms_loc_street" : "FRANKLIN AV",
  "ycoord" : "831534",
  "bldt_lic_text7" : "LIQUOR",
  "blms_dba" : "LA FONDA RESTAURANT",
  "blms_parcel" : "252669123",
  "xcoord" : "1020030",
  "bldt_lic_text3" : "RESTAURANT",
  "bldt_lic_text6" : "SEATING CAPACITY 75",
  "blms_id" : "10295",
  "blms_loc_no" : "269",
  "bldt_lic_text2" : "FOOD - CLASS 4"
}
, {
  "blms_loc_street" : "NEW BRITAIN AV",
  "ycoord" : "832940",
  "blms_dba" : "CHOICE ONE PIZZA",
  "blms_parcel" : "229548100",
  "xcoord" : "1017966",
  "bldt_lic_text3" : "RESTAURANT",
  "blms_id" : "10468",
  "blms_loc_no" : "24",
  "bldt_lic_text2" : "FOOD - CLASS 3"
}
, {
  "blms_loc_street" : "FARMINGTON AV",
  "ycoord" : "840134",
  "bldt_lic_text7" : "LIQUOR",
  "blms_dba" : "CITY PIZZA RESTAURANT",
  "blms_parcel" : "133313114",
  "xcoord" : "1011404",
  "bldt_lic_text3" : "RESTAURANT",
  "bldt_lic_text6" : "SEATING CAPACITY 16",
  "blms_id" : "10272",
  "blms_loc_no" : "498",
  "bldt_lic_text2" : "FOOD - CLASS 3"
}
, {
  "blms_loc_street" : "SIGOURNEY ST",
  "ycoord" : "838696",
  "blms_dba" : "SHIN & K CORP",
  "blms_parcel" : "181415009",
  "xcoord" : "1015200",
  "bldt_lic_text3" : "RESTAURANT",
  "blms_id" : "10616",
  "blms_loc_no" : "25",
  "bldt_lic_text2" : "FOOD - CLASS 2"
}
, {
  "blms_loc_street" : "WETHERSFIELD AV",
  "ycoord" : "827151",
  "bldt_lic_text7" : "LIQUOR",
  "blms_dba" : "COSTA DEL SOL RESTAURANT",
  "blms_parcel" : "278811070",
  "xcoord" : "1021816",
  "bldt_lic_text3" : "RESTAURANT",
  "bldt_lic_text6" : "SEATING CAPACITY 140",
  "blms_id" : "10722",
  "blms_loc_no" : "901",
  "bldt_lic_text2" : "FOOD - CLASS 4"
}
, {
  "blms_loc_street" : "PARK ST",
  "ycoord" : "836375",
  "blms_dba" : "CHINA JADE",
  "blms_parcel" : "136378021",
  "xcoord" : "1010578",
  "bldt_lic_text3" : "RESTAURANT",
  "blms_id" : "10545",
  "blms_loc_no" : "1954",
  "bldt_lic_text2" : "FOOD - CLASS 4"
}
, {
  "blms_loc_street" : "STATE HOUSE SQ",
  "ycoord" : "840383",
  "blms_dba" : "CHEF PAULINO",
  "blms_parcel" : "268351015",
  "xcoord" : "1021033",
  "bldt_lic_text3" : "RESTAURANT",
  "bldt_lic_text6" : "SEATING CAPACITY 2",
  "blms_id" : "10632",
  "blms_loc_no" : "30",
  "bldt_lic_text2" : "FOOD - CLASS 4"
}
, {
  "blms_loc_street" : "CAPITOL AV",
  "ycoord" : "838998",
  "blms_dba" : "SNACK-IT RESTAURANT",
  "blms_parcel" : "202423077",
  "xcoord" : "1016683",
  "bldt_lic_text3" : "RESTAURANT",
  "bldt_lic_text6" : "SEATING CAPACITY 25",
  "blms_id" : "10191",
  "blms_loc_no" : "399",
  "bldt_lic_text2" : "FOOD - CLASS 3"
}
, {
  "blms_loc_street" : "WASHINGTON ST",
  "ycoord" : "835142",
  "bldt_lic_text7" : "LIQUOR",
  "blms_dba" : "J RESTAURANT BAR",
  "blms_parcel" : "227543043",
  "xcoord" : "1018232",
  "bldt_lic_text3" : "RESTAURANT",
  "bldt_lic_text6" : "SEATING CAPACITY",
  "blms_id" : "10679",
  "blms_loc_no" : "297",
  "bldt_lic_text2" : "FOOD - CLASS 4"
}
, {
  "blms_loc_street" : "PARK ST",
  "ycoord" : "836987",
  "blms_dba" : "AQUI ME QUEDO RESTAURANT",
  "blms_parcel" : "204430213",
  "xcoord" : "1017080",
  "bldt_lic_text3" : "RESTAURANT",
  "bldt_lic_text6" : "SEATING CAPACITY = 18",
  "blms_id" : "10528",
  "blms_loc_no" : "622",
  "bldt_lic_text2" : "FOOD - CLASS 4"
}
, {
  "blms_loc_street" : "CAPITOL AV",
  "ycoord" : "839024",
  "bldt_lic_text7" : "LIQUOR",
  "blms_dba" : "RED ROCK TAVERN",
  "blms_parcel" : "202423073",
  "xcoord" : "1016884",
  "bldt_lic_text3" : "RESTAURANT",
  "bldt_lic_text6" : "SEATING CAPACITY 4",
  "blms_id" : "10188",
  "blms_loc_no" : "369",
  "bldt_lic_text2" : "FOOD - CLASS 4"
}
, {
  "blms_loc_street" : "FRANKLIN AV",
  "ycoord" : "829979",
  "blms_dba" : "EL PIOLIN",
  "blms_parcel" : "253675193",
  "xcoord" : "1020214",
  "bldt_lic_text3" : "RESTAURANT",
  "blms_id" : "15858",
  "blms_loc_no" : "395",
  "bldt_lic_text2" : "FOOD - CLASS 4"
}
, {
  "blms_loc_street" : "FRANKLIN AV",
  "ycoord" : "830713",
  "blms_dba" : "PARRILLA Y SABORES RESTAURANT",
  "blms_parcel" : "252682228",
  "xcoord" : "1020274",
  "bldt_lic_text3" : "RESTAURANT",
  "bldt_lic_text6" : "SEATING CAPACITY 76",
  "blms_id" : "10301",
  "blms_loc_no" : "342",
  "bldt_lic_text2" : "FOOD - CLASS 4"
}
, {
  "blms_loc_street" : "FRANKLIN AV",
  "ycoord" : "833055",
  "blms_dba" : "DOMINO'S PIZZA",
  "blms_parcel" : "251580140",
  "xcoord" : "1020010",
  "bldt_lic_text3" : "RESTAURANT",
  "blms_id" : "10288",
  "blms_loc_no" : "152",
  "bldt_lic_text2" : "FOOD - CLASS 3"
}
, {
  "blms_loc_street" : "MAIN ST",
  "ycoord" : "850323",
  "bldt_lic_text7" : "LIQUOR",
  "blms_dba" : "VIBZ UPTOWN FLAVA",
  "blms_parcel" : "284120024",
  "xcoord" : "1023311",
  "bldt_lic_text3" : "RESTAURANT",
  "bldt_lic_text6" : "SEATING CAPACITY 220",
  "blms_id" : "10425",
  "blms_loc_no" : "3155",
  "bldt_lic_text2" : "FOOD - CLASS 3"
}
, {
  "blms_loc_street" : "MAIN ST",
  "ycoord" : "840509",
  "blms_dba" : "PIETROS PIZZA II",
  "blms_parcel" : "268350014",
  "xcoord" : "1021044",
  "bldt_lic_text3" : "RESTAURANT",
  "blms_id" : "13526",
  "blms_loc_no" : "942",
  "bldt_lic_text2" : "FOOD - CLASS 4"
}
, {
  "blms_loc_street" : "MAIN ST",
  "ycoord" : "849751",
  "blms_dba" : "DUNN'S RIVER JAMAICAN RESTAURANT",
  "blms_parcel" : "285074005",
  "xcoord" : "1022912",
  "bldt_lic_text3" : "RESTAURANT",
  "blms_id" : "11361",
  "blms_loc_no" : "2996",
  "bldt_lic_text2" : "FOOD - CLASS 4"
}
, {
  "blms_loc_street" : "COLUMBUS BLVD",
  "ycoord" : "840577",
  "bldt_lic_text7" : "LIQUOR",
  "blms_dba" : "ON20",
  "blms_parcel" : "268355025",
  "xcoord" : "1021638",
  "bldt_lic_text3" : "RESTAURANT",
  "bldt_lic_text6" : "SEATING CAPACITY 267",
  "blms_id" : "10644",
  "blms_loc_no" : "400",
  "bldt_lic_text2" : "FOOD - CLASS 4"
}
, {
  "blms_loc_street" : "TRUMBULL ST",
  "ycoord" : "840950",
  "bldt_lic_text7" : "LIQUOR",
  "blms_dba" : "HARTFORD HILTON HOTEL",
  "blms_parcel" : "245337104",
  "xcoord" : "1020275",
  "bldt_lic_text3" : "RESTAURANT",
  "bldt_lic_text6" : "SEATING CAPACITY 120",
  "blms_id" : "10654",
  "blms_loc_no" : "315",
  "bldt_lic_text2" : "FOOD - CLASS 4"
}
, {
  "blms_loc_street" : "MAIN ST",
  "ycoord" : "839639",
  "blms_dba" : "TAKE FIVE LLC",
  "blms_parcel" : "246348766",
  "xcoord" : "1020795",
  "bldt_lic_text3" : "RESTAURANT",
  "bldt_lic_text6" : "SEATING CAPACITY 100",
  "blms_id" : "10283",
  "blms_loc_no" : "755",
  "bldt_lic_text2" : "FOOD - CLASS 4"
}
, {
  "blms_loc_street" : "ZION ST",
  "ycoord" : "833218",
  "blms_dba" : "TRINITY RESTAURANT, LLC",
  "blms_parcel" : "184521073",
  "xcoord" : "1015225",
  "bldt_lic_text3" : "RESTAURANT",
  "bldt_lic_text6" : "SEATING CAPACITY 70",
  "blms_id" : "10751",
  "blms_loc_no" : "243",
  "bldt_lic_text2" : "FOOD - CLASS 4"
}
, {
  "blms_loc_street" : "WOODLAND ST",
  "ycoord" : "843310",
  "blms_dba" : "AU BON PAIN #147",
  "blms_parcel" : "177253007",
  "xcoord" : "1013980",
  "bldt_lic_text3" : "RESTAURANT",
  "bldt_lic_text6" : "SEATING CAPACITY 3",
  "blms_id" : "10735",
  "blms_loc_no" : "114",
  "bldt_lic_text2" : "FOOD - CLASS 4"
}
, {
  "blms_loc_street" : "BLOOMFIELD AV",
  "ycoord" : "850173",
  "blms_dba" : "UNIV OF HARTFORD/ 1877 CLUB",
  "blms_parcel" : "125001001",
  "xcoord" : "1009980",
  "bldt_lic_text3" : "RESTAURANT",
  "bldt_lic_text6" : "SEATING CAPACITY 125",
  "blms_id" : "10123",
  "blms_loc_no" : "200",
  "bldt_lic_text2" : "FOOD - CLASS 4"
}
, {
  "blms_loc_street" : "FRANKLIN AV",
  "ycoord" : "827596",
  "bldt_lic_text7" : "LIQUOR",
  "blms_dba" : "CARBONE'S RESTAURANT",
  "blms_parcel" : "254809240",
  "xcoord" : "1020664",
  "bldt_lic_text3" : "RESTAURANT",
  "bldt_lic_text6" : "SEATING CAPACITY 4",
  "blms_id" : "10329",
  "blms_loc_no" : "588",
  "bldt_lic_text2" : "FOOD - CLASS 4"
}
, {
  "blms_loc_street" : "ALBANY AV",
  "ycoord" : "844711",
  "blms_dba" : "KENTUCKY FRIED CHICKEN",
  "blms_parcel" : "198215129",
  "xcoord" : "1016433",
  "bldt_lic_text3" : "RESTAURANT",
  "blms_id" : "10023",
  "blms_loc_no" : "779",
  "bldt_lic_text2" : "FOOD - CLASS 4"
}
, {
  "blms_loc_street" : "PARK ST",
  "ycoord" : "837000",
  "blms_dba" : "CARIBE RESTAURANT",
  "blms_parcel" : "204425176",
  "xcoord" : "1016800",
  "bldt_lic_text3" : "RESTAURANT",
  "bldt_lic_text6" : "SEATING CAPACITY 10",
  "blms_id" : "10531",
  "blms_loc_no" : "686",
  "bldt_lic_text2" : "FOOD - CLASS 4"
}
, {
  "blms_loc_street" : "ALBANY AV",
  "ycoord" : "845316",
  "blms_dba" : "POPEYE'S CHICKEN & BISCUITS",
  "blms_parcel" : "198201018",
  "xcoord" : "1015702",
  "bldt_lic_text3" : "RESTAURANT",
  "blms_id" : "14513",
  "blms_loc_no" : "964",
  "bldt_lic_text2" : "FOOD - CLASS 4"
}
, {
  "blms_loc_street" : "MAIN ST",
  "ycoord" : "838394",
  "blms_dba" : "SUBWAY 34181",
  "blms_parcel" : "247452211",
  "xcoord" : "1020538",
  "bldt_lic_text3" : "RESTAURANT",
  "blms_id" : "11083",
  "blms_loc_no" : "493",
  "bldt_lic_text2" : "FOOD - CLASS 4"
}
, {
  "blms_loc_street" : "BARBOUR ST",
  "ycoord" : "849784",
  "blms_dba" : "BURGER & PIZZA LAND",
  "blms_parcel" : "239112078",
  "xcoord" : "1019759",
  "bldt_lic_text3" : "RESTAURANT",
  "bldt_lic_text6" : "SEATING CAPACITY 2",
  "blms_id" : "10856",
  "blms_loc_no" : "295",
  "bldt_lic_text2" : "FOOD - CLASS 4"
}
, {
  "blms_loc_street" : "STATE HOUSE SQ",
  "ycoord" : "840383",
  "blms_dba" : "THE NATURAL",
  "blms_parcel" : "268351015",
  "xcoord" : "1021033",
  "bldt_lic_text3" : "RESTAURANT",
  "bldt_lic_text6" : "SEATING CAPACITY 3",
  "blms_id" : "10636",
  "blms_loc_no" : "30",
  "bldt_lic_text2" : "FOOD - CLASS 3"
}
, {
  "blms_loc_street" : "ASYLUM ST",
  "ycoord" : "840082",
  "blms_dba" : "AU BON PAIN",
  "blms_parcel" : "245340100",
  "xcoord" : "1020054",
  "bldt_lic_text3" : "RESTAURANT",
  "bldt_lic_text6" : "SEATING CAPACITY 149",
  "blms_id" : "10088",
  "blms_loc_no" : "185",
  "bldt_lic_text2" : "FOOD - CLASS 4"
}
, {
  "blms_loc_street" : "FARMINGTON AV",
  "ycoord" : "840134",
  "blms_dba" : "CHINA HOUSE, LLC",
  "blms_parcel" : "133313114",
  "xcoord" : "1011404",
  "bldt_lic_text3" : "RESTAURANT",
  "bldt_lic_text6" : "SEATING CAPACITY = 30",
  "blms_id" : "10830",
  "blms_loc_no" : "498",
  "bldt_lic_text2" : "FOOD - CLASS 4"
}
, {
  "blms_loc_street" : "BROAD ST",
  "ycoord" : "839280",
  "bldt_lic_text7" : "LIQUOR",
  "blms_dba" : "THE OFFICERS CLUB OF CT",
  "blms_parcel" : "224431004",
  "xcoord" : "1017499",
  "bldt_lic_text3" : "RESTAURANT",
  "bldt_lic_text6" : "SEATING CAPACITY 120",
  "blms_id" : "10153",
  "blms_loc_no" : "360",
  "bldt_lic_text2" : "FOOD - CLASS 4"
}
, {
  "blms_loc_street" : "BLUE HILLS AV",
  "ycoord" : "853973",
  "blms_dba" : "WEI MEI CHINESE RESTAURANT",
  "blms_parcel" : "170024161",
  "xcoord" : "1014781",
  "bldt_lic_text3" : "RESTAURANT",
  "blms_id" : "10138",
  "blms_loc_no" : "651",
  "bldt_lic_text2" : "FOOD - CLASS 4"
}
, {
  "blms_loc_street" : "PARK ST",
  "ycoord" : "837222",
  "blms_dba" : "SUBWAY 48342",
  "blms_parcel" : "182410002",
  "xcoord" : "1014348",
  "bldt_lic_text3" : "RESTAURANT",
  "blms_id" : "15044",
  "blms_loc_no" : "1240",
  "bldt_lic_text2" : "FOOD - CLASS 4"
}
, {
  "blms_loc_street" : "SOUTH WHITNEY ST",
  "ycoord" : "839856",
  "bldt_lic_text7" : "LIQUOR",
  "blms_dba" : "SO. WHITNEY PIZZA & GRINDER",
  "blms_parcel" : "134383129",
  "xcoord" : "1010720",
  "bldt_lic_text3" : "RESTAURANT",
  "bldt_lic_text6" : "SEATING CAPACITY 40",
  "blms_id" : "10627",
  "blms_loc_no" : "264",
  "bldt_lic_text2" : "FOOD - CLASS 4"
}
, {
  "blms_loc_street" : "MAIN ST",
  "ycoord" : "851579",
  "blms_dba" : "EPIPHANY",
  "blms_parcel" : "283074175",
  "xcoord" : "1023905",
  "bldt_lic_text3" : "RESTAURANT",
  "bldt_lic_text6" : "SEATING CAPACITY 1",
  "blms_id" : "10435",
  "blms_loc_no" : "3430",
  "bldt_lic_text2" : "FOOD - CLASS 3"
}
, {
  "blms_loc_street" : "MAIN ST",
  "ycoord" : "838538",
  "blms_dba" : "CORNERSTONE DELI",
  "blms_parcel" : "247451212",
  "xcoord" : "1020564",
  "bldt_lic_text3" : "RESTAURANT",
  "bldt_lic_text6" : "SEATING CAPACITY 50",
  "blms_id" : "10389",
  "blms_loc_no" : "529",
  "bldt_lic_text2" : "FOOD - CLASS 4"
}
, {
  "blms_loc_street" : "BROAD ST",
  "ycoord" : "834811",
  "blms_dba" : "CAMPUS PIZZA",
  "blms_parcel" : "205544125",
  "xcoord" : "1017232",
  "bldt_lic_text3" : "RESTAURANT",
  "bldt_lic_text6" : "SEATING CAPACITY = 24",
  "blms_id" : "10165",
  "blms_loc_no" : "1258",
  "bldt_lic_text2" : "FOOD - CLASS 4"
}
, {
  "blms_loc_street" : "ASYLUM ST",
  "ycoord" : "840007",
  "blms_dba" : "KOJI YAKITORI SAKE BAR",
  "blms_parcel" : "269346002",
  "xcoord" : "1020872",
  "bldt_lic_text3" : "RESTAURANT",
  "bldt_lic_text6" : "SEATING CAPACITY 74",
  "blms_id" : "10081",
  "blms_loc_no" : "17",
  "bldt_lic_text2" : "FOOD - CLASS 4"
}
, {
  "blms_loc_street" : "TRUMBULL ST",
  "ycoord" : "840393",
  "blms_dba" : "MAX BIBO'S OF TRUMBULL, LLC",
  "blms_parcel" : "245345120",
  "xcoord" : "1020363",
  "bldt_lic_text3" : "RESTAURANT",
  "bldt_lic_text6" : "SEATING CAPACITY 37",
  "blms_id" : "10653",
  "blms_loc_no" : "208",
  "bldt_lic_text2" : "FOOD - CLASS 4"
}
, {
  "blms_loc_street" : "WASHINGTON ST",
  "ycoord" : "836655",
  "blms_dba" : "MCDONALD'S RESTAURANT",
  "blms_parcel" : "226549135",
  "xcoord" : "1018529",
  "bldt_lic_text3" : "RESTAURANT",
  "bldt_lic_text6" : "SEATING CAPACITY 3",
  "blms_id" : "10678",
  "blms_loc_no" : "170",
  "bldt_lic_text2" : "FOOD - CLASS 3"
}
, {
  "blms_loc_street" : "FARMINGTON AV",
  "ycoord" : "839962",
  "blms_dba" : "SUBWAY OF HARTFORD",
  "blms_parcel" : "134394216",
  "xcoord" : "1011704",
  "bldt_lic_text3" : "RESTAURANT",
  "bldt_lic_text6" : "SEATING CAPACITY 17",
  "blms_id" : "10269",
  "blms_loc_no" : "471",
  "bldt_lic_text2" : "FOOD - CLASS 3"
}
, {
  "blms_loc_street" : "ALBANY AV",
  "ycoord" : "844302",
  "blms_dba" : "LOK HING CHINESE RESTAURANT",
  "blms_parcel" : "199219154",
  "xcoord" : "1017064",
  "bldt_lic_text3" : "RESTAURANT",
  "blms_id" : "15096",
  "blms_loc_no" : "635",
  "bldt_lic_text2" : "FOOD - CLASS 4"
}
, {
  "blms_loc_street" : "ALBANY AV",
  "ycoord" : "844884",
  "blms_dba" : "BERNICE RESTAURANT",
  "blms_parcel" : "198209112",
  "xcoord" : "1016159",
  "bldt_lic_text3" : "RESTAURANT",
  "bldt_lic_text6" : "SEATING CAPACITY 39",
  "blms_id" : "10026",
  "blms_loc_no" : "851",
  "bldt_lic_text2" : "FOOD - CLASS 3"
}
, {
  "blms_loc_street" : "MAIN ST",
  "ycoord" : "848902",
  "blms_dba" : "SISTERS RESTAURANT INC",
  "blms_parcel" : "262128114",
  "xcoord" : "1022081",
  "bldt_lic_text3" : "RESTAURANT",
  "bldt_lic_text6" : "SEATING CAPACITY 32",
  "blms_id" : "10421",
  "blms_loc_no" : "2756",
  "bldt_lic_text2" : "FOOD - CLASS 4"
}
, {
  "blms_loc_street" : "TEMPLE ST",
  "ycoord" : "840509",
  "blms_dba" : "SAIGON KITCHEN",
  "blms_parcel" : "268350014",
  "xcoord" : "1021044",
  "bldt_lic_text3" : "RESTAURANT",
  "blms_id" : "10404",
  "blms_loc_no" : "40",
  "bldt_lic_text2" : "FOOD - CLASS 3"
}
, {
  "blms_loc_street" : "PROSPECT AV",
  "ycoord" : "834605",
  "blms_dba" : "BURGER KING #620",
  "blms_parcel" : "114472008",
  "xcoord" : "1009629",
  "bldt_lic_text3" : "RESTAURANT",
  "blms_id" : "15656",
  "blms_loc_no" : "186",
  "bldt_lic_text2" : "FOOD - CLASS 4"
}
, {
  "blms_loc_street" : "AIRPORT RD",
  "ycoord" : "829793",
  "blms_dba" : "WENDY'S OLD FASHIONED HAMBURGERS",
  "blms_parcel" : "299690002",
  "xcoord" : "1022625",
  "bldt_lic_text3" : "RESTAURANT",
  "bldt_lic_text6" : "SEATING CAPACITY  3",
  "blms_id" : "10005",
  "blms_loc_no" : "90",
  "bldt_lic_text2" : "FOOD - CLASS 4"
}
, {
  "blms_loc_street" : "MAIN ST",
  "ycoord" : "837071",
  "blms_dba" : "ASHLEY'S",
  "blms_parcel" : "248458117",
  "xcoord" : "1020293",
  "bldt_lic_text3" : "RESTAURANT",
  "bldt_lic_text6" : "SEATING CAPACITY 40",
  "blms_id" : "10833",
  "blms_loc_no" : "221",
  "bldt_lic_text2" : "FOOD - CLASS 4"
}
, {
  "blms_loc_street" : "PARK ST",
  "ycoord" : "836775",
  "blms_dba" : "EL COMERIO RESTAURANT LLC",
  "blms_parcel" : "248450037",
  "xcoord" : "1019448",
  "bldt_lic_text3" : "RESTAURANT",
  "bldt_lic_text6" : "SEATING CAPACITY 31",
  "blms_id" : "10514",
  "blms_loc_no" : "158",
  "bldt_lic_text2" : "FOOD - CLASS 4"
}
, {
  "blms_loc_street" : "FLATBUSH AV",
  "ycoord" : "830345",
  "blms_dba" : "SUBWAY",
  "blms_parcel" : "140588001",
  "xcoord" : "1009878",
  "bldt_lic_text3" : "RESTAURANT",
  "blms_id" : "11046",
  "blms_loc_no" : "495",
  "bldt_lic_text2" : "FOOD - CLASS 3"
}
, {
  "blms_loc_street" : "FARMINGTON AV",
  "ycoord" : "840065",
  "blms_dba" : "ICHIBAN JAPANESE & KOREAN",
  "blms_parcel" : "133310070",
  "xcoord" : "1010976",
  "bldt_lic_text3" : "RESTAURANT",
  "bldt_lic_text6" : "SEATING CAPACITY 80",
  "blms_id" : "10827",
  "blms_loc_no" : "530",
  "bldt_lic_text2" : "FOOD - CLASS 4"
}
, {
  "blms_loc_street" : "FRANKLIN AV",
  "ycoord" : "829090",
  "bldt_lic_text7" : "SEATING CAPACITY = 8",
  "blms_dba" : "SUBWAY",
  "blms_parcel" : "253788055",
  "xcoord" : "1020328",
  "bldt_lic_text3" : "RESTAURANT",
  "blms_id" : "10322",
  "blms_loc_no" : "467",
  "bldt_lic_text2" : "FOOD - CLASS 3"
}
, {
  "blms_loc_street" : "ASYLUM ST",
  "ycoord" : "840103",
  "blms_dba" : "SUBWAY 26166",
  "blms_parcel" : "246346025",
  "xcoord" : "1020602",
  "bldt_lic_text3" : "RESTAURANT",
  "blms_id" : "10084",
  "blms_loc_no" : "65",
  "bldt_lic_text2" : "FOOD - CLASS 4"
}
, {
  "blms_loc_street" : "TRUMBULL ST",
  "ycoord" : "840070",
  "blms_dba" : "TRUMBULL KITCHEN",
  "blms_parcel" : "245346127",
  "xcoord" : "1020325",
  "bldt_lic_text3" : "RESTAURANT",
  "bldt_lic_text6" : "SEATING CAPACITY 176",
  "blms_id" : "10655",
  "blms_loc_no" : "150",
  "bldt_lic_text2" : "FOOD - CLASS 4"
}
, {
  "blms_loc_street" : "MAIN ST",
  "ycoord" : "840509",
  "bldt_lic_text7" : "LIQUOR",
  "blms_dba" : "CITY STEAM BREWERY, LLC",
  "blms_parcel" : "268350014",
  "xcoord" : "1021044",
  "bldt_lic_text3" : "RESTAURANT",
  "bldt_lic_text6" : "SEATING CAPACITY 4",
  "blms_id" : "10399",
  "blms_loc_no" : "942",
  "bldt_lic_text2" : "FOOD - CLASS 4"
}
, {
  "blms_loc_street" : "WETHERSFIELD AV",
  "ycoord" : "836031",
  "blms_dba" : "NEW CHINA STAR",
  "blms_parcel" : "248557110",
  "xcoord" : "1020282",
  "bldt_lic_text3" : "RESTAURANT",
  "blms_id" : "10700",
  "blms_loc_no" : "1",
  "bldt_lic_text2" : "FOOD - CLASS 4"
}
, {
  "blms_loc_street" : "FRANKLIN AV",
  "ycoord" : "830545",
  "blms_dba" : "ALLEGRO CAFE",
  "blms_parcel" : "252671022",
  "xcoord" : "1020120",
  "bldt_lic_text3" : "RESTAURANT",
  "bldt_lic_text6" : "SEATING CAPACITY 40",
  "blms_id" : "10305",
  "blms_loc_no" : "347",
  "bldt_lic_text2" : "FOOD - CLASS 3"
}
, {
  "blms_loc_street" : "MAIN ST",
  "ycoord" : "850323",
  "blms_dba" : "HARTFORD NO. 1 CHINESE RESTAURANT",
  "blms_parcel" : "284120024",
  "xcoord" : "1023311",
  "bldt_lic_text3" : "RESTAURANT",
  "blms_id" : "10427",
  "blms_loc_no" : "3155",
  "bldt_lic_text2" : "FOOD - CLASS 4"
}
, {
  "blms_loc_street" : "FRANKLIN AV",
  "ycoord" : "829162",
  "bldt_lic_text7" : "LIQUOR",
  "blms_dba" : "FRANKLIN GIANT SANDWICH",
  "blms_parcel" : "253802268",
  "xcoord" : "1020480",
  "bldt_lic_text3" : "RESTAURANT",
  "bldt_lic_text6" : "SEATING CAPACITY 74",
  "blms_id" : "10320",
  "blms_loc_no" : "464",
  "bldt_lic_text2" : "FOOD - CLASS 4"
}
, {
  "blms_loc_street" : "NEW BRITAIN AV",
  "ycoord" : "827315",
  "bldt_lic_text7" : "QFO = JERMAINE D. TORRUELLA",
  "blms_dba" : "BURGER KING #6807",
  "blms_parcel" : "120587040",
  "xcoord" : "1009647",
  "bldt_lic_text3" : "RESTAURANT",
  "bldt_lic_text6" : "SEATING CAPACITY 75",
  "blms_id" : "10876",
  "blms_loc_no" : "914",
  "bldt_lic_text2" : "FOOD - CLASS 4"
}
, {
  "blms_loc_street" : "FRANKLIN AV",
  "ycoord" : "830947",
  "bldt_lic_text7" : "LIQUOR",
  "blms_dba" : "FRANCESCO'S RISTORANTE",
  "blms_parcel" : "252681200",
  "xcoord" : "1020251",
  "bldt_lic_text3" : "RESTAURANT",
  "bldt_lic_text6" : "SEATING CAPACITY 120",
  "blms_id" : "10285",
  "blms_loc_no" : "318",
  "bldt_lic_text2" : "FOOD - CLASS 4"
}
, {
  "blms_loc_street" : "FARMINGTON AV",
  "ycoord" : "840541",
  "blms_dba" : "NO. 1 CHINA PALACE",
  "blms_parcel" : "179320179",
  "xcoord" : "1014465",
  "bldt_lic_text3" : "RESTAURANT",
  "bldt_lic_text6" : "SEATING CAPACITY 28",
  "blms_id" : "10261",
  "blms_loc_no" : "258",
  "bldt_lic_text2" : "FOOD - CLASS 4"
}
, {
  "blms_loc_street" : "BRAINARD RD",
  "ycoord" : "829869",
  "blms_dba" : "MCDONALD'S BRAINARD ROAD",
  "blms_parcel" : "316694004",
  "xcoord" : "1024701",
  "bldt_lic_text3" : "RESTAURANT",
  "bldt_lic_text6" : "SEATING CAPACITY 3",
  "blms_id" : "10147",
  "blms_loc_no" : "76",
  "bldt_lic_text2" : "FOOD - CLASS 3"
}
, {
  "blms_loc_street" : "MAPLE AV",
  "ycoord" : "830043",
  "blms_dba" : "GREAT WALL CHINESE RESTAURANT",
  "blms_parcel" : "231661052",
  "xcoord" : "1017870",
  "bldt_lic_text3" : "RESTAURANT",
  "blms_id" : "13910",
  "blms_loc_no" : "764",
  "bldt_lic_text2" : "FOOD - CLASS 4"
}
, {
  "blms_loc_street" : "ASYLUM ST",
  "ycoord" : "840082",
  "bldt_lic_text7" : "LIQUOR",
  "blms_dba" : "MAX DOWNTOWN, LLC",
  "blms_parcel" : "245340100",
  "xcoord" : "1020054",
  "bldt_lic_text3" : "RESTAURANT",
  "bldt_lic_text6" : "SEATING CAPACITY 4",
  "blms_id" : "10089",
  "blms_loc_no" : "185",
  "bldt_lic_text2" : "FOOD - CLASS 3"
}
, {
  "blms_loc_street" : "ALBANY AV",
  "ycoord" : "843290",
  "bldt_lic_text7" : "LIQUOR",
  "blms_dba" : "AQUI ME QUEDO II",
  "blms_parcel" : "243243047",
  "xcoord" : "1019270",
  "bldt_lic_text3" : "RESTAURANT",
  "bldt_lic_text6" : "SEATING CAPACITY 60",
  "blms_id" : "10009",
  "blms_loc_no" : "150",
  "bldt_lic_text2" : "FOOD - CLASS 4"
}
, {
  "blms_loc_street" : "FRANKLIN AV",
  "ycoord" : "830621",
  "blms_dba" : "CHINA HOUSE RESTAURANT",
  "blms_parcel" : "252683242",
  "xcoord" : "1020285",
  "bldt_lic_text3" : "RESTAURANT",
  "blms_id" : "10931",
  "blms_loc_no" : "344",
  "bldt_lic_text2" : "FOOD - CLASS 4"
}
, {
  "blms_loc_street" : "FRANKLIN AV",
  "ycoord" : "827719",
  "bldt_lic_text7" : "LIQUOR: WINE & BEER ONLY",
  "blms_dba" : "FICARA'S RESTAURANT",
  "blms_parcel" : "254801195",
  "xcoord" : "1020523",
  "bldt_lic_text3" : "RESTAURANT",
  "bldt_lic_text6" : "SEATING CAPACITY 50",
  "blms_id" : "10328",
  "blms_loc_no" : "577",
  "bldt_lic_text2" : "FOOD - CLASS 4"
}
, {
  "blms_loc_street" : "NEW BRITAIN AV",
  "ycoord" : "831274",
  "blms_dba" : "ABC PIZZA",
  "blms_parcel" : "208632013",
  "xcoord" : "1015943",
  "bldt_lic_text3" : "RESTAURANT",
  "bldt_lic_text6" : "SEATING CAPACITY 36",
  "blms_id" : "10483",
  "blms_loc_no" : "287",
  "bldt_lic_text2" : "FOOD - CLASS 3"
}
, {
  "blms_loc_street" : "FARMINGTON AV",
  "ycoord" : "840552",
  "blms_dba" : "ISLAND CUISINE",
  "blms_parcel" : "179318017",
  "xcoord" : "1013957",
  "bldt_lic_text3" : "RESTAURANT",
  "blms_id" : "10265",
  "blms_loc_no" : "300",
  "bldt_lic_text2" : "FOOD - CLASS 3"
}
, {
  "blms_loc_street" : "CIVIC CENTER PLAZA",
  "ycoord" : "840394",
  "bldt_lic_text7" : "LIQUOR",
  "blms_dba" : "COMCAST CLUB",
  "blms_parcel" : "245338094",
  "xcoord" : "1020084",
  "bldt_lic_text3" : "RESTAURANT",
  "blms_id" : "10216",
  "blms_loc_no" : "1",
  "bldt_lic_text2" : "FOOD - CLASS 4"
}
, {
  "blms_loc_street" : "PARK ST",
  "ycoord" : "837011",
  "blms_dba" : "BEAN POT RESTAURANT",
  "blms_parcel" : "204422135",
  "xcoord" : "1016418",
  "bldt_lic_text3" : "RESTAURANT",
  "bldt_lic_text6" : "SEATING CAPACITY 43",
  "blms_id" : "10533",
  "blms_loc_no" : "764",
  "bldt_lic_text2" : "FOOD - CLASS 4"
}
, {
  "blms_loc_street" : "SISSON AV",
  "ycoord" : "839875",
  "blms_dba" : "NEW CHINA KING RESTAURANT",
  "blms_parcel" : "134387193",
  "xcoord" : "1011601",
  "bldt_lic_text3" : "RESTAURANT",
  "blms_id" : "10652",
  "blms_loc_no" : "259",
  "bldt_lic_text2" : "FOOD - CLASS 4"
}
, {
  "blms_loc_street" : "BLUE HILLS AV",
  "ycoord" : "854333",
  "blms_dba" : "ISLAND VIBES & GRILL",
  "blms_parcel" : "169014057",
  "xcoord" : "1014769",
  "bldt_lic_text3" : "RESTAURANT",
  "blms_id" : "14970",
  "blms_loc_no" : "675",
  "bldt_lic_text2" : "FOOD - CLASS 4"
}
, {
  "blms_loc_street" : "FARMINGTON AV",
  "ycoord" : "839891",
  "bldt_lic_text7" : "LIQUOR",
  "blms_dba" : "MONTE ALBAN, LLC",
  "blms_parcel" : "134383127",
  "xcoord" : "1011002",
  "bldt_lic_text3" : "RESTAURANT",
  "bldt_lic_text6" : "SEATING CAPACITY 50",
  "blms_id" : "10275",
  "blms_loc_no" : "531",
  "bldt_lic_text2" : "FOOD - CLASS 4"
}
, {
  "blms_loc_street" : "BRAINARD RD",
  "ycoord" : "828579",
  "bldt_lic_text7" : "LIQUOR",
  "blms_dba" : "U.S.S. CHOWDER POT IV LTD.",
  "blms_parcel" : "300817011",
  "xcoord" : "1024229",
  "bldt_lic_text3" : "RESTAURANT",
  "bldt_lic_text6" : "SEATING CAPACITY 800",
  "blms_id" : "10148",
  "blms_loc_no" : "165",
  "bldt_lic_text2" : "FOOD - CLASS 4"
}
, {
  "blms_loc_street" : "FARMINGTON AV",
  "ycoord" : "840534",
  "blms_dba" : "PEKING GARDEN",
  "blms_parcel" : "179320180",
  "xcoord" : "1014572",
  "bldt_lic_text3" : "RESTAURANT",
  "blms_id" : "10260",
  "blms_loc_no" : "244",
  "bldt_lic_text2" : "FOOD - CLASS 3"
}
, {
  "blms_loc_street" : "ALLYN ST",
  "ycoord" : "840698",
  "blms_dba" : "ALADDIN II HALAL",
  "blms_parcel" : "245333075",
  "xcoord" : "1019465",
  "bldt_lic_text3" : "RESTAURANT",
  "bldt_lic_text6" : "SEATING CAPACITY 33",
  "blms_id" : "10045",
  "blms_loc_no" : "121",
  "bldt_lic_text2" : "FOOD - CLASS 4"
}
, {
  "blms_loc_street" : "ANN UCCELLO ST",
  "ycoord" : "840674",
  "blms_dba" : "THE TAVERN DOWNTOWN",
  "blms_parcel" : "245333073",
  "xcoord" : "1019626",
  "bldt_lic_text3" : "RESTAURANT",
  "blms_id" : "15595",
  "blms_loc_no" : "201",
  "bldt_lic_text2" : "FOOD - CLASS 4"
}
, {
  "blms_loc_street" : "MAIN ST",
  "ycoord" : "850822",
  "blms_dba" : "PAUL'S RANCH HOUSE",
  "blms_parcel" : "284120028",
  "xcoord" : "1023559",
  "bldt_lic_text3" : "RESTAURANT",
  "blms_id" : "10438",
  "blms_loc_no" : "3281",
  "bldt_lic_text2" : "FOOD - CLASS 4"
}
, {
  "blms_loc_street" : "MAIN ST",
  "ycoord" : "845156",
  "blms_dba" : "MAIN WAH KITCHEN",
  "blms_parcel" : "242247071",
  "xcoord" : "1020256",
  "bldt_lic_text3" : "RESTAURANT",
  "bldt_lic_text6" : "SEATING CAPACITY 20",
  "blms_id" : "11034",
  "blms_loc_no" : "1888",
  "bldt_lic_text2" : "FOOD - CLASS 4"
}
, {
  "blms_loc_street" : "NEW BRITAIN AV",
  "ycoord" : "828035",
  "blms_dba" : "NEW VIEW RESTAURANT",
  "blms_parcel" : "165721051",
  "xcoord" : "1012969",
  "bldt_lic_text3" : "RESTAURANT",
  "bldt_lic_text6" : "SEATING CAPACITY 12",
  "blms_id" : "10867",
  "blms_loc_no" : "641",
  "bldt_lic_text2" : "FOOD - CLASS 4"
}
, {
  "blms_loc_street" : "WESTON ST",
  "ycoord" : "847869",
  "blms_dba" : "BURGER KING",
  "blms_parcel" : "307129004",
  "xcoord" : "1024440",
  "bldt_lic_text3" : "RESTAURANT",
  "bldt_lic_text6" : "SEATING CAPACITY 86",
  "blms_id" : "10695",
  "blms_loc_no" : "102",
  "bldt_lic_text2" : "FOOD - CLASS 3"
}
, {
  "blms_loc_street" : "PARK ST",
  "ycoord" : "837002",
  "blms_dba" : "EL TEPEYAC MEXICAN RESTAURANT LLC",
  "blms_parcel" : "204425174",
  "xcoord" : "1016689",
  "bldt_lic_text3" : "RESTAURANT",
  "blms_id" : "10532",
  "blms_loc_no" : "704",
  "bldt_lic_text2" : "FOOD - CLASS 4"
}
, {
  "blms_loc_street" : "PARK ST",
  "ycoord" : "836154",
  "bldt_lic_text7" : "LIQUOR",
  "blms_dba" : "GEORGE'S PIZZA",
  "blms_parcel" : "113476075",
  "xcoord" : "1010149",
  "bldt_lic_text3" : "RESTAURANT",
  "bldt_lic_text6" : "SEATING CAPACITY = 84",
  "blms_id" : "10566",
  "blms_loc_no" : "2027",
  "bldt_lic_text2" : "FOOD - CLASS 4"
}
, {
  "blms_loc_street" : "MAPLE AV",
  "ycoord" : "828167",
  "bldt_lic_text7" : "LIQUOR",
  "blms_dba" : "FIRST & LAST TAVERN INC.",
  "blms_parcel" : "210754080",
  "xcoord" : "1016999",
  "bldt_lic_text3" : "RESTAURANT",
  "bldt_lic_text6" : "SEATING CAPACITY 75",
  "blms_id" : "10462",
  "blms_loc_no" : "939",
  "bldt_lic_text2" : "FOOD - CLASS 4"
}
, {
  "blms_loc_street" : "MAIN ST",
  "ycoord" : "837793",
  "blms_dba" : "PEPPERCORN'S GRILL",
  "blms_parcel" : "247457104",
  "xcoord" : "1020389",
  "bldt_lic_text3" : "RESTAURANT",
  "bldt_lic_text6" : "SEATING CAPACITY  100",
  "blms_id" : "10387",
  "blms_loc_no" : "357",
  "bldt_lic_text2" : "FOOD - CLASS 4"
}
, {
  "blms_loc_street" : "ALLYN ST",
  "ycoord" : "840757",
  "blms_dba" : "AGAVE GRILL",
  "blms_parcel" : "245332079",
  "xcoord" : "1019562",
  "bldt_lic_text3" : "RESTAURANT",
  "bldt_lic_text6" : "SEATING CAPACITY 90",
  "blms_id" : "10948",
  "blms_loc_no" : "100",
  "bldt_lic_text2" : "FOOD - CLASS 4"
}
, {
  "blms_loc_street" : "PARK ST",
  "ycoord" : "836808",
  "blms_dba" : "LA CASITA DEL SABOR LLC",
  "blms_parcel" : "159486083",
  "xcoord" : "1013194",
  "bldt_lic_text3" : "RESTAURANT",
  "blms_id" : "15169",
  "blms_loc_no" : "1405",
  "bldt_lic_text2" : "FOOD - CLASS 4"
}
, {
  "blms_loc_street" : "PARK ST",
  "ycoord" : "836337",
  "blms_dba" : "J'S CRABSHACK LLC",
  "blms_parcel" : "113370033",
  "xcoord" : "1009888",
  "bldt_lic_text3" : "RESTAURANT",
  "bldt_lic_text6" : "SEATING CAPACITY 117",
  "blms_id" : "11041",
  "blms_loc_no" : "2074",
  "bldt_lic_text2" : "FOOD - CLASS 3"
}
, {
  "blms_loc_street" : "SOUTH WHITNEY ST",
  "ycoord" : "836504",
  "blms_dba" : "BEM BRAZIL LLC",
  "blms_parcel" : "136382152",
  "xcoord" : "1011128",
  "bldt_lic_text3" : "RESTAURANT",
  "bldt_lic_text6" : "SEATING CAPACITY 1",
  "blms_id" : "10628",
  "blms_loc_no" : "5",
  "bldt_lic_text2" : "FOOD - CLASS 4"
}
, {
  "blms_loc_street" : "ASYLUM ST",
  "ycoord" : "840082",
  "blms_dba" : "YOGI'S DAIRY BAR",
  "blms_parcel" : "245340100",
  "xcoord" : "1020054",
  "bldt_lic_text3" : "RESTAURANT",
  "blms_id" : "10099",
  "blms_loc_no" : "185",
  "bldt_lic_text2" : "FOOD - CLASS 3"
}
, {
  "blms_loc_street" : "NEW PARK AV",
  "ycoord" : "832713",
  "blms_dba" : "PHO TUONG LAI",
  "blms_parcel" : "116474016",
  "xcoord" : "1009811",
  "bldt_lic_text3" : "RESTAURANT",
  "bldt_lic_text6" : "SEATING CAPACITY 80",
  "blms_id" : "11042",
  "blms_loc_no" : "355",
  "bldt_lic_text2" : "FOOD - CLASS 4"
}
, {
  "blms_loc_street" : "SISSON AV",
  "ycoord" : "837802",
  "bldt_lic_text7" : "LIQUOR",
  "blms_dba" : "WOOD-N-TAP",
  "blms_parcel" : "135393236",
  "xcoord" : "1011806",
  "bldt_lic_text3" : "RESTAURANT",
  "bldt_lic_text6" : "QFO = ANTONIO RIVERA",
  "blms_id" : "10617",
  "blms_loc_no" : "99",
  "bldt_lic_text2" : "FOOD - CLASS 4"
}
, {
  "blms_loc_street" : "FRANKLIN AV",
  "ycoord" : "830434",
  "blms_dba" : "CHECO'S Y KOCA RESTAURANT",
  "blms_parcel" : "252683286",
  "xcoord" : "1020314",
  "bldt_lic_text3" : "RESTAURANT",
  "blms_id" : "14750",
  "blms_loc_no" : "360",
  "bldt_lic_text2" : "FOOD - CLASS 4"
}
, {
  "blms_loc_street" : "PARK ST",
  "ycoord" : "836221",
  "blms_dba" : "PHO 88 LLC",
  "blms_parcel" : "136476009",
  "xcoord" : "1010320",
  "bldt_lic_text3" : "RESTAURANT",
  "bldt_lic_text6" : "SEATING CAPACITY 100",
  "blms_id" : "11008",
  "blms_loc_no" : "1999",
  "bldt_lic_text2" : "FOOD - CLASS 4"
}
 ]