{
  "id" : "d2yg-9hwe",
  "name" : "Map of Electric Vehicle Charging Stations",
  "attribution" : "Department of Energy and Environmental Protection",
  "attributionLink" : "http://www.ct.gov/deep/lib/deep/air/electric_vehicle/ev_charging_stations_in_ct_and_15min_coverage.pdf",
  "averageRating" : 0,
  "category" : "Transportation",
  "createdAt" : 1397668357,
  "description" : "Existing public Electric Vehicle (EV) charging stations within Connecticut from\nUS DOE map found at http://www.afdc.energy.gov/locator/stations/\ncomplemented with research done by DEEP as of 04/07/14",
  "displayType" : "map",
  "downloadCount" : 57,
  "indexUpdatedAt" : 1442332861,
  "licenseId" : "PUBLIC_DOMAIN",
  "moderationStatus" : true,
  "newBackend" : false,
  "numberOfComments" : 0,
  "oid" : 7811895,
  "publicationAppendEnabled" : false,
  "publicationDate" : 1398097002,
  "publicationGroup" : 1548425,
  "publicationStage" : "published",
  "rowsUpdatedAt" : 1398096988,
  "rowsUpdatedBy" : "cvy9-n6sb",
  "tableId" : 1553057,
  "totalTimesRated" : 0,
  "viewCount" : 1281,
  "viewLastModified" : 1442326547,
  "viewType" : "tabular",
  "columns" : [ {
    "id" : 144133123,
    "name" : "Location Name",
    "dataTypeName" : "text",
    "fieldName" : "location_name",
    "position" : 1,
    "renderTypeName" : "text",
    "tableColumnId" : 19223328,
    "width" : 256,
    "cachedContents" : {
      "non_null" : 150,
      "smallest" : "AAA",
      "null" : 0,
      "largest" : "Yankee Doodle Garage",
      "top" : [ {
        "count" : 20,
        "item" : "PEOPLESBANK"
      }, {
        "count" : 19,
        "item" : "NATIONAL GRID"
      }, {
        "count" : 18,
        "item" : "Bertera Nissan"
      }, {
        "count" : 17,
        "item" : "Marcotte Ford"
      }, {
        "count" : 16,
        "item" : "DP21"
      }, {
        "count" : 15,
        "item" : "Courtyard Marriott"
      }, {
        "count" : 14,
        "item" : "BEDFORD"
      }, {
        "count" : 13,
        "item" : "PCA-EV"
      }, {
        "count" : 12,
        "item" : "Jim Harte Nissan"
      }, {
        "count" : 11,
        "item" : "Curry Nissan"
      }, {
        "count" : 10,
        "item" : "NW HOSPITAL"
      }, {
        "count" : 9,
        "item" : "White Plains Nissan"
      }, {
        "count" : 8,
        "item" : "Audia Chevrolet"
      }, {
        "count" : 7,
        "item" : "Copake KOA"
      }, {
        "count" : 6,
        "item" : "WPEV SYSTEM"
      }, {
        "count" : 5,
        "item" : "Premium Nissan"
      }, {
        "count" : 4,
        "item" : "Nissan City - Port Chester"
      } ]
    },
    "format" : { }
  }, {
    "id" : 144133124,
    "name" : "Street Address",
    "dataTypeName" : "text",
    "fieldName" : "street_address",
    "position" : 2,
    "renderTypeName" : "text",
    "tableColumnId" : 19223329,
    "width" : 268,
    "cachedContents" : {
      "non_null" : 150,
      "smallest" : "100 Columbus Blvd",
      "null" : 0,
      "largest" : "Morse Street",
      "top" : [ {
        "count" : 20,
        "item" : "330 Whitney Ave"
      }, {
        "count" : 19,
        "item" : "826 Southbridge St"
      }, {
        "count" : 18,
        "item" : "735 Southbridge St"
      }, {
        "count" : 17,
        "item" : "569 Oxford St S"
      }, {
        "count" : 16,
        "item" : "1025 Main St"
      }, {
        "count" : 15,
        "item" : "152-164 Green Ln"
      }, {
        "count" : 14,
        "item" : "631 Midland Ave"
      }, {
        "count" : 13,
        "item" : "295 N Bedford Rd"
      }, {
        "count" : 12,
        "item" : "24 Parkway"
      }, {
        "count" : 11,
        "item" : "735 Anderson Hill Rd"
      }, {
        "count" : 10,
        "item" : "271 N Bedford Rd"
      }, {
        "count" : 9,
        "item" : "702-708 NY-117"
      }, {
        "count" : 8,
        "item" : "3495 Crompond Rd"
      }, {
        "count" : 7,
        "item" : "400 E Main St"
      }, {
        "count" : 6,
        "item" : "500 Tarrytown Rd"
      }, {
        "count" : 5,
        "item" : "3692 Route 44"
      }, {
        "count" : 4,
        "item" : "2236 County Route 7"
      }, {
        "count" : 3,
        "item" : "666 Lexington Ave"
      }, {
        "count" : 2,
        "item" : "307 Bedford Rd"
      }, {
        "count" : 1,
        "item" : "20 Ferris Ave"
      } ]
    },
    "format" : { }
  }, {
    "id" : 144133125,
    "name" : "County",
    "dataTypeName" : "text",
    "fieldName" : "county",
    "position" : 3,
    "renderTypeName" : "text",
    "tableColumnId" : 19223330,
    "width" : 172,
    "cachedContents" : {
      "non_null" : 0,
      "null" : 150
    },
    "format" : { }
  }, {
    "id" : 144133126,
    "name" : "Hours Open",
    "dataTypeName" : "text",
    "fieldName" : "hours_open",
    "position" : 4,
    "renderTypeName" : "text",
    "tableColumnId" : 19223331,
    "width" : 220,
    "cachedContents" : {
      "non_null" : 150,
      "smallest" : "10 AM-8 PM M-Th, 10 AM-6 PM F, 1 PM",
      "null" : 0,
      "largest" : "Open 24 Hours",
      "top" : [ {
        "count" : 20,
        "item" : "9 AM-5 PM M-Th, 9 AM-2 PM F-Sat"
      }, {
        "count" : 19,
        "item" : "Open 24 Hours"
      }, {
        "count" : 18,
        "item" : "Dealership business hours"
      }, {
        "count" : 17,
        "item" : "9AM-5PM M-F"
      }, {
        "count" : 16,
        "item" : "9 AM-5 PM M-Sat"
      }, {
        "count" : 15,
        "item" : "Dealership Hours"
      }, {
        "count" : 14,
        "item" : "5AM-2AM M-Sat, 8AM-2AM Sun"
      }, {
        "count" : 13,
        "item" : "24 hours daily"
      }, {
        "count" : 12,
        "item" : "9:30 AM-5:30 PM M-Sat, 11AM-5PM Sun"
      }, {
        "count" : 11,
        "item" : "Customers Only"
      }, {
        "count" : 10,
        "item" : "Garage Hours"
      }, {
        "count" : 9,
        "item" : "Open 24/7 is a pay lot "
      }, {
        "count" : 8,
        "item" : "Open 24/7  "
      }, {
        "count" : 7,
        "item" : "Lot Hours"
      }, {
        "count" : 6,
        "item" : "Guests Only"
      }, {
        "count" : 5,
        "item" : "6 AM-6 PM M-F"
      }, {
        "count" : 4,
        "item" : "8 AM-3 PM M-F"
      }, {
        "count" : 3,
        "item" : "Open 24/7"
      }, {
        "count" : 2,
        "item" : "10 AM-8 PM M-Th, 10 AM-6 PM F, 1 PM"
      }, {
        "count" : 1,
        "item" : "8am-8pm daily"
      } ]
    },
    "format" : { }
  }, {
    "id" : 144133127,
    "name" : "Level",
    "dataTypeName" : "text",
    "fieldName" : "level",
    "position" : 5,
    "renderTypeName" : "text",
    "tableColumnId" : 19223332,
    "width" : 160,
    "cachedContents" : {
      "non_null" : 150,
      "smallest" : "1",
      "null" : 0,
      "largest" : "Tesla ",
      "top" : [ {
        "count" : 20,
        "item" : "2"
      }, {
        "count" : 19,
        "item" : "1"
      }, {
        "count" : 18,
        "item" : "DC"
      }, {
        "count" : 17,
        "item" : "Tesla "
      }, {
        "count" : 16,
        "item" : "1, 2"
      }, {
        "count" : 15,
        "item" : "2, DC"
      }, {
        "count" : 14,
        "item" : "1,2, Tesla"
      } ]
    },
    "format" : { }
  }, {
    "id" : 144133128,
    "name" : "Location 1",
    "dataTypeName" : "location",
    "fieldName" : "location_1",
    "position" : 6,
    "renderTypeName" : "location",
    "tableColumnId" : 19223333,
    "width" : 220,
    "cachedContents" : {
      "non_null" : 149,
      "smallest" : {
        "longitude" : "-71.700118",
        "latitude" : "41.362358",
        "human_address" : "{\"address\":\"1 Burlingame State Park Rd\",\"city\":\"Charlestown\",\"state\":\"\",\"zip\":\"\"}"
      },
      "null" : 1,
      "largest" : {
        "longitude" : "-73.4924",
        "latitude" : "41.1464",
        "human_address" : "{\"address\":\"Morse Street\",\"city\":\"New Canaan\",\"state\":\"\",\"zip\":\"\"}"
      },
      "top" : [ {
        "count" : 20,
        "item" : {
          "longitude" : "-71.8703",
          "latitude" : "42.179787",
          "human_address" : "{\"address\":\"826 Southbridge St\",\"city\":\"Auburn\",\"state\":\"\",\"zip\":\"\"}"
        }
      }, {
        "count" : 19,
        "item" : {
          "longitude" : "-71.868477",
          "latitude" : "42.180962",
          "human_address" : "{\"address\":\"735 Southbridge St\",\"city\":\"Auburn\",\"state\":\"\",\"zip\":\"\"}"
        }
      }, {
        "count" : 18,
        "item" : {
          "longitude" : "-71.851306",
          "latitude" : "42.18289",
          "human_address" : "{\"address\":\"569 Oxford St S\",\"city\":\"Auburn\",\"state\":\"\",\"zip\":\"\"}"
        }
      }, {
        "count" : 17,
        "item" : {
          "longitude" : "-72.629347",
          "latitude" : "42.181249",
          "human_address" : "{\"address\":\"1025 Main St\",\"city\":\"Holyoke\",\"state\":\"\",\"zip\":\"\"}"
        }
      }, {
        "count" : 16,
        "item" : {
          "longitude" : "-73.714237",
          "latitude" : "41.224737",
          "human_address" : "{\"address\":\"152-164 Green Ln\",\"city\":\"Bedford Hills\",\"state\":\"\",\"zip\":\"\"}"
        }
      }, {
        "count" : 15,
        "item" : {
          "longitude" : "-73.672122",
          "latitude" : "40.98936",
          "human_address" : "{\"address\":\"631 Midland Ave\",\"city\":\"Rye\",\"state\":\"\",\"zip\":\"\"}"
        }
      }, {
        "count" : 14,
        "item" : {
          "longitude" : "-73.720366",
          "latitude" : "41.218667",
          "human_address" : "{\"address\":\"295 N Bedford Rd\",\"city\":\"Mt Kisco\",\"state\":\"\",\"zip\":\"\"}"
        }
      }, {
        "count" : 13,
        "item" : {
          "longitude" : "-73.684367",
          "latitude" : "41.258715",
          "human_address" : "{\"address\":\"24 Parkway\",\"city\":\"Katonah\",\"state\":\"\",\"zip\":\"\"}"
        }
      }, {
        "count" : 12,
        "item" : {
          "longitude" : "-73.70018",
          "latitude" : "41.04619",
          "human_address" : "{\"address\":\"735 Anderson Hill Rd\",\"city\":\"Purchase\",\"state\":\"\",\"zip\":\"\"}"
        }
      }, {
        "count" : 11,
        "item" : {
          "longitude" : "-73.718358",
          "latitude" : "41.218222",
          "human_address" : "{\"address\":\"271 N Bedford Rd\",\"city\":\"Mount Kisco\",\"state\":\"\",\"zip\":\"\"}"
        }
      }, {
        "count" : 10,
        "item" : {
          "longitude" : "-73.715285",
          "latitude" : "41.226562",
          "human_address" : "{\"address\":\"702-708 NY-117\",\"city\":\"Bedford Hills\",\"state\":\"\",\"zip\":\"\"}"
        }
      }, {
        "count" : 9,
        "item" : {
          "longitude" : "-73.835932",
          "latitude" : "41.289309",
          "human_address" : "{\"address\":\"3495 Crompond Rd\",\"city\":\"Yorktown Heights\",\"state\":\"\",\"zip\":\"\"}"
        }
      }, {
        "count" : 8,
        "item" : {
          "longitude" : "-73.725717",
          "latitude" : "41.196771",
          "human_address" : "{\"address\":\"400 E Main St\",\"city\":\"Mount Kisco\",\"state\":\"\",\"zip\":\"\"}"
        }
      }, {
        "count" : 7,
        "item" : {
          "longitude" : "-73.801879",
          "latitude" : "41.04387",
          "human_address" : "{\"address\":\"500 Tarrytown Rd\",\"city\":\"White Plains\",\"state\":\"\",\"zip\":\"\"}"
        }
      }, {
        "count" : 6,
        "item" : {
          "longitude" : "-73.65934",
          "latitude" : "41.791451",
          "human_address" : "{\"address\":\"3692 Route 44\",\"city\":\"Millbrook\",\"state\":\"\",\"zip\":\"\"}"
        }
      }, {
        "count" : 5,
        "item" : {
          "longitude" : "-73.58237",
          "latitude" : "42.093541",
          "human_address" : "{\"address\":\"2236 County Route 7\",\"city\":\"Copake\",\"state\":\"\",\"zip\":\"\"}"
        }
      }, {
        "count" : 4,
        "item" : {
          "longitude" : "-73.731397",
          "latitude" : "41.188285",
          "human_address" : "{\"address\":\"666 Lexington Ave\",\"city\":\"Mount Kisco\",\"state\":\"\",\"zip\":\"\"}"
        }
      }, {
        "count" : 3,
        "item" : {
          "longitude" : "-73.699073",
          "latitude" : "41.239812",
          "human_address" : "{\"address\":\"307 Bedford Rd\",\"city\":\"Bedford Hills\",\"state\":\"\",\"zip\":\"\"}"
        }
      }, {
        "count" : 2,
        "item" : {
          "longitude" : "-73.774833",
          "latitude" : "41.034934",
          "human_address" : "{\"address\":\"20 Ferris Ave\",\"city\":\"White Plains\",\"state\":\"\",\"zip\":\"\"}"
        }
      }, {
        "count" : 1,
        "item" : {
          "longitude" : "-73.776892",
          "latitude" : "40.919046",
          "human_address" : "{\"address\":\"2533 Palmer Ave\",\"city\":\"New Rochelle\",\"state\":\"\",\"zip\":\"\"}"
        }
      } ]
    },
    "format" : { },
    "subColumnTypes" : [ "human_address", "latitude", "longitude", "machine_address", "needs_recoding" ]
  } ],
  "displayFormat" : {
    "bkgdLayers" : [ {
      "opacity" : 1,
      "layerKey" : "Google Roadmap"
    } ],
    "viewport" : {
      "ymin" : 40.697511859139,
      "ymax" : 42.15055762754,
      "xmin" : -75.499542403914,
      "xmax" : -69.937713791407
    },
    "disableGeolocator" : false,
    "exclusiveLayers" : false,
    "viewDefinitions" : [ {
      "uid" : "self",
      "plotStyle" : "point",
      "alias" : "Map of Electric Vehicle Charging Stations",
      "color" : "#274e13",
      "highlightColor" : "#b6d7a8",
      "opacity" : 1,
      "flyoutsNoLabel" : false,
      "plot" : {
        "locationId" : 19223333,
        "descriptionColumns" : [ {
          "tableColumnId" : 19223329
        }, {
          "tableColumnId" : 19223331
        }, {
          "tableColumnId" : 19223332
        }, {
          "tableColumnId" : 19223333
        } ],
        "titleId" : 19223328
      }
    } ]
  },
  "grants" : [ {
    "inherited" : true,
    "type" : "viewer",
    "flags" : [ "public" ]
  } ],
  "license" : {
    "name" : "Public Domain"
  },
  "metadata" : {
    "renderTypeConfig" : {
      "visible" : {
        "map" : true
      }
    },
    "availableDisplayTypes" : [ "map", "table", "fatrow", "page" ]
  },
  "owner" : {
    "id" : "cvy9-n6sb",
    "displayName" : "Tyler Kleykamp",
    "roleName" : "administrator",
    "screenName" : "Tyler Kleykamp",
    "rights" : [ "create_datasets", "edit_others_datasets", "edit_sdp", "edit_site_theme", "moderate_comments", "manage_users", "chown_datasets", "edit_nominations", "approve_nominations", "feature_items", "federations", "manage_stories", "manage_approval", "change_configurations", "view_domain", "view_others_datasets", "edit_pages", "create_pages", "view_goals", "view_dashboards", "edit_goals", "edit_dashboards", "create_dashboards" ]
  },
  "query" : { },
  "rights" : [ "read" ],
  "tableAuthor" : {
    "id" : "cvy9-n6sb",
    "displayName" : "Tyler Kleykamp",
    "roleName" : "administrator",
    "screenName" : "Tyler Kleykamp",
    "rights" : [ "create_datasets", "edit_others_datasets", "edit_sdp", "edit_site_theme", "moderate_comments", "manage_users", "chown_datasets", "edit_nominations", "approve_nominations", "feature_items", "federations", "manage_stories", "manage_approval", "change_configurations", "view_domain", "view_others_datasets", "edit_pages", "create_pages", "view_goals", "view_dashboards", "edit_goals", "edit_dashboards", "create_dashboards" ]
  },
  "tags" : [ "ev", "ct", "charging stations" ]
}
