[ {
  "connecticut_care_4_kids" : "ABINGTON",
  "none" : "882.55"
}
, {
  "connecticut_care_4_kids" : "AMSTON",
  "none" : "28180.87"
}
, {
  "connecticut_care_4_kids" : "ANDOVER",
  "none" : "22033.59"
}
, {
  "connecticut_care_4_kids" : "ANSONIA",
  "none" : "935068.03"
}
, {
  "connecticut_care_4_kids" : "ASHFORD",
  "none" : "21919.78"
}
, {
  "connecticut_care_4_kids" : "AVON",
  "none" : "99745.33"
}
, {
  "connecticut_care_4_kids" : "BALTIC",
  "none" : "27995.28"
}
, {
  "connecticut_care_4_kids" : "BARKHAMSTED",
  "none" : "18359.05"
}
, {
  "connecticut_care_4_kids" : "BEACON FALLS",
  "none" : "27621.89"
}
, {
  "connecticut_care_4_kids" : "BERLIN",
  "none" : "273241.16"
}
, {
  "connecticut_care_4_kids" : "BETHANY",
  "none" : "68874.05"
}
, {
  "connecticut_care_4_kids" : "BETHEL",
  "none" : "356431.53"
}
, {
  "connecticut_care_4_kids" : "BETHLEHEM",
  "none" : "11000.52"
}
, {
  "connecticut_care_4_kids" : "BLOOMFIELD",
  "none" : "1086714.81"
}
, {
  "connecticut_care_4_kids" : "BOLTON",
  "none" : "10443.68"
}
, {
  "connecticut_care_4_kids" : "BOZRAH",
  "none" : "12193.16"
}
, {
  "connecticut_care_4_kids" : "BRANFORD",
  "none" : "410940.20"
}
, {
  "connecticut_care_4_kids" : "BREWSTER",
  "none" : "0.00"
}
, {
  "connecticut_care_4_kids" : "BRIDEGEPORT",
  "none" : "0.00"
}
, {
  "connecticut_care_4_kids" : "BRIDGEPORT",
  "none" : "9806410.76"
}
, {
  "connecticut_care_4_kids" : "BRISTOL",
  "none" : "1489681.80"
}
, {
  "connecticut_care_4_kids" : "BROAD BROOK",
  "none" : "80150.33"
}
, {
  "connecticut_care_4_kids" : "BROOKFIELD",
  "none" : "406107.50"
}
, {
  "connecticut_care_4_kids" : "BROOKFILED",
  "none" : "0.00"
}
, {
  "connecticut_care_4_kids" : "BROOKLYN",
  "none" : "234630.69"
}
, {
  "connecticut_care_4_kids" : "BURLINGTON",
  "none" : "53989.89"
}
, {
  "connecticut_care_4_kids" : "CANAAN",
  "none" : "33861.84"
}
, {
  "connecticut_care_4_kids" : "CANTERBURY",
  "none" : "46267.09"
}
, {
  "connecticut_care_4_kids" : "CANTON",
  "none" : "83312.25"
}
, {
  "connecticut_care_4_kids" : "CANTON CENTER",
  "none" : "78.40"
}
, {
  "connecticut_care_4_kids" : "CENTERBROOK",
  "none" : "0.00"
}
, {
  "connecticut_care_4_kids" : "CENTRAL VILLAGE",
  "none" : "11807.41"
}
, {
  "connecticut_care_4_kids" : "CHAPLIN",
  "none" : "130401.36"
}
, {
  "connecticut_care_4_kids" : "CHESHIRE",
  "none" : "318103.23"
}
, {
  "connecticut_care_4_kids" : "CHESTER",
  "none" : "10138.63"
}
, {
  "connecticut_care_4_kids" : "CLINTON",
  "none" : "157809.22"
}
, {
  "connecticut_care_4_kids" : "COLCHESTER",
  "none" : "254817.70"
}
, {
  "connecticut_care_4_kids" : "COLEBROOK",
  "none" : "8597.99"
}
, {
  "connecticut_care_4_kids" : "COLUMBIA",
  "none" : "156856.18"
}
, {
  "connecticut_care_4_kids" : "COS COB",
  "none" : "32745.60"
}
, {
  "connecticut_care_4_kids" : "COVENTRY",
  "none" : "86855.40"
}
, {
  "connecticut_care_4_kids" : "CROMWELL",
  "none" : "362316.88"
}
, {
  "connecticut_care_4_kids" : "DANBURY",
  "none" : "2348927.16"
}
, {
  "connecticut_care_4_kids" : "DANIELSON",
  "none" : "110750.50"
}
, {
  "connecticut_care_4_kids" : "DARIEN",
  "none" : "10822.14"
}
, {
  "connecticut_care_4_kids" : "DAYVILLE",
  "none" : "87382.83"
}
, {
  "connecticut_care_4_kids" : "DEEP RIVER",
  "none" : "12198.10"
}
, {
  "connecticut_care_4_kids" : "DERBY",
  "none" : "566541.79"
}
, {
  "connecticut_care_4_kids" : "DURHAM",
  "none" : "88039.57"
}
, {
  "connecticut_care_4_kids" : "EAST BERLIN",
  "none" : "7318.85"
}
, {
  "connecticut_care_4_kids" : "EAST CANAAN",
  "none" : "816.39"
}
, {
  "connecticut_care_4_kids" : "EAST GLASTONBURY",
  "none" : "0.00"
}
, {
  "connecticut_care_4_kids" : "EAST GRANBY",
  "none" : "60399.66"
}
, {
  "connecticut_care_4_kids" : "EAST HADDAM",
  "none" : "28873.49"
}
, {
  "connecticut_care_4_kids" : "EAST HAMPTON",
  "none" : "153344.72"
}
, {
  "connecticut_care_4_kids" : "EAST HARTFORD",
  "none" : "2049226.65"
}
, {
  "connecticut_care_4_kids" : "EAST HARTLAND",
  "none" : "9899.45"
}
, {
  "connecticut_care_4_kids" : "EAST HAVEN",
  "none" : "613232.28"
}
, {
  "connecticut_care_4_kids" : "EAST KILLINGLY",
  "none" : "1494.84"
}
, {
  "connecticut_care_4_kids" : "EAST LONGMEADOW",
  "none" : "0.00"
}
, {
  "connecticut_care_4_kids" : "EAST LYME",
  "none" : "142776.19"
}
, {
  "connecticut_care_4_kids" : "EAST NORWALK",
  "none" : "0.00"
}
, {
  "connecticut_care_4_kids" : "EAST WINDSOR",
  "none" : "189858.52"
}
, {
  "connecticut_care_4_kids" : "EASTFORD",
  "none" : "4413.17"
}
, {
  "connecticut_care_4_kids" : "EASTON",
  "none" : "10935.21"
}
, {
  "connecticut_care_4_kids" : "ELLINGTON",
  "none" : "190601.76"
}
, {
  "connecticut_care_4_kids" : "ENFIELD",
  "none" : "1692406.68"
}
, {
  "connecticut_care_4_kids" : "ESSEX",
  "none" : "60115.70"
}
, {
  "connecticut_care_4_kids" : "FAIRFIELD",
  "none" : "296755.59"
}
, {
  "connecticut_care_4_kids" : "FALLS VILLAGE",
  "none" : "35307.11"
}
, {
  "connecticut_care_4_kids" : "FARMINGTON",
  "none" : "258875.02"
}
, {
  "connecticut_care_4_kids" : "FITCHVILLE",
  "none" : "684.00"
}
, {
  "connecticut_care_4_kids" : "FORESTVILLE",
  "none" : "3016.00"
}
, {
  "connecticut_care_4_kids" : "FRANKLIN",
  "none" : "51791.60"
}
, {
  "connecticut_care_4_kids" : "GALES FERRY",
  "none" : "18243.49"
}
, {
  "connecticut_care_4_kids" : "GAYLORDSVILLE",
  "none" : "5160.00"
}
, {
  "connecticut_care_4_kids" : "GLASTONBURY",
  "none" : "299498.26"
}
, {
  "connecticut_care_4_kids" : "GOSHEN",
  "none" : "0.00"
}
, {
  "connecticut_care_4_kids" : "GRANBY",
  "none" : "28408.72"
}
, {
  "connecticut_care_4_kids" : "GREENWICH",
  "none" : "484794.36"
}
, {
  "connecticut_care_4_kids" : "GRISWOLD",
  "none" : "72535.17"
}
, {
  "connecticut_care_4_kids" : "GROSVENORDALE",
  "none" : "0.00"
}
, {
  "connecticut_care_4_kids" : "GROTON",
  "none" : "835641.95"
}
, {
  "connecticut_care_4_kids" : "GUILFORD",
  "none" : "168274.87"
}
, {
  "connecticut_care_4_kids" : "HAMDEN",
  "none" : "1790921.70"
}
, {
  "connecticut_care_4_kids" : "HAMPTON",
  "none" : "0.00"
}
, {
  "connecticut_care_4_kids" : "HANOVER",
  "none" : "39606.27"
}
, {
  "connecticut_care_4_kids" : "HARTFORD",
  "none" : "9695396.90"
}
, {
  "connecticut_care_4_kids" : "HARTOFD",
  "none" : "0.00"
}
, {
  "connecticut_care_4_kids" : "HARWINTON",
  "none" : "84908.28"
}
, {
  "connecticut_care_4_kids" : "HEBRON",
  "none" : "20414.31"
}
, {
  "connecticut_care_4_kids" : "HIGGANUM",
  "none" : "63385.49"
}
, {
  "connecticut_care_4_kids" : "IVORYTON",
  "none" : "3219.00"
}
, {
  "connecticut_care_4_kids" : "JEWETT CITY",
  "none" : "40836.32"
}
, {
  "connecticut_care_4_kids" : "KENSINGTON",
  "none" : "63033.46"
}
, {
  "connecticut_care_4_kids" : "KENT",
  "none" : "1393.32"
}
, {
  "connecticut_care_4_kids" : "KILLINGLY",
  "none" : "308708.96"
}
, {
  "connecticut_care_4_kids" : "KILLINGWORTH",
  "none" : "64818.68"
}
, {
  "connecticut_care_4_kids" : "LAKEVILLE",
  "none" : "0.00"
}
, {
  "connecticut_care_4_kids" : "LEBANON",
  "none" : "29568.01"
}
, {
  "connecticut_care_4_kids" : "LEDYARD",
  "none" : "262449.32"
}
, {
  "connecticut_care_4_kids" : "LISBON",
  "none" : "12084.45"
}
, {
  "connecticut_care_4_kids" : "LITCHFIELD",
  "none" : "19244.98"
}
, {
  "connecticut_care_4_kids" : "LONG BEACH",
  "none" : "0.00"
}
, {
  "connecticut_care_4_kids" : "LYME",
  "none" : "0.00"
}
, {
  "connecticut_care_4_kids" : "MADISON",
  "none" : "60017.84"
}
, {
  "connecticut_care_4_kids" : "MANCHESTER",
  "none" : "1753895.57"
}
, {
  "connecticut_care_4_kids" : "MANSFIELD",
  "none" : "82584.02"
}
, {
  "connecticut_care_4_kids" : "MANSFIELD CENTER",
  "none" : "3487.23"
}
, {
  "connecticut_care_4_kids" : "MARLBOROUGH",
  "none" : "19994.32"
}
, {
  "connecticut_care_4_kids" : "MERIDEN",
  "none" : "2913426.09"
}
, {
  "connecticut_care_4_kids" : "MEW HAVEN",
  "none" : "0.00"
}
, {
  "connecticut_care_4_kids" : "MIDDLEBURY",
  "none" : "26844.11"
}
, {
  "connecticut_care_4_kids" : "MIDDLEFIELD",
  "none" : "0.00"
}
, {
  "connecticut_care_4_kids" : "MIDDLETOWN",
  "none" : "1400477.94"
}
, {
  "connecticut_care_4_kids" : "MILFORD",
  "none" : "1175699.87"
}
, {
  "connecticut_care_4_kids" : "MILLDALE",
  "none" : "65334.69"
}
, {
  "connecticut_care_4_kids" : "MONROE",
  "none" : "245533.49"
}
, {
  "connecticut_care_4_kids" : "MOODUS",
  "none" : "14317.26"
}
, {
  "connecticut_care_4_kids" : "MOOSUP",
  "none" : "43785.81"
}
, {
  "connecticut_care_4_kids" : "MORRIS",
  "none" : "9808.00"
}
, {
  "connecticut_care_4_kids" : "MYSTIC",
  "none" : "184251.48"
}
, {
  "connecticut_care_4_kids" : "N GROSVENORDALE",
  "none" : "121332.79"
}
, {
  "connecticut_care_4_kids" : "NAUGATUCK",
  "none" : "680959.60"
}
, {
  "connecticut_care_4_kids" : "NEW BRITAIN",
  "none" : "2838119.81"
}
, {
  "connecticut_care_4_kids" : "NEW BRITIAN",
  "none" : "0.00"
}
, {
  "connecticut_care_4_kids" : "NEW CANAAN",
  "none" : "23621.44"
}
, {
  "connecticut_care_4_kids" : "NEW FAIRFIELD",
  "none" : "130479.45"
}
, {
  "connecticut_care_4_kids" : "NEW HARTFORD",
  "none" : "45635.70"
}
, {
  "connecticut_care_4_kids" : "NEW HAVEN",
  "none" : "8883598.17"
}
, {
  "connecticut_care_4_kids" : "NEW LONDON",
  "none" : "1044886.75"
}
, {
  "connecticut_care_4_kids" : "NEW MILFORD",
  "none" : "397951.99"
}
, {
  "connecticut_care_4_kids" : "NEW PRESTON",
  "none" : "0.00"
}
, {
  "connecticut_care_4_kids" : "NEWINGTON",
  "none" : "605302.42"
}
, {
  "connecticut_care_4_kids" : "NEWTOWN",
  "none" : "68305.73"
}
, {
  "connecticut_care_4_kids" : "NIANTIC",
  "none" : "124774.65"
}
, {
  "connecticut_care_4_kids" : "NORFOLK",
  "none" : "19716.78"
}
, {
  "connecticut_care_4_kids" : "NORTH BRANFORD",
  "none" : "157644.64"
}
, {
  "connecticut_care_4_kids" : "NORTH FRANKLIN",
  "none" : "2.06"
}
, {
  "connecticut_care_4_kids" : "NORTH GRANBY",
  "none" : "1638.00"
}
, {
  "connecticut_care_4_kids" : "NORTH HAVEN",
  "none" : "304250.28"
}
, {
  "connecticut_care_4_kids" : "NORTH STONINGTON",
  "none" : "75388.62"
}
, {
  "connecticut_care_4_kids" : "NORTH WINDHAM",
  "none" : "46391.36"
}
, {
  "connecticut_care_4_kids" : "NORTHFIELD",
  "none" : "0.00"
}
, {
  "connecticut_care_4_kids" : "NORTHFORD",
  "none" : "20143.37"
}
, {
  "connecticut_care_4_kids" : "NORWALK",
  "none" : "2630193.40"
}
, {
  "connecticut_care_4_kids" : "NORWICH",
  "none" : "1605529.66"
}
, {
  "connecticut_care_4_kids" : "OAKDALE",
  "none" : "47914.97"
}
, {
  "connecticut_care_4_kids" : "OAKVILLE",
  "none" : "49240.09"
}
, {
  "connecticut_care_4_kids" : "OCCUM",
  "none" : "1590.88"
}
, {
  "connecticut_care_4_kids" : "OLD LYME",
  "none" : "14470.46"
}
, {
  "connecticut_care_4_kids" : "OLD SAYBROOK",
  "none" : "203549.25"
}
, {
  "connecticut_care_4_kids" : "ONECO",
  "none" : "623.89"
}
, {
  "connecticut_care_4_kids" : "ORANGE",
  "none" : "215237.10"
}
, {
  "connecticut_care_4_kids" : "OXFORD",
  "none" : "92178.26"
}
, {
  "connecticut_care_4_kids" : "PAWCATUCK",
  "none" : "129072.43"
}
, {
  "connecticut_care_4_kids" : "PLAINFIELD",
  "none" : "204643.34"
}
, {
  "connecticut_care_4_kids" : "PLAINVILLE",
  "none" : "509683.44"
}
, {
  "connecticut_care_4_kids" : "PLANTSVILLE",
  "none" : "147885.08"
}
, {
  "connecticut_care_4_kids" : "PLYMOUTH",
  "none" : "13301.00"
}
, {
  "connecticut_care_4_kids" : "POMFRET",
  "none" : "4392.15"
}
, {
  "connecticut_care_4_kids" : "POMFRET CENTER",
  "none" : "10916.36"
}
, {
  "connecticut_care_4_kids" : "PORTLAND",
  "none" : "98904.59"
}
, {
  "connecticut_care_4_kids" : "PRESTON",
  "none" : "24971.57"
}
, {
  "connecticut_care_4_kids" : "PROSPECT",
  "none" : "144995.64"
}
, {
  "connecticut_care_4_kids" : "PUTNAM",
  "none" : "377548.93"
}
, {
  "connecticut_care_4_kids" : "QUAKER HILL",
  "none" : "12878.88"
}
, {
  "connecticut_care_4_kids" : "RIDGEFIELD",
  "none" : "95507.47"
}
, {
  "connecticut_care_4_kids" : "RIVERSIDE",
  "none" : "43296.39"
}
, {
  "connecticut_care_4_kids" : "ROCKFALL",
  "none" : "22347.24"
}
, {
  "connecticut_care_4_kids" : "ROCKVILLE",
  "none" : "175874.34"
}
, {
  "connecticut_care_4_kids" : "ROCKY HILL",
  "none" : "277753.89"
}
, {
  "connecticut_care_4_kids" : "ROGERS",
  "none" : "53190.57"
}
, {
  "connecticut_care_4_kids" : "ROXBURY",
  "none" : "0.00"
}
, {
  "connecticut_care_4_kids" : "SALEM",
  "none" : "24832.37"
}
, {
  "connecticut_care_4_kids" : "SALISBURY",
  "none" : "19048.98"
}
, {
  "connecticut_care_4_kids" : "SANDY HOOK",
  "none" : "17362.32"
}
, {
  "connecticut_care_4_kids" : "SCOTLAND",
  "none" : "5024.86"
}
, {
  "connecticut_care_4_kids" : "SEYMOUR",
  "none" : "250490.91"
}
, {
  "connecticut_care_4_kids" : "SHARON",
  "none" : "5465.17"
}
, {
  "connecticut_care_4_kids" : "SHELTON",
  "none" : "956904.60"
}
, {
  "connecticut_care_4_kids" : "SHERMAN",
  "none" : "9094.36"
}
, {
  "connecticut_care_4_kids" : "SHORT BEACH",
  "none" : "0.00"
}
, {
  "connecticut_care_4_kids" : "SIMSBURY",
  "none" : "75070.20"
}
, {
  "connecticut_care_4_kids" : "SOMERS",
  "none" : "34489.68"
}
, {
  "connecticut_care_4_kids" : "SOUTH GLASTONBURY",
  "none" : "10456.36"
}
, {
  "connecticut_care_4_kids" : "SOUTH MERIDEN",
  "none" : "7365.04"
}
, {
  "connecticut_care_4_kids" : "SOUTH NORWALK",
  "none" : "26995.54"
}
, {
  "connecticut_care_4_kids" : "SOUTH WINDHAM",
  "none" : "1118.43"
}
, {
  "connecticut_care_4_kids" : "SOUTH WINDSOR",
  "none" : "306741.40"
}
, {
  "connecticut_care_4_kids" : "SOUTHBURY",
  "none" : "134785.72"
}
, {
  "connecticut_care_4_kids" : "SOUTHINGTON",
  "none" : "449628.85"
}
, {
  "connecticut_care_4_kids" : "STAFFORD",
  "none" : "7399.26"
}
, {
  "connecticut_care_4_kids" : "STAFFORD SPRINGS",
  "none" : "215980.11"
}
, {
  "connecticut_care_4_kids" : "STAMFORD",
  "none" : "2557844.05"
}
, {
  "connecticut_care_4_kids" : "STERLING",
  "none" : "62684.42"
}
, {
  "connecticut_care_4_kids" : "STONINGTON",
  "none" : "29034.64"
}
, {
  "connecticut_care_4_kids" : "STORRS",
  "none" : "11908.17"
}
, {
  "connecticut_care_4_kids" : "STRATFORD",
  "none" : "1504890.79"
}
, {
  "connecticut_care_4_kids" : "SUFFIELD",
  "none" : "24611.16"
}
, {
  "connecticut_care_4_kids" : "TAFTVILLE",
  "none" : "258937.29"
}
, {
  "connecticut_care_4_kids" : "TARIFFVILLE",
  "none" : "3046.20"
}
, {
  "connecticut_care_4_kids" : "TARIFVILLE",
  "none" : "2975.27"
}
, {
  "connecticut_care_4_kids" : "TERRYVILLE",
  "none" : "72755.92"
}
, {
  "connecticut_care_4_kids" : "THOMASTON",
  "none" : "137630.20"
}
, {
  "connecticut_care_4_kids" : "THOMPSON",
  "none" : "17544.75"
}
, {
  "connecticut_care_4_kids" : "TOLLAND",
  "none" : "205521.91"
}
, {
  "connecticut_care_4_kids" : "TORRINGTON",
  "none" : "989608.96"
}
, {
  "connecticut_care_4_kids" : "TRUMBULL",
  "none" : "772835.92"
}
, {
  "connecticut_care_4_kids" : "UNCASVILLE",
  "none" : "320795.73"
}
, {
  "connecticut_care_4_kids" : "UNION",
  "none" : "0.00"
}
, {
  "connecticut_care_4_kids" : "UNIONVILLE",
  "none" : "24349.26"
}
, {
  "connecticut_care_4_kids" : "VERNON",
  "none" : "909392.54"
}
, {
  "connecticut_care_4_kids" : "VERNON ROCKVILLE",
  "none" : "5173.65"
}
, {
  "connecticut_care_4_kids" : "VOLUNTOWN",
  "none" : "7212.87"
}
, {
  "connecticut_care_4_kids" : "WALLINGFORD",
  "none" : "1747955.51"
}
, {
  "connecticut_care_4_kids" : "WARREN",
  "none" : "15534.89"
}
, {
  "connecticut_care_4_kids" : "WATERBURY",
  "none" : "7401663.34"
}
, {
  "connecticut_care_4_kids" : "WATERFORD",
  "none" : "282647.43"
}
, {
  "connecticut_care_4_kids" : "WATERTOWN",
  "none" : "253544.92"
}
, {
  "connecticut_care_4_kids" : "WAUREGAN",
  "none" : "12018.63"
}
, {
  "connecticut_care_4_kids" : "WEATOGUE",
  "none" : "335.98"
}
, {
  "connecticut_care_4_kids" : "WEST CORNWALL",
  "none" : "4526.38"
}
, {
  "connecticut_care_4_kids" : "WEST HARTFORD",
  "none" : "818654.00"
}
, {
  "connecticut_care_4_kids" : "WEST HAVEN",
  "none" : "2447220.51"
}
, {
  "connecticut_care_4_kids" : "WEST REDDING",
  "none" : "7338.00"
}
, {
  "connecticut_care_4_kids" : "WEST SIMSBURY",
  "none" : "0.00"
}
, {
  "connecticut_care_4_kids" : "WEST SUFFIELD",
  "none" : "17970.00"
}
, {
  "connecticut_care_4_kids" : "WESTBROOK",
  "none" : "103293.51"
}
, {
  "connecticut_care_4_kids" : "WESTON",
  "none" : "0.00"
}
, {
  "connecticut_care_4_kids" : "WESTPORT",
  "none" : "152337.10"
}
, {
  "connecticut_care_4_kids" : "WETHERSFIELD",
  "none" : "346163.71"
}
, {
  "connecticut_care_4_kids" : "WILLIMANTIC",
  "none" : "939077.67"
}
, {
  "connecticut_care_4_kids" : "WILLINGTON",
  "none" : "44701.90"
}
, {
  "connecticut_care_4_kids" : "WILTON",
  "none" : "37419.02"
}
, {
  "connecticut_care_4_kids" : "WINCHESTER",
  "none" : "0.00"
}
, {
  "connecticut_care_4_kids" : "WINDHAM",
  "none" : "23328.18"
}
, {
  "connecticut_care_4_kids" : "WINDSOR",
  "none" : "870122.87"
}
, {
  "connecticut_care_4_kids" : "WINDSOR LOCKS",
  "none" : "362526.55"
}
, {
  "connecticut_care_4_kids" : "WINSTED",
  "none" : "273717.44"
}
, {
  "connecticut_care_4_kids" : "WOLCOTT",
  "none" : "283644.52"
}
, {
  "connecticut_care_4_kids" : "WOODBRIDGE",
  "none" : "89711.48"
}
, {
  "connecticut_care_4_kids" : "WOODBURY",
  "none" : "30735.94"
}
, {
  "connecticut_care_4_kids" : "WOODSTOCK",
  "none" : "56625.01"
}
, {
  "connecticut_care_4_kids" : "WOODSTOCK VALLEY",
  "none" : "1708.04"
}
, {
  "connecticut_care_4_kids" : "YALESVILLE",
  "none" : "2872.40"
}
 ]