[ {
  "alm_date" : "2015-11-19T00:00:00",
  "street" : "BROAD",
  "occup_id" : "15893",
  "state" : "CT",
  "city" : "Hartford",
  "alm_type" : "1",
  "st_type" : "ST",
  "longitude" : "-72.6875",
  "inci_no" : "15-0323044",
  "zip" : "06106",
  "alm_time" : "17:27:03",
  "mutl_aid" : "N",
  "station" : "08",
  "descript" : "No Incident found on arrival at dispatch address",
  "inci_type" : "622",
  "number" : "865",
  "alarms" : "1",
  "latitude" : "41.757397",
  "shift" : "A"
}
, {
  "alm_date" : "2015-11-19T00:00:00",
  "street" : "WAVERLY",
  "occup_id" : "08672",
  "state" : "CT",
  "city" : "Hartford",
  "alm_type" : "1",
  "st_type" : "ST",
  "longitude" : "-72.682322",
  "inci_no" : "15-0323054",
  "zip" : "06112",
  "alm_time" : "23:04:38",
  "mutl_aid" : "N",
  "station" : "07",
  "descript" : "Police matter",
  "inci_type" : "552",
  "number" : "20",
  "alarms" : "1",
  "latitude" : "41.793587",
  "shift" : "A"
}
, {
  "alm_date" : "2015-11-19T00:00:00",
  "street" : "MARTIN",
  "occup_id" : "50203",
  "state" : "CT",
  "city" : "Hartford",
  "alm_type" : "1",
  "st_type" : "ST",
  "longitude" : "-72.680545",
  "inci_no" : "15-0323012",
  "zip" : "06120",
  "alm_time" : "07:58:42",
  "mutl_aid" : "N",
  "station" : "07",
  "descript" : "Electrical  wiring/equipment problem, Other",
  "inci_type" : "440",
  "number" : "131",
  "alarms" : "1",
  "latitude" : "41.788936",
  "shift" : "D"
}
, {
  "alm_date" : "2015-11-19T00:00:00",
  "street" : "WASHINGTON",
  "occup_id" : "24122",
  "state" : "CT",
  "city" : "Hartford",
  "alm_type" : "2",
  "st_type" : "ST",
  "longitude" : "-72.683218",
  "inci_no" : "15-0323016",
  "zip" : "06106",
  "alm_time" : "09:46:56",
  "mutl_aid" : "N",
  "station" : "01",
  "descript" : "Unintentional transmission of alarm, Other",
  "inci_type" : "740",
  "number" : "282",
  "alarms" : "1",
  "latitude" : "41.753209",
  "shift" : "A"
}
, {
  "alm_date" : "2015-11-19T00:00:00",
  "street" : "FAIRFIELD",
  "occup_id" : "00000",
  "state" : "CT",
  "city" : "Hartford",
  "xstreet" : "NEW BRITAIN",
  "alm_type" : "1",
  "st_type" : "AV",
  "longitude" : "-72.6943",
  "inci_no" : "15-0323047",
  "zip" : "06106",
  "alm_time" : "18:22:17",
  "mutl_aid" : "N",
  "station" : "15",
  "descript" : "Service Call, other",
  "xst_type" : "AV",
  "inci_type" : "500",
  "alarms" : "1",
  "latitude" : "41.742563",
  "shift" : "A"
}
, {
  "alm_date" : "2015-11-19T00:00:00",
  "street" : "MAXIM",
  "occup_id" : "25535",
  "state" : "CT",
  "city" : "Hartford",
  "alm_type" : "1",
  "st_type" : "RD",
  "longitude" : "-72.65815",
  "inci_no" : "15-0323034",
  "zip" : "06114",
  "alm_time" : "13:57:18",
  "mutl_aid" : "N",
  "station" : "10",
  "descript" : "Smoke or odor removal",
  "inci_type" : "531",
  "number" : "75",
  "alarms" : "1",
  "latitude" : "41.743329",
  "shift" : "A"
}
, {
  "alm_date" : "2015-11-19T00:00:00",
  "street" : "RETREAT",
  "occup_id" : "50208",
  "state" : "CT",
  "city" : "Hartford",
  "alm_type" : "1",
  "st_type" : "AV",
  "longitude" : "-72.679153",
  "inci_no" : "15-0323035",
  "zip" : "06106",
  "alm_time" : "14:01:43",
  "mutl_aid" : "N",
  "station" : "01",
  "descript" : "EMS call, party transported by non-fire agency",
  "inci_type" : "661",
  "number" : "90",
  "alarms" : "1",
  "latitude" : "41.753216",
  "shift" : "A"
}
, {
  "alm_date" : "2015-11-19T00:00:00",
  "street" : "FARMINGTON",
  "occup_id" : "00000",
  "state" : "CT",
  "city" : "Hartford",
  "xstreet" : "GIRARD",
  "alm_type" : "1",
  "st_type" : "AV",
  "longitude" : "-72.7088",
  "inci_no" : "15-0323053",
  "zip" : "06105",
  "alm_time" : "22:14:05",
  "mutl_aid" : "N",
  "station" : "11",
  "descript" : "Police matter",
  "xst_type" : "AV",
  "inci_type" : "552",
  "alarms" : "1",
  "latitude" : "41.7663",
  "shift" : "A"
}
, {
  "alm_date" : "2015-11-19T00:00:00",
  "street" : "SHELDON",
  "occup_id" : "24923",
  "state" : "CT",
  "city" : "Hartford",
  "alm_type" : "1",
  "st_type" : "ST",
  "longitude" : "-72.669336",
  "inci_no" : "15-0323052",
  "zip" : "06106",
  "alm_time" : "19:17:03",
  "mutl_aid" : "N",
  "station" : "01",
  "descript" : "No Incident found on arrival at dispatch address",
  "inci_type" : "622",
  "number" : "286",
  "alarms" : "1",
  "latitude" : "41.760291",
  "shift" : "A"
}
, {
  "alm_date" : "2015-11-19T00:00:00",
  "street" : "PARK",
  "occup_id" : "19529",
  "state" : "CT",
  "city" : "Hartford",
  "alm_type" : "1",
  "st_type" : "ST",
  "longitude" : "-72.683988",
  "inci_no" : "15-0323020",
  "zip" : "06106",
  "alm_time" : "10:40:45",
  "mutl_aid" : "N",
  "station" : "08",
  "descript" : "No Incident found on arrival at dispatch address",
  "inci_type" : "622",
  "number" : "426",
  "alarms" : "1",
  "latitude" : "41.757731",
  "shift" : "A"
}
, {
  "alm_date" : "2015-11-19T00:00:00",
  "street" : "WEST SERVICE",
  "occup_id" : "09255",
  "state" : "CT",
  "city" : "Hartford",
  "alm_type" : "3",
  "st_type" : "RD",
  "longitude" : "-72.657396",
  "inci_no" : "15-0323049",
  "zip" : "06120",
  "alm_time" : "18:59:12",
  "mutl_aid" : "N",
  "station" : "07",
  "descript" : "Alarm system activation, no fire - unintentional",
  "inci_type" : "745",
  "number" : "239",
  "alarms" : "1",
  "latitude" : "41.795313",
  "shift" : "A"
}
, {
  "alm_date" : "2015-11-19T00:00:00",
  "street" : "EVERGREEN",
  "occup_id" : "54585",
  "state" : "CT",
  "city" : "Hartford",
  "alm_type" : "1",
  "st_type" : "AV",
  "longitude" : "-72.70942",
  "inci_no" : "15-0323019",
  "zip" : "06105",
  "alm_time" : "10:33:11",
  "mutl_aid" : "N",
  "station" : "11",
  "descript" : "Central station, malicious false alarm",
  "inci_type" : "714",
  "number" : "9",
  "alarms" : "1",
  "latitude" : "41.765827",
  "shift" : "A"
}
, {
  "alm_date" : "2015-11-19T00:00:00",
  "street" : "EDWARDS",
  "occup_id" : "00000",
  "state" : "CT",
  "city" : "Hartford",
  "xstreet" : "WALNUT",
  "alm_type" : "1",
  "st_type" : "ST",
  "longitude" : "-72.6827",
  "inci_no" : "15-0323038",
  "zip" : "06120",
  "alm_time" : "14:45:06",
  "mutl_aid" : "N",
  "station" : "02",
  "descript" : "Service Call, other",
  "xst_type" : "ST",
  "inci_type" : "500",
  "alarms" : "1",
  "latitude" : "41.7729",
  "shift" : "A"
}
 ]