{
  "id" : "dy99-nzrf",
  "name" : "CTFastrak South Bound Alignment",
  "attribution" : "Department of Transportation",
  "averageRating" : 0,
  "blobFilename" : "CTFastrak_SB_Alignment.zip.zip",
  "blobFileSize" : 9461,
  "blobId" : "PD7_Zfb2KACQUrw3LLrTxBpg7geEz5MUqiSRJRGSHAQ",
  "blobMimeType" : "application/zip; charset=binary",
  "category" : "Transportation",
  "createdAt" : 1432294943,
  "description" : "CTFastrak South Bound Alignment",
  "displayType" : "map",
  "downloadCount" : 178,
  "indexUpdatedAt" : 1449093278,
  "licenseId" : "PUBLIC_DOMAIN",
  "newBackend" : true,
  "numberOfComments" : 0,
  "oid" : 15140759,
  "publicationAppendEnabled" : false,
  "publicationDate" : 1432294946,
  "publicationGroup" : 5805368,
  "publicationStage" : "published",
  "tableId" : 5805368,
  "totalTimesRated" : 0,
  "viewCount" : 41,
  "viewLastModified" : 1433254415,
  "viewType" : "geo",
  "childViews" : [ "5vkf-jfn9" ],
  "columns" : [ ],
  "displayFormat" : {
    "bkgdLayers" : [ {
      "alias" : "Google",
      "opacity" : 1,
      "layerKey" : "Google Roadmap"
    }, {
      "alias" : "Bing",
      "opacity" : 1,
      "layerKey" : "Bing Road"
    }, {
      "alias" : "ESRI",
      "opacity" : 1,
      "layerKey" : "World Street Map (ESRI)"
    } ],
    "viewport" : {
      "ymin" : 41.655287792772,
      "ymax" : 41.67721617883,
      "xmin" : -72.824659416838,
      "xmax" : -72.751158306771
    },
    "plotStyle" : "point",
    "distinctLegend" : true,
    "exclusiveLayers" : true,
    "viewDefinitions" : [ {
      "uid" : "self"
    } ]
  },
  "grants" : [ {
    "inherited" : false,
    "type" : "viewer",
    "flags" : [ "public" ]
  } ],
  "license" : {
    "name" : "Public Domain"
  },
  "metadata" : {
    "custom_fields" : {
      "Agency" : {
        "Agency" : "CT Department of Transportation"
      }
    },
    "renderTypeConfig" : {
      "visible" : {
        "map" : true
      }
    },
    "availableDisplayTypes" : [ "map", "table", "fatrow", "page" ],
    "geo" : {
      "owsUrl" : "/api/geospatial/dy99-nzrf",
      "isNbe" : true,
      "bbox" : "-72.78146539958676,41.66796650040912,-72.68236759997502,41.768012900314304",
      "layers" : "5vkf-jfn9",
      "featureIdAttribute" : "_SocrataID",
      "bboxCrs" : "EPSG:4326",
      "namespace" : "_dy99-nzrf"
    }
  },
  "owner" : {
    "id" : "krit-g9ue",
    "displayName" : "James Spencer",
    "roleName" : "editor",
    "screenName" : "James Spencer",
    "rights" : [ "create_datasets", "view_domain", "create_pages", "view_goals", "view_dashboards" ]
  },
  "query" : { },
  "rights" : [ "read" ],
  "tableAuthor" : {
    "id" : "krit-g9ue",
    "displayName" : "James Spencer",
    "roleName" : "editor",
    "screenName" : "James Spencer",
    "rights" : [ "create_datasets", "view_domain", "create_pages", "view_goals", "view_dashboards" ]
  },
  "tags" : [ "ct", "transit", "bus", "fastrack" ],
  "flags" : [ "default" ]
}
