[ {
  "wethersfield" : "246",
  "type_of_inspections" : "VIN Verification",
  "hamden" : "235"
}
, {
  "wethersfield" : "1014",
  "type_of_inspections" : "Salvage",
  "hamden" : "287"
}
, {
  "wethersfield" : "149",
  "type_of_inspections" : "Warning Ticket",
  "hamden" : "129"
}
, {
  "wethersfield" : "1363",
  "type_of_inspections" : "Re-Inspection",
  "hamden" : "564"
}
, {
  "wethersfield" : "1053",
  "type_of_inspections" : "Misc.(STV,)",
  "hamden" : "276"
}
, {
  "wethersfield" : "151",
  "type_of_inspections" : "Window Tint",
  "hamden" : "93"
}
, {
  "wethersfield" : "361",
  "type_of_inspections" : "VIN Assignment",
  "hamden" : "109"
}
, {
  "wethersfield" : "219",
  "type_of_inspections" : "Ambulance",
  "hamden" : "96"
}
, {
  "wethersfield" : "408",
  "type_of_inspections" : "Homemade Trailer",
  "hamden" : "91"
}
, {
  "wethersfield" : "81",
  "type_of_inspections" : "Taxi",
  "hamden" : "69"
}
, {
  "wethersfield" : "139",
  "type_of_inspections" : "Service Bus",
  "hamden" : "84"
}
, {
  "wethersfield" : "59",
  "type_of_inspections" : "Wrecker",
  "hamden" : "37"
}
, {
  "wethersfield" : "222",
  "type_of_inspections" : "Abandoned",
  "hamden" : "161"
}
, {
  "wethersfield" : "105",
  "type_of_inspections" : "Camp",
  "hamden" : "50"
}
, {
  "wethersfield" : "81",
  "type_of_inspections" : "Driving School",
  "hamden" : "59"
}
, {
  "wethersfield" : "34",
  "type_of_inspections" : "Composite",
  "hamden" : "1"
}
, {
  "wethersfield" : "10",
  "type_of_inspections" : "Trailer (Non-Cml)",
  "hamden" : "53"
}
, {
  "wethersfield" : "1",
  "type_of_inspections" : "Trailer (Commercial)",
  "hamden" : "2"
}
 ]