[ {
  "number_of_eitccredits_claimed" : "82",
  "ct_agi" : "1416887",
  "fed_agi" : "1431435",
  "federa_leitc_claimed" : "137759",
  "town" : "ANDOVER",
  "percent_by_town" : "0.04",
  "amount_of_eitc_claimed" : "34440",
  "ct_income_tax" : "5652"
}
, {
  "number_of_eitccredits_claimed" : "1556",
  "ct_agi" : "29112342",
  "fed_agi" : "29239308",
  "federa_leitc_claimed" : "3192589",
  "town" : "ANSONIA",
  "percent_by_town" : "0.83",
  "amount_of_eitc_claimed" : "797718",
  "ct_income_tax" : "99276"
}
, {
  "number_of_eitccredits_claimed" : "220",
  "ct_agi" : "4356708",
  "fed_agi" : "4370085",
  "federa_leitc_claimed" : "443118",
  "town" : "ASHFORD",
  "percent_by_town" : "0.12",
  "amount_of_eitc_claimed" : "110783",
  "ct_income_tax" : "12406"
}
, {
  "number_of_eitccredits_claimed" : "261",
  "ct_agi" : "3665775",
  "fed_agi" : "3710415",
  "federa_leitc_claimed" : "395591",
  "town" : "AVON",
  "percent_by_town" : "0.10",
  "amount_of_eitc_claimed" : "98899",
  "ct_income_tax" : "13048"
}
, {
  "number_of_eitccredits_claimed" : "110",
  "ct_agi" : "1959507",
  "fed_agi" : "1967464",
  "federa_leitc_claimed" : "168820",
  "town" : "BARKHAMSTED",
  "percent_by_town" : "0.04",
  "amount_of_eitc_claimed" : "42205",
  "ct_income_tax" : "5707"
}
, {
  "number_of_eitccredits_claimed" : "196",
  "ct_agi" : "3785616",
  "fed_agi" : "3846400",
  "federa_leitc_claimed" : "293689",
  "town" : "BEACON FALLS",
  "percent_by_town" : "0.08",
  "amount_of_eitc_claimed" : "73123",
  "ct_income_tax" : "15318"
}
, {
  "number_of_eitccredits_claimed" : "593",
  "ct_agi" : "10708418",
  "fed_agi" : "10746575",
  "federa_leitc_claimed" : "885636",
  "town" : "BERLIN",
  "percent_by_town" : "0.23",
  "amount_of_eitc_claimed" : "222187",
  "ct_income_tax" : "35187"
}
, {
  "number_of_eitccredits_claimed" : "112",
  "ct_agi" : "1975749",
  "fed_agi" : "1982849",
  "federa_leitc_claimed" : "182576",
  "town" : "BETHANY",
  "percent_by_town" : "0.05",
  "amount_of_eitc_claimed" : "45646",
  "ct_income_tax" : "4374"
}
, {
  "number_of_eitccredits_claimed" : "650",
  "ct_agi" : "12405134",
  "fed_agi" : "12484912",
  "federa_leitc_claimed" : "1146953",
  "town" : "BETHEL",
  "percent_by_town" : "0.30",
  "amount_of_eitc_claimed" : "287965",
  "ct_income_tax" : "40925"
}
, {
  "number_of_eitccredits_claimed" : "119",
  "ct_agi" : "1705881",
  "fed_agi" : "1715206",
  "federa_leitc_claimed" : "162656",
  "town" : "BETHLEHEM",
  "percent_by_town" : "0.04",
  "amount_of_eitc_claimed" : "40665",
  "ct_income_tax" : "8026"
}
, {
  "number_of_eitccredits_claimed" : "1224",
  "ct_agi" : "23929165",
  "fed_agi" : "24049681",
  "federa_leitc_claimed" : "2207282",
  "town" : "BLOOMFIELD",
  "percent_by_town" : "0.58",
  "amount_of_eitc_claimed" : "551649",
  "ct_income_tax" : "81147"
}
, {
  "number_of_eitccredits_claimed" : "123",
  "ct_agi" : "2358804",
  "fed_agi" : "2389989",
  "federa_leitc_claimed" : "197883",
  "town" : "BOLTON",
  "percent_by_town" : "0.05",
  "amount_of_eitc_claimed" : "49471",
  "ct_income_tax" : "6674"
}
, {
  "number_of_eitccredits_claimed" : "117",
  "ct_agi" : "2196165",
  "fed_agi" : "2207440",
  "federa_leitc_claimed" : "219546",
  "town" : "BOZRAH",
  "percent_by_town" : "0.06",
  "amount_of_eitc_claimed" : "54887",
  "ct_income_tax" : "5382"
}
, {
  "number_of_eitccredits_claimed" : "1072",
  "ct_agi" : "17076291",
  "fed_agi" : "17177945",
  "federa_leitc_claimed" : "1684859",
  "town" : "BRANFORD",
  "percent_by_town" : "0.44",
  "amount_of_eitc_claimed" : "421223",
  "ct_income_tax" : "49743"
}
, {
  "number_of_eitccredits_claimed" : "16066",
  "ct_agi" : "295504187",
  "fed_agi" : "296174727",
  "federa_leitc_claimed" : "36559740",
  "town" : "BRIDGEPORT",
  "percent_by_town" : "9.54",
  "amount_of_eitc_claimed" : "9137199",
  "ct_income_tax" : "823212"
}
, {
  "number_of_eitccredits_claimed" : "38",
  "ct_agi" : "493869",
  "fed_agi" : "494427",
  "federa_leitc_claimed" : "44266",
  "town" : "BRIDGEWATER",
  "percent_by_town" : "0.01",
  "amount_of_eitc_claimed" : "11067",
  "ct_income_tax" : "1198"
}
, {
  "number_of_eitccredits_claimed" : "3734",
  "ct_agi" : "69824013",
  "fed_agi" : "70065315",
  "federa_leitc_claimed" : "7614787",
  "town" : "BRISTOL",
  "percent_by_town" : "1.99",
  "amount_of_eitc_claimed" : "1904206",
  "ct_income_tax" : "209453"
}
, {
  "number_of_eitccredits_claimed" : "411",
  "ct_agi" : "7414453",
  "fed_agi" : "7447253",
  "federa_leitc_claimed" : "572411",
  "town" : "BROOKFIELD",
  "percent_by_town" : "0.15",
  "amount_of_eitc_claimed" : "143104",
  "ct_income_tax" : "29321"
}
, {
  "number_of_eitccredits_claimed" : "401",
  "ct_agi" : "7425400",
  "fed_agi" : "7469220",
  "federa_leitc_claimed" : "743860",
  "town" : "BROOKLYN",
  "percent_by_town" : "0.19",
  "amount_of_eitc_claimed" : "185969",
  "ct_income_tax" : "20536"
}
, {
  "number_of_eitccredits_claimed" : "184",
  "ct_agi" : "3471150",
  "fed_agi" : "3502157",
  "federa_leitc_claimed" : "291623",
  "town" : "BURLINGTON",
  "percent_by_town" : "0.08",
  "amount_of_eitc_claimed" : "72906",
  "ct_income_tax" : "9824"
}
, {
  "number_of_eitccredits_claimed" : "209",
  "ct_agi" : "3954310",
  "fed_agi" : "3959734",
  "federa_leitc_claimed" : "394996",
  "town" : "CANAAN",
  "percent_by_town" : "0.10",
  "amount_of_eitc_claimed" : "98752",
  "ct_income_tax" : "10315"
}
, {
  "number_of_eitccredits_claimed" : "214",
  "ct_agi" : "4204706",
  "fed_agi" : "4221717",
  "federa_leitc_claimed" : "378196",
  "town" : "CANTERBURY",
  "percent_by_town" : "0.10",
  "amount_of_eitc_claimed" : "94552",
  "ct_income_tax" : "12568"
}
, {
  "number_of_eitccredits_claimed" : "254",
  "ct_agi" : "3111834",
  "fed_agi" : "3151792",
  "federa_leitc_claimed" : "342110",
  "town" : "CANTON",
  "percent_by_town" : "0.09",
  "amount_of_eitc_claimed" : "85530",
  "ct_income_tax" : "9743"
}
, {
  "number_of_eitccredits_claimed" : "117",
  "ct_agi" : "2207835",
  "fed_agi" : "2245017",
  "federa_leitc_claimed" : "203864",
  "town" : "CHAPLIN",
  "percent_by_town" : "0.05",
  "amount_of_eitc_claimed" : "50967",
  "ct_income_tax" : "8152"
}
, {
  "number_of_eitccredits_claimed" : "582",
  "ct_agi" : "10288718",
  "fed_agi" : "10382096",
  "federa_leitc_claimed" : "885927",
  "town" : "CHESHIRE",
  "percent_by_town" : "0.23",
  "amount_of_eitc_claimed" : "221487",
  "ct_income_tax" : "31727"
}
, {
  "number_of_eitccredits_claimed" : "139",
  "ct_agi" : "2192364",
  "fed_agi" : "2216772",
  "federa_leitc_claimed" : "223492",
  "town" : "CHESTER",
  "percent_by_town" : "0.06",
  "amount_of_eitc_claimed" : "55873",
  "ct_income_tax" : "4632"
}
, {
  "number_of_eitccredits_claimed" : "504",
  "ct_agi" : "8403115",
  "fed_agi" : "8467095",
  "federa_leitc_claimed" : "863314",
  "town" : "CLINTON",
  "percent_by_town" : "0.23",
  "amount_of_eitc_claimed" : "215831",
  "ct_income_tax" : "22353"
}
, {
  "number_of_eitccredits_claimed" : "593",
  "ct_agi" : "11633599",
  "fed_agi" : "11721741",
  "federa_leitc_claimed" : "1044820",
  "town" : "COLCHESTER",
  "percent_by_town" : "0.27",
  "amount_of_eitc_claimed" : "261187",
  "ct_income_tax" : "43040"
}
, {
  "number_of_eitccredits_claimed" : "21",
  "ct_agi" : "301257",
  "fed_agi" : "302139",
  "federa_leitc_claimed" : "26670",
  "town" : "COLEBROOK",
  "percent_by_town" : "0.01",
  "amount_of_eitc_claimed" : "6668",
  "ct_income_tax" : "1116"
}
, {
  "number_of_eitccredits_claimed" : "155",
  "ct_agi" : "2903548",
  "fed_agi" : "2913974",
  "federa_leitc_claimed" : "235159",
  "town" : "COLUMBIA",
  "percent_by_town" : "0.06",
  "amount_of_eitc_claimed" : "58790",
  "ct_income_tax" : "10517"
}
, {
  "number_of_eitccredits_claimed" : "73",
  "ct_agi" : "1189339",
  "fed_agi" : "1190629",
  "federa_leitc_claimed" : "135777",
  "town" : "CORNWALL",
  "percent_by_town" : "0.04",
  "amount_of_eitc_claimed" : "33945",
  "ct_income_tax" : "2301"
}
, {
  "number_of_eitccredits_claimed" : "419",
  "ct_agi" : "7816784",
  "fed_agi" : "7907643",
  "federa_leitc_claimed" : "683272",
  "town" : "COVENTRY",
  "percent_by_town" : "0.18",
  "amount_of_eitc_claimed" : "170820",
  "ct_income_tax" : "23857"
}
, {
  "number_of_eitccredits_claimed" : "427",
  "ct_agi" : "7353262",
  "fed_agi" : "7390413",
  "federa_leitc_claimed" : "748200",
  "town" : "CROMWELL",
  "percent_by_town" : "0.20",
  "amount_of_eitc_claimed" : "187051",
  "ct_income_tax" : "22835"
}
, {
  "number_of_eitccredits_claimed" : "4668",
  "ct_agi" : "91111370",
  "fed_agi" : "91376259",
  "federa_leitc_claimed" : "9448902",
  "town" : "DANBURY",
  "percent_by_town" : "2.47",
  "amount_of_eitc_claimed" : "2364397",
  "ct_income_tax" : "266007"
}
, {
  "number_of_eitccredits_claimed" : "199",
  "ct_agi" : "1838255",
  "fed_agi" : "1875537",
  "federa_leitc_claimed" : "305367",
  "town" : "DARIEN",
  "percent_by_town" : "0.08",
  "amount_of_eitc_claimed" : "75749",
  "ct_income_tax" : "12028"
}
, {
  "number_of_eitccredits_claimed" : "153",
  "ct_agi" : "2536241",
  "fed_agi" : "2540731",
  "federa_leitc_claimed" : "215959",
  "town" : "DEEP RIVER",
  "percent_by_town" : "0.06",
  "amount_of_eitc_claimed" : "53991",
  "ct_income_tax" : "8935"
}
, {
  "number_of_eitccredits_claimed" : "858",
  "ct_agi" : "15661535",
  "fed_agi" : "15733718",
  "federa_leitc_claimed" : "1763101",
  "town" : "DERBY",
  "percent_by_town" : "0.46",
  "amount_of_eitc_claimed" : "440781",
  "ct_income_tax" : "47193"
}
, {
  "number_of_eitccredits_claimed" : "146",
  "ct_agi" : "2394046",
  "fed_agi" : "2428485",
  "federa_leitc_claimed" : "210730",
  "town" : "DURHAM",
  "percent_by_town" : "0.06",
  "amount_of_eitc_claimed" : "52683",
  "ct_income_tax" : "9290"
}
, {
  "number_of_eitccredits_claimed" : "56",
  "ct_agi" : "1220931",
  "fed_agi" : "1210173",
  "federa_leitc_claimed" : "102127",
  "town" : "EASTFORD ",
  "percent_by_town" : "0.03",
  "amount_of_eitc_claimed" : "25532",
  "ct_income_tax" : "4378"
}
, {
  "number_of_eitccredits_claimed" : "156",
  "ct_agi" : "2903589",
  "fed_agi" : "2920504",
  "federa_leitc_claimed" : "293783",
  "town" : "EAST GRANBY ",
  "percent_by_town" : "0.08",
  "amount_of_eitc_claimed" : "73446",
  "ct_income_tax" : "5892"
}
, {
  "number_of_eitccredits_claimed" : "254",
  "ct_agi" : "4796286",
  "fed_agi" : "4834946",
  "federa_leitc_claimed" : "434552",
  "town" : "EAST HADDAM ",
  "percent_by_town" : "0.11",
  "amount_of_eitc_claimed" : "108639",
  "ct_income_tax" : "13905"
}
, {
  "number_of_eitccredits_claimed" : "365",
  "ct_agi" : "6661003",
  "fed_agi" : "6680617",
  "federa_leitc_claimed" : "589536",
  "town" : "EAST HAMPTON ",
  "percent_by_town" : "0.15",
  "amount_of_eitc_claimed" : "147386",
  "ct_income_tax" : "19949"
}
, {
  "number_of_eitccredits_claimed" : "4904",
  "ct_agi" : "97528897",
  "fed_agi" : "97797817",
  "federa_leitc_claimed" : "10612164",
  "town" : "EAST HARTFORD ",
  "percent_by_town" : "2.77",
  "amount_of_eitc_claimed" : "2650947",
  "ct_income_tax" : "323574"
}
, {
  "number_of_eitccredits_claimed" : "1587",
  "ct_agi" : "28900293",
  "fed_agi" : "29085174",
  "federa_leitc_claimed" : "2771868",
  "town" : "EAST HAVEN ",
  "percent_by_town" : "0.72",
  "amount_of_eitc_claimed" : "691909",
  "ct_income_tax" : "90717"
}
, {
  "number_of_eitccredits_claimed" : "544",
  "ct_agi" : "9697607",
  "fed_agi" : "9732547",
  "federa_leitc_claimed" : "960790",
  "town" : "EAST LYME ",
  "percent_by_town" : "0.25",
  "amount_of_eitc_claimed" : "238921",
  "ct_income_tax" : "30567"
}
, {
  "number_of_eitccredits_claimed" : "91",
  "ct_agi" : "1108347",
  "fed_agi" : "1118061",
  "federa_leitc_claimed" : "110708",
  "town" : "EASTON ",
  "percent_by_town" : "0.03",
  "amount_of_eitc_claimed" : "27678",
  "ct_income_tax" : "1569"
}
, {
  "number_of_eitccredits_claimed" : "573",
  "ct_agi" : "10749378",
  "fed_agi" : "10780045",
  "federa_leitc_claimed" : "1024724",
  "town" : "EAST WINDSOR ",
  "percent_by_town" : "0.27",
  "amount_of_eitc_claimed" : "256153",
  "ct_income_tax" : "36582"
}
, {
  "number_of_eitccredits_claimed" : "419",
  "ct_agi" : "7915877",
  "fed_agi" : "7945474",
  "federa_leitc_claimed" : "699692",
  "town" : "ELLINGTON",
  "percent_by_town" : "0.18",
  "amount_of_eitc_claimed" : "174925",
  "ct_income_tax" : "25269"
}
, {
  "number_of_eitccredits_claimed" : "1996",
  "ct_agi" : "36589790",
  "fed_agi" : "36778463",
  "federa_leitc_claimed" : "3687426",
  "town" : "ENFIELD",
  "percent_by_town" : "0.96",
  "amount_of_eitc_claimed" : "923107",
  "ct_income_tax" : "114182"
}
, {
  "number_of_eitccredits_claimed" : "171",
  "ct_agi" : "2959250",
  "fed_agi" : "2964832",
  "federa_leitc_claimed" : "282900",
  "town" : "ESSEX",
  "percent_by_town" : "0.07",
  "amount_of_eitc_claimed" : "70725",
  "ct_income_tax" : "12201"
}
, {
  "number_of_eitccredits_claimed" : "1156",
  "ct_agi" : "18851031",
  "fed_agi" : "18987711",
  "federa_leitc_claimed" : "1824759",
  "town" : "FAIRFIELD",
  "percent_by_town" : "0.48",
  "amount_of_eitc_claimed" : "455825",
  "ct_income_tax" : "51738"
}
, {
  "number_of_eitccredits_claimed" : "607",
  "ct_agi" : "10451949",
  "fed_agi" : "10503806",
  "federa_leitc_claimed" : "969797",
  "town" : "FARMINGTON",
  "percent_by_town" : "0.25",
  "amount_of_eitc_claimed" : "243143",
  "ct_income_tax" : "31727"
}
, {
  "number_of_eitccredits_claimed" : "57",
  "ct_agi" : "1262483",
  "fed_agi" : "1277773",
  "federa_leitc_claimed" : "96339",
  "town" : "FRANKLIN",
  "percent_by_town" : "0.03",
  "amount_of_eitc_claimed" : "24085",
  "ct_income_tax" : "3150"
}
, {
  "number_of_eitccredits_claimed" : "744",
  "ct_agi" : "13664985",
  "fed_agi" : "13718806",
  "federa_leitc_claimed" : "1209341",
  "town" : "GLASTONBURY",
  "percent_by_town" : "0.31",
  "amount_of_eitc_claimed" : "301320",
  "ct_income_tax" : "51178"
}
, {
  "number_of_eitccredits_claimed" : "81",
  "ct_agi" : "1542765",
  "fed_agi" : "1557982",
  "federa_leitc_claimed" : "114049",
  "town" : "GOSHEN",
  "percent_by_town" : "0.03",
  "amount_of_eitc_claimed" : "28512",
  "ct_income_tax" : "5001"
}
, {
  "number_of_eitccredits_claimed" : "212",
  "ct_agi" : "3758017",
  "fed_agi" : "3771598",
  "federa_leitc_claimed" : "345432",
  "town" : "GRANBY",
  "percent_by_town" : "0.09",
  "amount_of_eitc_claimed" : "86360",
  "ct_income_tax" : "13370"
}
, {
  "number_of_eitccredits_claimed" : "1322",
  "ct_agi" : "20507386",
  "fed_agi" : "20582704",
  "federa_leitc_claimed" : "2199101",
  "town" : "GREENWICH",
  "percent_by_town" : "0.57",
  "amount_of_eitc_claimed" : "549786",
  "ct_income_tax" : "74682"
}
, {
  "number_of_eitccredits_claimed" : "714",
  "ct_agi" : "14265831",
  "fed_agi" : "14346110",
  "federa_leitc_claimed" : "1393264",
  "town" : "GRISWOLD",
  "percent_by_town" : "0.36",
  "amount_of_eitc_claimed" : "349323",
  "ct_income_tax" : "46041"
}
, {
  "number_of_eitccredits_claimed" : "1690",
  "ct_agi" : "30872519",
  "fed_agi" : "31012304",
  "federa_leitc_claimed" : "3541725",
  "town" : "GROTON",
  "percent_by_town" : "0.92",
  "amount_of_eitc_claimed" : "885423",
  "ct_income_tax" : "105903"
}
, {
  "number_of_eitccredits_claimed" : "499",
  "ct_agi" : "8467819",
  "fed_agi" : "8518577",
  "federa_leitc_claimed" : "679909",
  "town" : "GUILFORD",
  "percent_by_town" : "0.18",
  "amount_of_eitc_claimed" : "169930",
  "ct_income_tax" : "27166"
}
, {
  "number_of_eitccredits_claimed" : "238",
  "ct_agi" : "4403853",
  "fed_agi" : "4440557",
  "federa_leitc_claimed" : "377379",
  "town" : "HADDAM",
  "percent_by_town" : "0.10",
  "amount_of_eitc_claimed" : "94346",
  "ct_income_tax" : "12643"
}
, {
  "number_of_eitccredits_claimed" : "2574",
  "ct_agi" : "48905251",
  "fed_agi" : "49022921",
  "federa_leitc_claimed" : "4946017",
  "town" : "HAMDEN",
  "percent_by_town" : "1.29",
  "amount_of_eitc_claimed" : "1238750",
  "ct_income_tax" : "169046"
}
, {
  "number_of_eitccredits_claimed" : "92",
  "ct_agi" : "1583950",
  "fed_agi" : "1606988",
  "federa_leitc_claimed" : "153957",
  "town" : "HAMPTON",
  "percent_by_town" : "0.04",
  "amount_of_eitc_claimed" : "38490",
  "ct_income_tax" : "3783"
}
, {
  "number_of_eitccredits_claimed" : "16121",
  "ct_agi" : "290621839",
  "fed_agi" : "291151417",
  "federa_leitc_claimed" : "37956573",
  "town" : "HARTFORD",
  "percent_by_town" : "9.91",
  "amount_of_eitc_claimed" : "9490800",
  "ct_income_tax" : "898724"
}
, {
  "number_of_eitccredits_claimed" : "51",
  "ct_agi" : "991028",
  "fed_agi" : "997981",
  "federa_leitc_claimed" : "76941",
  "town" : "HARTLAND",
  "percent_by_town" : "0.02",
  "amount_of_eitc_claimed" : "19235",
  "ct_income_tax" : "2455"
}
, {
  "number_of_eitccredits_claimed" : "131",
  "ct_agi" : "2496443",
  "fed_agi" : "2506012",
  "federa_leitc_claimed" : "208003",
  "town" : "HARWINTON",
  "percent_by_town" : "0.05",
  "amount_of_eitc_claimed" : "52002",
  "ct_income_tax" : "8541"
}
, {
  "number_of_eitccredits_claimed" : "224",
  "ct_agi" : "4351200",
  "fed_agi" : "4389594",
  "federa_leitc_claimed" : "340059",
  "town" : "HEBRON",
  "percent_by_town" : "0.09",
  "amount_of_eitc_claimed" : "85017",
  "ct_income_tax" : "14398"
}
, {
  "number_of_eitccredits_claimed" : "111",
  "ct_agi" : "1588381",
  "fed_agi" : "1597661",
  "federa_leitc_claimed" : "183664",
  "town" : "KENT",
  "percent_by_town" : "0.05",
  "amount_of_eitc_claimed" : "45916",
  "ct_income_tax" : "5817"
}
, {
  "number_of_eitccredits_claimed" : "1181",
  "ct_agi" : "22322525",
  "fed_agi" : "22450766",
  "federa_leitc_claimed" : "2373180",
  "town" : "KILLINGLY",
  "percent_by_town" : "0.62",
  "amount_of_eitc_claimed" : "593256",
  "ct_income_tax" : "64925"
}
, {
  "number_of_eitccredits_claimed" : "125",
  "ct_agi" : "1133034",
  "fed_agi" : "1136880",
  "federa_leitc_claimed" : "146807",
  "town" : "KILLINGWORTH",
  "percent_by_town" : "0.04",
  "amount_of_eitc_claimed" : "36703",
  "ct_income_tax" : "3552"
}
, {
  "number_of_eitccredits_claimed" : "251",
  "ct_agi" : "4969390",
  "fed_agi" : "4989499",
  "federa_leitc_claimed" : "444558",
  "town" : "LEBANON",
  "percent_by_town" : "0.12",
  "amount_of_eitc_claimed" : "111141",
  "ct_income_tax" : "19465"
}
, {
  "number_of_eitccredits_claimed" : "638",
  "ct_agi" : "11766869",
  "fed_agi" : "12145530",
  "federa_leitc_claimed" : "1204903",
  "town" : "LEDYARD",
  "percent_by_town" : "0.31",
  "amount_of_eitc_claimed" : "301550",
  "ct_income_tax" : "36262"
}
, {
  "number_of_eitccredits_claimed" : "127",
  "ct_agi" : "2480611",
  "fed_agi" : "2495524",
  "federa_leitc_claimed" : "241335",
  "town" : "LISBON",
  "percent_by_town" : "0.06",
  "amount_of_eitc_claimed" : "60334",
  "ct_income_tax" : "9552"
}
, {
  "number_of_eitccredits_claimed" : "268",
  "ct_agi" : "4639430",
  "fed_agi" : "4664234",
  "federa_leitc_claimed" : "437938",
  "town" : "LITCHFIELD",
  "percent_by_town" : "0.11",
  "amount_of_eitc_claimed" : "109486",
  "ct_income_tax" : "16042"
}
, {
  "number_of_eitccredits_claimed" : "51",
  "ct_agi" : "646779",
  "fed_agi" : "649772",
  "federa_leitc_claimed" : "61051",
  "town" : "LYME",
  "percent_by_town" : "0.02",
  "amount_of_eitc_claimed" : "15263",
  "ct_income_tax" : "1742"
}
, {
  "number_of_eitccredits_claimed" : "299",
  "ct_agi" : "4459477",
  "fed_agi" : "4499576",
  "federa_leitc_claimed" : "364101",
  "town" : "MADISON",
  "percent_by_town" : "0.10",
  "amount_of_eitc_claimed" : "91028",
  "ct_income_tax" : "12292"
}
, {
  "number_of_eitccredits_claimed" : "3866",
  "ct_agi" : "73117623",
  "fed_agi" : "73314681",
  "federa_leitc_claimed" : "7714274",
  "town" : "MANCHESTER",
  "percent_by_town" : "2.01",
  "amount_of_eitc_claimed" : "1927978",
  "ct_income_tax" : "243367"
}
, {
  "number_of_eitccredits_claimed" : "386",
  "ct_agi" : "7566387",
  "fed_agi" : "7594609",
  "federa_leitc_claimed" : "652275",
  "town" : "MANSFIELD",
  "percent_by_town" : "0.17",
  "amount_of_eitc_claimed" : "163573",
  "ct_income_tax" : "29682"
}
, {
  "number_of_eitccredits_claimed" : "146",
  "ct_agi" : "2689242",
  "fed_agi" : "2727846",
  "federa_leitc_claimed" : "255433",
  "town" : "MARLBOROUGH",
  "percent_by_town" : "0.07",
  "amount_of_eitc_claimed" : "63858",
  "ct_income_tax" : "8033"
}
, {
  "number_of_eitccredits_claimed" : "4975",
  "ct_agi" : "95429687",
  "fed_agi" : "95770255",
  "federa_leitc_claimed" : "10943474",
  "town" : "MERIDEN",
  "percent_by_town" : "2.85",
  "amount_of_eitc_claimed" : "2734294",
  "ct_income_tax" : "306150"
}
, {
  "number_of_eitccredits_claimed" : "173",
  "ct_agi" : "3071890",
  "fed_agi" : "3100694",
  "federa_leitc_claimed" : "292239",
  "town" : "MIDDLEBURY",
  "percent_by_town" : "0.08",
  "amount_of_eitc_claimed" : "73062",
  "ct_income_tax" : "8333"
}
, {
  "number_of_eitccredits_claimed" : "127",
  "ct_agi" : "2184132",
  "fed_agi" : "2206401",
  "federa_leitc_claimed" : "201779",
  "town" : "MIDDLEFIELD",
  "percent_by_town" : "0.05",
  "amount_of_eitc_claimed" : "50446",
  "ct_income_tax" : "5567"
}
, {
  "number_of_eitccredits_claimed" : "2592",
  "ct_agi" : "46671287",
  "fed_agi" : "46820844",
  "federa_leitc_claimed" : "5123977",
  "town" : "MIDDLETOWN",
  "percent_by_town" : "1.34",
  "amount_of_eitc_claimed" : "1280984",
  "ct_income_tax" : "155894"
}
, {
  "number_of_eitccredits_claimed" : "1768",
  "ct_agi" : "29511955",
  "fed_agi" : "29705440",
  "federa_leitc_claimed" : "2824560",
  "town" : "MILFORD",
  "percent_by_town" : "0.74",
  "amount_of_eitc_claimed" : "706150",
  "ct_income_tax" : "94478"
}
, {
  "number_of_eitccredits_claimed" : "426",
  "ct_agi" : "7245124",
  "fed_agi" : "7304563",
  "federa_leitc_claimed" : "592183",
  "town" : "MONROE",
  "percent_by_town" : "0.15",
  "amount_of_eitc_claimed" : "148048",
  "ct_income_tax" : "24344"
}
, {
  "number_of_eitccredits_claimed" : "980",
  "ct_agi" : "19898464",
  "fed_agi" : "19991625",
  "federa_leitc_claimed" : "1864843",
  "town" : "MONTVILLE",
  "percent_by_town" : "0.49",
  "amount_of_eitc_claimed" : "466205",
  "ct_income_tax" : "66507"
}
, {
  "number_of_eitccredits_claimed" : "86",
  "ct_agi" : "1528617",
  "fed_agi" : "1542457",
  "federa_leitc_claimed" : "135783",
  "town" : "MORRIS",
  "percent_by_town" : "0.04",
  "amount_of_eitc_claimed" : "33946",
  "ct_income_tax" : "3308"
}
, {
  "number_of_eitccredits_claimed" : "1900",
  "ct_agi" : "36487942",
  "fed_agi" : "36692262",
  "federa_leitc_claimed" : "3945824",
  "town" : "NAUGATUCK",
  "percent_by_town" : "1.03",
  "amount_of_eitc_claimed" : "986366",
  "ct_income_tax" : "103499"
}
, {
  "number_of_eitccredits_claimed" : "7580",
  "ct_agi" : "142706618",
  "fed_agi" : "143119669",
  "federa_leitc_claimed" : "17474673",
  "town" : "NEW BRITAIN",
  "percent_by_town" : "4.56",
  "amount_of_eitc_claimed" : "4366831",
  "ct_income_tax" : "453072"
}
, {
  "number_of_eitccredits_claimed" : "205",
  "ct_agi" : "2592391",
  "fed_agi" : "2616118",
  "federa_leitc_claimed" : "287002",
  "town" : "NEW CANAAN",
  "percent_by_town" : "0.07",
  "amount_of_eitc_claimed" : "71751",
  "ct_income_tax" : "4931"
}
, {
  "number_of_eitccredits_claimed" : "320",
  "ct_agi" : "6031759",
  "fed_agi" : "6063351",
  "federa_leitc_claimed" : "569391",
  "town" : "NEW FAIRFIELD",
  "percent_by_town" : "0.15",
  "amount_of_eitc_claimed" : "142350",
  "ct_income_tax" : "15854"
}
, {
  "number_of_eitccredits_claimed" : "230",
  "ct_agi" : "4162494",
  "fed_agi" : "4181052",
  "federa_leitc_claimed" : "372712",
  "town" : "NEW HARTFORD",
  "percent_by_town" : "0.10",
  "amount_of_eitc_claimed" : "93180",
  "ct_income_tax" : "12985"
}
, {
  "number_of_eitccredits_claimed" : "12131",
  "ct_agi" : "212348188",
  "fed_agi" : "212747962",
  "federa_leitc_claimed" : "26797522",
  "town" : "NEW HAVEN",
  "percent_by_town" : "6.99",
  "amount_of_eitc_claimed" : "6698147",
  "ct_income_tax" : "642691"
}
, {
  "number_of_eitccredits_claimed" : "1124",
  "ct_agi" : "20728040",
  "fed_agi" : "20832758",
  "federa_leitc_claimed" : "1928592",
  "town" : "NEWINGTON ",
  "percent_by_town" : "0.50",
  "amount_of_eitc_claimed" : "482752",
  "ct_income_tax" : "63447"
}
, {
  "number_of_eitccredits_claimed" : "2794",
  "ct_agi" : "50078927",
  "fed_agi" : "50205342",
  "federa_leitc_claimed" : "6424684",
  "town" : "NEW LONDON ",
  "percent_by_town" : "1.68",
  "amount_of_eitc_claimed" : "1606169",
  "ct_income_tax" : "143542"
}
, {
  "number_of_eitccredits_claimed" : "1082",
  "ct_agi" : "20762753",
  "fed_agi" : "20886440",
  "federa_leitc_claimed" : "1915309",
  "town" : "NEW MILFORD ",
  "percent_by_town" : "0.50",
  "amount_of_eitc_claimed" : "478666",
  "ct_income_tax" : "65626"
}
, {
  "number_of_eitccredits_claimed" : "516",
  "ct_agi" : "8943750",
  "fed_agi" : "9016640",
  "federa_leitc_claimed" : "831714",
  "town" : "NEWTOWN",
  "percent_by_town" : "0.22",
  "amount_of_eitc_claimed" : "207932",
  "ct_income_tax" : "28152"
}
, {
  "number_of_eitccredits_claimed" : "72",
  "ct_agi" : "1105201",
  "fed_agi" : "1106550",
  "federa_leitc_claimed" : "99590",
  "town" : "NORFOLK",
  "percent_by_town" : "0.03",
  "amount_of_eitc_claimed" : "24898",
  "ct_income_tax" : "3059"
}
, {
  "number_of_eitccredits_claimed" : "415",
  "ct_agi" : "7553660",
  "fed_agi" : "7606491",
  "federa_leitc_claimed" : "663933",
  "town" : "NORTH BRANFORD",
  "percent_by_town" : "0.17",
  "amount_of_eitc_claimed" : "165987",
  "ct_income_tax" : "23239"
}
, {
  "number_of_eitccredits_claimed" : "47",
  "ct_agi" : "911768",
  "fed_agi" : "912061",
  "federa_leitc_claimed" : "85888",
  "town" : "NORTH CANAAN",
  "percent_by_town" : "0.02",
  "amount_of_eitc_claimed" : "21473",
  "ct_income_tax" : "2051"
}
, {
  "number_of_eitccredits_claimed" : "742",
  "ct_agi" : "12539809",
  "fed_agi" : "12612332",
  "federa_leitc_claimed" : "1091826",
  "town" : "NORTH HAVEN",
  "percent_by_town" : "0.29",
  "amount_of_eitc_claimed" : "274008",
  "ct_income_tax" : "45875"
}
, {
  "number_of_eitccredits_claimed" : "210",
  "ct_agi" : "3787821",
  "fed_agi" : "3804074",
  "federa_leitc_claimed" : "340456",
  "town" : "NORTH STONINGTON",
  "percent_by_town" : "0.09",
  "amount_of_eitc_claimed" : "85114",
  "ct_income_tax" : "8885"
}
, {
  "number_of_eitccredits_claimed" : "4651",
  "ct_agi" : "83002753",
  "fed_agi" : "83246328",
  "federa_leitc_claimed" : "8825007",
  "town" : "NORWALK",
  "percent_by_town" : "2.30",
  "amount_of_eitc_claimed" : "2204899",
  "ct_income_tax" : "259098"
}
, {
  "number_of_eitccredits_claimed" : "3813",
  "ct_agi" : "71465059",
  "fed_agi" : "71689552",
  "federa_leitc_claimed" : "8584457",
  "town" : "NORWICH",
  "percent_by_town" : "2.24",
  "amount_of_eitc_claimed" : "2143924",
  "ct_income_tax" : "223411"
}
, {
  "number_of_eitccredits_claimed" : "203",
  "ct_agi" : "3127806",
  "fed_agi" : "3150350",
  "federa_leitc_claimed" : "300025",
  "town" : "OLD LYME",
  "percent_by_town" : "0.08",
  "amount_of_eitc_claimed" : "75009",
  "ct_income_tax" : "8919"
}
, {
  "number_of_eitccredits_claimed" : "299",
  "ct_agi" : "4368165",
  "fed_agi" : "4404599",
  "federa_leitc_claimed" : "469410",
  "town" : "OLD SAYBROOK",
  "percent_by_town" : "0.12",
  "amount_of_eitc_claimed" : "117352",
  "ct_income_tax" : "17959"
}
, {
  "number_of_eitccredits_claimed" : "271",
  "ct_agi" : "4821238",
  "fed_agi" : "4849389",
  "federa_leitc_claimed" : "407359",
  "town" : "ORANGE",
  "percent_by_town" : "0.11",
  "amount_of_eitc_claimed" : "101424",
  "ct_income_tax" : "11910"
}
, {
  "number_of_eitccredits_claimed" : "292",
  "ct_agi" : "4950836",
  "fed_agi" : "4983231",
  "federa_leitc_claimed" : "441282",
  "town" : "OXFORD",
  "percent_by_town" : "0.12",
  "amount_of_eitc_claimed" : "110322",
  "ct_income_tax" : "12608"
}
, {
  "number_of_eitccredits_claimed" : "994",
  "ct_agi" : "20030480",
  "fed_agi" : "20135301",
  "federa_leitc_claimed" : "2010605",
  "town" : "PLAINFIELD",
  "percent_by_town" : "0.52",
  "amount_of_eitc_claimed" : "502204",
  "ct_income_tax" : "65213"
}
, {
  "number_of_eitccredits_claimed" : "791",
  "ct_agi" : "15089051",
  "fed_agi" : "15169884",
  "federa_leitc_claimed" : "1331263",
  "town" : "PLAINVILLE",
  "percent_by_town" : "0.35",
  "amount_of_eitc_claimed" : "334040",
  "ct_income_tax" : "53628"
}
, {
  "number_of_eitccredits_claimed" : "547",
  "ct_agi" : "10307818",
  "fed_agi" : "10346319",
  "federa_leitc_claimed" : "961998",
  "town" : "PLYMOUTH",
  "percent_by_town" : "0.25",
  "amount_of_eitc_claimed" : "240503",
  "ct_income_tax" : "34581"
}
, {
  "number_of_eitccredits_claimed" : "141",
  "ct_agi" : "2710375",
  "fed_agi" : "2712109",
  "federa_leitc_claimed" : "254423",
  "town" : "POMFRET",
  "percent_by_town" : "0.07",
  "amount_of_eitc_claimed" : "63608",
  "ct_income_tax" : "6860"
}
, {
  "number_of_eitccredits_claimed" : "285",
  "ct_agi" : "5150746",
  "fed_agi" : "5173033",
  "federa_leitc_claimed" : "506804",
  "town" : "PORTLAND",
  "percent_by_town" : "0.13",
  "amount_of_eitc_claimed" : "126703",
  "ct_income_tax" : "16767"
}
, {
  "number_of_eitccredits_claimed" : "176",
  "ct_agi" : "2954470",
  "fed_agi" : "2974016",
  "federa_leitc_claimed" : "293798",
  "town" : "PRESTON",
  "percent_by_town" : "0.08",
  "amount_of_eitc_claimed" : "73451",
  "ct_income_tax" : "7633"
}
, {
  "number_of_eitccredits_claimed" : "268",
  "ct_agi" : "4582125",
  "fed_agi" : "4597328",
  "federa_leitc_claimed" : "409354",
  "town" : "PROSPECT",
  "percent_by_town" : "0.11",
  "amount_of_eitc_claimed" : "102340",
  "ct_income_tax" : "11937"
}
, {
  "number_of_eitccredits_claimed" : "663",
  "ct_agi" : "12569073",
  "fed_agi" : "12614147",
  "federa_leitc_claimed" : "1334859",
  "town" : "PUTNAM",
  "percent_by_town" : "0.35",
  "amount_of_eitc_claimed" : "333723",
  "ct_income_tax" : "36192"
}
, {
  "number_of_eitccredits_claimed" : "114",
  "ct_agi" : "1399329",
  "fed_agi" : "1417995",
  "federa_leitc_claimed" : "133087",
  "town" : "REDDING",
  "percent_by_town" : "0.03",
  "amount_of_eitc_claimed" : "33272",
  "ct_income_tax" : "3514"
}
, {
  "number_of_eitccredits_claimed" : "285",
  "ct_agi" : "4918129",
  "fed_agi" : "4972319",
  "federa_leitc_claimed" : "407935",
  "town" : "RIDGEFIELD",
  "percent_by_town" : "0.11",
  "amount_of_eitc_claimed" : "101986",
  "ct_income_tax" : "18688"
}
, {
  "number_of_eitccredits_claimed" : "558",
  "ct_agi" : "9731375",
  "fed_agi" : "9762428",
  "federa_leitc_claimed" : "853225",
  "town" : "ROCKY HILL",
  "percent_by_town" : "0.22",
  "amount_of_eitc_claimed" : "213306",
  "ct_income_tax" : "26510"
}
, {
  "number_of_eitccredits_claimed" : "49",
  "ct_agi" : "878432",
  "fed_agi" : "905543",
  "federa_leitc_claimed" : "60674",
  "town" : "ROXBURY",
  "percent_by_town" : "0.02",
  "amount_of_eitc_claimed" : "15169",
  "ct_income_tax" : "2598"
}
, {
  "number_of_eitccredits_claimed" : "116",
  "ct_agi" : "2150470",
  "fed_agi" : "2180062",
  "federa_leitc_claimed" : "202634",
  "town" : "SALEM",
  "percent_by_town" : "0.05",
  "amount_of_eitc_claimed" : "50659",
  "ct_income_tax" : "5982"
}
, {
  "number_of_eitccredits_claimed" : "124",
  "ct_agi" : "2013617",
  "fed_agi" : "2016049",
  "federa_leitc_claimed" : "202343",
  "town" : "SALISBURY",
  "percent_by_town" : "0.05",
  "amount_of_eitc_claimed" : "50586",
  "ct_income_tax" : "5877"
}
, {
  "number_of_eitccredits_claimed" : "34",
  "ct_agi" : "491911",
  "fed_agi" : "494650",
  "federa_leitc_claimed" : "65840",
  "town" : "SCOTLAND",
  "percent_by_town" : "0.02",
  "amount_of_eitc_claimed" : "16460",
  "ct_income_tax" : "1819"
}
, {
  "number_of_eitccredits_claimed" : "717",
  "ct_agi" : "13808898",
  "fed_agi" : "13879005",
  "federa_leitc_claimed" : "1317860",
  "town" : "SEYMOUR",
  "percent_by_town" : "0.35",
  "amount_of_eitc_claimed" : "330479",
  "ct_income_tax" : "42652"
}
, {
  "number_of_eitccredits_claimed" : "84",
  "ct_agi" : "1235484",
  "fed_agi" : "1250890",
  "federa_leitc_claimed" : "137192",
  "town" : "SHARON",
  "percent_by_town" : "0.04",
  "amount_of_eitc_claimed" : "34299",
  "ct_income_tax" : "2215"
}
, {
  "number_of_eitccredits_claimed" : "1321",
  "ct_agi" : "23133914",
  "fed_agi" : "23248309",
  "federa_leitc_claimed" : "2314046",
  "town" : "SHELTON",
  "percent_by_town" : "0.60",
  "amount_of_eitc_claimed" : "578519",
  "ct_income_tax" : "76896"
}
, {
  "number_of_eitccredits_claimed" : "94",
  "ct_agi" : "1457092",
  "fed_agi" : "1478239",
  "federa_leitc_claimed" : "137634",
  "town" : "SHERMAN",
  "percent_by_town" : "0.04",
  "amount_of_eitc_claimed" : "34409",
  "ct_income_tax" : "4643"
}
, {
  "number_of_eitccredits_claimed" : "450",
  "ct_agi" : "6901182",
  "fed_agi" : "6952489",
  "federa_leitc_claimed" : "746407",
  "town" : "SIMSBURY",
  "percent_by_town" : "0.19",
  "amount_of_eitc_claimed" : "186457",
  "ct_income_tax" : "24050"
}
, {
  "number_of_eitccredits_claimed" : "243",
  "ct_agi" : "4442967",
  "fed_agi" : "4494792",
  "federa_leitc_claimed" : "423287",
  "town" : "SOMERS",
  "percent_by_town" : "0.11",
  "amount_of_eitc_claimed" : "105769",
  "ct_income_tax" : "12320"
}
, {
  "number_of_eitccredits_claimed" : "377",
  "ct_agi" : "6387608",
  "fed_agi" : "6430826",
  "federa_leitc_claimed" : "572439",
  "town" : "SOUTHBURY ",
  "percent_by_town" : "0.15",
  "amount_of_eitc_claimed" : "143042",
  "ct_income_tax" : "15125"
}
, {
  "number_of_eitccredits_claimed" : "1463",
  "ct_agi" : "27499678",
  "fed_agi" : "27631873",
  "federa_leitc_claimed" : "2377564",
  "town" : "SOUTHINGTON ",
  "percent_by_town" : "0.62",
  "amount_of_eitc_claimed" : "594397",
  "ct_income_tax" : "93998"
}
, {
  "number_of_eitccredits_claimed" : "649",
  "ct_agi" : "9834308",
  "fed_agi" : "9905150",
  "federa_leitc_claimed" : "1066757",
  "town" : "SOUTH WINDSOR ",
  "percent_by_town" : "0.28",
  "amount_of_eitc_claimed" : "266693",
  "ct_income_tax" : "40028"
}
, {
  "number_of_eitccredits_claimed" : "206",
  "ct_agi" : "4045022",
  "fed_agi" : "4061267",
  "federa_leitc_claimed" : "444634",
  "town" : "SPRAGUE",
  "percent_by_town" : "0.12",
  "amount_of_eitc_claimed" : "111160",
  "ct_income_tax" : "15100"
}
, {
  "number_of_eitccredits_claimed" : "616",
  "ct_agi" : "11687781",
  "fed_agi" : "11730563",
  "federa_leitc_claimed" : "1093072",
  "town" : "STAFFORD",
  "percent_by_town" : "0.29",
  "amount_of_eitc_claimed" : "273290",
  "ct_income_tax" : "40675"
}
, {
  "number_of_eitccredits_claimed" : "6291",
  "ct_agi" : "112838484",
  "fed_agi" : "113182532",
  "federa_leitc_claimed" : "11829141",
  "town" : "STAMFORD",
  "percent_by_town" : "3.09",
  "amount_of_eitc_claimed" : "2957250",
  "ct_income_tax" : "348877"
}
, {
  "number_of_eitccredits_claimed" : "189",
  "ct_agi" : "3754637",
  "fed_agi" : "3784606",
  "federa_leitc_claimed" : "380303",
  "town" : "STERLING",
  "percent_by_town" : "0.10",
  "amount_of_eitc_claimed" : "95079",
  "ct_income_tax" : "12153"
}
, {
  "number_of_eitccredits_claimed" : "907",
  "ct_agi" : "15963466",
  "fed_agi" : "16050874",
  "federa_leitc_claimed" : "1609826",
  "town" : "STONINGTON",
  "percent_by_town" : "0.42",
  "amount_of_eitc_claimed" : "402196",
  "ct_income_tax" : "49912"
}
, {
  "number_of_eitccredits_claimed" : "2836",
  "ct_agi" : "54079852",
  "fed_agi" : "54356136",
  "federa_leitc_claimed" : "5605538",
  "town" : "STRATFORD",
  "percent_by_town" : "1.46",
  "amount_of_eitc_claimed" : "1401259",
  "ct_income_tax" : "167969"
}
, {
  "number_of_eitccredits_claimed" : "341",
  "ct_agi" : "5962270",
  "fed_agi" : "5991749",
  "federa_leitc_claimed" : "530761",
  "town" : "SUFFIELD",
  "percent_by_town" : "0.14",
  "amount_of_eitc_claimed" : "132693",
  "ct_income_tax" : "19432"
}
, {
  "number_of_eitccredits_claimed" : "347",
  "ct_agi" : "6423437",
  "fed_agi" : "6477023",
  "federa_leitc_claimed" : "562719",
  "town" : "THOMASTON",
  "percent_by_town" : "0.15",
  "amount_of_eitc_claimed" : "140681",
  "ct_income_tax" : "15768"
}
, {
  "number_of_eitccredits_claimed" : "444",
  "ct_agi" : "8828294",
  "fed_agi" : "8868947",
  "federa_leitc_claimed" : "824363",
  "town" : "THOMPSON",
  "percent_by_town" : "0.22",
  "amount_of_eitc_claimed" : "206699",
  "ct_income_tax" : "17182"
}
, {
  "number_of_eitccredits_claimed" : "280",
  "ct_agi" : "5030191",
  "fed_agi" : "5075393",
  "federa_leitc_claimed" : "441910",
  "town" : "TOLLAND",
  "percent_by_town" : "0.11",
  "amount_of_eitc_claimed" : "109713",
  "ct_income_tax" : "17254"
}
, {
  "number_of_eitccredits_claimed" : "2314",
  "ct_agi" : "42706192",
  "fed_agi" : "42865415",
  "federa_leitc_claimed" : "4374911",
  "town" : "TORRINGTON",
  "percent_by_town" : "1.14",
  "amount_of_eitc_claimed" : "1094703",
  "ct_income_tax" : "137593"
}
, {
  "number_of_eitccredits_claimed" : "745",
  "ct_agi" : "13333987",
  "fed_agi" : "13442690",
  "federa_leitc_claimed" : "1150772",
  "town" : "TRUMBULL",
  "percent_by_town" : "0.30",
  "amount_of_eitc_claimed" : "287695",
  "ct_income_tax" : "41299"
}
, {
  "number_of_eitccredits_claimed" : "13",
  "ct_agi" : "247214",
  "fed_agi" : "247245",
  "federa_leitc_claimed" : "14852",
  "town" : "UNION",
  "percent_by_town" : "0.00",
  "amount_of_eitc_claimed" : "3713",
  "ct_income_tax" : "553"
}
, {
  "number_of_eitccredits_claimed" : "1588",
  "ct_agi" : "29090790",
  "fed_agi" : "29218401",
  "federa_leitc_claimed" : "3127927",
  "town" : "VERNON",
  "percent_by_town" : "0.82",
  "amount_of_eitc_claimed" : "781992",
  "ct_income_tax" : "89887"
}
, {
  "number_of_eitccredits_claimed" : "118",
  "ct_agi" : "2213434",
  "fed_agi" : "2226142",
  "federa_leitc_claimed" : "209245",
  "town" : "VOLUNTOWN",
  "percent_by_town" : "0.05",
  "amount_of_eitc_claimed" : "52311",
  "ct_income_tax" : "6392"
}
, {
  "number_of_eitccredits_claimed" : "1642",
  "ct_agi" : "31156260",
  "fed_agi" : "31279101",
  "federa_leitc_claimed" : "2902455",
  "town" : "WALLINGFORD",
  "percent_by_town" : "0.76",
  "amount_of_eitc_claimed" : "724883",
  "ct_income_tax" : "102305"
}
, {
  "number_of_eitccredits_claimed" : "35",
  "ct_agi" : "560646",
  "fed_agi" : "567415",
  "federa_leitc_claimed" : "48525",
  "town" : "WARREN",
  "percent_by_town" : "0.01",
  "amount_of_eitc_claimed" : "12131",
  "ct_income_tax" : "1305"
}
, {
  "number_of_eitccredits_claimed" : "126",
  "ct_agi" : "2263272",
  "fed_agi" : "2261433",
  "federa_leitc_claimed" : "181661",
  "town" : "WASHINGTON",
  "percent_by_town" : "0.05",
  "amount_of_eitc_claimed" : "45416",
  "ct_income_tax" : "8113"
}
, {
  "number_of_eitccredits_claimed" : "12021",
  "ct_agi" : "220989633",
  "fed_agi" : "221527942",
  "federa_leitc_claimed" : "28107049",
  "town" : "WATERBURY",
  "percent_by_town" : "7.33",
  "amount_of_eitc_claimed" : "7020305",
  "ct_income_tax" : "589475"
}
, {
  "number_of_eitccredits_claimed" : "723",
  "ct_agi" : "13547401",
  "fed_agi" : "13665618",
  "federa_leitc_claimed" : "1209079",
  "town" : "WATERFORD",
  "percent_by_town" : "0.32",
  "amount_of_eitc_claimed" : "301755",
  "ct_income_tax" : "43055"
}
, {
  "number_of_eitccredits_claimed" : "892",
  "ct_agi" : "16300377",
  "fed_agi" : "16388480",
  "federa_leitc_claimed" : "1518976",
  "town" : "WATERTOWN",
  "percent_by_town" : "0.40",
  "amount_of_eitc_claimed" : "380832",
  "ct_income_tax" : "45259"
}
, {
  "number_of_eitccredits_claimed" : "236",
  "ct_agi" : "3788189",
  "fed_agi" : "3826882",
  "federa_leitc_claimed" : "363546",
  "town" : "WESTBROOK ",
  "percent_by_town" : "0.09",
  "amount_of_eitc_claimed" : "90883",
  "ct_income_tax" : "12138"
}
, {
  "number_of_eitccredits_claimed" : "2069",
  "ct_agi" : "37688456",
  "fed_agi" : "37842138",
  "federa_leitc_claimed" : "3786985",
  "town" : "WEST HARTFORD ",
  "percent_by_town" : "0.99",
  "amount_of_eitc_claimed" : "949143",
  "ct_income_tax" : "116644"
}
, {
  "number_of_eitccredits_claimed" : "4173",
  "ct_agi" : "77129875",
  "fed_agi" : "77410821",
  "federa_leitc_claimed" : "8414468",
  "town" : "WEST HAVEN ",
  "percent_by_town" : "2.20",
  "amount_of_eitc_claimed" : "2104604",
  "ct_income_tax" : "233304"
}
, {
  "number_of_eitccredits_claimed" : "87",
  "ct_agi" : "734226",
  "fed_agi" : "765520",
  "federa_leitc_claimed" : "98657",
  "town" : "WESTON",
  "percent_by_town" : "0.03",
  "amount_of_eitc_claimed" : "24665",
  "ct_income_tax" : "2796"
}
, {
  "number_of_eitccredits_claimed" : "340",
  "ct_agi" : "4396814",
  "fed_agi" : "4426323",
  "federa_leitc_claimed" : "480818",
  "town" : "WESTPORT",
  "percent_by_town" : "0.13",
  "amount_of_eitc_claimed" : "120209",
  "ct_income_tax" : "14295"
}
, {
  "number_of_eitccredits_claimed" : "985",
  "ct_agi" : "18390235",
  "fed_agi" : "18496762",
  "federa_leitc_claimed" : "1694635",
  "town" : "WETHERSFIELD",
  "percent_by_town" : "0.44",
  "amount_of_eitc_claimed" : "422816",
  "ct_income_tax" : "61045"
}
, {
  "number_of_eitccredits_claimed" : "186",
  "ct_agi" : "3388188",
  "fed_agi" : "3397788",
  "federa_leitc_claimed" : "305388",
  "town" : "WILLINGTON",
  "percent_by_town" : "0.08",
  "amount_of_eitc_claimed" : "76348",
  "ct_income_tax" : "10800"
}
, {
  "number_of_eitccredits_claimed" : "222",
  "ct_agi" : "3565990",
  "fed_agi" : "3581013",
  "federa_leitc_claimed" : "274191",
  "town" : "WILTON",
  "percent_by_town" : "0.07",
  "amount_of_eitc_claimed" : "68549",
  "ct_income_tax" : "12044"
}
, {
  "number_of_eitccredits_claimed" : "693",
  "ct_agi" : "12951180",
  "fed_agi" : "13005710",
  "federa_leitc_claimed" : "1371757",
  "town" : "WINCHESTER",
  "percent_by_town" : "0.36",
  "amount_of_eitc_claimed" : "344287",
  "ct_income_tax" : "37049"
}
, {
  "number_of_eitccredits_claimed" : "2151",
  "ct_agi" : "39397049",
  "fed_agi" : "39519189",
  "federa_leitc_claimed" : "4763017",
  "town" : "WINDHAM",
  "percent_by_town" : "1.24",
  "amount_of_eitc_claimed" : "1189420",
  "ct_income_tax" : "111529"
}
, {
  "number_of_eitccredits_claimed" : "1555",
  "ct_agi" : "30328626",
  "fed_agi" : "30501719",
  "federa_leitc_claimed" : "2804736",
  "town" : "WINDSOR",
  "percent_by_town" : "0.73",
  "amount_of_eitc_claimed" : "703075",
  "ct_income_tax" : "100763"
}
, {
  "number_of_eitccredits_claimed" : "635",
  "ct_agi" : "12447913",
  "fed_agi" : "12510048",
  "federa_leitc_claimed" : "1116381",
  "town" : "WINDSOR LOCKS",
  "percent_by_town" : "0.29",
  "amount_of_eitc_claimed" : "279098",
  "ct_income_tax" : "42299"
}
, {
  "number_of_eitccredits_claimed" : "629",
  "ct_agi" : "11565608",
  "fed_agi" : "11649628",
  "federa_leitc_claimed" : "1128319",
  "town" : "WOLCOTT",
  "percent_by_town" : "0.29",
  "amount_of_eitc_claimed" : "282086",
  "ct_income_tax" : "34319"
}
, {
  "number_of_eitccredits_claimed" : "162",
  "ct_agi" : "2978148",
  "fed_agi" : "2999506",
  "federa_leitc_claimed" : "287626",
  "town" : "WOODBRIDGE",
  "percent_by_town" : "0.08",
  "amount_of_eitc_claimed" : "71907",
  "ct_income_tax" : "9687"
}
, {
  "number_of_eitccredits_claimed" : "272",
  "ct_agi" : "5080100",
  "fed_agi" : "5103735",
  "federa_leitc_claimed" : "425643",
  "town" : "WOODBURY",
  "percent_by_town" : "0.11",
  "amount_of_eitc_claimed" : "106413",
  "ct_income_tax" : "17693"
}
, {
  "number_of_eitccredits_claimed" : "267",
  "ct_agi" : "4952479",
  "fed_agi" : "4953488",
  "federa_leitc_claimed" : "470299",
  "town" : "WOODSTOCK",
  "percent_by_town" : "0.12",
  "amount_of_eitc_claimed" : "117577",
  "ct_income_tax" : "12171"
}
, {
  "number_of_eitccredits_claimed" : "189899",
  "ct_agi" : "3471382472",
  "fed_agi" : "3484745760",
  "federa_leitc_claimed" : "383111882",
  "town" : "Total",
  "percent_by_town" : "100",
  "amount_of_eitc_claimed" : "95772326",
  "ct_income_tax" : "10689682"
}
, {
  "town" : "Please Note: The CT EITC was reduced from 30% to 25% of the Federal EIT credit claimed for the 2013 year. "
}
 ]