[ {
  "zip" : "06066",
  "owner_name" : "BASSETT DOUG & DONNA",
  "dba" : "BEYOND BURGERS",
  "state" : "CT",
  "license_expire_date" : 1435622400,
  "address1" : "53 HAYES DR",
  "last_license_date" : 1435708800,
  "first_license_date" : 1426032000,
  "vendor_food_class" : "MOBILE FOOD VENDOR CLASS 4",
  "city" : "VERNON ROCKVILLE",
  "blms_id" : "16757",
  "license_issue_date" : 1404172800
}
, {
  "zip" : "06112",
  "owner_name" : "GONZALEZ JESUS",
  "dba" : "HAPPY LUNCH CART",
  "state" : "CT",
  "license_expire_date" : 1435622400,
  "address1" : "20 ROCKVILLE ST APT 16B",
  "last_license_date" : 1435708800,
  "first_license_date" : 1397174400,
  "vendor_food_class" : "MOBILE FOOD VENDOR CLASS 4",
  "city" : "HARTFORD",
  "blms_id" : "16242",
  "license_issue_date" : 1404172800
}
, {
  "zip" : "06114",
  "owner_name" : "FLORES JUAN C",
  "dba" : "MUNCHIES HOT DOG",
  "state" : "CT",
  "license_expire_date" : 1435622400,
  "address1" : "29 ANNAWAN ST APT F-2",
  "last_license_date" : 1404172800,
  "first_license_date" : 1399852800,
  "vendor_food_class" : "MOBILE FOOD VENDOR CLASS 2",
  "city" : "HARTFORD",
  "blms_id" : "16324",
  "license_issue_date" : 1404172800
}
, {
  "zip" : "06120",
  "owner_name" : "FOSTER, SR. KERRY B",
  "dba" : "A TASTE OF K. J.",
  "state" : "CT",
  "license_expire_date" : 1435622400,
  "address1" : "52 CLARK ST",
  "last_license_date" : 1435708800,
  "first_license_date" : 1313452800,
  "vendor_food_class" : "MOBILE FOOD VENDOR CLASS 3",
  "city" : "HARTFORD",
  "blms_id" : "14824",
  "license_issue_date" : 1404172800
}
, {
  "zip" : "06110-1104",
  "owner_name" : "AUGER DIANE S",
  "dba" : "DI DI'S DOGS",
  "state" : "CT",
  "license_expire_date" : 1435622400,
  "address1" : "89 BOULANGER AV",
  "last_license_date" : 1435708800,
  "first_license_date" : 1316563200,
  "vendor_food_class" : "MOBILE FOOD VENDOR CLASS 3",
  "city" : "W HARTFORD",
  "blms_id" : "14898",
  "license_issue_date" : 1404172800
}
, {
  "zip" : "06106",
  "owner_name" : "MIRANDA IZOLDA M.",
  "dba" : "SAMBA'S CUISINE",
  "state" : "CT",
  "license_expire_date" : 1435622400,
  "address1" : "65 ROWE AV",
  "last_license_date" : 1435708800,
  "first_license_date" : 1400630400,
  "vendor_food_class" : "MOBILE FOOD VENDOR CLASS 3",
  "city" : "HARTFORD",
  "blms_id" : "16336",
  "license_issue_date" : 1404172800
}
, {
  "zip" : "06106",
  "owner_name" : "POLANCO FRANK",
  "dba" : "FRANK ON WHEELS",
  "state" : "CT",
  "license_expire_date" : 1435622400,
  "address1" : "118 HUNGERFORD ST",
  "last_license_date" : 1435708800,
  "first_license_date" : 1338422400,
  "vendor_food_class" : "MOBILE FOOD VENDOR CLASS 4",
  "city" : "HARTFORD",
  "blms_id" : "15217",
  "license_issue_date" : 1404172800
}
, {
  "zip" : "06114",
  "owner_name" : "SEPULVEDA JOHNNY",
  "dba" : "JOHNNY'S PLACE",
  "state" : "CT",
  "license_expire_date" : 1435622400,
  "address1" : "214 CAMPFIELD AV",
  "last_license_date" : 1435708800,
  "first_license_date" : 1351728000,
  "vendor_food_class" : "MOBILE FOOD VENDOR CLASS 4",
  "city" : "HARTFORD",
  "blms_id" : "15486",
  "license_issue_date" : 1404172800
}
, {
  "zip" : "06119",
  "owner_name" : "MYLES ADRIAN O",
  "dba" : "CARIBBEAN FOOD CONCEPTS LLC",
  "state" : "CT",
  "license_expire_date" : 1435622400,
  "address1" : "1028 BOULEVARD, SUITE 332",
  "last_license_date" : 1435708800,
  "first_license_date" : 1344988800,
  "vendor_food_class" : "MOBILE FOOD VENDOR CLASS 3",
  "city" : "WEST HARTFORD",
  "blms_id" : "15374",
  "license_issue_date" : 1404172800
}
, {
  "zip" : "06095",
  "owner_name" : "SAMUELS NOREEN",
  "dba" : "TROPICAL GRILL AND CATERING",
  "state" : "CT",
  "license_expire_date" : 1435622400,
  "address1" : "422 W WOLCOTT AV",
  "last_license_date" : 1435708800,
  "first_license_date" : 1346112000,
  "vendor_food_class" : "MOBILE FOOD VENDOR CLASS 3",
  "city" : "WINDSOR",
  "blms_id" : "15391",
  "license_issue_date" : 1404172800
}
, {
  "zip" : "06114",
  "owner_name" : "SANTIAGO WILFREDO",
  "dba" : "FAT FREDDIES HOT DOGS",
  "state" : "CT",
  "license_expire_date" : 1435622400,
  "address1" : "34 CAMPFIELD AV",
  "last_license_date" : 1435708800,
  "first_license_date" : 1401235200,
  "vendor_food_class" : "MOBILE FOOD VENDOR CLASS 4",
  "city" : "HARTFORD",
  "blms_id" : "16359",
  "license_issue_date" : 1404172800
}
, {
  "zip" : "06112",
  "owner_name" : "GARY WILLIE",
  "dba" : "GARY'S ROLLING STORE",
  "state" : "CT",
  "license_expire_date" : 1435622400,
  "address1" : "1132 ALBANY AV",
  "last_license_date" : 1404172800,
  "first_license_date" : 1307404800,
  "vendor_food_class" : "MOBILE FOOD VENDOR CLASS 1",
  "city" : "HARTFORD",
  "blms_id" : "14633",
  "license_issue_date" : 1404172800
}
, {
  "zip" : "06033",
  "owner_name" : "NEGRON GILBERTO M",
  "dba" : "XALI CORPORATE AND FINE DINING SERVICES",
  "state" : "CT",
  "license_expire_date" : 1435622400,
  "address1" : "24 CURTIS RD",
  "last_license_date" : 1435708800,
  "first_license_date" : 1341187200,
  "vendor_food_class" : "MOBILE FOOD VENDOR CLASS 3",
  "city" : "GLASTONBURY",
  "blms_id" : "15266",
  "license_issue_date" : 1404172800
}
, {
  "zip" : "06770",
  "owner_name" : "MARSHALL JUSTIN",
  "dba" : "HALAL DOGS",
  "state" : "CT",
  "license_expire_date" : 1435622400,
  "address1" : "241 RUBBER ST",
  "last_license_date" : 1435708800,
  "first_license_date" : 1395792000,
  "vendor_food_class" : "MOBILE FOOD VENDOR CLASS 3",
  "city" : "NAUGATUCK",
  "blms_id" : "16215",
  "license_issue_date" : 1404172800
}
, {
  "zip" : "06095-0000",
  "owner_name" : "BONNICK ANTHONY",
  "dba" : "TONY'S ALL SEASON'S CATERING LLC",
  "state" : "CT",
  "license_expire_date" : 1467244800,
  "address1" : "21 WOODLAND PARK",
  "last_license_date" : 1435708800,
  "first_license_date" : 1182816000,
  "vendor_food_class" : "MOBILE FOOD VENDOR CLASS 3",
  "city" : "WINDSOR",
  "blms_id" : "11185",
  "license_issue_date" : 1435708800
}
, {
  "zip" : "06112",
  "owner_name" : "WILLIAMS MARK",
  "dba" : "MARK'S HOT DOGS",
  "state" : "CT",
  "license_expire_date" : 1467244800,
  "address1" : "553 GARDEN ST",
  "last_license_date" : 1435708800,
  "first_license_date" : 1186099200,
  "vendor_food_class" : "MOBILE FOOD VENDOR CLASS 1",
  "city" : "HARTFORD",
  "blms_id" : "11395",
  "license_issue_date" : 1435708800
}
, {
  "zip" : "06108",
  "owner_name" : "LISSETTE ALVAREZ",
  "dba" : "L. A. ICE CREAM",
  "state" : "CT",
  "license_expire_date" : 1467244800,
  "address1" : "19 BREWER ST",
  "last_license_date" : 1435708800,
  "first_license_date" : 1341273600,
  "vendor_food_class" : "MOBILE FOOD VENDOR CLASS 2",
  "city" : "EAST HARTFORD",
  "blms_id" : "15267",
  "license_issue_date" : 1435708800
}
, {
  "zip" : "06114-2403",
  "owner_name" : "RAMOS MABIEL",
  "dba" : "CANOS HOT DOGS",
  "state" : "CT",
  "license_expire_date" : 1467244800,
  "address1" : "24 KING ST 2ND FL",
  "last_license_date" : 1435708800,
  "first_license_date" : 1183334400,
  "vendor_food_class" : "MOBILE FOOD VENDOR CLASS 2",
  "city" : "HARTFORD",
  "blms_id" : "11219",
  "license_issue_date" : 1435708800
}
, {
  "zip" : "06103",
  "owner_name" : "ALEX RODRIGUEZ",
  "dba" : "LA BORINQUENA",
  "state" : "CT",
  "license_expire_date" : 1467244800,
  "address1" : "39 CHARTER OAK PL",
  "last_license_date" : 1435708800,
  "first_license_date" : 1333584000,
  "vendor_food_class" : "MOBILE FOOD VENDOR CLASS 3",
  "city" : "HARTFORD",
  "blms_id" : "15104",
  "license_issue_date" : 1435708800
}
, {
  "zip" : "06108",
  "owner_name" : "GENERIS INC MV # 113",
  "dba" : "GENERIS, INC.",
  "state" : "CT",
  "license_expire_date" : 1467244800,
  "address1" : "1100 BURNSIDE AV",
  "last_license_date" : 1435708800,
  "first_license_date" : 1186531200,
  "vendor_food_class" : "MOBILE FOOD VENDOR CLASS 2",
  "city" : "EAST HARTFORD",
  "blms_id" : "11435",
  "license_issue_date" : 1435708800
}
, {
  "zip" : "06002",
  "owner_name" : "HILL ARISTEDE/HILL LINETTE",
  "dba" : "NEW LEGACY HOT DOG STAND",
  "state" : "CT",
  "license_expire_date" : 1467244800,
  "address1" : "121 SCHOOL ST",
  "last_license_date" : 1435708800,
  "first_license_date" : 1400803200,
  "vendor_food_class" : "MOBILE FOOD VENDOR CLASS 4",
  "city" : "BLOOMFIELD",
  "blms_id" : "16346",
  "license_issue_date" : 1435708800
}
, {
  "zip" : "06120",
  "owner_name" : "DALIDA URDIALES",
  "dba" : "ITALIAN ICES 2",
  "state" : "CT",
  "license_expire_date" : 1467244800,
  "address1" : "47 GREEN ST",
  "last_license_date" : 1435708800,
  "first_license_date" : 1279756800,
  "vendor_food_class" : "MOBILE FOOD VENDOR CLASS 1",
  "city" : "HARTFORD",
  "blms_id" : "13990",
  "license_issue_date" : 1435708800
}
, {
  "zip" : "06067",
  "owner_name" : "LEI ZHAO",
  "dba" : "B & A CUISINE",
  "state" : "CT",
  "license_expire_date" : 1467244800,
  "address1" : "49 WILLOW RD",
  "last_license_date" : 1435708800,
  "first_license_date" : 1182988800,
  "vendor_food_class" : "MOBILE FOOD VENDOR CLASS 4",
  "city" : "ROCKY HILL",
  "blms_id" : "11202",
  "license_issue_date" : 1435708800
}
, {
  "zip" : "06119",
  "owner_name" : "DEJESUS MARIA",
  "dba" : "MAMITA'S HOT DOGS",
  "state" : "CT",
  "license_expire_date" : 1467244800,
  "address1" : "285 SOUTH QUAKER LN #1",
  "last_license_date" : 1435708800,
  "first_license_date" : 1343088000,
  "vendor_food_class" : "MOBILE FOOD VENDOR CLASS 2",
  "city" : "W HARTFORD",
  "blms_id" : "15328",
  "license_issue_date" : 1435708800
}
, {
  "zip" : "06278",
  "owner_name" : "M & L CATERING LLC",
  "dba" : "M & L CATERING LLC",
  "state" : "CT",
  "license_expire_date" : 1467244800,
  "address1" : "101 LAKEVIEW DR",
  "last_license_date" : 1435708800,
  "first_license_date" : 1219881600,
  "vendor_food_class" : "MOBILE FOOD VENDOR CLASS 3",
  "city" : "ASHFORD",
  "blms_id" : "12340",
  "license_issue_date" : 1435708800
}
, {
  "zip" : "06117",
  "owner_name" : "GRAJALES ALEXIS",
  "dba" : "I LOVE FOOD TOO",
  "state" : "CT",
  "license_expire_date" : 1467244800,
  "address1" : "43 SKYVIEW DR",
  "last_license_date" : 1435708800,
  "first_license_date" : 1303344000,
  "vendor_food_class" : "MOBILE FOOD VENDOR CLASS 3",
  "city" : "W HARTFORD",
  "blms_id" : "14477",
  "license_issue_date" : 1435708800
}
, {
  "zip" : "06051",
  "owner_name" : "ANGEL NUNEZ",
  "dba" : "ANGEL'S HOT DOG",
  "state" : "CT",
  "license_expire_date" : 1467244800,
  "address1" : "93 CONNECTICUT AVENUE",
  "last_license_date" : 1435708800,
  "first_license_date" : 1182902400,
  "vendor_food_class" : "MOBILE FOOD VENDOR CLASS 2",
  "city" : "NEW BRITAIN",
  "blms_id" : "11189",
  "license_issue_date" : 1435708800
}
, {
  "zip" : "06108",
  "owner_name" : "FELIPE RODRIGUEZ",
  "dba" : "FROSTEE FREEZE",
  "state" : "CT",
  "license_expire_date" : 1467244800,
  "address1" : "98 CHARLES ST",
  "last_license_date" : 1435708800,
  "first_license_date" : 1341273600,
  "vendor_food_class" : "MOBILE FOOD VENDOR CLASS 2",
  "city" : "EAST HARTFORD",
  "blms_id" : "15268",
  "license_issue_date" : 1435708800
}
, {
  "zip" : "06067",
  "owner_name" : "LEE ANN GRECO",
  "dba" : "COFFEE TIME",
  "state" : "CT",
  "license_expire_date" : 1467244800,
  "address1" : "60 OLD MAIN ST",
  "last_license_date" : 1435708800,
  "first_license_date" : 1185494400,
  "vendor_food_class" : "MOBILE FOOD VENDOR CLASS 3",
  "city" : "ROCKY HILL",
  "blms_id" : "11352",
  "license_issue_date" : 1435708800
}
, {
  "zip" : "06002",
  "owner_name" : "CHRISTOPHER H CARLSON",
  "dba" : "C&M SOUP 'R SAMICH",
  "state" : "CT",
  "license_expire_date" : 1467244800,
  "address1" : "21 PENWOOD RD",
  "last_license_date" : 1435708800,
  "first_license_date" : 1292284800,
  "vendor_food_class" : "MOBILE FOOD VENDOR CLASS 4",
  "city" : "BLOOMFIELD",
  "blms_id" : "14285",
  "license_issue_date" : 1435708800
}
, {
  "zip" : "06112",
  "owner_name" : "HEWITT DANIEL",
  "dba" : "IRON CHEF",
  "state" : "CT",
  "license_expire_date" : 1467244800,
  "address1" : "224 CORNWALL ST",
  "last_license_date" : 1435708800,
  "first_license_date" : 1183075200,
  "vendor_food_class" : "MOBILE FOOD VENDOR CLASS 4",
  "city" : "HARTFORD",
  "blms_id" : "11217",
  "license_issue_date" : 1435708800
}
, {
  "zip" : "06105",
  "owner_name" : "BARRY GREEN",
  "dba" : "SEAFOOD EXPRESS",
  "state" : "CT",
  "license_expire_date" : 1467244800,
  "address1" : "215 COLLINS ST",
  "last_license_date" : 1435708800,
  "first_license_date" : 1182124800,
  "vendor_food_class" : "MOBILE FOOD VENDOR CLASS 3",
  "city" : "HARTFORD",
  "blms_id" : "11161",
  "license_issue_date" : 1435708800
}
, {
  "zip" : "06108",
  "owner_name" : "DANG MINH",
  "dba" : "M & M FRESH FRUIT SALAD",
  "state" : "CT",
  "license_expire_date" : 1467244800,
  "address1" : "133 MOHAWK DR",
  "last_license_date" : 1435708800,
  "first_license_date" : 1183075200,
  "vendor_food_class" : "MOBILE FOOD VENDOR CLASS 1",
  "city" : "EAST HARTFORD",
  "blms_id" : "11211",
  "license_issue_date" : 1435708800
}
, {
  "zip" : "06108",
  "owner_name" : "HEREDIA RAMON",
  "dba" : "RAY DOG",
  "state" : "CT",
  "license_expire_date" : 1467244800,
  "address1" : "130 ARNOLD DR",
  "last_license_date" : 1435708800,
  "first_license_date" : 1183420800,
  "vendor_food_class" : "MOBILE FOOD VENDOR CLASS 2",
  "city" : "EAST HARTFORD",
  "blms_id" : "11243",
  "license_issue_date" : 1435708800
}
, {
  "zip" : "06084",
  "owner_name" : "ELSNER CHARLES",
  "dba" : "CHUCKWAGON CATERING",
  "state" : "CT",
  "license_expire_date" : 1467244800,
  "address1" : "140 PLAINS RD",
  "last_license_date" : 1435708800,
  "first_license_date" : 1184284800,
  "vendor_food_class" : "MOBILE FOOD VENDOR CLASS 3",
  "city" : "TOLLAND",
  "blms_id" : "11294",
  "license_issue_date" : 1435708800
}
, {
  "zip" : "06117",
  "owner_name" : "LIU ZHE X",
  "dba" : "PEONY TRUCK",
  "state" : "CT",
  "license_expire_date" : 1467244800,
  "address1" : "2248 ALBANY AV",
  "last_license_date" : 1435708800,
  "first_license_date" : 1182988800,
  "vendor_food_class" : "MOBILE FOOD VENDOR CLASS 3",
  "city" : "WEST HARTFORD",
  "blms_id" : "11197",
  "license_issue_date" : 1435708800
}
, {
  "zip" : "06066",
  "owner_name" : "EMMONS ERIN",
  "dba" : "LUCKY TACO",
  "state" : "CT",
  "license_expire_date" : 1467244800,
  "address1" : "36 DRIGGS RD",
  "last_license_date" : 1435708800,
  "first_license_date" : 1307491200,
  "vendor_food_class" : "MOBILE FOOD VENDOR CLASS 3",
  "city" : "VERNON ROCKVILLE",
  "blms_id" : "14638",
  "license_issue_date" : 1435708800
}
, {
  "zip" : "06108",
  "owner_name" : "NGUYEN DUNG H",
  "dba" : "BUON APPETITO",
  "state" : "CT",
  "license_expire_date" : 1467244800,
  "address1" : "138 BEACON HILL RD",
  "last_license_date" : 1435708800,
  "first_license_date" : 1182902400,
  "vendor_food_class" : "MOBILE FOOD VENDOR CLASS 3",
  "city" : "EAST HARTFORD",
  "blms_id" : "11190",
  "license_issue_date" : 1435708800
}
, {
  "zip" : "06114-0000",
  "owner_name" : "WHYTE JERRY R",
  "dba" : "L.L.L. HOT DOGS",
  "state" : "CT",
  "license_expire_date" : 1467244800,
  "address1" : "71 FREEMAN ST",
  "last_license_date" : 1435708800,
  "first_license_date" : 1182902400,
  "vendor_food_class" : "MOBILE FOOD VENDOR CLASS 2",
  "city" : "HARTFORD",
  "blms_id" : "11191",
  "license_issue_date" : 1435708800
}
, {
  "zip" : "06114",
  "owner_name" : "LIZANDRO MANZUETA LOPEZ",
  "dba" : "KOKI SUPER CHIMI CHURRI",
  "state" : "CT",
  "license_expire_date" : 1467244800,
  "address1" : "45 STANDISH ST",
  "last_license_date" : 1435708800,
  "first_license_date" : 1252886400,
  "vendor_food_class" : "MOBILE FOOD VENDOR CLASS 3",
  "city" : "HARTFORD",
  "blms_id" : "13216",
  "license_issue_date" : 1435708800
}
, {
  "zip" : "06120",
  "owner_name" : "HENRIQUEZ BEVERLY",
  "dba" : "JERK PIT MOBILE",
  "state" : "CT",
  "license_expire_date" : 1467244800,
  "address1" : "2940 MAIN ST",
  "last_license_date" : 1435708800,
  "first_license_date" : 1185321600,
  "vendor_food_class" : "MOBILE FOOD VENDOR CLASS 4",
  "city" : "HARTFORD",
  "blms_id" : "11343",
  "license_issue_date" : 1435708800
}
, {
  "zip" : "06106-0000",
  "owner_name" : "LAY SAM E",
  "dba" : "SAM'S FRUIT & VEGETABLES",
  "state" : "CT",
  "license_expire_date" : 1467244800,
  "address1" : "28 WINDHAM ST",
  "last_license_date" : 1435708800,
  "first_license_date" : 1182902400,
  "vendor_food_class" : "MOBILE FOOD VENDOR CLASS 2",
  "city" : "HARTFORD",
  "blms_id" : "11192",
  "license_issue_date" : 1435708800
}
, {
  "zip" : "06118",
  "owner_name" : "MARSHALL DIONNE",
  "dba" : "DESTINY'S HOT DOG CART",
  "state" : "CT",
  "license_expire_date" : 1467244800,
  "address1" : "143 SILVER LA",
  "last_license_date" : 1435708800,
  "first_license_date" : 1184630400,
  "vendor_food_class" : "MOBILE FOOD VENDOR CLASS 2",
  "city" : "EAST HARTFORD",
  "blms_id" : "11304",
  "license_issue_date" : 1435708800
}
, {
  "zip" : "06447",
  "owner_name" : "WILLIAMS CHARLES",
  "dba" : "URBAN GOURMET LLC",
  "state" : "CT",
  "license_expire_date" : 1467244800,
  "address1" : "113 STAGE HARBOR RD",
  "last_license_date" : 1435708800,
  "first_license_date" : 1331856000,
  "vendor_food_class" : "MOBILE FOOD VENDOR CLASS 3",
  "city" : "MARLBOROUGH",
  "blms_id" : "15076",
  "license_issue_date" : 1435708800
}
, {
  "zip" : "06108",
  "owner_name" : "MARSH CLOVER",
  "dba" : "CREAMY ICE CREAM",
  "state" : "CT",
  "license_expire_date" : 1467244800,
  "address1" : "394 BURNSIDE AVE",
  "last_license_date" : 1435708800,
  "first_license_date" : 1272412800,
  "vendor_food_class" : "MOBILE FOOD VENDOR CLASS 2",
  "city" : "EAST HARTFORD",
  "blms_id" : "13626",
  "license_issue_date" : 1435708800
}
, {
  "zip" : "06095-0000",
  "owner_name" : "COMPASS WARREN A",
  "dba" : "TONY'S VARIETY",
  "state" : "CT",
  "license_expire_date" : 1467244800,
  "address1" : "81 BRIARWOOD DR",
  "last_license_date" : 1435708800,
  "first_license_date" : 1182729600,
  "vendor_food_class" : "MOBILE FOOD VENDOR CLASS 1",
  "city" : "WINDSOR",
  "blms_id" : "11179",
  "license_issue_date" : 1435708800
}
, {
  "zip" : "06424",
  "owner_name" : "BAIER LAWRENCE D",
  "dba" : "DAILY GRIND",
  "state" : "CT",
  "license_expire_date" : 1467244800,
  "address1" : "13 CURRY LA",
  "last_license_date" : 1435708800,
  "first_license_date" : 1183075200,
  "vendor_food_class" : "MOBILE FOOD VENDOR CLASS 3",
  "city" : "EAST HAMPTON",
  "blms_id" : "11209",
  "license_issue_date" : 1435708800
}
, {
  "zip" : "06111",
  "owner_name" : "CONLON STEPHEN J",
  "dba" : "CHUCK WAGON CATERING",
  "state" : "CT",
  "license_expire_date" : 1467244800,
  "address1" : "68 HIGH RIDGE DR",
  "last_license_date" : 1435708800,
  "first_license_date" : 1182988800,
  "vendor_food_class" : "MOBILE FOOD VENDOR CLASS 2",
  "city" : "NEWINGTON",
  "blms_id" : "11201",
  "license_issue_date" : 1435708800
}
, {
  "zip" : "06010",
  "owner_name" : "ACOSTA LUIS M",
  "dba" : "DELICIOUS DOG HOUSE PLUS",
  "state" : "CT",
  "license_expire_date" : 1467244800,
  "address1" : "22 OVERLOOK AV",
  "last_license_date" : 1435708800,
  "first_license_date" : 1208304000,
  "vendor_food_class" : "MOBILE FOOD VENDOR CLASS 4",
  "city" : "BRISTOL",
  "blms_id" : "11950",
  "license_issue_date" : 1435708800
}
, {
  "zip" : "06051",
  "owner_name" : "GUERRERO BARBOSA RICAURTE",
  "dba" : "R.G.B.",
  "state" : "CT",
  "license_expire_date" : 1467244800,
  "address1" : "467 PARK ST",
  "last_license_date" : 1435708800,
  "address2" : "UNIT FL 2",
  "first_license_date" : 1289520000,
  "vendor_food_class" : "MOBILE FOOD VENDOR CLASS 4",
  "city" : "NEW BRITAIN",
  "blms_id" : "14246",
  "license_issue_date" : 1435708800
}
, {
  "zip" : "06066",
  "owner_name" : "LAWRENCE DENORIO",
  "dba" : "THE CUPCAKE BRAKE, LLC",
  "state" : "CT",
  "license_expire_date" : 1467244800,
  "address1" : "39 PILLSBURY HILL",
  "last_license_date" : 1435708800,
  "first_license_date" : 1268179200,
  "vendor_food_class" : "MOBILE FOOD VENDOR CLASS 2",
  "city" : "VERNON ROCKVILLE",
  "blms_id" : "13504",
  "license_issue_date" : 1435708800
}
, {
  "zip" : "06108-2406",
  "owner_name" : "TAVAREZ GREGORIO",
  "dba" : "G & E CATERING",
  "state" : "CT",
  "license_expire_date" : 1467244800,
  "address1" : "496 BURNSIDE AV",
  "last_license_date" : 1435708800,
  "first_license_date" : 1182988800,
  "vendor_food_class" : "MOBILE FOOD VENDOR CLASS 4",
  "city" : "EAST HARTFORD",
  "blms_id" : "11199",
  "license_issue_date" : 1435708800
}
, {
  "zip" : "06106",
  "owner_name" : "SOTO CRUSITA",
  "dba" : "ITA'S HOT DOG CART",
  "state" : "CT",
  "license_expire_date" : 1467244800,
  "address1" : "1880 BROAD ST",
  "last_license_date" : 1435708800,
  "first_license_date" : 1399593600,
  "vendor_food_class" : "MOBILE FOOD VENDOR CLASS 2",
  "city" : "HARTFORD",
  "blms_id" : "16321",
  "license_issue_date" : 1435708800
}
, {
  "zip" : "06106",
  "owner_name" : "BALKARAN TEDROY E",
  "dba" : "THE CURBSIDE KITCHEN",
  "state" : "CT",
  "license_expire_date" : 1467244800,
  "address1" : "112 HARVARD ST",
  "last_license_date" : 1435708800,
  "first_license_date" : 1383782400,
  "vendor_food_class" : "MOBILE FOOD VENDOR CLASS 4",
  "city" : "HARTFORD",
  "blms_id" : "16082",
  "license_issue_date" : 1435708800
}
, {
  "zip" : "06450",
  "owner_name" : "HERNANDEZ GREGORY",
  "dba" : "MUNCHTIME LLC",
  "state" : "CT",
  "license_expire_date" : 1467244800,
  "address1" : "346 PARKER AV SOUTH",
  "last_license_date" : 1435708800,
  "first_license_date" : 1396569600,
  "vendor_food_class" : "MOBILE FOOD VENDOR CLASS 3",
  "city" : "MERIDEN",
  "blms_id" : "16227",
  "license_issue_date" : 1435708800
}
, {
  "zip" : "06106",
  "owner_name" : "JOSE A. VAZQUEZ",
  "dba" : "HOT DOGS ON WHEELS",
  "state" : "CT",
  "license_expire_date" : 1467244800,
  "address1" : "1042 CAPITOL AV",
  "last_license_date" : 1435708800,
  "first_license_date" : 1341273600,
  "vendor_food_class" : "MOBILE FOOD VENDOR CLASS 1",
  "city" : "HARTFORD",
  "blms_id" : "15278",
  "license_issue_date" : 1435708800
}
, {
  "zip" : "06416",
  "owner_name" : "FARRELL TIM",
  "dba" : "EDGEWOOD PARTY RENTAL",
  "state" : "CT",
  "license_expire_date" : 1467244800,
  "address1" : "13 GRACE LN",
  "last_license_date" : 1435708800,
  "first_license_date" : 1393372800,
  "vendor_food_class" : "MOBILE FOOD VENDOR CLASS 2",
  "city" : "CROMWELL",
  "blms_id" : "16179",
  "license_issue_date" : 1435708800
}
, {
  "zip" : "06108",
  "owner_name" : "GENERIS F. S. INC",
  "dba" : "GENERIS F. S. INC",
  "state" : "CT",
  "license_expire_date" : 1467244800,
  "address1" : "1100 BURNSIDE AV",
  "last_license_date" : 1435708800,
  "first_license_date" : 1424995200,
  "vendor_food_class" : "MOBILE FOOD VENDOR CLASS 4",
  "city" : "EAST HARTFORD",
  "blms_id" : "16741",
  "license_issue_date" : 1435708800
}
, {
  "zip" : "06117",
  "owner_name" : "TOASTED LLC",
  "dba" : "TOASTED",
  "state" : "CT",
  "license_expire_date" : 1467244800,
  "address1" : "33 SEQUIN RD",
  "last_license_date" : 1435708800,
  "first_license_date" : 1364256000,
  "vendor_food_class" : "MOBILE FOOD VENDOR CLASS 3",
  "city" : "W HARTFORD",
  "blms_id" : "15632",
  "license_issue_date" : 1435708800
}
, {
  "zip" : "06708",
  "owner_name" : "VIGGIANO RICHARD",
  "dba" : "RV'S HOT SPOT",
  "state" : "CT",
  "license_expire_date" : 1467244800,
  "address1" : "381 CONGRESS AV",
  "last_license_date" : 1435708800,
  "first_license_date" : 1397433600,
  "vendor_food_class" : "MOBILE FOOD VENDOR CLASS 3",
  "city" : "WATERBURY",
  "blms_id" : "16246",
  "license_issue_date" : 1435708800
}
, {
  "zip" : "06082",
  "owner_name" : "MAGORA KRISTINE",
  "dba" : "STEEN'S PIT DOGS & WRAPS",
  "state" : "CT",
  "license_expire_date" : 1467244800,
  "address1" : "7 ELLIS RD",
  "last_license_date" : 1435708800,
  "first_license_date" : 1403136000,
  "vendor_food_class" : "MOBILE FOOD VENDOR CLASS 4",
  "city" : "ENFIELD",
  "blms_id" : "16423",
  "license_issue_date" : 1435708800
}
, {
  "zip" : "06033",
  "owner_name" : "SCHULTZ ANITA",
  "dba" : "BIG FISH PROMOTIONS",
  "state" : "CT",
  "license_expire_date" : 1467244800,
  "address1" : "80 COMMERCE ST",
  "last_license_date" : 1435708800,
  "first_license_date" : 1271808000,
  "vendor_food_class" : "MOBILE FOOD VENDOR CLASS 3",
  "city" : "GLASTONBURY",
  "blms_id" : "13580",
  "license_issue_date" : 1435708800
}
, {
  "zip" : "06106",
  "owner_name" : "DEMING JADE",
  "dba" : "LITTLE GEM CANTEEN LLC",
  "state" : "CT",
  "license_expire_date" : 1467244800,
  "address1" : "12 PARK TERRACE",
  "last_license_date" : 1435708800,
  "first_license_date" : 1372809600,
  "vendor_food_class" : "MOBILE FOOD VENDOR CLASS 3",
  "city" : "HARTFORD",
  "blms_id" : "15813",
  "license_issue_date" : 1435708800
}
, {
  "zip" : "06105",
  "owner_name" : "PIZARRO JOSE",
  "dba" : "AL'S HOTDOG",
  "state" : "CT",
  "license_expire_date" : 1467244800,
  "address1" : "5 GRAY ST APT#8",
  "last_license_date" : 1428364800,
  "first_license_date" : 1427760000,
  "vendor_food_class" : "MOBILE FOOD VENDOR CLASS 2",
  "city" : "HARTFORD",
  "blms_id" : "16789",
  "license_issue_date" : 1435708800
}
, {
  "zip" : "06118",
  "owner_name" : "PENA JACQUELINE",
  "dba" : "PRESTON'S BEST",
  "state" : "CT",
  "license_expire_date" : 1467244800,
  "address1" : "101 PLAIN DR",
  "last_license_date" : 1435708800,
  "first_license_date" : 1374105600,
  "vendor_food_class" : "MOBILE FOOD VENDOR CLASS 2",
  "city" : "EAST HARTFORD",
  "blms_id" : "15849",
  "license_issue_date" : 1435708800
}
, {
  "zip" : "06002",
  "owner_name" : "JENKINS GREGORY & CATHERINE JENKINS",
  "dba" : "THE MUNCHIES II",
  "state" : "CT",
  "license_expire_date" : 1467244800,
  "address1" : "21 BROOKLINE AV",
  "last_license_date" : 1435708800,
  "first_license_date" : 1407283200,
  "vendor_food_class" : "MOBILE FOOD VENDOR CLASS 4",
  "city" : "BLOOMFIELD",
  "blms_id" : "16511",
  "license_issue_date" : 1435708800
}
, {
  "zip" : "06112",
  "owner_name" : "JOHNSON PATRICK",
  "dba" : "ALL AMERICAN CART",
  "state" : "CT",
  "license_expire_date" : 1467244800,
  "address1" : "100 HARTLAND ST",
  "last_license_date" : 1435708800,
  "first_license_date" : 1399248000,
  "vendor_food_class" : "MOBILE FOOD VENDOR CLASS 3",
  "city" : "HARTFORD",
  "blms_id" : "16316",
  "license_issue_date" : 1435708800
}
, {
  "zip" : "06110",
  "owner_name" : "VARGAS DANIEL",
  "dba" : "DANNY'S",
  "state" : "CT",
  "license_expire_date" : 1467244800,
  "address1" : "48 SOMERSET ST",
  "last_license_date" : 1435708800,
  "first_license_date" : 1366329600,
  "vendor_food_class" : "MOBILE FOOD VENDOR CLASS 2",
  "city" : "W HARTFORD",
  "blms_id" : "15680",
  "license_issue_date" : 1435708800
}
, {
  "zip" : "06105",
  "owner_name" : "CRUZ FLORENTINA",
  "dba" : "N & N HOT DOGS",
  "state" : "CT",
  "license_expire_date" : 1467244800,
  "address1" : "280 COLLINS ST",
  "last_license_date" : 1435708800,
  "first_license_date" : 1402617600,
  "vendor_food_class" : "MOBILE FOOD VENDOR CLASS 2",
  "city" : "HARTFORD",
  "blms_id" : "16415",
  "license_issue_date" : 1435708800
}
, {
  "zip" : "06002",
  "owner_name" : "ROBINSON DERRICK",
  "dba" : "GOOD TO GO",
  "state" : "CT",
  "license_expire_date" : 1467244800,
  "address1" : "PO BOX 7173",
  "last_license_date" : 1435708800,
  "first_license_date" : 1398643200,
  "vendor_food_class" : "MOBILE FOOD VENDOR CLASS 2",
  "city" : "BLOOMFIELD",
  "blms_id" : "16298",
  "license_issue_date" : 1435708800
}
, {
  "zip" : "06110",
  "owner_name" : "PEREZ ADOLFO",
  "dba" : "THAT'S MY DOG LLC",
  "state" : "CT",
  "license_expire_date" : 1467244800,
  "address1" : "96 HOLLYWOOD AV",
  "last_license_date" : 1435708800,
  "first_license_date" : 1380067200,
  "vendor_food_class" : "MOBILE FOOD VENDOR CLASS 2",
  "city" : "W HARTFORD",
  "blms_id" : "16005",
  "license_issue_date" : 1435708800
}
, {
  "zip" : "06106",
  "owner_name" : "TORRES GUILLERMO",
  "dba" : "TATY'S KITCHEN",
  "state" : "CT",
  "license_expire_date" : 1467244800,
  "address1" : "38 GIDDINGS ST",
  "last_license_date" : 1435708800,
  "first_license_date" : 1410307200,
  "vendor_food_class" : "MOBILE FOOD VENDOR CLASS 4",
  "city" : "HARTFORD",
  "blms_id" : "16564",
  "license_issue_date" : 1435708800
}
, {
  "zip" : "06040",
  "owner_name" : "VAZQUEZ FRANCISCO",
  "dba" : "CV'S HOT DOGS",
  "state" : "CT",
  "license_expire_date" : 1467244800,
  "address1" : "61 SPRUCE ST",
  "last_license_date" : 1435708800,
  "first_license_date" : 1407974400,
  "vendor_food_class" : "MOBILE FOOD VENDOR CLASS 2",
  "city" : "MANCHESTER",
  "blms_id" : "16531",
  "license_issue_date" : 1435708800
}
, {
  "zip" : "06120",
  "owner_name" : "SANDRA GONZALEZ",
  "dba" : "LUMARYS ICE CREAM",
  "state" : "CT",
  "license_expire_date" : 1467244800,
  "address1" : "146 WOOSTER ST",
  "last_license_date" : 1404172800,
  "first_license_date" : 1336089600,
  "vendor_food_class" : "MOBILE FOOD VENDOR CLASS 1",
  "city" : "HARTFORD",
  "blms_id" : "15157",
  "license_issue_date" : 1435708800
}
, {
  "zip" : "06120",
  "owner_name" : "SOLORZANO SEGUNDO",
  "dba" : "DELICIAS",
  "state" : "CT",
  "license_expire_date" : 1467244800,
  "address1" : "270 BELLEVUE ST, APT A",
  "last_license_date" : 1435708800,
  "first_license_date" : 1432771200,
  "vendor_food_class" : "MOBILE FOOD VENDOR CLASS 2",
  "city" : "HARTFORD",
  "blms_id" : "16900",
  "license_issue_date" : 1435708800
}
, {
  "zip" : "06114",
  "owner_name" : "LAUREANO JOSE M",
  "dba" : "LOS SABROSITOS DOG'S",
  "state" : "CT",
  "license_expire_date" : 1467244800,
  "address1" : "254 VICTORIA RD",
  "last_license_date" : 1432857600,
  "first_license_date" : 1432684800,
  "vendor_food_class" : "MOBILE FOOD VENDOR CLASS 2",
  "city" : "HARTFORD",
  "blms_id" : "16895",
  "license_issue_date" : 1435708800
}
, {
  "zip" : "06106",
  "owner_name" : "DASILVA-TAYLOR GABRIELLA",
  "dba" : "AMOR FOOD TRUCK LLC",
  "state" : "CT",
  "license_expire_date" : 1467244800,
  "address1" : "37 WILSON ST",
  "last_license_date" : 1433289600,
  "first_license_date" : 1378857600,
  "vendor_food_class" : "MOBILE FOOD VENDOR CLASS 4",
  "city" : "HARTFORD",
  "blms_id" : "15984",
  "license_issue_date" : 1435708800
}
, {
  "zip" : "06040",
  "owner_name" : "YAGLIN ALEXANDR",
  "dba" : "THE DOG HOUSE II",
  "state" : "CT",
  "license_expire_date" : 1467244800,
  "address1" : "99 KEENEY ST",
  "last_license_date" : 1433376000,
  "first_license_date" : 1319068800,
  "vendor_food_class" : "MOBILE FOOD VENDOR CLASS 2",
  "city" : "MANCHESTER",
  "blms_id" : "14935",
  "license_issue_date" : 1435708800
}
, {
  "zip" : "06040",
  "owner_name" : "JOHN HUDSON JR.",
  "dba" : "BIG JOHN'S BUTTERCUP",
  "state" : "CT",
  "license_expire_date" : 1467244800,
  "address1" : "16 OAK PL",
  "last_license_date" : 1433462400,
  "first_license_date" : 1183334400,
  "vendor_food_class" : "MOBILE FOOD VENDOR CLASS 3",
  "city" : "MANCHESTER",
  "blms_id" : "11224",
  "license_issue_date" : 1435708800
}
, {
  "zip" : "06106",
  "owner_name" : "ANGEL M. ROSA",
  "dba" : "ROSA'S HOT DOGS",
  "state" : "CT",
  "license_expire_date" : 1467244800,
  "address1" : "43 STORRS ST",
  "last_license_date" : 1433721600,
  "first_license_date" : 1182124800,
  "vendor_food_class" : "MOBILE FOOD VENDOR CLASS 3",
  "city" : "HARTFORD",
  "blms_id" : "11160",
  "license_issue_date" : 1435708800
}
, {
  "zip" : "06120-2307",
  "owner_name" : "TAYLOR CHARLES JR",
  "dba" : "TAYLOR HOTDOGS CART 4",
  "state" : "CT",
  "license_expire_date" : 1467244800,
  "address1" : "180 BROOK ST",
  "last_license_date" : 1435708800,
  "first_license_date" : 1352937600,
  "vendor_food_class" : "MOBILE FOOD VENDOR CLASS 2",
  "city" : "HARTFORD",
  "blms_id" : "15504",
  "license_issue_date" : 1435708800
}
, {
  "zip" : "06010",
  "owner_name" : "DOWD LISA & CANZELLARINI CAMERON",
  "dba" : "CHEESY STREET GRILL LLC",
  "state" : "CT",
  "license_expire_date" : 1467244800,
  "address1" : "389 EAST RD",
  "last_license_date" : 1433894400,
  "first_license_date" : 1397606400,
  "vendor_food_class" : "MOBILE FOOD VENDOR CLASS 3",
  "city" : "BRISTOL",
  "blms_id" : "16254",
  "license_issue_date" : 1435708800
}
, {
  "zip" : "06032",
  "owner_name" : "KILORAN PHIL",
  "dba" : "BEN & JERRY'S CATERING",
  "state" : "CT",
  "license_expire_date" : 1467244800,
  "address1" : "80 FARMINGTON CHASE CRESCENT",
  "last_license_date" : 1433894400,
  "first_license_date" : 1402444800,
  "vendor_food_class" : "MOBILE FOOD VENDOR CLASS 2",
  "city" : "FARMINGTON",
  "blms_id" : "16402",
  "license_issue_date" : 1435708800
}
, {
  "zip" : "06106",
  "owner_name" : "GONZALES DELIA",
  "dba" : "GONZALES ICE CREAM TRUCK 2",
  "state" : "CT",
  "license_expire_date" : 1467244800,
  "address1" : "31 HARWICH ST",
  "last_license_date" : 1435708800,
  "first_license_date" : 1336521600,
  "vendor_food_class" : "MOBILE FOOD VENDOR CLASS 1",
  "city" : "HARTFORD",
  "blms_id" : "15172",
  "license_issue_date" : 1435708800
}
, {
  "zip" : "06450",
  "owner_name" : "BILL FOREMAN/BACKUS SCOTT",
  "dba" : "TED'S RESTAURANT OF CROMWELL LLC",
  "state" : "CT",
  "license_expire_date" : 1467244800,
  "address1" : "105 MAYFLOWER LA - BACKUS",
  "last_license_date" : 1435708800,
  "address2" : "1046 BROAD ST - PARISI",
  "first_license_date" : 1371600000,
  "vendor_food_class" : "MOBILE FOOD VENDOR CLASS 3",
  "city" : "MERIDEN",
  "blms_id" : "15799",
  "license_issue_date" : 1435708800
}
, {
  "zip" : "06114",
  "owner_name" : "TEJEDA RADOVICH",
  "dba" : "RADO'S GRILL",
  "state" : "CT",
  "license_expire_date" : 1467244800,
  "address1" : "66 YALE ST",
  "last_license_date" : 1435017600,
  "first_license_date" : 1402617600,
  "vendor_food_class" : "MOBILE FOOD VENDOR CLASS 3",
  "city" : "HARTFORD",
  "blms_id" : "16417",
  "license_issue_date" : 1435708800
}
, {
  "zip" : "06416",
  "owner_name" : "FERRANTI ALBERT",
  "dba" : "AGAVE GRILL",
  "state" : "CT",
  "license_expire_date" : 1467244800,
  "address1" : "23 NEWBURY RD",
  "last_license_date" : 1435708800,
  "first_license_date" : 1380672000,
  "vendor_food_class" : "MOBILE FOOD VENDOR CLASS 4",
  "city" : "CROMWELL",
  "blms_id" : "16022",
  "license_issue_date" : 1435708800
}
, {
  "zip" : "06051",
  "owner_name" : "ANGEL NUNEZ",
  "dba" : "EL FOGON DE MARGARITA",
  "state" : "CT",
  "license_expire_date" : 1467244800,
  "address1" : "93 CONNECTICUT AVENUE",
  "last_license_date" : 1435017600,
  "first_license_date" : 1214438400,
  "vendor_food_class" : "MOBILE FOOD VENDOR CLASS 3",
  "city" : "NEW BRITAIN",
  "blms_id" : "12143",
  "license_issue_date" : 1435708800
}
, {
  "zip" : "06118",
  "owner_name" : "RIOS LISSETTE",
  "dba" : "FROSTEE FREEZE (L.A. ICE CREAM) 1",
  "state" : "CT",
  "license_expire_date" : 1467244800,
  "address1" : "60 HARTZ LN",
  "last_license_date" : 1435708800,
  "first_license_date" : 1401321600,
  "vendor_food_class" : "MOBILE FOOD VENDOR CLASS 1",
  "city" : "EAST HARTFORD",
  "blms_id" : "16362",
  "license_issue_date" : 1435708800
}
, {
  "zip" : "06118",
  "owner_name" : "RIOS LISSETTE",
  "dba" : "FROSTEE FREEZE (L.A. ICE CREAM) 2",
  "state" : "CT",
  "license_expire_date" : 1467244800,
  "address1" : "60 HARTZ LN",
  "last_license_date" : 1435708800,
  "first_license_date" : 1401321600,
  "vendor_food_class" : "MOBILE FOOD VENDOR CLASS 2",
  "city" : "EAST HARTFORD",
  "blms_id" : "16363",
  "license_issue_date" : 1435708800
}
, {
  "zip" : "06118",
  "owner_name" : "CORDERO ARACELI & JUAN",
  "dba" : "ARACELI'S FOODS",
  "state" : "CT",
  "license_expire_date" : 1467244800,
  "address1" : "987 SILVER LN",
  "last_license_date" : 1435017600,
  "first_license_date" : 1411344000,
  "vendor_food_class" : "MOBILE FOOD VENDOR CLASS 3",
  "city" : "EAST HARTFORD",
  "blms_id" : "16587",
  "license_issue_date" : 1435708800
}
, {
  "zip" : "06112",
  "owner_name" : "MALAVE DAMARIS",
  "dba" : "DEES FLAVORS",
  "state" : "CT",
  "license_expire_date" : 1435622400,
  "address1" : "404 SIGOURNEY STREET",
  "last_license_date" : 1435104000,
  "first_license_date" : 1333929600,
  "vendor_food_class" : "MOBILE FOOD VENDOR CLASS 3",
  "city" : "HARTFORD",
  "blms_id" : "15107",
  "license_issue_date" : 1404172800
}
, {
  "zip" : "06114",
  "owner_name" : "MANZUETA LOPEZ EDWARD",
  "dba" : "\"COKI PICALONGA\"",
  "state" : "CT",
  "license_expire_date" : 1467244800,
  "address1" : "59 ALDEN ST APT 102",
  "last_license_date" : 1435104000,
  "first_license_date" : 1381795200,
  "vendor_food_class" : "MOBILE FOOD VENDOR CLASS 4",
  "city" : "HARTFORD",
  "blms_id" : "16042",
  "license_issue_date" : 1435708800
}
, {
  "zip" : "06106",
  "owner_name" : "FERMAN AYALA. MARIA OLGA",
  "dba" : "ANTOJITOS AL PASO LLC",
  "state" : "CT",
  "license_expire_date" : 1467244800,
  "address1" : "34 BABCOCK ST, 2ND FL",
  "last_license_date" : 1435276800,
  "first_license_date" : 1434067200,
  "vendor_food_class" : "MOBILE FOOD VENDOR CLASS 3",
  "city" : "HARTFORD",
  "blms_id" : "16956",
  "license_issue_date" : 1435708800
}
, {
  "zip" : "06108",
  "owner_name" : "MINH DANG",
  "dba" : "M&M FRESH FRUIT SALAD",
  "state" : "CT",
  "license_expire_date" : 1467244800,
  "address1" : "133 MOHAWK DR",
  "last_license_date" : 1435536000,
  "first_license_date" : 1183075200,
  "vendor_food_class" : "MOBILE FOOD VENDOR CLASS 3",
  "city" : "EAST HARTFORD",
  "blms_id" : "11213",
  "license_issue_date" : 1435708800
}
, {
  "zip" : "06118",
  "owner_name" : "PETERSON MICHELLE",
  "dba" : "MISHYZ ICE CREAM DREAM",
  "state" : "CT",
  "license_expire_date" : 1467244800,
  "address1" : "441 MAIN ST #209",
  "last_license_date" : 1435708800,
  "first_license_date" : 1429142400,
  "vendor_food_class" : "MOBILE FOOD VENDOR CLASS 2",
  "city" : "EAST HARTFORD",
  "blms_id" : "16828",
  "license_issue_date" : 1435708800
}
, {
  "zip" : "06053",
  "owner_name" : "MATHIS RONALD",
  "dba" : "HOT PIZZAZZ PIZZA",
  "state" : "CT",
  "license_expire_date" : 1435622400,
  "address1" : "410 FARMINGTON AV",
  "last_license_date" : 1435536000,
  "first_license_date" : 1395964800,
  "vendor_food_class" : "MOBILE FOOD VENDOR CLASS 3",
  "city" : "NEW BRITAIN",
  "blms_id" : "16218",
  "license_issue_date" : 1435708800
}
, {
  "zip" : "06052",
  "owner_name" : "PRASAKONE SAMAYPHONE",
  "dba" : "THAI FOOD ON WHEELS",
  "state" : "CT",
  "license_expire_date" : 1467244800,
  "address1" : "472 BLACKROCK AV",
  "last_license_date" : 1435622400,
  "first_license_date" : 1182816000,
  "vendor_food_class" : "MOBILE FOOD VENDOR CLASS 3",
  "city" : "NEW BRITAIN",
  "blms_id" : "11184",
  "license_issue_date" : 1435708800
}
, {
  "zip" : "06040",
  "owner_name" : "JACKSON GERON",
  "dba" : "CREAM TIME",
  "state" : "CT",
  "license_expire_date" : 1435622400,
  "address1" : "93 CONSTANCE DR",
  "last_license_date" : 1435708800,
  "first_license_date" : 1429660800,
  "vendor_food_class" : "MOBILE FOOD VENDOR CLASS 2",
  "city" : "MANCHESTER",
  "blms_id" : "16832",
  "license_issue_date" : 1435708800
}
, {
  "zip" : "06114",
  "owner_name" : "EFRAIN CABRERA",
  "dba" : "ITALIAN ICES 3",
  "state" : "CT",
  "license_expire_date" : 1467244800,
  "address1" : "159 WETHERSFIELD AV",
  "last_license_date" : 1436140800,
  "first_license_date" : 1405555200,
  "vendor_food_class" : "MOBILE FOOD VENDOR CLASS 2",
  "city" : "HARTFORD",
  "blms_id" : "16478",
  "license_issue_date" : 1435708800
}
, {
  "zip" : "06112",
  "owner_name" : "TRAPP WILLIAMS TOMORRA",
  "dba" : "SOUTHERN BELL SOUL FOOD",
  "state" : "CT",
  "license_expire_date" : 1467244800,
  "address1" : "71 ENFIELD ST",
  "last_license_date" : 1436227200,
  "first_license_date" : 1429056000,
  "vendor_food_class" : "MOBILE FOOD VENDOR CLASS 3",
  "city" : "HARTFORD",
  "blms_id" : "16827",
  "license_issue_date" : 1435708800
}
, {
  "zip" : "06114",
  "owner_name" : "NARANJO FLAVIO H",
  "dba" : "FLAVIO COCO RICO ICE CREAM",
  "state" : "CT",
  "license_expire_date" : 1467244800,
  "address1" : "31 KENNETH ST 1ST FL",
  "last_license_date" : 1436313600,
  "first_license_date" : 1436313600,
  "vendor_food_class" : "MOBILE FOOD VENDOR CLASS 2",
  "city" : "HARTFORD",
  "blms_id" : "16980",
  "license_issue_date" : 1435708800
}
, {
  "zip" : "06114",
  "owner_name" : "NARANJO FLAVIO H",
  "dba" : "COCO RICO ICE CREAM",
  "state" : "CT",
  "license_expire_date" : 1467244800,
  "address1" : "31 KENNETH ST 1ST FL",
  "last_license_date" : 1436313600,
  "first_license_date" : 1365638400,
  "vendor_food_class" : "MOBILE FOOD VENDOR CLASS 2",
  "city" : "HARTFORD",
  "blms_id" : "15669",
  "license_issue_date" : 1435708800
}
, {
  "zip" : "06110",
  "owner_name" : "SONIA I RODRIGUEZ SERRANO",
  "dba" : "LE FIEBRU CUISINE",
  "state" : "CT",
  "license_expire_date" : 1467244800,
  "address1" : "65 HILLCREST AV",
  "last_license_date" : 1435708800,
  "first_license_date" : 1315353600,
  "vendor_food_class" : "MOBILE FOOD VENDOR CLASS 4",
  "city" : "W HARTFORD",
  "blms_id" : "14847",
  "license_issue_date" : 1435708800
}
, {
  "zip" : "06109",
  "owner_name" : "LABRECK DONALD",
  "dba" : "PREMIER AND 1 LLC DBA SILVER PLATTER",
  "state" : "CT",
  "license_expire_date" : 1467244800,
  "address1" : "43 TIMBER TRAIL",
  "last_license_date" : 1435708800,
  "first_license_date" : 1426118400,
  "vendor_food_class" : "MOBILE FOOD VENDOR CLASS 4",
  "city" : "WETHERSFIELD",
  "blms_id" : "16759",
  "license_issue_date" : 1435708800
}
, {
  "zip" : "06114",
  "owner_name" : "RESTO FRANCISCO",
  "dba" : "K & F LUNCH AND LATE NIGHT MUNCH",
  "state" : "CT",
  "license_expire_date" : 1467244800,
  "address1" : "479 WETHERSFIELD AV",
  "last_license_date" : 1436486400,
  "first_license_date" : 1434067200,
  "vendor_food_class" : "MOBILE FOOD VENDOR CLASS 3",
  "city" : "HARTFORD",
  "blms_id" : "16957",
  "license_issue_date" : 1435708800
}
, {
  "zip" : "06040",
  "owner_name" : "YAGLIN ALEXANDR",
  "dba" : "THE MISSING LINK",
  "state" : "CT",
  "license_expire_date" : 1467244800,
  "address1" : "99 KEENEY ST",
  "last_license_date" : 1436486400,
  "first_license_date" : 1424736000,
  "vendor_food_class" : "MOBILE FOOD VENDOR CLASS 3",
  "city" : "MANCHESTER",
  "blms_id" : "16738",
  "license_issue_date" : 1435708800
}
, {
  "zip" : "06040",
  "owner_name" : "BOLORIN ISMAEL",
  "dba" : "CRISTINA'S FOOD WAGON",
  "state" : "CT",
  "license_expire_date" : 1435622400,
  "address1" : "50 DOUGHERTY ST",
  "last_license_date" : 1436745600,
  "first_license_date" : 1427155200,
  "vendor_food_class" : "MOBILE FOOD VENDOR CLASS 4",
  "city" : "MANCHESTER",
  "blms_id" : "16786",
  "license_issue_date" : 1404172800
}
, {
  "zip" : "06120",
  "owner_name" : "SOLORZANO FELIPE",
  "dba" : "LAS DELICIAS DE HARTFORD #3",
  "state" : "CT",
  "license_expire_date" : 1467244800,
  "address1" : "270 BELLEVUE ST APT A",
  "last_license_date" : 1436832000,
  "first_license_date" : 1436832000,
  "vendor_food_class" : "MOBILE FOOD VENDOR CLASS 2",
  "city" : "HARTFORD",
  "blms_id" : "16995",
  "license_issue_date" : 1435708800
}
, {
  "zip" : "06120",
  "owner_name" : "SOLORZANO FELIPE",
  "dba" : "LAS DELICIAS DE HARTFORD #2",
  "state" : "CT",
  "license_expire_date" : 1467244800,
  "address1" : "270 BELLEVUE ST APT A",
  "last_license_date" : 1436832000,
  "first_license_date" : 1436832000,
  "vendor_food_class" : "MOBILE FOOD VENDOR CLASS 2",
  "city" : "HARTFORD",
  "blms_id" : "16994",
  "license_issue_date" : 1435708800
}
, {
  "zip" : "06120",
  "owner_name" : "SOLORZANO FELIPE",
  "dba" : "LAS DELICIAS DE HARTFORD",
  "state" : "CT",
  "license_expire_date" : 1467244800,
  "address1" : "270 BELLEVUE ST APT A",
  "last_license_date" : 1436918400,
  "first_license_date" : 1435104000,
  "vendor_food_class" : "MOBILE FOOD VENDOR CLASS 2",
  "city" : "HARTFORD",
  "blms_id" : "16971",
  "license_issue_date" : 1435708800
}
, {
  "zip" : "06106",
  "owner_name" : "MORALES ISABELO",
  "dba" : "FOOD HOUSE LLC",
  "state" : "CT",
  "license_expire_date" : 1467244800,
  "address1" : "1143 BROAD ST",
  "last_license_date" : 1437523200,
  "first_license_date" : 1436400000,
  "vendor_food_class" : "MOBILE FOOD VENDOR CLASS 3",
  "city" : "HARTFORD",
  "blms_id" : "16987",
  "license_issue_date" : 1435708800
}
, {
  "zip" : "06114",
  "owner_name" : "EFRAIN CABRERA",
  "dba" : "ITALIAN ICES #6",
  "state" : "CT",
  "license_expire_date" : 1467244800,
  "address1" : "159 WETHERSFIELD AV",
  "last_license_date" : 1437523200,
  "first_license_date" : 1437523200,
  "vendor_food_class" : "MOBILE FOOD VENDOR CLASS 2",
  "city" : "HARTFORD",
  "blms_id" : "17013",
  "license_issue_date" : 1435708800
}
, {
  "zip" : "06040",
  "owner_name" : "KOTLYARENKO GENNADY",
  "dba" : "PERFECTLY POLISH",
  "state" : "CT",
  "license_expire_date" : 1467244800,
  "address1" : "28 FLOWER ST",
  "last_license_date" : 1437696000,
  "first_license_date" : 1428451200,
  "vendor_food_class" : "MOBILE FOOD VENDOR CLASS 3",
  "city" : "MANCHESTER",
  "blms_id" : "16802",
  "license_issue_date" : 1435708800
}
, {
  "zip" : "06114",
  "owner_name" : "EFRAIN CABRERA",
  "dba" : "ITALIAN ICES #5",
  "state" : "CT",
  "license_expire_date" : 1467244800,
  "address1" : "159 WETHERSFIELD AV",
  "last_license_date" : 1437523200,
  "first_license_date" : 1437523200,
  "vendor_food_class" : "MOBILE FOOD VENDOR CLASS 2",
  "city" : "HARTFORD",
  "blms_id" : "17012",
  "license_issue_date" : 1435708800
}
, {
  "zip" : "06114",
  "owner_name" : "EFRAIN CABRERA",
  "dba" : "ITALIAN ICES #4",
  "state" : "CT",
  "license_expire_date" : 1467244800,
  "address1" : "159 WETHERSFIELD AV",
  "last_license_date" : 1437523200,
  "first_license_date" : 1437523200,
  "vendor_food_class" : "MOBILE FOOD VENDOR CLASS 2",
  "city" : "HARTFORD",
  "blms_id" : "17011",
  "license_issue_date" : 1435708800
}
, {
  "zip" : "06457",
  "owner_name" : "CARELLA CAROLINE",
  "dba" : "NORA CUPCAKE COMPANY",
  "state" : "CT",
  "license_expire_date" : 1467244800,
  "address1" : "700 MAIN ST",
  "last_license_date" : 1437436800,
  "first_license_date" : 1344988800,
  "vendor_food_class" : "MOBILE FOOD VENDOR CLASS 2",
  "city" : "MIDDLETOWN",
  "blms_id" : "15377",
  "license_issue_date" : 1435708800
}
, {
  "zip" : "06114",
  "owner_name" : "MESA AMARILIS",
  "dba" : "TICO'S PLACE",
  "state" : "CT",
  "license_expire_date" : 1467244800,
  "address1" : "44 ANSONIA ST",
  "last_license_date" : 1438041600,
  "first_license_date" : 1437523200,
  "vendor_food_class" : "MOBILE FOOD VENDOR CLASS 3",
  "city" : "HARTFORD",
  "blms_id" : "17014",
  "license_issue_date" : 1435708800
}
, {
  "zip" : "06114",
  "owner_name" : "NARANJO FLAVIO H",
  "dba" : "COCO RICO ICE CREAM 2",
  "state" : "CT",
  "license_expire_date" : 1467244800,
  "address1" : "31 KENNETH ST 1ST FL",
  "last_license_date" : 1438732800,
  "first_license_date" : 1403740800,
  "vendor_food_class" : "MOBILE FOOD VENDOR CLASS 2",
  "city" : "HARTFORD",
  "blms_id" : "16437",
  "license_issue_date" : 1435708800
}
, {
  "zip" : "06114",
  "owner_name" : "EFRAIN CABRERA",
  "dba" : "ITALIAN ICES",
  "state" : "CT",
  "license_expire_date" : 1467244800,
  "address1" : "159 WETHERSFIELD AV",
  "last_license_date" : 1438819200,
  "first_license_date" : 1279756800,
  "vendor_food_class" : "MOBILE FOOD VENDOR CLASS 1",
  "city" : "HARTFORD",
  "blms_id" : "13989",
  "license_issue_date" : 1435708800
}
, {
  "zip" : "06109",
  "owner_name" : "SANCHEZ JENFRY",
  "dba" : "COCO'S SMOKEY GRILL LLC",
  "state" : "CT",
  "license_expire_date" : 1467244800,
  "address1" : "83 HIGHVIEW AV",
  "last_license_date" : 1438905600,
  "first_license_date" : 1438560000,
  "vendor_food_class" : "MOBILE FOOD VENDOR CLASS 3",
  "city" : "WETHERSFIELD",
  "blms_id" : "17044",
  "license_issue_date" : 1435708800
}
, {
  "zip" : "06106",
  "owner_name" : "DELIA GONZALEZ",
  "dba" : "GONZALEZ ICEES",
  "state" : "CT",
  "license_expire_date" : 1467244800,
  "address1" : "31 HARWICH ST",
  "last_license_date" : 1439424000,
  "first_license_date" : 1439251200,
  "vendor_food_class" : "MOBILE FOOD VENDOR CLASS 2",
  "city" : "HARTFORD",
  "blms_id" : "17067",
  "license_issue_date" : 1435708800
}
, {
  "zip" : "06106",
  "owner_name" : "DELIA GONZALEZ",
  "dba" : "GONZALEZ ICE CREAM TRUCK",
  "state" : "CT",
  "license_expire_date" : 1467244800,
  "address1" : "31 HARWICH ST",
  "last_license_date" : 1440374400,
  "first_license_date" : 1335830400,
  "vendor_food_class" : "MOBILE FOOD VENDOR CLASS 1",
  "city" : "HARTFORD",
  "blms_id" : "15153",
  "license_issue_date" : 1435708800
}
, {
  "zip" : "06095",
  "owner_name" : "LEWIS LILLARD R",
  "dba" : "FUD, INC.",
  "state" : "CT",
  "license_expire_date" : 1467244800,
  "address1" : "18 FILLEY ST",
  "last_license_date" : 1440979200,
  "first_license_date" : 1440460800,
  "vendor_food_class" : "MOBILE FOOD VENDOR CLASS 3",
  "city" : "WINDSOR",
  "blms_id" : "17081",
  "license_issue_date" : 1435708800
}
, {
  "zip" : "06105",
  "owner_name" : "SHERLOCK WHITE",
  "dba" : "NICE DOGS",
  "state" : "CT",
  "license_expire_date" : 1467244800,
  "address1" : "18 TOWNLEY ST",
  "last_license_date" : 1444089600,
  "first_license_date" : 1444089600,
  "vendor_food_class" : "MOBILE FOOD VENDOR CLASS 3",
  "city" : "HARTFORD",
  "blms_id" : "17153",
  "license_issue_date" : 1435708800
}
, {
  "zip" : "06111",
  "owner_name" : "RAMOS LUZ",
  "dba" : "THE SLOPPY WAFFLE EXPRESS",
  "state" : "CT",
  "license_expire_date" : 1467244800,
  "address1" : "2551 BERLIN TNPK",
  "last_license_date" : 1444348800,
  "first_license_date" : 1441238400,
  "vendor_food_class" : "MOBILE FOOD VENDOR CLASS 4",
  "city" : "NEWINGTON",
  "blms_id" : "17100",
  "license_issue_date" : 1435708800
}
, {
  "zip" : "06105",
  "owner_name" : "LUNA JR VICTOR",
  "dba" : "C. H. D.",
  "state" : "CT",
  "license_expire_date" : 1467244800,
  "address1" : "863 CAPITOL AV",
  "last_license_date" : 1444780800,
  "first_license_date" : 1443052800,
  "vendor_food_class" : "MOBILE FOOD VENDOR CLASS 2",
  "city" : "HARTFORFD",
  "blms_id" : "17135",
  "license_issue_date" : 1435708800
}
, {
  "zip" : "06106",
  "owner_name" : "DIAZ CARRASQUIILO YARASET",
  "dba" : "LA SABROSA",
  "state" : "CT",
  "license_expire_date" : 1467244800,
  "address1" : "17 HUGHES ST",
  "last_license_date" : 1444867200,
  "first_license_date" : 1444089600,
  "vendor_food_class" : "MOBILE FOOD VENDOR CLASS 4",
  "city" : "HARTFORD",
  "blms_id" : "17155",
  "license_issue_date" : 1435708800
}
, {
  "zip" : "06708",
  "owner_name" : "MONTGOMERY ANGELO",
  "dba" : "ADDIE'S KETTLE CORN LLC",
  "state" : "CT",
  "license_expire_date" : 1467244800,
  "address1" : "110 FOREST RIDGE RD",
  "last_license_date" : 1445472000,
  "first_license_date" : 1445299200,
  "vendor_food_class" : "MOBILE FOOD VENDOR CLASS 2",
  "city" : "WATERBURY",
  "blms_id" : "17169",
  "license_issue_date" : 1435708800
}
, {
  "zip" : "06016",
  "owner_name" : "MOZZICATO LARRY M",
  "dba" : "MOZZICATO'S CATERING",
  "state" : "CT",
  "license_expire_date" : 1467244800,
  "address1" : "3B REGGIE WAY",
  "last_license_date" : 1446336000,
  "first_license_date" : 1182297600,
  "vendor_food_class" : "MOBILE FOOD VENDOR CLASS 3",
  "city" : "BROAD BROOK",
  "blms_id" : "11166",
  "license_issue_date" : 1435708800
}
, {
  "zip" : "06088",
  "owner_name" : "GENTILE ROBERT W",
  "dba" : "ROADSIDE DOGGER LLC # 106",
  "state" : "CT",
  "license_expire_date" : 1467244800,
  "address1" : "25 CRICKET RD",
  "last_license_date" : 1446336000,
  "first_license_date" : 1196726400,
  "vendor_food_class" : "MOBILE FOOD VENDOR CLASS 4",
  "city" : "EAST WINDSOR",
  "blms_id" : "11738",
  "license_issue_date" : 1435708800
}
, {
  "zip" : "06119",
  "owner_name" : "SANCHEZ CARMEN",
  "dba" : "DELICIOUS DOGHOUSE PLUS",
  "state" : "CT",
  "license_expire_date" : 1467244800,
  "address1" : "5 HIGHLAND ST C6",
  "last_license_date" : 1446508800,
  "first_license_date" : 1421884800,
  "vendor_food_class" : "MOBILE FOOD VENDOR CLASS 3",
  "city" : "W HARTFORD",
  "blms_id" : "16714",
  "license_issue_date" : 1435708800
}
, {
  "zip" : "06106",
  "owner_name" : "MOSES TASHAUN",
  "dba" : "FISHY TALES",
  "state" : "CT",
  "license_expire_date" : 1467244800,
  "address1" : "27 MOUNTFORD ST",
  "last_license_date" : 1446336000,
  "first_license_date" : 1275350400,
  "vendor_food_class" : "MOBILE FOOD VENDOR CLASS 4",
  "city" : "HARTFORD",
  "blms_id" : "13724",
  "license_issue_date" : 1435708800
}
, {
  "zip" : "06447",
  "owner_name" : "THE WHEY STATION, LLC",
  "dba" : "THE WHEY STATION, LLC",
  "state" : "CT",
  "license_expire_date" : 1467244800,
  "address1" : "49 ROBERTS RD",
  "last_license_date" : 1446336000,
  "first_license_date" : 1335484800,
  "vendor_food_class" : "MOBILE FOOD VENDOR CLASS 3",
  "city" : "MARLBOROUGH",
  "blms_id" : "15148",
  "license_issue_date" : 1435708800
}
, {
  "zip" : "06108",
  "owner_name" : "MARSH CLOVER",
  "dba" : "QUICK BITE",
  "state" : "CT",
  "license_expire_date" : 1467244800,
  "address1" : "394 BURNSIDE AVE",
  "last_license_date" : 1447027200,
  "first_license_date" : 1436486400,
  "vendor_food_class" : "MOBILE FOOD VENDOR CLASS 3",
  "city" : "EAST HARTFORD",
  "blms_id" : "16992",
  "license_issue_date" : 1435708800
}
 ]