[ {
  "fullsiteaddress" : "1170 Shippan Av",
  "statepollinglocation" : "Our Lady Star of the Sea",
  "statepollingdistrictid" : "1",
  "location_1" : {
    "needs_recoding" : false,
    "longitude" : "-73.524712674077",
    "latitude" : "41.0365735476413"
  }
}
, {
  "fullsiteaddress" : "83 Lockwood Av",
  "sitenotes" : "Frank Street Entrance",
  "statepollinglocation" : "Domus (Old Rogers School)",
  "statepollingdistrictid" : "2",
  "location_1" : {
    "needs_recoding" : false,
    "longitude" : "-73.5219103858364",
    "latitude" : "41.0538239644201"
  }
}
, {
  "fullsiteaddress" : "19 Horton St",
  "sitenotes" : "George Street Entrance",
  "statepollinglocation" : "K. T. Murphy School (rear)",
  "statepollingdistrictid" : "3",
  "location_1" : {
    "needs_recoding" : false,
    "longitude" : "-73.5110671229774",
    "latitude" : "41.0481771686259"
  }
}
, {
  "fullsiteaddress" : "398 Glenbrook Rd",
  "sitenotes" : "Oscar Street Entrance Only",
  "statepollinglocation" : "Julia A. Stark School (rear)",
  "statepollingdistrictid" : "4",
  "location_1" : {
    "needs_recoding" : false,
    "longitude" : "-73.5228558545881",
    "latitude" : "41.0676488857076"
  }
}
, {
  "fullsiteaddress" : "55 Strawberry Hill Av",
  "sitenotes" : "Hillandale Avenue Entrance",
  "statepollinglocation" : "Stamford High School (rear)",
  "statepollingdistrictid" : "5",
  "location_1" : {
    "needs_recoding" : false,
    "longitude" : "-73.5313600239232",
    "latitude" : "41.0617971488891"
  }
}
, {
  "fullsiteaddress" : "301 Strawberry Hill Av",
  "statepollinglocation" : "Agudath Sholom",
  "statepollingdistrictid" : "6",
  "location_1" : {
    "needs_recoding" : false,
    "longitude" : "-73.533494699516",
    "latitude" : "41.0705625980975"
  }
}
, {
  "fullsiteaddress" : "1101 Bedford St",
  "statepollinglocation" : "First Presbyterian Church",
  "statepollingdistrictid" : "7",
  "location_1" : {
    "needs_recoding" : false,
    "longitude" : "-73.5382801984093",
    "latitude" : "41.0629087001256"
  }
}
, {
  "fullsiteaddress" : "412 Stillwater Av",
  "statepollinglocation" : "Westover School",
  "statepollingdistrictid" : "8",
  "location_1" : {
    "needs_recoding" : false,
    "longitude" : "-73.5602840171705",
    "latitude" : "41.0559034329649"
  }
}
, {
  "fullsiteaddress" : "75 Selleck St",
  "statepollinglocation" : "Neighbors Link",
  "statepollingdistrictid" : "9",
  "location_1" : {
    "needs_recoding" : false,
    "longitude" : "-73.5503156496179",
    "latitude" : "41.0407577039454"
  }
}
, {
  "fullsiteaddress" : "412 Stillwater Av",
  "statepollinglocation" : "Westover School",
  "statepollingdistrictid" : "10",
  "location_1" : {
    "needs_recoding" : false,
    "longitude" : "-73.5603140658167",
    "latitude" : "41.0557197057619"
  }
}
, {
  "fullsiteaddress" : "800 Stillwater Rd",
  "statepollinglocation" : "Stillmeadow School",
  "statepollingdistrictid" : "11",
  "location_1" : {
    "needs_recoding" : false,
    "longitude" : "-73.559074109552",
    "latitude" : "41.0695879891781"
  }
}
, {
  "fullsiteaddress" : "11 W North St",
  "sitenotes" : "Powell Place Entrance",
  "statepollinglocation" : "Cloonan School (side)",
  "statepollingdistrictid" : "12",
  "location_1" : {
    "needs_recoding" : false,
    "longitude" : "-73.547930945932",
    "latitude" : "41.0596417701265"
  }
}
, {
  "fullsiteaddress" : "381 High Ridge Rd",
  "statepollinglocation" : "Rippowam Middle School",
  "statepollingdistrictid" : "13",
  "location_1" : {
    "needs_recoding" : false,
    "longitude" : "-73.5483543767227",
    "latitude" : "41.0844589920214"
  }
}
, {
  "fullsiteaddress" : "51 Toms Rd",
  "sitenotes" : "Front Entry",
  "statepollinglocation" : "Dolan Middle School (front entry)",
  "statepollingdistrictid" : "14",
  "location_1" : {
    "needs_recoding" : false,
    "longitude" : "-73.5245267659323",
    "latitude" : "41.0787884580022"
  }
}
, {
  "fullsiteaddress" : "1127 Hope St",
  "sitenotes" : "Rear Entrance",
  "statepollinglocation" : "Springdale School (rear entrance)",
  "statepollingdistrictid" : "15",
  "location_1" : {
    "needs_recoding" : false,
    "longitude" : "-73.5185107475763",
    "latitude" : "41.0973208323189"
  }
}
, {
  "fullsiteaddress" : "117 Vine Rd",
  "statepollinglocation" : "Turn of River School",
  "statepollingdistrictid" : "16",
  "location_1" : {
    "needs_recoding" : false,
    "longitude" : "-73.5423113065001",
    "latitude" : "41.0990156088934"
  }
}
, {
  "fullsiteaddress" : "751 West Hill Rd",
  "sitenotes" : "Gym Entry Only",
  "statepollinglocation" : "Roxbury School",
  "statepollingdistrictid" : "17",
  "location_1" : {
    "needs_recoding" : false,
    "longitude" : "-73.5644398078295",
    "latitude" : "41.0889879002472"
  }
}
, {
  "fullsiteaddress" : "117 Vine Rd",
  "statepollinglocation" : "Turn of River School",
  "statepollingdistrictid" : "18",
  "location_1" : {
    "needs_recoding" : false,
    "longitude" : "-73.5424521048445",
    "latitude" : "41.0988714486695"
  }
}
, {
  "fullsiteaddress" : "1300 Newfield Av",
  "statepollinglocation" : "Davenport Ridge School",
  "statepollingdistrictid" : "19",
  "location_1" : {
    "needs_recoding" : false,
    "longitude" : "-73.5329949622318",
    "latitude" : "41.1043784129938"
  }
}
, {
  "fullsiteaddress" : "641 Scofieldtown Rd",
  "statepollinglocation" : "Scofield Middle School",
  "statepollingdistrictid" : "20",
  "location_1" : {
    "needs_recoding" : false,
    "longitude" : "-73.5577313563743",
    "latitude" : "41.1375012356654"
  }
}
, {
  "fullsiteaddress" : "82 Scofieldtown Rd",
  "statepollinglocation" : "Northeast School",
  "statepollingdistrictid" : "21",
  "location_1" : {
    "needs_recoding" : false,
    "longitude" : "-73.5468167547053",
    "latitude" : "41.1227252484141"
  }
}
, {
  "fullsiteaddress" : "455 Old Long Ridge Rd",
  "statepollinglocation" : "Long Ridge Church",
  "statepollingdistrictid" : "22",
  "location_1" : {
    "needs_recoding" : false,
    "longitude" : "-73.5934660221696",
    "latitude" : "41.1558638641446"
  }
}
 ]