[ {
  "state_assistance" : "483000",
  "town" : "Ansonia",
  "project_description" : "The proposed West Main Street Streetscape project area is between Kingston Drive and Bridge Street.  Activities include new granite curb, brick paver strips, concrete walkway, grass planting strip ornamental rail fencing, street trees, and other street furniture, benches, trash receptacles, new ornamental lights on the west side, resurfacing and new parking layout to accommodate the new access drive and designation of new farmer market area.  The parking lot will provide access points to the retail, office and government services as well as to the multi-modal transportation waiting area in the northerly end of the parking complex.  Reduction is for traffic control time during construction."
}
, {
  "state_assistance" : "259270",
  "town" : "Berlin",
  "project_description" : "The Berlin Main Street Streetscape project will improve the aesthetics and pedestrian friendliness of Main Street and Farmington Avenue in the immediate vicinity of the Berlin Train Station.  The proposed project is part of the Town's comprehensive effort to revitalize its downtown (Farmington Ave/Main Street) commercial area.  The project will include decorative cross walks and roadway median, decorative lights andpoles to match the Train Station renovation project, bump outs and plantings for traffic calming and aesthetics and site furnishings such as benches, trash receptcles and bike racks."
}
, {
  "state_assistance" : "377000",
  "town" : "Burlington",
  "project_description" : "The proposed project funds will be used for pedestrian improvements along approximately 650 lf in the Burlington Town Center.  More specifically, these funds will be used to construct sidewalks and make other pedestrian and streetscaping improvements including lighting, landscaping, lighting which are critical components of the previously adopted Burlington Town Center.  Reduction is for traffic control time during construction & incidentals."
}
, {
  "state_assistance" : "450000",
  "town" : "Canaan",
  "project_description" : "The proposed project funds will be used to construct an attractive, ADA compliant, historically appropriate bluestone sidewalk running from one end of the Main Street to the elementary school at the other end of the Main Street.  Funds will also be used to install curbing and bump-outs with landscaping and street trees to help slow traffic, better define parking areas, and make Main St more attractive.  Funds will also be used for landscaping and the purchase and planting of trees in the town's main green space, its historic Green.  Reduction is for traffic control time during construction and gazebo."
}
, {
  "state_assistance" : "387000",
  "town" : "Canton",
  "project_description" : " The project proposes the construction of historically appropriate improvements that will provide safe pedestrian access, organized parking, and most importantly create critical linkages between areas with significant activity to areas of businesses.  This project will help businesses from current activities due to the location of the State Route, the Farmington River, and the construction of the very successful and well used Farmington River Rail Trail, among other scenic and histroci destinations.  Funds will be used to fund Area 1 and 3 as proposed for sidewalk improvements, wayfinding signs, trees, pedestrian lights, crosswalks, etc.  Reduction is because funding only two phases rather than three."
}
, {
  "state_assistance" : "285000",
  "town" : "Colchester",
  "project_description" : "The Linwood Avenue Streetscape Improvement project is comprised of three major elements: a concrete sidewalk and stamped concrete pathway along the sourthern side of Linwood Ave from the intersection of Linwood Avenue (rt 16) and Rt 85 west from the First Federated Church to the Stop and Shop entrance; solar lighting and other street furniture, landscaping, and a wider stamped concrete section along the frontage of the Cragan Library on the northern side of Linwood Ave.  The proposed project would be 6th project completed in the downtown vilage area over the last decade which is built on the concepts and themes created previously.  Reduction is for \"other\" item - no explanation provided."
}
, {
  "state_assistance" : "70000",
  "town" : "Cornwall",
  "project_description" : "The town proposed 3 components to be funded: burying power and phone lines near the Covered Bridge in West Cornwall; installing 240 feet of sidewalk on the south side of Route 128 in West Cornwall and installation of 250 feet of sidewalk in Cornwall Bridge.  Later two components are recommended for funding which will improve pedestrian access and safety in the busy scenic village center.  The installation of a sidewalk between the approved senior housing and Cornwall General Store in Cornwall Bridge will provide access for seniors to village center and also provide handicapped access to the adjacent visitor's center.  Reduction is because cost of burying power lines is not deemed eligible."
}
, {
  "state_assistance" : "435000",
  "town" : "Essex",
  "project_description" : "The proposed project activities provides for calming of traffic, creation of an iconic, shared \"Village Center\" intersection at Main St and Summit St and thus providing a unified \"place\" to visitors and residents.  Project funds will be used for creation of a \"shared street\" thru the addition of stamped and colored concrete from Summit St at Fire Station to Main St intersection and the along Main St to Ivoryton Library; installing new cross walks, renovation of existing crosswalks, installation of at-grade \"Village Seal\" in stamped concrete at center of Main St/Summit St intersection."
}
, {
  "state_assistance" : "250000",
  "town" : "Fairfield",
  "project_description" : "The project entails the installation of new or replacement concrete walks, curbing, pedestrian ramps, driveway aprons, decorative brick pavers, ornamental street lights, pedestrian benches, bicycle racks and other street furniture.  The goal is to create a pedestrian oriented environment that is safe and harmonious with the existing streetscape character found in the downtown core.  The proposed project strengthens the connections between commercial and residential neighborhoods and create pedestrian linkage to the train station.  Reduction is because the project is recommended to be funded at 50% as it can be phased out."
}
, {
  "state_assistance" : "265000",
  "town" : "Griswold",
  "project_description" : "The town proposed 2 components to be funded: Sidewalk lighting and front yard streetscape improvements at the Town Hall.  It is recommended to fund the sidewalk lighting project which will fund the cost of poles, light fixtures, and resurfacing the sidewalk along the electrical path.  Total of 44 poles/lights will be installed.  Reduction is because the Town Hall improvement project does not have all the funds in place yet."
}
, {
  "state_assistance" : "500000",
  "town" : "Killingly",
  "project_description" : "The Streetscape improvements for the Danielson Main Street Historic District Project will continue the current downtown revitalization effort by creating the necessary infrastructure to increase the viabiity and exposure of the central business district.  The project has two major components: sidewalk and curbing replacement; and streetscape amenities including decorative lighting, planters and bike racks.  The funds will be used to replace over 27,000 sf of sidewalk in the Main Street project area, as well as decorative lighting, bike racks and planters."
}
, {
  "state_assistance" : "500000",
  "town" : "Mansfield",
  "project_description" : "The Town of Mansfield plans to use funds to enhance the public spaces of Storrs Center.  Funds will be used to provide decorative street lights and street trees on Dog Lane, Royce Circle and Wilbur Cross Way; sidewalk planters on Dog Lane, tree planters for the Town Square, decorative concrete pavement in the Royce Circle and Wilbur Cross Way bump-outs, and wayfinding signage for the Phase 1A and the Town Square.  Storrs Center Alliance plans to use funds for facade improvements on the buildings at 1 Dog Lane and 9 Dog Lane."
}
, {
  "state_assistance" : "215000",
  "town" : "New Canaan",
  "project_description" : "New Canaan is undertaking several infrastructure improvements projects such as construction of the Locust Ave parking deck and the complete renovation of the Town Hall.  These projects will have significant impacts, however, they do not in and of themselves improve pedestrian access from municipal parking toward the downtown.  The proposed project will provide attractive amenities for pedestrians while improving pedestrian connections to municipal parking and the downtown which is essential to ensure the town commercial viability.  Funds will be used to purchase and install decorative street lighting, construction of a pocket-park, sidewalk connection, and two stamped concrete crosswalks."
}
, {
  "state_assistance" : "497595",
  "town" : "Westport",
  "project_description" : "The proposed project will improve Westport Town Commercial Center street infrastructure and provide improved pedestrian sidewalk access from residential neighborhoods into the downtown center.  Funding will be used for sidewalk refurbishments, the installation of new sidewalks, improved energy efficient lighting, curbing, guardrails, and tree grates.  "
}
, {
  "state_assistance" : "4973865"
}
 ]