{
  "id" : "gvr6-7b9t",
  "name" : "New Haven Schools",
  "attribution" : "City of New Haven",
  "averageRating" : 0,
  "blobFilename" : "New Haven Schools.zip",
  "blobFileSize" : 13165,
  "blobId" : "Ev2TCu6QDiZc9ItdhnAzjlyIs_A0TlLENJJezQlJDm4",
  "blobMimeType" : "application/zip; charset=binary",
  "category" : "Education",
  "createdAt" : 1421441229,
  "description" : "Public and Private schools in the City of New Haven",
  "displayType" : "map",
  "downloadCount" : 5,
  "indexUpdatedAt" : 1449092767,
  "licenseId" : "PUBLIC_DOMAIN",
  "newBackend" : true,
  "numberOfComments" : 0,
  "oid" : 15140716,
  "publicationAppendEnabled" : false,
  "publicationDate" : 1421441231,
  "publicationGroup" : 5805329,
  "publicationStage" : "published",
  "tableId" : 5805329,
  "totalTimesRated" : 0,
  "viewCount" : 102,
  "viewLastModified" : 1421441288,
  "viewType" : "geo",
  "childViews" : [ "34cn-qtni" ],
  "columns" : [ ],
  "displayFormat" : {
    "plotStyle" : "point"
  },
  "grants" : [ {
    "inherited" : false,
    "type" : "viewer",
    "flags" : [ "public" ]
  } ],
  "license" : {
    "name" : "Public Domain"
  },
  "metadata" : {
    "custom_fields" : {
      "Microsites" : {
        "Local" : "City of New Haven"
      }
    },
    "renderTypeConfig" : {
      "visible" : {
        "map" : true
      }
    },
    "availableDisplayTypes" : [ "map", "table", "fatrow", "page" ],
    "geo" : {
      "owsUrl" : "/api/geospatial/gvr6-7b9t",
      "isNbe" : true,
      "bbox" : "-72.97335057907168,41.26765132808079,-72.86951845799292,41.34715089969964",
      "layers" : "34cn-qtni",
      "featureIdAttribute" : "_SocrataID",
      "bboxCrs" : "EPSG:4326",
      "namespace" : "_gvr6-7b9t"
    }
  },
  "owner" : {
    "id" : "cvy9-n6sb",
    "displayName" : "Tyler Kleykamp",
    "roleName" : "administrator",
    "screenName" : "Tyler Kleykamp",
    "rights" : [ "create_datasets", "edit_others_datasets", "edit_sdp", "edit_site_theme", "moderate_comments", "manage_users", "chown_datasets", "edit_nominations", "approve_nominations", "feature_items", "federations", "manage_stories", "manage_approval", "change_configurations", "view_domain", "view_others_datasets", "edit_pages", "create_pages", "view_goals", "view_dashboards", "edit_goals", "edit_dashboards", "create_dashboards" ]
  },
  "query" : { },
  "rights" : [ "read" ],
  "tableAuthor" : {
    "id" : "cvy9-n6sb",
    "displayName" : "Tyler Kleykamp",
    "roleName" : "administrator",
    "screenName" : "Tyler Kleykamp",
    "rights" : [ "create_datasets", "edit_others_datasets", "edit_sdp", "edit_site_theme", "moderate_comments", "manage_users", "chown_datasets", "edit_nominations", "approve_nominations", "feature_items", "federations", "manage_stories", "manage_approval", "change_configurations", "view_domain", "view_others_datasets", "edit_pages", "create_pages", "view_goals", "view_dashboards", "edit_goals", "edit_dashboards", "create_dashboards" ]
  },
  "tags" : [ "schools", "new haven", "nhv" ],
  "flags" : [ "default" ]
}
