[ {
  "all_other_calls" : "21",
  "alarm_date" : "2015-10-22T00:00:00",
  "ems_calls" : "49",
  "total_number_of_calls" : "72",
  "fire_calls" : "2"
}
, {
  "all_other_calls" : "16",
  "alarm_date" : "2015-10-21T00:00:00",
  "ems_calls" : "50",
  "total_number_of_calls" : "70",
  "fire_calls" : "4"
}
, {
  "all_other_calls" : "14",
  "alarm_date" : "2015-10-20T00:00:00",
  "ems_calls" : "38",
  "total_number_of_calls" : "55",
  "fire_calls" : "3"
}
, {
  "all_other_calls" : "15",
  "alarm_date" : "2015-10-19T00:00:00",
  "ems_calls" : "46",
  "total_number_of_calls" : "65",
  "fire_calls" : "4"
}
, {
  "all_other_calls" : "13",
  "alarm_date" : "2015-10-18T00:00:00",
  "ems_calls" : "40",
  "total_number_of_calls" : "57",
  "fire_calls" : "4"
}
, {
  "all_other_calls" : "19",
  "alarm_date" : "2015-10-17T00:00:00",
  "ems_calls" : "55",
  "total_number_of_calls" : "80",
  "fire_calls" : "6"
}
, {
  "all_other_calls" : "12",
  "alarm_date" : "2015-10-16T00:00:00",
  "ems_calls" : "47",
  "total_number_of_calls" : "60",
  "fire_calls" : "1"
}
, {
  "all_other_calls" : "19",
  "alarm_date" : "2015-10-15T00:00:00",
  "ems_calls" : "49",
  "total_number_of_calls" : "71",
  "fire_calls" : "3"
}
, {
  "all_other_calls" : "17",
  "alarm_date" : "2015-10-14T00:00:00",
  "ems_calls" : "44",
  "total_number_of_calls" : "63",
  "fire_calls" : "2"
}
, {
  "all_other_calls" : "27",
  "alarm_date" : "2015-10-13T00:00:00",
  "ems_calls" : "55",
  "total_number_of_calls" : "83",
  "fire_calls" : "1"
}
, {
  "all_other_calls" : "11",
  "alarm_date" : "2015-10-12T00:00:00",
  "ems_calls" : "48",
  "total_number_of_calls" : "60",
  "fire_calls" : "1"
}
, {
  "all_other_calls" : "18",
  "alarm_date" : "2015-10-11T00:00:00",
  "ems_calls" : "34",
  "total_number_of_calls" : "53",
  "fire_calls" : "1"
}
, {
  "all_other_calls" : "21",
  "alarm_date" : "2015-10-10T00:00:00",
  "ems_calls" : "40",
  "total_number_of_calls" : "61",
  "fire_calls" : "0"
}
, {
  "all_other_calls" : "16",
  "alarm_date" : "2015-10-09T00:00:00",
  "ems_calls" : "56",
  "total_number_of_calls" : "73",
  "fire_calls" : "1"
}
, {
  "all_other_calls" : "20",
  "alarm_date" : "2015-10-08T00:00:00",
  "ems_calls" : "45",
  "total_number_of_calls" : "67",
  "fire_calls" : "2"
}
, {
  "all_other_calls" : "9",
  "alarm_date" : "2015-10-07T00:00:00",
  "ems_calls" : "59",
  "total_number_of_calls" : "69",
  "fire_calls" : "1"
}
, {
  "all_other_calls" : "11",
  "alarm_date" : "2015-10-06T00:00:00",
  "ems_calls" : "48",
  "total_number_of_calls" : "62",
  "fire_calls" : "3"
}
, {
  "all_other_calls" : "19",
  "alarm_date" : "2015-10-05T00:00:00",
  "ems_calls" : "59",
  "total_number_of_calls" : "80",
  "fire_calls" : "2"
}
, {
  "all_other_calls" : "20",
  "alarm_date" : "2015-10-04T00:00:00",
  "ems_calls" : "48",
  "total_number_of_calls" : "68",
  "fire_calls" : "0"
}
, {
  "all_other_calls" : "15",
  "alarm_date" : "2015-10-03T00:00:00",
  "ems_calls" : "47",
  "total_number_of_calls" : "65",
  "fire_calls" : "3"
}
, {
  "all_other_calls" : "24",
  "alarm_date" : "2015-10-02T00:00:00",
  "ems_calls" : "50",
  "total_number_of_calls" : "75",
  "fire_calls" : "1"
}
, {
  "all_other_calls" : "15",
  "alarm_date" : "2015-10-01T00:00:00",
  "ems_calls" : "40",
  "total_number_of_calls" : "55",
  "fire_calls" : "0"
}
, {
  "all_other_calls" : "14",
  "alarm_date" : "2015-09-30T00:00:00",
  "ems_calls" : "36",
  "total_number_of_calls" : "51",
  "fire_calls" : "1"
}
, {
  "all_other_calls" : "18",
  "alarm_date" : "2015-09-29T00:00:00",
  "ems_calls" : "56",
  "total_number_of_calls" : "79",
  "fire_calls" : "5"
}
, {
  "all_other_calls" : "12",
  "alarm_date" : "2015-09-28T00:00:00",
  "ems_calls" : "56",
  "total_number_of_calls" : "68",
  "fire_calls" : "0"
}
, {
  "all_other_calls" : "18",
  "alarm_date" : "2015-09-27T00:00:00",
  "ems_calls" : "49",
  "total_number_of_calls" : "74",
  "fire_calls" : "7"
}
, {
  "all_other_calls" : "17",
  "alarm_date" : "2015-09-26T00:00:00",
  "ems_calls" : "42",
  "total_number_of_calls" : "64",
  "fire_calls" : "5"
}
, {
  "all_other_calls" : "23",
  "alarm_date" : "2015-09-25T00:00:00",
  "ems_calls" : "50",
  "total_number_of_calls" : "77",
  "fire_calls" : "4"
}
, {
  "all_other_calls" : "7",
  "alarm_date" : "2015-09-24T00:00:00",
  "ems_calls" : "44",
  "total_number_of_calls" : "53",
  "fire_calls" : "2"
}
, {
  "all_other_calls" : "20",
  "alarm_date" : "2015-09-23T00:00:00",
  "ems_calls" : "42",
  "total_number_of_calls" : "64",
  "fire_calls" : "2"
}
, {
  "all_other_calls" : "10",
  "alarm_date" : "2015-09-22T00:00:00",
  "ems_calls" : "52",
  "total_number_of_calls" : "64",
  "fire_calls" : "2"
}
, {
  "all_other_calls" : "21",
  "alarm_date" : "2015-09-21T00:00:00",
  "ems_calls" : "47",
  "total_number_of_calls" : "70",
  "fire_calls" : "2"
}
, {
  "all_other_calls" : "11",
  "alarm_date" : "2015-09-20T00:00:00",
  "ems_calls" : "33",
  "total_number_of_calls" : "46",
  "fire_calls" : "2"
}
, {
  "all_other_calls" : "19",
  "alarm_date" : "2015-09-19T00:00:00",
  "ems_calls" : "45",
  "total_number_of_calls" : "66",
  "fire_calls" : "2"
}
, {
  "all_other_calls" : "11",
  "alarm_date" : "2015-09-18T00:00:00",
  "ems_calls" : "53",
  "total_number_of_calls" : "66",
  "fire_calls" : "2"
}
, {
  "all_other_calls" : "9",
  "alarm_date" : "2015-09-17T00:00:00",
  "ems_calls" : "50",
  "total_number_of_calls" : "62",
  "fire_calls" : "3"
}
, {
  "all_other_calls" : "12",
  "alarm_date" : "2015-09-16T00:00:00",
  "ems_calls" : "62",
  "total_number_of_calls" : "76",
  "fire_calls" : "2"
}
, {
  "all_other_calls" : "14",
  "alarm_date" : "2015-09-15T00:00:00",
  "ems_calls" : "52",
  "total_number_of_calls" : "68",
  "fire_calls" : "2"
}
, {
  "all_other_calls" : "18",
  "alarm_date" : "2015-09-14T00:00:00",
  "ems_calls" : "51",
  "total_number_of_calls" : "73",
  "fire_calls" : "4"
}
, {
  "all_other_calls" : "10",
  "alarm_date" : "2015-09-13T00:00:00",
  "ems_calls" : "52",
  "total_number_of_calls" : "63",
  "fire_calls" : "1"
}
, {
  "all_other_calls" : "25",
  "alarm_date" : "2015-09-12T00:00:00",
  "ems_calls" : "57",
  "total_number_of_calls" : "82",
  "fire_calls" : "0"
}
, {
  "all_other_calls" : "14",
  "alarm_date" : "2015-09-11T00:00:00",
  "ems_calls" : "57",
  "total_number_of_calls" : "73",
  "fire_calls" : "2"
}
, {
  "all_other_calls" : "22",
  "alarm_date" : "2015-09-10T00:00:00",
  "ems_calls" : "58",
  "total_number_of_calls" : "80",
  "fire_calls" : "0"
}
, {
  "all_other_calls" : "15",
  "alarm_date" : "2015-09-09T00:00:00",
  "ems_calls" : "52",
  "total_number_of_calls" : "70",
  "fire_calls" : "3"
}
, {
  "all_other_calls" : "23",
  "alarm_date" : "2015-09-08T00:00:00",
  "ems_calls" : "62",
  "total_number_of_calls" : "89",
  "fire_calls" : "4"
}
, {
  "all_other_calls" : "23",
  "alarm_date" : "2015-09-07T00:00:00",
  "ems_calls" : "44",
  "total_number_of_calls" : "71",
  "fire_calls" : "4"
}
, {
  "all_other_calls" : "19",
  "alarm_date" : "2015-09-06T00:00:00",
  "ems_calls" : "50",
  "total_number_of_calls" : "70",
  "fire_calls" : "1"
}
, {
  "all_other_calls" : "18",
  "alarm_date" : "2015-09-05T00:00:00",
  "ems_calls" : "44",
  "total_number_of_calls" : "67",
  "fire_calls" : "5"
}
, {
  "all_other_calls" : "20",
  "alarm_date" : "2015-09-04T00:00:00",
  "ems_calls" : "44",
  "total_number_of_calls" : "65",
  "fire_calls" : "1"
}
, {
  "all_other_calls" : "22",
  "alarm_date" : "2015-09-03T00:00:00",
  "ems_calls" : "47",
  "total_number_of_calls" : "74",
  "fire_calls" : "5"
}
, {
  "all_other_calls" : "19",
  "alarm_date" : "2015-09-02T00:00:00",
  "ems_calls" : "41",
  "total_number_of_calls" : "60",
  "fire_calls" : "0"
}
, {
  "all_other_calls" : "17",
  "alarm_date" : "2015-09-01T00:00:00",
  "ems_calls" : "54",
  "total_number_of_calls" : "73",
  "fire_calls" : "2"
}
, {
  "all_other_calls" : "16",
  "alarm_date" : "2015-08-31T00:00:00",
  "ems_calls" : "49",
  "total_number_of_calls" : "67",
  "fire_calls" : "2"
}
, {
  "all_other_calls" : "15",
  "alarm_date" : "2015-08-30T00:00:00",
  "ems_calls" : "59",
  "total_number_of_calls" : "75",
  "fire_calls" : "1"
}
, {
  "all_other_calls" : "24",
  "alarm_date" : "2015-08-29T00:00:00",
  "ems_calls" : "51",
  "total_number_of_calls" : "79",
  "fire_calls" : "4"
}
, {
  "all_other_calls" : "17",
  "alarm_date" : "2015-08-28T00:00:00",
  "ems_calls" : "28",
  "total_number_of_calls" : "47",
  "fire_calls" : "2"
}
, {
  "all_other_calls" : "24",
  "alarm_date" : "2015-08-27T00:00:00",
  "ems_calls" : "36",
  "total_number_of_calls" : "62",
  "fire_calls" : "2"
}
, {
  "all_other_calls" : "18",
  "alarm_date" : "2015-08-26T00:00:00",
  "ems_calls" : "46",
  "total_number_of_calls" : "64",
  "fire_calls" : "0"
}
, {
  "all_other_calls" : "18",
  "alarm_date" : "2015-08-25T00:00:00",
  "ems_calls" : "50",
  "total_number_of_calls" : "73",
  "fire_calls" : "5"
}
, {
  "all_other_calls" : "19",
  "alarm_date" : "2015-08-24T00:00:00",
  "ems_calls" : "39",
  "total_number_of_calls" : "59",
  "fire_calls" : "1"
}
, {
  "all_other_calls" : "14",
  "alarm_date" : "2015-08-23T00:00:00",
  "ems_calls" : "26",
  "total_number_of_calls" : "42",
  "fire_calls" : "2"
}
, {
  "all_other_calls" : "19",
  "alarm_date" : "2015-08-22T00:00:00",
  "ems_calls" : "38",
  "total_number_of_calls" : "60",
  "fire_calls" : "3"
}
, {
  "all_other_calls" : "25",
  "alarm_date" : "2015-08-21T00:00:00",
  "ems_calls" : "54",
  "total_number_of_calls" : "80",
  "fire_calls" : "1"
}
, {
  "all_other_calls" : "16",
  "alarm_date" : "2015-08-20T00:00:00",
  "ems_calls" : "58",
  "total_number_of_calls" : "77",
  "fire_calls" : "3"
}
, {
  "all_other_calls" : "30",
  "alarm_date" : "2015-08-19T00:00:00",
  "ems_calls" : "46",
  "total_number_of_calls" : "77",
  "fire_calls" : "1"
}
, {
  "all_other_calls" : "15",
  "alarm_date" : "2015-08-18T00:00:00",
  "ems_calls" : "37",
  "total_number_of_calls" : "52",
  "fire_calls" : "0"
}
, {
  "all_other_calls" : "17",
  "alarm_date" : "2015-08-17T00:00:00",
  "ems_calls" : "63",
  "total_number_of_calls" : "81",
  "fire_calls" : "1"
}
, {
  "all_other_calls" : "18",
  "alarm_date" : "2015-08-16T00:00:00",
  "ems_calls" : "44",
  "total_number_of_calls" : "63",
  "fire_calls" : "1"
}
, {
  "all_other_calls" : "22",
  "alarm_date" : "2015-08-15T00:00:00",
  "ems_calls" : "61",
  "total_number_of_calls" : "87",
  "fire_calls" : "4"
}
, {
  "all_other_calls" : "22",
  "alarm_date" : "2015-08-14T00:00:00",
  "ems_calls" : "63",
  "total_number_of_calls" : "86",
  "fire_calls" : "1"
}
, {
  "all_other_calls" : "13",
  "alarm_date" : "2015-08-13T00:00:00",
  "ems_calls" : "46",
  "total_number_of_calls" : "60",
  "fire_calls" : "1"
}
, {
  "all_other_calls" : "20",
  "alarm_date" : "2015-08-12T00:00:00",
  "ems_calls" : "51",
  "total_number_of_calls" : "72",
  "fire_calls" : "1"
}
, {
  "all_other_calls" : "14",
  "alarm_date" : "2015-08-11T00:00:00",
  "ems_calls" : "49",
  "total_number_of_calls" : "64",
  "fire_calls" : "1"
}
, {
  "all_other_calls" : "19",
  "alarm_date" : "2015-08-10T00:00:00",
  "ems_calls" : "36",
  "total_number_of_calls" : "60",
  "fire_calls" : "5"
}
, {
  "all_other_calls" : "17",
  "alarm_date" : "2015-08-09T00:00:00",
  "ems_calls" : "42",
  "total_number_of_calls" : "61",
  "fire_calls" : "2"
}
, {
  "all_other_calls" : "20",
  "alarm_date" : "2015-08-08T00:00:00",
  "ems_calls" : "69",
  "total_number_of_calls" : "92",
  "fire_calls" : "3"
}
, {
  "all_other_calls" : "15",
  "alarm_date" : "2015-08-07T00:00:00",
  "ems_calls" : "42",
  "total_number_of_calls" : "60",
  "fire_calls" : "3"
}
, {
  "all_other_calls" : "25",
  "alarm_date" : "2015-08-06T00:00:00",
  "ems_calls" : "44",
  "total_number_of_calls" : "71",
  "fire_calls" : "2"
}
, {
  "all_other_calls" : "24",
  "alarm_date" : "2015-08-05T00:00:00",
  "ems_calls" : "48",
  "total_number_of_calls" : "75",
  "fire_calls" : "3"
}
, {
  "all_other_calls" : "18",
  "alarm_date" : "2015-08-04T00:00:00",
  "ems_calls" : "50",
  "total_number_of_calls" : "71",
  "fire_calls" : "3"
}
, {
  "all_other_calls" : "14",
  "alarm_date" : "2015-08-03T00:00:00",
  "ems_calls" : "50",
  "total_number_of_calls" : "70",
  "fire_calls" : "6"
}
, {
  "all_other_calls" : "24",
  "alarm_date" : "2015-08-02T00:00:00",
  "ems_calls" : "44",
  "total_number_of_calls" : "69",
  "fire_calls" : "1"
}
, {
  "all_other_calls" : "20",
  "alarm_date" : "2015-08-01T00:00:00",
  "ems_calls" : "41",
  "total_number_of_calls" : "64",
  "fire_calls" : "3"
}
, {
  "all_other_calls" : "22",
  "alarm_date" : "2015-07-31T00:00:00",
  "ems_calls" : "42",
  "total_number_of_calls" : "64",
  "fire_calls" : "0"
}
, {
  "all_other_calls" : "21",
  "alarm_date" : "2015-07-30T00:00:00",
  "ems_calls" : "44",
  "total_number_of_calls" : "67",
  "fire_calls" : "2"
}
, {
  "all_other_calls" : "12",
  "alarm_date" : "2015-07-29T00:00:00",
  "ems_calls" : "43",
  "total_number_of_calls" : "56",
  "fire_calls" : "1"
}
, {
  "all_other_calls" : "24",
  "alarm_date" : "2015-07-28T00:00:00",
  "ems_calls" : "69",
  "total_number_of_calls" : "95",
  "fire_calls" : "2"
}
, {
  "all_other_calls" : "14",
  "alarm_date" : "2015-07-27T00:00:00",
  "ems_calls" : "46",
  "total_number_of_calls" : "61",
  "fire_calls" : "1"
}
, {
  "all_other_calls" : "13",
  "alarm_date" : "2015-07-26T00:00:00",
  "ems_calls" : "35",
  "total_number_of_calls" : "50",
  "fire_calls" : "2"
}
, {
  "all_other_calls" : "18",
  "alarm_date" : "2015-07-25T00:00:00",
  "ems_calls" : "44",
  "total_number_of_calls" : "65",
  "fire_calls" : "3"
}
, {
  "all_other_calls" : "14",
  "alarm_date" : "2015-07-24T00:00:00",
  "ems_calls" : "42",
  "total_number_of_calls" : "56",
  "fire_calls" : "0"
}
, {
  "all_other_calls" : "25",
  "alarm_date" : "2015-07-23T00:00:00",
  "ems_calls" : "46",
  "total_number_of_calls" : "73",
  "fire_calls" : "2"
}
, {
  "all_other_calls" : "14",
  "alarm_date" : "2015-07-22T00:00:00",
  "ems_calls" : "32",
  "total_number_of_calls" : "47",
  "fire_calls" : "1"
}
, {
  "all_other_calls" : "39",
  "alarm_date" : "2015-07-21T00:00:00",
  "ems_calls" : "39",
  "total_number_of_calls" : "80",
  "fire_calls" : "2"
}
, {
  "all_other_calls" : "20",
  "alarm_date" : "2015-07-20T00:00:00",
  "ems_calls" : "37",
  "total_number_of_calls" : "57",
  "fire_calls" : "0"
}
, {
  "all_other_calls" : "16",
  "alarm_date" : "2015-07-19T00:00:00",
  "ems_calls" : "51",
  "total_number_of_calls" : "71",
  "fire_calls" : "4"
}
, {
  "all_other_calls" : "31",
  "alarm_date" : "2015-07-18T00:00:00",
  "ems_calls" : "44",
  "total_number_of_calls" : "75",
  "fire_calls" : "0"
}
, {
  "all_other_calls" : "14",
  "alarm_date" : "2015-07-17T00:00:00",
  "ems_calls" : "44",
  "total_number_of_calls" : "60",
  "fire_calls" : "2"
}
, {
  "all_other_calls" : "23",
  "alarm_date" : "2015-07-16T00:00:00",
  "ems_calls" : "43",
  "total_number_of_calls" : "69",
  "fire_calls" : "3"
}
, {
  "all_other_calls" : "21",
  "alarm_date" : "2015-07-15T00:00:00",
  "ems_calls" : "50",
  "total_number_of_calls" : "71",
  "fire_calls" : "0"
}
, {
  "all_other_calls" : "12",
  "alarm_date" : "2015-07-14T00:00:00",
  "ems_calls" : "50",
  "total_number_of_calls" : "65",
  "fire_calls" : "3"
}
, {
  "all_other_calls" : "28",
  "alarm_date" : "2015-07-13T00:00:00",
  "ems_calls" : "50",
  "total_number_of_calls" : "80",
  "fire_calls" : "2"
}
, {
  "all_other_calls" : "18",
  "alarm_date" : "2015-07-12T00:00:00",
  "ems_calls" : "39",
  "total_number_of_calls" : "59",
  "fire_calls" : "2"
}
, {
  "all_other_calls" : "14",
  "alarm_date" : "2015-07-11T00:00:00",
  "ems_calls" : "41",
  "total_number_of_calls" : "58",
  "fire_calls" : "3"
}
, {
  "all_other_calls" : "22",
  "alarm_date" : "2015-07-10T00:00:00",
  "ems_calls" : "53",
  "total_number_of_calls" : "76",
  "fire_calls" : "1"
}
, {
  "all_other_calls" : "16",
  "alarm_date" : "2015-07-09T00:00:00",
  "ems_calls" : "44",
  "total_number_of_calls" : "64",
  "fire_calls" : "4"
}
, {
  "all_other_calls" : "15",
  "alarm_date" : "2015-07-08T00:00:00",
  "ems_calls" : "49",
  "total_number_of_calls" : "65",
  "fire_calls" : "1"
}
, {
  "all_other_calls" : "23",
  "alarm_date" : "2015-07-07T00:00:00",
  "ems_calls" : "51",
  "total_number_of_calls" : "76",
  "fire_calls" : "2"
}
, {
  "all_other_calls" : "21",
  "alarm_date" : "2015-07-06T00:00:00",
  "ems_calls" : "40",
  "total_number_of_calls" : "61",
  "fire_calls" : "0"
}
, {
  "all_other_calls" : "16",
  "alarm_date" : "2015-07-05T00:00:00",
  "ems_calls" : "44",
  "total_number_of_calls" : "61",
  "fire_calls" : "1"
}
, {
  "all_other_calls" : "22",
  "alarm_date" : "2015-07-04T00:00:00",
  "ems_calls" : "50",
  "total_number_of_calls" : "74",
  "fire_calls" : "2"
}
, {
  "all_other_calls" : "21",
  "alarm_date" : "2015-07-03T00:00:00",
  "ems_calls" : "47",
  "total_number_of_calls" : "74",
  "fire_calls" : "6"
}
, {
  "all_other_calls" : "18",
  "alarm_date" : "2015-07-02T00:00:00",
  "ems_calls" : "63",
  "total_number_of_calls" : "81",
  "fire_calls" : "0"
}
 ]