[ {
  "id" : "1",
  "recycling" : "WEDNESDAY",
  "street_name" : "ABEL AVE"
}
, {
  "id" : "2",
  "recycling" : "TUESDAY",
  "street_name" : "ABERDEEN ST"
}
, {
  "id" : "3",
  "recycling" : "TUESDAY",
  "street_name" : "ACOSTA ST"
}
, {
  "id" : "4",
  "recycling" : "FRIDAY",
  "street_name" : "ACRE VIEW DR"
}
, {
  "id" : "5",
  "recycling" : "TUESDAY",
  "street_name" : "ADAMS AVE"
}
, {
  "id" : "6",
  "recycling" : "THURSDAY",
  "street_name" : "AKBAR RD"
}
, {
  "id" : "7",
  "recycling" : "THURSDAY",
  "street_name" : "ALBERT PL"
}
, {
  "id" : "8",
  "recycling" : "MONDAY",
  "street_name" : "ALBIN RD"
}
, {
  "id" : "9",
  "recycling" : "TUESDAY",
  "street_name" : "ALDEN ST"
}
, {
  "id" : "10",
  "recycling" : "FRIDAY",
  "street_name" : "ALEXANDRA DR"
}
, {
  "id" : "11",
  "recycling" : "THURSDAY",
  "street_name" : "ALFRED LN"
}
, {
  "id" : "12",
  "recycling" : "MONDAY",
  "street_name" : "ALGONQUIN AVE"
}
, {
  "id" : "13",
  "recycling" : "MONDAY",
  "street_name" : "ALLISON RD"
}
, {
  "id" : "14",
  "recycling" : "FRIDAY",
  "street_name" : "ALMA ROCK RD"
}
, {
  "id" : "15",
  "recycling" : "FRIDAY",
  "street_name" : "ALPINE ST"
}
, {
  "id" : "16",
  "recycling" : "WEDNESDAY",
  "street_name" : "ALTON RD"
}
, {
  "id" : "17",
  "recycling" : "TUESDAY",
  "street_name" : "ALVORD LN"
}
, {
  "id" : "18",
  "recycling" : "TUESDAY",
  "street_name" : "AMELIA PL"
}
, {
  "id" : "19",
  "recycling" : "FRIDAY",
  "street_name" : "AMHERST CT"
}
, {
  "id" : "20",
  "recycling" : "FRIDAY",
  "street_name" : "AMHERST PL"
}
, {
  "id" : "21",
  "recycling" : "TUESDAY",
  "street_name" : "ANDERSON ST"
}
, {
  "id" : "22",
  "recycling" : "MONDAY",
  "street_name" : "ANDOVER RD"
}
, {
  "id" : "23",
  "recycling" : "TUESDAY",
  "street_name" : "ANN ST"
}
, {
  "id" : "24",
  "recycling" : "TUESDAY",
  "street_name" : "ANNIE PL"
}
, {
  "id" : "25",
  "recycling" : "TUESDAY",
  "street_name" : "ANTHONY ST"
}
, {
  "id" : "26",
  "recycling" : "WEDNESDAY",
  "street_name" : "APPLE TREE DR"
}
, {
  "id" : "27",
  "recycling" : "FRIDAY",
  "street_name" : "APPLE TREE LN"
}
, {
  "id" : "28",
  "recycling" : "FRIDAY",
  "street_name" : "APPLE VALLEY RD"
}
, {
  "id" : "29",
  "recycling" : "THURSDAY",
  "street_name" : "APPLEBEE RD"
}
, {
  "id" : "30",
  "recycling" : "MONDAY",
  "street_name" : "AQUILA RD"
}
, {
  "id" : "31",
  "recycling" : "FRIDAY",
  "street_name" : "ARBOR RD"
}
, {
  "id" : "32",
  "recycling" : "FRIDAY",
  "street_name" : "ARCHER LN"
}
, {
  "id" : "33",
  "recycling" : "FRIDAY",
  "street_name" : "ARDEN LN"
}
, {
  "id" : "34",
  "recycling" : "TUESDAY",
  "street_name" : "ARDMORE RD"
}
, {
  "id" : "35",
  "recycling" : "WEDNESDAY",
  "street_name" : "ARDSLEY RD"
}
, {
  "id" : "36",
  "recycling" : "WEDNESDAY",
  "street_name" : "ARLINGTON RD"
}
, {
  "id" : "37",
  "recycling" : "FRIDAY",
  "street_name" : "ARNOLD DR"
}
, {
  "id" : "38",
  "recycling" : "TUESDAY",
  "street_name" : "ARROW HEAD DR"
}
, {
  "id" : "39",
  "recycling" : "TUESDAY",
  "street_name" : "ARTHUR PL"
}
, {
  "id" : "40",
  "recycling" : "FRIDAY",
  "street_name" : "ASHTON RD"
}
, {
  "id" : "41",
  "recycling" : "FRIDAY",
  "street_name" : "ASPEN LN"
}
, {
  "id" : "42",
  "recycling" : "TUESDAY",
  "street_name" : "ATLANTIC ST"
}
, {
  "id" : "43",
  "recycling" : "MONDAY",
  "street_name" : "AULDWOOD RD"
}
, {
  "id" : "44",
  "recycling" : "THURSDAY",
  "street_name" : "AUSTIN AVE"
}
, {
  "id" : "45",
  "recycling" : "WEDNESDAY",
  "street_name" : "AUTUMN LN"
}
, {
  "id" : "46",
  "recycling" : "MONDAY",
  "street_name" : "AVERY ST"
}
, {
  "id" : "47",
  "recycling" : "WEDNESDAY",
  "street_name" : "AVON LN"
}
, {
  "id" : "48",
  "recycling" : "FRIDAY",
  "street_name" : "AYRES DR"
}
, {
  "id" : "49",
  "recycling" : "FRIDAY",
  "street_name" : "BAKER PL"
}
, {
  "id" : "50",
  "recycling" : "TUESDAY",
  "street_name" : "BANGALL RD"
}
, {
  "id" : "51",
  "recycling" : "TUESDAY",
  "street_name" : "BANK ST"
}
, {
  "id" : "52",
  "recycling" : "TUESDAY",
  "street_name" : "BARCLAY DR"
}
, {
  "id" : "53",
  "recycling" : "WEDNESDAY",
  "street_name" : "BARHOLM AVE"
}
, {
  "id" : "54",
  "recycling" : "FRIDAY",
  "street_name" : "BARMORE DR"
}
, {
  "id" : "55",
  "recycling" : "FRIDAY",
  "street_name" : "BARMORE DR E"
}
, {
  "id" : "56",
  "recycling" : "FRIDAY",
  "street_name" : "BARMORE DR W"
}
, {
  "id" : "57",
  "recycling" : "TUESDAY",
  "street_name" : "BARN HILL RD"
}
, {
  "id" : "58",
  "recycling" : "THURSDAY",
  "street_name" : "BARNCROFT RD"
}
, {
  "id" : "59",
  "recycling" : "FRIDAY",
  "street_name" : "BARNES RD"
}
, {
  "id" : "60",
  "recycling" : "WEDNESDAY",
  "street_name" : "BARNSTABLE LN"
}
, {
  "id" : "61",
  "recycling" : "THURSDAY",
  "street_name" : "BARRETT AVE"
}
, {
  "id" : "62",
  "recycling" : "TUESDAY",
  "street_name" : "BARRY PL"
}
, {
  "id" : "63",
  "recycling" : "THURSDAY",
  "street_name" : "BARTINA LN"
}
, {
  "id" : "64",
  "recycling" : "FRIDAY",
  "street_name" : "BARTLETT LN"
}
, {
  "id" : "65",
  "recycling" : "TUESDAY",
  "street_name" : "BAXTER AVE"
}
, {
  "id" : "66",
  "recycling" : "THURSDAY",
  "street_name" : "BAYBERRIE DR"
}
, {
  "id" : "67",
  "recycling" : "MONDAY",
  "street_name" : "BEACH VIEW DR"
}
, {
  "id" : "68",
  "recycling" : "TUESDAY",
  "street_name" : "BEAL ST"
}
, {
  "id" : "69",
  "recycling" : "WEDNESDAY",
  "street_name" : "BEDFORD ST"
}
, {
  "id" : "70",
  "recycling" : "FRIDAY",
  "street_name" : "BEECHWOOD RD"
}
, {
  "id" : "71",
  "recycling" : "THURSDAY",
  "street_name" : "BEL AIRE DR"
}
, {
  "id" : "72",
  "recycling" : "TUESDAY",
  "street_name" : "BELDEN ST"
}
, {
  "id" : "73",
  "recycling" : "TUESDAY",
  "street_name" : "BELL ST"
}
, {
  "id" : "74",
  "recycling" : "WEDNESDAY",
  "street_name" : "BELLMERE AVE"
}
, {
  "id" : "75",
  "recycling" : "THURSDAY",
  "street_name" : "BELLTOWN RD"
}
, {
  "id" : "76",
  "recycling" : "THURSDAY",
  "street_name" : "BEND OF RIVER LN"
}
, {
  "id" : "77",
  "recycling" : "WEDNESDAY",
  "street_name" : "BENNETT ST"
}
, {
  "id" : "78",
  "recycling" : "FRIDAY",
  "street_name" : "BENNINGTON CT"
}
, {
  "id" : "79",
  "recycling" : "THURSDAY",
  "street_name" : "BENSTONE ST"
}
, {
  "id" : "80",
  "recycling" : "TUESDAY",
  "street_name" : "BENTWOOD DR"
}
, {
  "id" : "81",
  "recycling" : "THURSDAY",
  "street_name" : "BERGES AVE"
}
, {
  "id" : "82",
  "recycling" : "TUESDAY",
  "street_name" : "BERKELEY ST"
}
, {
  "id" : "83",
  "recycling" : "THURSDAY",
  "street_name" : "BERRIAN RD"
}
, {
  "id" : "84",
  "recycling" : "FRIDAY",
  "street_name" : "BERTMOR DR"
}
, {
  "id" : "85",
  "recycling" : "TUESDAY",
  "street_name" : "BETTS AVE"
}
, {
  "id" : "86",
  "recycling" : "FRIDAY",
  "street_name" : "BIG OAK CIR"
}
, {
  "id" : "87",
  "recycling" : "FRIDAY",
  "street_name" : "BIG OAK LN"
}
, {
  "id" : "88",
  "recycling" : "FRIDAY",
  "street_name" : "BIG OAK RD"
}
, {
  "id" : "89",
  "recycling" : "MONDAY",
  "street_name" : "BIRCH ST"
}
, {
  "id" : "90",
  "recycling" : "WEDNESDAY",
  "street_name" : "BIRCHWOOD RD"
}
, {
  "id" : "91",
  "recycling" : "FRIDAY",
  "street_name" : "BIRD SONG LN"
}
, {
  "id" : "92",
  "recycling" : "FRIDAY",
  "street_name" : "BITTERSWEET LN"
}
, {
  "id" : "93",
  "recycling" : "MONDAY",
  "street_name" : "BLACHLEY RD"
}
, {
  "id" : "94",
  "recycling" : "FRIDAY",
  "street_name" : "BLACK ROCK RD"
}
, {
  "id" : "95",
  "recycling" : "FRIDAY",
  "street_name" : "BLACK TWIG PL"
}
, {
  "id" : "96",
  "recycling" : "FRIDAY",
  "street_name" : "BLACKBERRY DR"
}
, {
  "id" : "97",
  "recycling" : "FRIDAY",
  "street_name" : "BLACKBERRY DR E"
}
, {
  "id" : "98",
  "recycling" : "FRIDAY",
  "street_name" : "BLACKWOOD LN"
}
, {
  "id" : "99",
  "recycling" : "FRIDAY",
  "street_name" : "BLUE RIDGE DR"
}
, {
  "id" : "100",
  "recycling" : "FRIDAY",
  "street_name" : "BLUE ROCK DR"
}
, {
  "id" : "101",
  "recycling" : "TUESDAY",
  "street_name" : "BLUE SPRUCE LN"
}
, {
  "id" : "102",
  "recycling" : "THURSDAY",
  "street_name" : "BLUEBERRY DR"
}
, {
  "id" : "103",
  "recycling" : "WEDNESDAY",
  "street_name" : "BON AIR AVE"
}
, {
  "id" : "104",
  "recycling" : "TUESDAY",
  "street_name" : "BONNER ST"
}
, {
  "id" : "105",
  "recycling" : "FRIDAY",
  "street_name" : "BONNY GLEN RD"
}
, {
  "id" : "106",
  "recycling" : "THURSDAY",
  "street_name" : "BORGLUM ST"
}
, {
  "id" : "107",
  "recycling" : "FRIDAY",
  "street_name" : "BOULDER BROOK DR"
}
, {
  "id" : "108",
  "recycling" : "FRIDAY",
  "street_name" : "BOULDEROL RD"
}
, {
  "id" : "109",
  "recycling" : "WEDNESDAY",
  "street_name" : "BOUTON CIR"
}
, {
  "id" : "110",
  "recycling" : "WEDNESDAY",
  "street_name" : "BOUTON ST"
}
, {
  "id" : "111",
  "recycling" : "WEDNESDAY",
  "street_name" : "BOUTON ST W"
}
, {
  "id" : "112",
  "recycling" : "WEDNESDAY",
  "street_name" : "BOWEN ST"
}
, {
  "id" : "113",
  "recycling" : "WEDNESDAY",
  "street_name" : "BOXWOOD DR"
}
, {
  "id" : "114",
  "recycling" : "FRIDAY",
  "street_name" : "BRACCHI DR"
}
, {
  "id" : "115",
  "recycling" : "WEDNESDAY",
  "street_name" : "BRACEWOOD LN"
}
, {
  "id" : "116",
  "recycling" : "FRIDAY",
  "street_name" : "BRADLEY PL"
}
, {
  "id" : "117",
  "recycling" : "TUESDAY",
  "street_name" : "BRANCH LN"
}
, {
  "id" : "118",
  "recycling" : "FRIDAY",
  "street_name" : "BRANDT RD"
}
, {
  "id" : "119",
  "recycling" : "FRIDAY",
  "street_name" : "BRANDYWINE RD"
}
, {
  "id" : "120",
  "recycling" : "FRIDAY",
  "street_name" : "BRANTWOOD LN"
}
, {
  "id" : "121",
  "recycling" : "FRIDAY",
  "street_name" : "BREEZY HILL RD"
}
, {
  "id" : "122",
  "recycling" : "FRIDAY",
  "street_name" : "BRIAR BRAE RD"
}
, {
  "id" : "123",
  "recycling" : "FRIDAY",
  "street_name" : "BRIAR WOODS TRL"
}
, {
  "id" : "124",
  "recycling" : "FRIDAY",
  "street_name" : "BRIARWOOD LN"
}
, {
  "id" : "125",
  "recycling" : "THURSDAY",
  "street_name" : "BRIDGE ST"
}
, {
  "id" : "126",
  "recycling" : "FRIDAY",
  "street_name" : "BRIDLE PATH"
}
, {
  "id" : "127",
  "recycling" : "THURSDAY",
  "street_name" : "BRIGHTON PL"
}
, {
  "id" : "128",
  "recycling" : "MONDAY",
  "street_name" : "BRIGHTSIDE DR"
}
, {
  "id" : "129",
  "recycling" : "THURSDAY",
  "street_name" : "BRINCKERHOFF AVE"
}
, {
  "id" : "130",
  "recycling" : "WEDNESDAY",
  "street_name" : "BROAD BROOK LN"
}
, {
  "id" : "131",
  "recycling" : "TUESDAY",
  "street_name" : "BROAD ST"
}
, {
  "id" : "132",
  "recycling" : "THURSDAY",
  "street_name" : "BRODWOOD DR"
}
, {
  "id" : "133",
  "recycling" : "FRIDAY",
  "street_name" : "BROOK RUN LN"
}
, {
  "id" : "134",
  "recycling" : "FRIDAY",
  "street_name" : "BROOKDALE DR"
}
, {
  "id" : "135",
  "recycling" : "FRIDAY",
  "street_name" : "BROOKDALE RD"
}
, {
  "id" : "136",
  "recycling" : "THURSDAY",
  "street_name" : "BROOKHOLLOW LN"
}
, {
  "id" : "137",
  "recycling" : "WEDNESDAY",
  "street_name" : "BROOKLAWN AVE"
}
, {
  "id" : "138",
  "recycling" : "TUESDAY",
  "street_name" : "BROOKSIDE DR"
}
, {
  "id" : "139",
  "recycling" : "FRIDAY",
  "street_name" : "BROOKVALE PL"
}
, {
  "id" : "140",
  "recycling" : "TUESDAY",
  "street_name" : "BROWN AVE"
}
, {
  "id" : "141",
  "recycling" : "TUESDAY",
  "street_name" : "BROWN HOUSE RD"
}
, {
  "id" : "142",
  "recycling" : "FRIDAY",
  "street_name" : "BROWNLEY DR"
}
, {
  "id" : "143",
  "recycling" : "WEDNESDAY",
  "street_name" : "BRUNDAGE ST"
}
, {
  "id" : "144",
  "recycling" : "FRIDAY",
  "street_name" : "BRUSHWOOD RD"
}
, {
  "id" : "145",
  "recycling" : "FRIDAY",
  "street_name" : "BUCKINGHAM CT"
}
, {
  "id" : "146",
  "recycling" : "FRIDAY",
  "street_name" : "BUCKINGHAM DR"
}
, {
  "id" : "147",
  "recycling" : "FRIDAY",
  "street_name" : "BUD LN"
}
, {
  "id" : "148",
  "recycling" : "WEDNESDAY",
  "street_name" : "BUENA VISTA ST"
}
, {
  "id" : "149",
  "recycling" : "MONDAY",
  "street_name" : "BUNGALOW PARK"
}
, {
  "id" : "150",
  "recycling" : "THURSDAY",
  "street_name" : "BURDICK ST"
}
, {
  "id" : "151",
  "recycling" : "TUESDAY",
  "street_name" : "BURLEY AVE"
}
, {
  "id" : "152",
  "recycling" : "MONDAY",
  "street_name" : "BURNS RD"
}
, {
  "id" : "153",
  "recycling" : "TUESDAY",
  "street_name" : "BURR ST"
}
, {
  "id" : "154",
  "recycling" : "TUESDAY",
  "street_name" : "BURWOOD AVE"
}
, {
  "id" : "155",
  "recycling" : "TUESDAY",
  "street_name" : "BUTTERNUT LN"
}
, {
  "id" : "156",
  "recycling" : "TUESDAY",
  "street_name" : "BUTTERNUT PL"
}
, {
  "id" : "157",
  "recycling" : "FRIDAY",
  "street_name" : "BUXTON FARM RD"
}
, {
  "id" : "158",
  "recycling" : "WEDNESDAY",
  "street_name" : "CADY ST"
}
, {
  "id" : "159",
  "recycling" : "FRIDAY",
  "street_name" : "CALASS LN"
}
, {
  "id" : "160",
  "recycling" : "MONDAY",
  "street_name" : "CALDWELL AVE"
}
, {
  "id" : "161",
  "recycling" : "MONDAY",
  "street_name" : "CAMBRIDGE RD"
}
, {
  "id" : "162",
  "recycling" : "WEDNESDAY",
  "street_name" : "CAMELOT CT"
}
, {
  "id" : "163",
  "recycling" : "THURSDAY",
  "street_name" : "CAMORE ST"
}
, {
  "id" : "164",
  "recycling" : "WEDNESDAY",
  "street_name" : "CAMP AVE"
}
, {
  "id" : "165",
  "recycling" : "FRIDAY",
  "street_name" : "CAMPBELL DR"
}
, {
  "id" : "166",
  "range" : "401 TO 910 BOTH",
  "recycling" : "TUESDAY",
  "street_name" : "CANAL ST"
}
, {
  "id" : "167",
  "recycling" : "THURSDAY",
  "street_name" : "CANFIELD DR"
}
, {
  "id" : "168",
  "recycling" : "THURSDAY",
  "street_name" : "CANTWELL AVE"
}
, {
  "id" : "169",
  "recycling" : "THURSDAY",
  "street_name" : "CAPRICE DR"
}
, {
  "id" : "170",
  "recycling" : "TUESDAY",
  "street_name" : "CARLISLE PL"
}
, {
  "id" : "171",
  "recycling" : "TUESDAY",
  "street_name" : "CAROLINA RD"
}
, {
  "id" : "172",
  "recycling" : "THURSDAY",
  "street_name" : "CARRIAGE DR"
}
, {
  "id" : "173",
  "recycling" : "THURSDAY",
  "street_name" : "CARRIAGE DR S"
}
, {
  "id" : "174",
  "recycling" : "TUESDAY",
  "street_name" : "CARRINGTON DR"
}
, {
  "id" : "175",
  "recycling" : "WEDNESDAY",
  "street_name" : "CARROLL ST"
}
, {
  "id" : "176",
  "recycling" : "MONDAY",
  "street_name" : "CARTER DR"
}
, {
  "id" : "177",
  "recycling" : "FRIDAY",
  "street_name" : "CASCADE CT"
}
, {
  "id" : "178",
  "recycling" : "FRIDAY",
  "street_name" : "CASCADE RD"
}
, {
  "id" : "179",
  "recycling" : "THURSDAY",
  "street_name" : "CASE RD"
}
, {
  "id" : "180",
  "recycling" : "WEDNESDAY",
  "street_name" : "CASTLE CT"
}
, {
  "id" : "181",
  "recycling" : "TUESDAY",
  "street_name" : "CATOONA LN"
}
, {
  "id" : "182",
  "recycling" : "FRIDAY",
  "street_name" : "CEDAR CIR"
}
, {
  "id" : "183",
  "recycling" : "FRIDAY",
  "street_name" : "CEDAR HEIGHTS RD"
}
, {
  "id" : "184",
  "recycling" : "TUESDAY",
  "street_name" : "CEDAR ST"
}
, {
  "id" : "185",
  "recycling" : "FRIDAY",
  "street_name" : "CEDAR TREE LN"
}
, {
  "id" : "186",
  "recycling" : "FRIDAY",
  "street_name" : "CEDARWOOD RD"
}
, {
  "id" : "187",
  "range" : "1 TO 104 BOTH",
  "recycling" : "TUESDAY",
  "street_name" : "CENTER ST"
}
, {
  "id" : "188",
  "range" : "106 TO 154 BOTH",
  "recycling" : "WEDNESDAY",
  "street_name" : "CENTER ST"
}
, {
  "id" : "189",
  "recycling" : "TUESDAY",
  "street_name" : "CENTER TER"
}
, {
  "id" : "190",
  "recycling" : "WEDNESDAY",
  "street_name" : "CENTRAL ST"
}
, {
  "id" : "191",
  "recycling" : "WEDNESDAY",
  "street_name" : "CERRETTA ST"
}
, {
  "id" : "192",
  "recycling" : "FRIDAY",
  "street_name" : "CHAPIN LN"
}
, {
  "id" : "193",
  "recycling" : "THURSDAY",
  "street_name" : "CHARLES MARY LN"
}
, {
  "id" : "194",
  "recycling" : "MONDAY",
  "street_name" : "CHARLES ST"
}
, {
  "id" : "195",
  "recycling" : "WEDNESDAY",
  "street_name" : "CHATFIELD ST"
}
, {
  "id" : "196",
  "recycling" : "FRIDAY",
  "street_name" : "CHATHAM RD"
}
, {
  "id" : "197",
  "recycling" : "TUESDAY",
  "street_name" : "CHERRY HILL RD"
}
, {
  "id" : "198",
  "recycling" : "MONDAY",
  "street_name" : "CHERRY ST"
}
, {
  "id" : "199",
  "recycling" : "WEDNESDAY",
  "street_name" : "CHESTER ST"
}
, {
  "id" : "200",
  "recycling" : "MONDAY",
  "street_name" : "CHESTERFIELD RD"
}
, {
  "id" : "201",
  "recycling" : "FRIDAY",
  "street_name" : "CHESTNUT HILL LN"
}
, {
  "id" : "202",
  "recycling" : "FRIDAY",
  "street_name" : "CHESTNUT HILL RD"
}
, {
  "id" : "203",
  "recycling" : "TUESDAY",
  "street_name" : "CHESTNUT ST"
}
, {
  "id" : "204",
  "recycling" : "TUESDAY",
  "street_name" : "CHURCH ST"
}
, {
  "id" : "205",
  "recycling" : "TUESDAY",
  "street_name" : "CIDER MILL RD"
}
, {
  "id" : "206",
  "recycling" : "TUESDAY",
  "street_name" : "CLAREMONT ST"
}
, {
  "id" : "207",
  "recycling" : "TUESDAY",
  "street_name" : "CLARK ST"
}
, {
  "id" : "208",
  "recycling" : "TUESDAY",
  "street_name" : "CLARKS HILL AVE"
}
, {
  "id" : "209",
  "recycling" : "FRIDAY",
  "street_name" : "CLAY HILL RD"
}
, {
  "id" : "210",
  "recycling" : "WEDNESDAY",
  "street_name" : "CLEARVIEW AVE"
}
, {
  "id" : "211",
  "recycling" : "WEDNESDAY",
  "street_name" : "CLEVELAND ST"
}
, {
  "id" : "212",
  "recycling" : "THURSDAY",
  "street_name" : "CLIFFORD AVE"
}
, {
  "id" : "213",
  "recycling" : "TUESDAY",
  "street_name" : "CLINTON AVE"
}
, {
  "id" : "214",
  "recycling" : "FRIDAY",
  "street_name" : "CLORINDA CT"
}
, {
  "id" : "215",
  "recycling" : "WEDNESDAY",
  "street_name" : "CLOVELLY RD"
}
, {
  "id" : "216",
  "recycling" : "THURSDAY",
  "street_name" : "CLOVER HILL DR"
}
, {
  "id" : "217",
  "recycling" : "FRIDAY",
  "street_name" : "CLUB CIR"
}
, {
  "id" : "218",
  "recycling" : "FRIDAY",
  "street_name" : "CLUB RD"
}
, {
  "id" : "219",
  "recycling" : "THURSDAY",
  "street_name" : "COACHLAMP LN"
}
, {
  "id" : "220",
  "recycling" : "THURSDAY",
  "street_name" : "CODY DR"
}
, {
  "id" : "221",
  "recycling" : "THURSDAY",
  "street_name" : "COGSWELL LN"
}
, {
  "id" : "222",
  "recycling" : "TUESDAY",
  "street_name" : "COLAHAN ST"
}
, {
  "id" : "223",
  "recycling" : "THURSDAY",
  "street_name" : "COLD SPRING RD"
}
, {
  "id" : "224",
  "recycling" : "FRIDAY",
  "street_name" : "COLETON RD"
}
, {
  "id" : "225",
  "recycling" : "WEDNESDAY",
  "street_name" : "COLONIAL RD"
}
, {
  "id" : "226",
  "recycling" : "FRIDAY",
  "street_name" : "COLONY CT"
}
, {
  "id" : "227",
  "recycling" : "WEDNESDAY",
  "street_name" : "COLUMBUS PL"
}
, {
  "id" : "228",
  "recycling" : "TUESDAY",
  "street_name" : "COMMERCE RD"
}
, {
  "id" : "229",
  "recycling" : "TUESDAY",
  "street_name" : "CONGRESS ST"
}
, {
  "id" : "230",
  "recycling" : "TUESDAY",
  "street_name" : "CONNECTICUT AVE"
}
, {
  "id" : "231",
  "recycling" : "TUESDAY",
  "street_name" : "CONSTANCE LN"
}
, {
  "id" : "232",
  "recycling" : "TUESDAY",
  "street_name" : "COOK RD"
}
, {
  "id" : "233",
  "recycling" : "WEDNESDAY",
  "street_name" : "COOLIDGE AVE"
}
, {
  "id" : "234",
  "recycling" : "FRIDAY",
  "street_name" : "COOPERS POND RD"
}
, {
  "id" : "235",
  "recycling" : "TUESDAY",
  "street_name" : "CORBO TER"
}
, {
  "id" : "236",
  "recycling" : "FRIDAY",
  "street_name" : "CORN CAKE LN"
}
, {
  "id" : "237",
  "recycling" : "FRIDAY",
  "street_name" : "COUNTRY CLUB RD"
}
, {
  "id" : "238",
  "recycling" : "THURSDAY",
  "street_name" : "COURT ST"
}
, {
  "id" : "239",
  "recycling" : "TUESDAY",
  "street_name" : "COURTLAND AVE"
}
, {
  "id" : "240",
  "recycling" : "MONDAY",
  "street_name" : "COURTLAND CIR"
}
, {
  "id" : "241",
  "recycling" : "TUESDAY",
  "street_name" : "COURTLAND HILL ST"
}
, {
  "id" : "242",
  "recycling" : "FRIDAY",
  "street_name" : "COUSINS RD"
}
, {
  "id" : "243",
  "recycling" : "MONDAY",
  "street_name" : "COVE RD"
}
, {
  "id" : "244",
  "recycling" : "TUESDAY",
  "street_name" : "COVE VIEW DR"
}
, {
  "id" : "245",
  "recycling" : "FRIDAY",
  "street_name" : "COVENTRY RD"
}
, {
  "id" : "246",
  "recycling" : "THURSDAY",
  "street_name" : "COW PATH DR"
}
, {
  "id" : "247",
  "recycling" : "WEDNESDAY",
  "street_name" : "COWAN AVE"
}
, {
  "id" : "248",
  "recycling" : "TUESDAY",
  "street_name" : "COWING CT"
}
, {
  "id" : "249",
  "recycling" : "TUESDAY",
  "street_name" : "COWING PL"
}
, {
  "id" : "250",
  "recycling" : "TUESDAY",
  "street_name" : "COWING TER"
}
, {
  "id" : "251",
  "recycling" : "FRIDAY",
  "street_name" : "CRAB APPLE PL"
}
, {
  "id" : "252",
  "recycling" : "FRIDAY",
  "street_name" : "CRAIG CT"
}
, {
  "id" : "253",
  "recycling" : "TUESDAY",
  "street_name" : "CRANDALL ST"
}
, {
  "id" : "254",
  "recycling" : "THURSDAY",
  "street_name" : "CRANE RD"
}
, {
  "id" : "255",
  "recycling" : "THURSDAY",
  "street_name" : "CRANE RD N"
}
, {
  "id" : "256",
  "recycling" : "TUESDAY",
  "street_name" : "CRESCENT ST"
}
, {
  "id" : "257",
  "recycling" : "MONDAY",
  "street_name" : "CRESTHILL PL"
}
, {
  "id" : "258",
  "recycling" : "WEDNESDAY",
  "street_name" : "CRESTVIEW AVE"
}
, {
  "id" : "259",
  "recycling" : "THURSDAY",
  "street_name" : "CRESTWOOD DR"
}
, {
  "id" : "260",
  "recycling" : "FRIDAY",
  "street_name" : "CRICKET LN"
}
, {
  "id" : "261",
  "recycling" : "FRIDAY",
  "street_name" : "CROFTS LN"
}
, {
  "id" : "262",
  "recycling" : "TUESDAY",
  "street_name" : "CROSBY ST"
}
, {
  "id" : "263",
  "recycling" : "FRIDAY",
  "street_name" : "CROSS COUNTRY TRL"
}
, {
  "id" : "264",
  "recycling" : "FRIDAY",
  "street_name" : "CROSS RD"
}
, {
  "id" : "265",
  "recycling" : "FRIDAY",
  "street_name" : "CRYSTAL LAKE RD"
}
, {
  "id" : "266",
  "recycling" : "TUESDAY",
  "street_name" : "CRYSTAL ST"
}
, {
  "id" : "267",
  "recycling" : "WEDNESDAY",
  "street_name" : "CULLODEN RD"
}
, {
  "id" : "268",
  "recycling" : "MONDAY",
  "street_name" : "CUMMINGS AVE"
}
, {
  "id" : "269",
  "recycling" : "TUESDAY",
  "street_name" : "CUMMINGS POINT RD"
}
, {
  "id" : "270",
  "recycling" : "WEDNESDAY",
  "street_name" : "CUSHING ST"
}
, {
  "id" : "271",
  "recycling" : "TUESDAY",
  "street_name" : "CUSTER ST"
}
, {
  "id" : "272",
  "recycling" : "FRIDAY",
  "street_name" : "CYPRESS DR"
}
, {
  "id" : "273",
  "recycling" : "FRIDAY",
  "street_name" : "DADS LN"
}
, {
  "id" : "274",
  "recycling" : "FRIDAY",
  "street_name" : "DAFFODIL RD"
}
, {
  "id" : "275",
  "recycling" : "THURSDAY",
  "street_name" : "DAGMAR PL"
}
, {
  "id" : "276",
  "recycling" : "THURSDAY",
  "street_name" : "DAGMAR RD"
}
, {
  "id" : "277",
  "recycling" : "WEDNESDAY",
  "street_name" : "DALE PL"
}
, {
  "id" : "278",
  "recycling" : "MONDAY",
  "street_name" : "DALE ST"
}
, {
  "id" : "279",
  "recycling" : "TUESDAY",
  "street_name" : "DALY ST"
}
, {
  "id" : "280",
  "recycling" : "THURSDAY",
  "street_name" : "DANCY DR"
}
, {
  "id" : "281",
  "recycling" : "THURSDAY",
  "street_name" : "DANN DR"
}
, {
  "id" : "282",
  "recycling" : "THURSDAY",
  "street_name" : "DANNELL DR"
}
, {
  "id" : "283",
  "recycling" : "THURSDAY",
  "street_name" : "DARTLEY ST"
}
, {
  "id" : "284",
  "recycling" : "WEDNESDAY",
  "street_name" : "DASKAM PL"
}
, {
  "id" : "285",
  "recycling" : "TUESDAY",
  "street_name" : "DAVENPORT DR"
}
, {
  "id" : "286",
  "recycling" : "FRIDAY",
  "street_name" : "DAVENPORT FARM LN E"
}
, {
  "id" : "287",
  "recycling" : "FRIDAY",
  "street_name" : "DAVENPORT FARM LN N"
}
, {
  "id" : "288",
  "recycling" : "FRIDAY",
  "street_name" : "DAVENPORT FARM LN S"
}
, {
  "id" : "289",
  "recycling" : "FRIDAY",
  "street_name" : "DAVENPORT FARM LN W"
}
, {
  "id" : "290",
  "recycling" : "FRIDAY",
  "street_name" : "DAVENPORT RIDGE LN"
}
, {
  "id" : "291",
  "recycling" : "FRIDAY",
  "street_name" : "DAVENPORT RIDGE RD"
}
, {
  "id" : "292",
  "recycling" : "TUESDAY",
  "street_name" : "DAVENPORT ST"
}
, {
  "id" : "293",
  "recycling" : "MONDAY",
  "street_name" : "DAYCROFT RD"
}
, {
  "id" : "294",
  "recycling" : "TUESDAY",
  "street_name" : "DE BERA LN"
}
, {
  "id" : "295",
  "recycling" : "FRIDAY",
  "street_name" : "DEACON HILL RD"
}
, {
  "id" : "296",
  "recycling" : "MONDAY",
  "street_name" : "DEAN ST"
}
, {
  "id" : "297",
  "recycling" : "TUESDAY",
  "street_name" : "DEE LN"
}
, {
  "id" : "298",
  "recycling" : "WEDNESDAY",
  "street_name" : "DEEP SPRING LN"
}
, {
  "id" : "299",
  "recycling" : "TUESDAY",
  "street_name" : "DEEP VALLEY RD"
}
, {
  "id" : "300",
  "recycling" : "TUESDAY",
  "street_name" : "DEEP VALLEY TRL"
}
, {
  "id" : "301",
  "recycling" : "FRIDAY",
  "street_name" : "DEEPWOOD RD"
}
, {
  "id" : "302",
  "recycling" : "THURSDAY",
  "street_name" : "DEER LN"
}
, {
  "id" : "303",
  "recycling" : "TUESDAY",
  "street_name" : "DEER MEADOW LN"
}
, {
  "id" : "304",
  "recycling" : "FRIDAY",
  "street_name" : "DEERFIELD DR"
}
, {
  "id" : "305",
  "recycling" : "TUESDAY",
  "street_name" : "DELAWARE AVE"
}
, {
  "id" : "306",
  "recycling" : "WEDNESDAY",
  "street_name" : "DELEO DR"
}
, {
  "id" : "307",
  "recycling" : "FRIDAY",
  "street_name" : "DEMING LN"
}
, {
  "id" : "308",
  "range" : "1 TO 119 BOTH",
  "recycling" : "THURSDAY",
  "street_name" : "DEN RD"
}
, {
  "id" : "309",
  "range" : "120 TO 791 BOTH",
  "recycling" : "TUESDAY",
  "street_name" : "DEN RD"
}
, {
  "id" : "310",
  "recycling" : "THURSDAY",
  "street_name" : "DENICOLA PL"
}
, {
  "id" : "311",
  "recycling" : "THURSDAY",
  "street_name" : "DENISE DR"
}
, {
  "id" : "312",
  "recycling" : "THURSDAY",
  "street_name" : "DENISE PL"
}
, {
  "id" : "313",
  "recycling" : "TUESDAY",
  "street_name" : "DEPINEDO AVE"
}
, {
  "id" : "314",
  "recycling" : "FRIDAY",
  "street_name" : "DERRY ST"
}
, {
  "id" : "315",
  "recycling" : "WEDNESDAY",
  "street_name" : "DERWEN ST"
}
, {
  "id" : "316",
  "recycling" : "FRIDAY",
  "street_name" : "DIAMONDCREST LN"
}
, {
  "id" : "317",
  "recycling" : "TUESDAY",
  "street_name" : "DIAZ ST"
}
, {
  "id" : "318",
  "recycling" : "TUESDAY",
  "street_name" : "DIVISION ST"
}
, {
  "id" : "319",
  "recycling" : "TUESDAY",
  "street_name" : "DOCK ST"
}
, {
  "id" : "320",
  "recycling" : "FRIDAY",
  "street_name" : "DOGWOOD CT"
}
, {
  "id" : "321",
  "recycling" : "FRIDAY",
  "street_name" : "DOGWOOD LN"
}
, {
  "id" : "322",
  "recycling" : "TUESDAY",
  "street_name" : "DOLPHIN COVE QUAY"
}
, {
  "id" : "323",
  "recycling" : "WEDNESDAY",
  "street_name" : "DOLSEN PL"
}
, {
  "id" : "324",
  "recycling" : "FRIDAY",
  "street_name" : "DON BOB RD"
}
, {
  "id" : "325",
  "recycling" : "THURSDAY",
  "street_name" : "DONALD RD"
}
, {
  "id" : "326",
  "recycling" : "FRIDAY",
  "street_name" : "DONATA LN"
}
, {
  "id" : "327",
  "recycling" : "THURSDAY",
  "street_name" : "DOOLITTLE RD"
}
, {
  "id" : "328",
  "recycling" : "MONDAY",
  "street_name" : "DORA ST"
}
, {
  "id" : "329",
  "recycling" : "THURSDAY",
  "street_name" : "DORAL FARM RD"
}
, {
  "id" : "330",
  "recycling" : "FRIDAY",
  "street_name" : "DORIS LN"
}
, {
  "id" : "331",
  "recycling" : "THURSDAY",
  "street_name" : "DORLEN RD"
}
, {
  "id" : "332",
  "recycling" : "WEDNESDAY",
  "street_name" : "DORSET LN"
}
, {
  "id" : "333",
  "recycling" : "WEDNESDAY",
  "street_name" : "DOUGLAS AVE"
}
, {
  "id" : "334",
  "recycling" : "MONDAY",
  "street_name" : "DOWNS AVE"
}
, {
  "id" : "335",
  "recycling" : "THURSDAY",
  "street_name" : "DRUM HILL LN"
}
, {
  "id" : "336",
  "recycling" : "TUESDAY",
  "street_name" : "DRYDEN ST"
}
, {
  "id" : "337",
  "recycling" : "THURSDAY",
  "street_name" : "DUBOIS ST"
}
, {
  "id" : "338",
  "recycling" : "MONDAY",
  "street_name" : "DUFFY ST"
}
, {
  "id" : "339",
  "recycling" : "FRIDAY",
  "street_name" : "DUKE DR"
}
, {
  "id" : "340",
  "recycling" : "FRIDAY",
  "street_name" : "DULAN DR"
}
, {
  "id" : "341",
  "recycling" : "THURSDAY",
  "street_name" : "DUNCANSON ST"
}
, {
  "id" : "342",
  "recycling" : "TUESDAY",
  "street_name" : "DUNDEE RD"
}
, {
  "id" : "343",
  "recycling" : "FRIDAY",
  "street_name" : "DUNN AVE"
}
, {
  "id" : "344",
  "recycling" : "FRIDAY",
  "street_name" : "DUNN AVE EXT"
}
, {
  "id" : "345",
  "recycling" : "FRIDAY",
  "street_name" : "DUNN CT"
}
, {
  "id" : "346",
  "recycling" : "TUESDAY",
  "street_name" : "DURANT ST"
}
, {
  "id" : "347",
  "recycling" : "TUESDAY",
  "street_name" : "DYKE LN"
}
, {
  "id" : "348",
  "recycling" : "FRIDAY",
  "street_name" : "DZAMBA GRV"
}
, {
  "id" : "349",
  "recycling" : "WEDNESDAY",
  "street_name" : "EAST CROSS RD"
}
, {
  "id" : "350",
  "recycling" : "FRIDAY",
  "street_name" : "EAST HUNTING RIDGE RD"
}
, {
  "id" : "351",
  "recycling" : "TUESDAY",
  "street_name" : "EAST MAIN ST"
}
, {
  "id" : "352",
  "recycling" : "TUESDAY",
  "street_name" : "EAST MIDDLE PATENT RD"
}
, {
  "id" : "353",
  "recycling" : "TUESDAY",
  "street_name" : "EAST RIDGE RD"
}
, {
  "id" : "354",
  "recycling" : "TUESDAY",
  "street_name" : "EAST WALNUT ST"
}
, {
  "id" : "355",
  "recycling" : "FRIDAY",
  "street_name" : "EAGLE DR"
}
, {
  "id" : "356",
  "recycling" : "MONDAY",
  "street_name" : "EAST AVE"
}
, {
  "id" : "357",
  "recycling" : "WEDNESDAY",
  "street_name" : "EAST LN"
}
, {
  "id" : "358",
  "recycling" : "TUESDAY",
  "street_name" : "EASTHILL RD"
}
, {
  "id" : "359",
  "recycling" : "FRIDAY",
  "street_name" : "EASTOVER RD"
}
, {
  "id" : "360",
  "recycling" : "TUESDAY",
  "street_name" : "ECHO HILL DR"
}
, {
  "id" : "361",
  "recycling" : "WEDNESDAY",
  "street_name" : "EDEN LN"
}
, {
  "id" : "362",
  "recycling" : "WEDNESDAY",
  "street_name" : "EDEN RD"
}
, {
  "id" : "363",
  "recycling" : "WEDNESDAY",
  "street_name" : "EDGEWOOD AVE"
}
, {
  "id" : "364",
  "recycling" : "TUESDAY",
  "street_name" : "EDGEWOOD LN"
}
, {
  "id" : "365",
  "recycling" : "THURSDAY",
  "street_name" : "EDICE RD"
}
, {
  "id" : "366",
  "recycling" : "TUESDAY",
  "street_name" : "EDISON RD"
}
, {
  "id" : "367",
  "recycling" : "THURSDAY",
  "street_name" : "EDWARD PL"
}
, {
  "id" : "368",
  "recycling" : "THURSDAY",
  "street_name" : "EIGHTH ST"
}
, {
  "id" : "369",
  "recycling" : "FRIDAY",
  "street_name" : "ELAINE DR"
}
, {
  "id" : "370",
  "recycling" : "FRIDAY",
  "street_name" : "ELIOT LN"
}
, {
  "id" : "371",
  "recycling" : "WEDNESDAY",
  "street_name" : "ELIZABETH AVE"
}
, {
  "id" : "372",
  "recycling" : "THURSDAY",
  "street_name" : "ELJAYS LN"
}
, {
  "id" : "373",
  "recycling" : "MONDAY",
  "street_name" : "ELM CT"
}
, {
  "id" : "374",
  "range" : "300 TO 617 BOTH",
  "recycling" : "MONDAY",
  "street_name" : "ELM ST"
}
, {
  "id" : "375",
  "recycling" : "TUESDAY",
  "street_name" : "ELM TREE PL"
}
, {
  "id" : "376",
  "recycling" : "WEDNESDAY",
  "street_name" : "ELMBROOK DR"
}
, {
  "id" : "377",
  "recycling" : "TUESDAY",
  "street_name" : "ELMCROFT RD"
}
, {
  "id" : "378",
  "recycling" : "WEDNESDAY",
  "street_name" : "ELMER ST"
}
, {
  "id" : "379",
  "recycling" : "MONDAY",
  "street_name" : "ELMWOOD ST"
}
, {
  "id" : "380",
  "recycling" : "WEDNESDAY",
  "street_name" : "ELY PL"
}
, {
  "id" : "381",
  "recycling" : "WEDNESDAY",
  "street_name" : "EMERALD LN"
}
, {
  "id" : "382",
  "recycling" : "THURSDAY",
  "street_name" : "EMERY DR"
}
, {
  "id" : "383",
  "recycling" : "THURSDAY",
  "street_name" : "EMERY DR E"
}
, {
  "id" : "384",
  "recycling" : "WEDNESDAY",
  "street_name" : "EMILY CT"
}
, {
  "id" : "385",
  "recycling" : "FRIDAY",
  "street_name" : "EMMA RD"
}
, {
  "id" : "386",
  "recycling" : "FRIDAY",
  "street_name" : "ERICKSON DR"
}
, {
  "id" : "387",
  "recycling" : "TUESDAY",
  "street_name" : "ERSKINE RD"
}
, {
  "id" : "388",
  "recycling" : "WEDNESDAY",
  "street_name" : "ESTWICK PL"
}
, {
  "id" : "389",
  "recycling" : "FRIDAY",
  "street_name" : "ETHAN ALLEN LN"
}
, {
  "id" : "390",
  "recycling" : "MONDAY",
  "street_name" : "EUCLID AVE"
}
, {
  "id" : "391",
  "recycling" : "TUESDAY",
  "street_name" : "EUREKA TER"
}
, {
  "id" : "392",
  "recycling" : "THURSDAY",
  "street_name" : "EVERGREEN CT"
}
, {
  "id" : "393",
  "recycling" : "WEDNESDAY",
  "street_name" : "FAHEY ST"
}
, {
  "id" : "394",
  "recycling" : "TUESDAY",
  "street_name" : "FAIRFIELD AVE"
}
, {
  "id" : "395",
  "recycling" : "THURSDAY",
  "street_name" : "FAIRLAND ST"
}
, {
  "id" : "396",
  "recycling" : "TUESDAY",
  "street_name" : "FAIRMONT AVE"
}
, {
  "id" : "397",
  "recycling" : "MONDAY",
  "street_name" : "FAIRVIEW AVE"
}
, {
  "id" : "398",
  "recycling" : "FRIDAY",
  "street_name" : "FAIRWAY DR"
}
, {
  "id" : "399",
  "recycling" : "FRIDAY",
  "street_name" : "FALMOUTH RD"
}
, {
  "id" : "400",
  "recycling" : "THURSDAY",
  "street_name" : "FARA DR"
}
, {
  "id" : "401",
  "recycling" : "THURSDAY",
  "street_name" : "FARM HILL RD"
}
, {
  "id" : "402",
  "recycling" : "TUESDAY",
  "street_name" : "FARMS RD"
}
, {
  "id" : "403",
  "recycling" : "WEDNESDAY",
  "street_name" : "FAUCETT ST"
}
, {
  "id" : "404",
  "recycling" : "THURSDAY",
  "street_name" : "FAWN DR"
}
, {
  "id" : "405",
  "recycling" : "TUESDAY",
  "street_name" : "FAWNFIELD RD"
}
, {
  "id" : "406",
  "recycling" : "TUESDAY",
  "street_name" : "FEDERAL ST"
}
, {
  "id" : "407",
  "recycling" : "WEDNESDAY",
  "street_name" : "FENWAY ST"
}
, {
  "id" : "408",
  "recycling" : "FRIDAY",
  "street_name" : "FERNWOOD DR"
}
, {
  "id" : "409",
  "recycling" : "TUESDAY",
  "street_name" : "FERRIS AVE"
}
, {
  "id" : "410",
  "recycling" : "MONDAY",
  "street_name" : "FERRO DR"
}
, {
  "id" : "411",
  "recycling" : "TUESDAY",
  "street_name" : "FIELD ST"
}
, {
  "id" : "412",
  "recycling" : "THURSDAY",
  "street_name" : "FIELDSTONE CIR"
}
, {
  "id" : "413",
  "recycling" : "THURSDAY",
  "street_name" : "FIELDSTONE LN"
}
, {
  "id" : "414",
  "recycling" : "THURSDAY",
  "street_name" : "FIELDSTONE RD"
}
, {
  "id" : "415",
  "recycling" : "THURSDAY",
  "street_name" : "FIELDSTONE TER"
}
, {
  "id" : "416",
  "recycling" : "WEDNESDAY",
  "street_name" : "FIFTH ST"
}
, {
  "id" : "417",
  "recycling" : "FRIDAY",
  "street_name" : "FINCH ST"
}
, {
  "id" : "418",
  "recycling" : "TUESDAY",
  "street_name" : "FINNEY LN"
}
, {
  "id" : "419",
  "recycling" : "WEDNESDAY",
  "street_name" : "FIRST ST"
}
, {
  "id" : "420",
  "recycling" : "FRIDAY",
  "street_name" : "FISHING TRL"
}
, {
  "id" : "421",
  "recycling" : "TUESDAY",
  "street_name" : "FLINT ROCK RD"
}
, {
  "id" : "422",
  "recycling" : "TUESDAY",
  "street_name" : "FLINT ROCK RD E"
}
, {
  "id" : "423",
  "recycling" : "FRIDAY",
  "street_name" : "FLORA PL"
}
, {
  "id" : "424",
  "recycling" : "FRIDAY",
  "street_name" : "FLORENCE CT"
}
, {
  "id" : "425",
  "recycling" : "TUESDAY",
  "street_name" : "FLYING CLOUD RD"
}
, {
  "id" : "426",
  "recycling" : "THURSDAY",
  "street_name" : "FOREST LAWN AVE"
}
, {
  "id" : "427",
  "recycling" : "WEDNESDAY",
  "street_name" : "FOREST ST"
}
, {
  "id" : "428",
  "recycling" : "TUESDAY",
  "street_name" : "FORESTWOOD DR"
}
, {
  "id" : "429",
  "recycling" : "TUESDAY",
  "street_name" : "FOUR BAYS LN"
}
, {
  "id" : "430",
  "recycling" : "FRIDAY",
  "street_name" : "FOUR BROOKS CIR"
}
, {
  "id" : "431",
  "recycling" : "FRIDAY",
  "street_name" : "FOUR BROOKS RD"
}
, {
  "id" : "432",
  "recycling" : "WEDNESDAY",
  "street_name" : "FOURTH ST"
}
, {
  "id" : "433",
  "recycling" : "THURSDAY",
  "street_name" : "FOWLER ST"
}
, {
  "id" : "434",
  "recycling" : "FRIDAY",
  "street_name" : "FOX GLEN DR"
}
, {
  "id" : "435",
  "recycling" : "FRIDAY",
  "street_name" : "FOX HILL RD"
}
, {
  "id" : "436",
  "recycling" : "FRIDAY",
  "street_name" : "FOX RIDGE RD"
}
, {
  "id" : "437",
  "recycling" : "FRIDAY",
  "street_name" : "FOXWOOD RD"
}
, {
  "id" : "438",
  "recycling" : "THURSDAY",
  "street_name" : "FRANCIS AVE"
}
, {
  "id" : "439",
  "recycling" : "MONDAY",
  "street_name" : "FRANK ST"
}
, {
  "id" : "440",
  "recycling" : "WEDNESDAY",
  "street_name" : "FRANKEL PL"
}
, {
  "id" : "441",
  "recycling" : "WEDNESDAY",
  "street_name" : "FRANKLIN ST"
}
, {
  "id" : "442",
  "recycling" : "MONDAY",
  "street_name" : "FREDERICK ST"
}
, {
  "id" : "443",
  "recycling" : "WEDNESDAY",
  "street_name" : "FRIAR TUCK LN"
}
, {
  "id" : "444",
  "recycling" : "WEDNESDAY",
  "street_name" : "FRIARS LN"
}
, {
  "id" : "445",
  "recycling" : "WEDNESDAY",
  "street_name" : "FRISBIE ST"
}
, {
  "id" : "446",
  "recycling" : "FRIDAY",
  "street_name" : "FROST POND RD"
}
, {
  "id" : "447",
  "recycling" : "TUESDAY",
  "street_name" : "GARDEN ST"
}
, {
  "id" : "448",
  "recycling" : "WEDNESDAY",
  "street_name" : "GARLAND DR"
}
, {
  "id" : "449",
  "recycling" : "FRIDAY",
  "street_name" : "GARY RD"
}
, {
  "id" : "450",
  "recycling" : "TUESDAY",
  "street_name" : "GATEHOUSE RD"
}
, {
  "id" : "451",
  "recycling" : "FRIDAY",
  "street_name" : "GATEWOOD RD"
}
, {
  "id" : "452",
  "recycling" : "FRIDAY",
  "street_name" : "GAXTON RD"
}
, {
  "id" : "453",
  "recycling" : "TUESDAY",
  "street_name" : "GAY ST"
}
, {
  "id" : "454",
  "recycling" : "WEDNESDAY",
  "street_name" : "GAYMOOR CIR"
}
, {
  "id" : "455",
  "recycling" : "WEDNESDAY",
  "street_name" : "GAYMOOR DR"
}
, {
  "id" : "456",
  "recycling" : "THURSDAY",
  "street_name" : "GENERAL WATERBURY LN"
}
, {
  "id" : "457",
  "recycling" : "MONDAY",
  "street_name" : "GEORGE ST"
}
, {
  "id" : "458",
  "recycling" : "FRIDAY",
  "street_name" : "GEORGIAN CT"
}
, {
  "id" : "459",
  "recycling" : "FRIDAY",
  "street_name" : "GERIK RD"
}
, {
  "id" : "460",
  "recycling" : "WEDNESDAY",
  "street_name" : "GILFORD ST"
}
, {
  "id" : "461",
  "recycling" : "MONDAY",
  "street_name" : "GIVENS AVE"
}
, {
  "id" : "462",
  "recycling" : "MONDAY",
  "street_name" : "GLEASON AVE"
}
, {
  "id" : "463",
  "recycling" : "WEDNESDAY",
  "street_name" : "GLEN AVE"
}
, {
  "id" : "464",
  "recycling" : "TUESDAY",
  "street_name" : "GLEN TER"
}
, {
  "id" : "465",
  "range" : "1 TO 446 BOTH",
  "recycling" : "WEDNESDAY",
  "street_name" : "GLENBROOK RD"
}
, {
  "id" : "466",
  "range" : "447 TO 684 BOTH",
  "recycling" : "TUESDAY",
  "street_name" : "GLENBROOK RD"
}
, {
  "id" : "467",
  "recycling" : "WEDNESDAY",
  "street_name" : "GLENDALE CIR"
}
, {
  "id" : "468",
  "recycling" : "WEDNESDAY",
  "street_name" : "GLENDALE DR"
}
, {
  "id" : "469",
  "recycling" : "WEDNESDAY",
  "street_name" : "GLENDALE RD"
}
, {
  "id" : "470",
  "recycling" : "FRIDAY",
  "street_name" : "GOLDEN FARM RD"
}
, {
  "id" : "471",
  "recycling" : "THURSDAY",
  "street_name" : "GOLF VIEW CIR"
}
, {
  "id" : "472",
  "recycling" : "TUESDAY",
  "street_name" : "GOODWIN ST"
}
, {
  "id" : "473",
  "recycling" : "THURSDAY",
  "street_name" : "GRANDVIEW AVE"
}
, {
  "id" : "474",
  "recycling" : "TUESDAY",
  "street_name" : "GRANT AVE"
}
, {
  "id" : "475",
  "recycling" : "TUESDAY",
  "street_name" : "GRAY BIRCH RD"
}
, {
  "id" : "476",
  "recycling" : "THURSDAY",
  "street_name" : "GRAY FARMS RD"
}
, {
  "id" : "477",
  "recycling" : "TUESDAY",
  "street_name" : "GREEN ST"
}
, {
  "id" : "478",
  "recycling" : "THURSDAY",
  "street_name" : "GREEN TREE LN"
}
, {
  "id" : "479",
  "recycling" : "FRIDAY",
  "street_name" : "GREENBRIER LN"
}
, {
  "id" : "480",
  "recycling" : "WEDNESDAY",
  "street_name" : "GREENFIELD RD"
}
, {
  "id" : "481",
  "recycling" : "THURSDAY",
  "street_name" : "GREENLEAF DR"
}
, {
  "id" : "482",
  "recycling" : "FRIDAY",
  "street_name" : "GREENS CIR"
}
, {
  "id" : "483",
  "recycling" : "WEDNESDAY",
  "street_name" : "GREENWAY ST"
}
, {
  "id" : "484",
  "recycling" : "TUESDAY",
  "street_name" : "GREENWICH AVE"
}
, {
  "id" : "485",
  "recycling" : "TUESDAY",
  "street_name" : "GREENWOOD HILL ST"
}
, {
  "id" : "486",
  "recycling" : "MONDAY",
  "street_name" : "GREGORY ST"
}
, {
  "id" : "487",
  "recycling" : "TUESDAY",
  "street_name" : "GRENHART RD"
}
, {
  "id" : "488",
  "range" : "1 TO 162 BOTH",
  "recycling" : "TUESDAY",
  "street_name" : "GREYROCK PL"
}
, {
  "id" : "489",
  "range" : "163 TO 266 BOTH",
  "recycling" : "WEDNESDAY",
  "street_name" : "GREYROCK PL"
}
, {
  "id" : "490",
  "range" : "1 TO 34 BOTH",
  "recycling" : "TUESDAY",
  "street_name" : "GROVE ST"
}
, {
  "id" : "491",
  "range" : "35 TO 204 BOTH",
  "recycling" : "WEDNESDAY",
  "street_name" : "GROVE ST"
}
, {
  "id" : "492",
  "recycling" : "TUESDAY",
  "street_name" : "GUINEA RD"
}
, {
  "id" : "493",
  "recycling" : "TUESDAY",
  "street_name" : "GUN CLUB RD"
}
, {
  "id" : "494",
  "recycling" : "MONDAY",
  "street_name" : "GURLEY RD"
}
, {
  "id" : "495",
  "recycling" : "FRIDAY",
  "street_name" : "GUTZON BORGLUM RD"
}
, {
  "id" : "496",
  "recycling" : "TUESDAY",
  "street_name" : "GYPSY MOTH LNDG"
}
, {
  "id" : "497",
  "recycling" : "WEDNESDAY",
  "street_name" : "HACKETT CIR N"
}
, {
  "id" : "498",
  "recycling" : "WEDNESDAY",
  "street_name" : "HACKETT CIR S"
}
, {
  "id" : "499",
  "recycling" : "WEDNESDAY",
  "street_name" : "HACKETT CIR W"
}
, {
  "id" : "500",
  "recycling" : "THURSDAY",
  "street_name" : "HAIG AVE"
}
, {
  "id" : "501",
  "recycling" : "MONDAY",
  "street_name" : "HALE ST"
}
, {
  "id" : "502",
  "recycling" : "TUESDAY",
  "street_name" : "HALF MOON WAY"
}
, {
  "id" : "503",
  "recycling" : "TUESDAY",
  "street_name" : "HALL PL"
}
, {
  "id" : "504",
  "recycling" : "THURSDAY",
  "street_name" : "HALLIWELL DR"
}
, {
  "id" : "505",
  "recycling" : "WEDNESDAY",
  "street_name" : "HALLMARK PL"
}
, {
  "id" : "506",
  "recycling" : "MONDAY",
  "street_name" : "HALLOWEEN BLVD"
}
, {
  "id" : "507",
  "recycling" : "THURSDAY",
  "street_name" : "HALPIN AVE"
}
, {
  "id" : "508",
  "range" : "1 TO 63 BOTH",
  "recycling" : "WEDNESDAY",
  "street_name" : "HAMILTON AVE"
}
, {
  "id" : "509",
  "range" : "64 TO 416 BOTH",
  "recycling" : "TUESDAY",
  "street_name" : "HAMILTON AVE"
}
, {
  "id" : "510",
  "recycling" : "TUESDAY",
  "street_name" : "HAMILTON CT"
}
, {
  "id" : "511",
  "recycling" : "FRIDAY",
  "street_name" : "HAMPSHIRE LN"
}
, {
  "id" : "512",
  "recycling" : "FRIDAY",
  "street_name" : "HAMPTON LN"
}
, {
  "id" : "513",
  "recycling" : "FRIDAY",
  "street_name" : "HANNAHS RD"
}
, {
  "id" : "514",
  "recycling" : "MONDAY",
  "street_name" : "HANOVER ST"
}
, {
  "id" : "515",
  "recycling" : "TUESDAY",
  "street_name" : "HANRAHAN ST"
}
, {
  "id" : "516",
  "recycling" : "FRIDAY",
  "street_name" : "HAPPY HILL RD"
}
, {
  "id" : "517",
  "range" : "1 TO 127 BOTH",
  "recycling" : "MONDAY",
  "street_name" : "HARBOR DR"
}
, {
  "id" : "518",
  "recycling" : "TUESDAY",
  "street_name" : "HARBOR ST"
}
, {
  "id" : "519",
  "recycling" : "MONDAY",
  "street_name" : "HARBOR VIEW AVE"
}
, {
  "id" : "520",
  "recycling" : "TUESDAY",
  "street_name" : "HARDESTY RD"
}
, {
  "id" : "521",
  "recycling" : "TUESDAY",
  "street_name" : "HARPSICHORD TPKE"
}
, {
  "id" : "522",
  "recycling" : "TUESDAY",
  "street_name" : "HARTCROFT RD"
}
, {
  "id" : "523",
  "recycling" : "WEDNESDAY",
  "street_name" : "HARTFORD AVE"
}
, {
  "id" : "524",
  "recycling" : "FRIDAY",
  "street_name" : "HARTSWOOD RD"
}
, {
  "id" : "525",
  "recycling" : "TUESDAY",
  "street_name" : "HARVARD AVE"
}
, {
  "id" : "526",
  "recycling" : "THURSDAY",
  "street_name" : "HARVEST HILL LN"
}
, {
  "id" : "527",
  "recycling" : "THURSDAY",
  "street_name" : "HASTINGS LN"
}
, {
  "id" : "528",
  "recycling" : "FRIDAY",
  "street_name" : "HAVILAND CT"
}
, {
  "id" : "529",
  "recycling" : "FRIDAY",
  "street_name" : "HAVILAND DR"
}
, {
  "id" : "530",
  "recycling" : "FRIDAY",
  "street_name" : "HAVILAND RD"
}
, {
  "id" : "531",
  "recycling" : "TUESDAY",
  "street_name" : "HAZARD LN"
}
, {
  "id" : "532",
  "recycling" : "TUESDAY",
  "street_name" : "HAZEL ST"
}
, {
  "id" : "533",
  "recycling" : "THURSDAY",
  "street_name" : "HAZELWOOD LN"
}
, {
  "id" : "534",
  "recycling" : "MONDAY",
  "street_name" : "HEARTHSTONE CT"
}
, {
  "id" : "535",
  "recycling" : "TUESDAY",
  "street_name" : "HEATHER DR"
}
, {
  "id" : "536",
  "recycling" : "TUESDAY",
  "street_name" : "HEDGE BROOK LN"
}
, {
  "id" : "537",
  "recycling" : "TUESDAY",
  "street_name" : "HELEN PL"
}
, {
  "id" : "538",
  "recycling" : "TUESDAY",
  "street_name" : "HEMING WAY"
}
, {
  "id" : "539",
  "recycling" : "THURSDAY",
  "street_name" : "HEMLOCK DR"
}
, {
  "id" : "540",
  "recycling" : "TUESDAY",
  "street_name" : "HENDRIE CT"
}
, {
  "id" : "541",
  "recycling" : "TUESDAY",
  "street_name" : "HENRY ST"
}
, {
  "id" : "542",
  "recycling" : "FRIDAY",
  "street_name" : "HERITAGE LN"
}
, {
  "id" : "543",
  "recycling" : "TUESDAY",
  "street_name" : "HICKORY DR"
}
, {
  "id" : "544",
  "recycling" : "FRIDAY",
  "street_name" : "HICKORY RD"
}
, {
  "id" : "545",
  "recycling" : "WEDNESDAY",
  "street_name" : "HICKORY WAY"
}
, {
  "id" : "546",
  "recycling" : "WEDNESDAY",
  "street_name" : "HIDDEN BROOK DR"
}
, {
  "id" : "547",
  "recycling" : "THURSDAY",
  "street_name" : "HIGH CLEAR DR"
}
, {
  "id" : "548",
  "recycling" : "FRIDAY",
  "street_name" : "HIGH RIDGE PARK RD"
}
, {
  "id" : "549",
  "range" : "1 TO 79 BOTH",
  "recycling" : "FRIDAY",
  "street_name" : "HIGH RIDGE RD"
}
, {
  "id" : "550",
  "range" : "80 TO 870 EVEN",
  "recycling" : "FRIDAY",
  "street_name" : "HIGH RIDGE RD"
}
, {
  "id" : "551",
  "range" : "81 TO 869 ODD",
  "recycling" : "THURSDAY",
  "street_name" : "HIGH RIDGE RD"
}
, {
  "id" : "552",
  "range" : "871 TO 3204 BOTH",
  "recycling" : "FRIDAY",
  "street_name" : "HIGH RIDGE RD"
}
, {
  "id" : "553",
  "recycling" : "TUESDAY",
  "street_name" : "HIGH ROCK RD"
}
, {
  "id" : "554",
  "recycling" : "TUESDAY",
  "street_name" : "HIGH ST"
}
, {
  "id" : "555",
  "recycling" : "TUESDAY",
  "street_name" : "HIGH VALLEY WAY"
}
, {
  "id" : "556",
  "recycling" : "WEDNESDAY",
  "street_name" : "HIGHLAND RD"
}
, {
  "id" : "557",
  "recycling" : "THURSDAY",
  "street_name" : "HIGHLINE TRL"
}
, {
  "id" : "558",
  "recycling" : "THURSDAY",
  "street_name" : "HIGHLINE TRL S"
}
, {
  "id" : "559",
  "recycling" : "WEDNESDAY",
  "street_name" : "HIGHVIEW AVE"
}
, {
  "id" : "560",
  "recycling" : "WEDNESDAY",
  "street_name" : "HILLANDALE AVE"
}
, {
  "id" : "561",
  "recycling" : "WEDNESDAY",
  "street_name" : "HILLCREST AVE"
}
, {
  "id" : "562",
  "recycling" : "TUESDAY",
  "street_name" : "HILLHURST ST"
}
, {
  "id" : "563",
  "recycling" : "FRIDAY",
  "street_name" : "HILLSBURY LN"
}
, {
  "id" : "564",
  "recycling" : "THURSDAY",
  "street_name" : "HILLSIDE AVE"
}
, {
  "id" : "565",
  "recycling" : "WEDNESDAY",
  "street_name" : "HILLTOP AVE"
}
, {
  "id" : "566",
  "recycling" : "FRIDAY",
  "street_name" : "HILLVIEW LN"
}
, {
  "id" : "567",
  "recycling" : "TUESDAY",
  "street_name" : "HINCKLEY AVE"
}
, {
  "id" : "568",
  "recycling" : "THURSDAY",
  "street_name" : "HIRSCH RD"
}
, {
  "id" : "569",
  "recycling" : "MONDAY",
  "street_name" : "HOBBIE ST"
}
, {
  "id" : "570",
  "recycling" : "MONDAY",
  "street_name" : "HOBSON ST"
}
, {
  "id" : "571",
  "recycling" : "WEDNESDAY",
  "street_name" : "HOLBROOK DR"
}
, {
  "id" : "572",
  "recycling" : "WEDNESDAY",
  "street_name" : "HOLCOMB AVE"
}
, {
  "id" : "573",
  "recycling" : "THURSDAY",
  "street_name" : "HOLLOW OAK LN"
}
, {
  "id" : "574",
  "recycling" : "MONDAY",
  "street_name" : "HOLLY COVE CIR"
}
, {
  "id" : "575",
  "recycling" : "THURSDAY",
  "street_name" : "HOLLYWOOD CT"
}
, {
  "id" : "576",
  "recycling" : "MONDAY",
  "street_name" : "HOME CT"
}
, {
  "id" : "577",
  "recycling" : "TUESDAY",
  "street_name" : "HOMESTEAD AVE"
}
, {
  "id" : "578",
  "recycling" : "FRIDAY",
  "street_name" : "HONEY HILL RD"
}
, {
  "id" : "579",
  "recycling" : "THURSDAY",
  "street_name" : "HOOVER AVE"
}
, {
  "id" : "580",
  "recycling" : "WEDNESDAY",
  "street_name" : "HOPE ST"
}
, {
  "id" : "581",
  "recycling" : "THURSDAY",
  "street_name" : "HORNEZ ST"
}
, {
  "id" : "582",
  "recycling" : "FRIDAY",
  "street_name" : "HORSE SHOE LN"
}
, {
  "id" : "583",
  "recycling" : "MONDAY",
  "street_name" : "HORTON ST"
}
, {
  "id" : "584",
  "recycling" : "MONDAY",
  "street_name" : "HOUSTON TER"
}
, {
  "id" : "585",
  "recycling" : "TUESDAY",
  "street_name" : "HOWARD RD"
}
, {
  "id" : "586",
  "recycling" : "WEDNESDAY",
  "street_name" : "HOWES AVE"
}
, {
  "id" : "587",
  "recycling" : "FRIDAY",
  "street_name" : "HOYCLO RD"
}
, {
  "id" : "588",
  "recycling" : "WEDNESDAY",
  "street_name" : "HOYT ST"
}
, {
  "id" : "589",
  "recycling" : "WEDNESDAY",
  "street_name" : "HOYT ST EXT"
}
, {
  "id" : "590",
  "recycling" : "THURSDAY",
  "street_name" : "HUBBARD AVE"
}
, {
  "id" : "591",
  "recycling" : "THURSDAY",
  "street_name" : "HUBBARD CT"
}
, {
  "id" : "592",
  "recycling" : "FRIDAY",
  "street_name" : "HUCKLEBERRY HOLW"
}
, {
  "id" : "593",
  "recycling" : "TUESDAY",
  "street_name" : "HUNDLEY CT"
}
, {
  "id" : "594",
  "recycling" : "FRIDAY",
  "street_name" : "HUNTING LN"
}
, {
  "id" : "595",
  "recycling" : "FRIDAY",
  "street_name" : "HUNTING RIDGE RD"
}
, {
  "id" : "596",
  "recycling" : "THURSDAY",
  "street_name" : "HYCLIFF TER"
}
, {
  "id" : "597",
  "recycling" : "WEDNESDAY",
  "street_name" : "HYDE ST"
}
, {
  "id" : "598",
  "recycling" : "THURSDAY",
  "street_name" : "IDLEWOOD DR"
}
, {
  "id" : "599",
  "recycling" : "THURSDAY",
  "street_name" : "IDLEWOOD PL"
}
, {
  "id" : "600",
  "recycling" : "THURSDAY",
  "street_name" : "INDIAN HILL RD"
}
, {
  "id" : "601",
  "recycling" : "TUESDAY",
  "street_name" : "INDIAN ROCK RD"
}
, {
  "id" : "602",
  "recycling" : "MONDAY",
  "street_name" : "INGALL ST"
}
, {
  "id" : "603",
  "recycling" : "FRIDAY",
  "street_name" : "INGLESIDE DR"
}
, {
  "id" : "604",
  "recycling" : "FRIDAY",
  "street_name" : "INTERLAKEN RD"
}
, {
  "id" : "605",
  "recycling" : "FRIDAY",
  "street_name" : "INTERVALE RD"
}
, {
  "id" : "606",
  "recycling" : "FRIDAY",
  "street_name" : "INTERVALE RD E"
}
, {
  "id" : "607",
  "recycling" : "TUESDAY",
  "street_name" : "IRON GATE RD"
}
, {
  "id" : "608",
  "recycling" : "MONDAY",
  "street_name" : "IROQUOIS RD"
}
, {
  "id" : "609",
  "recycling" : "TUESDAY",
  "street_name" : "IRVING AVE"
}
, {
  "id" : "610",
  "recycling" : "MONDAY",
  "street_name" : "ISLAND HEIGHTS CIR"
}
, {
  "id" : "611",
  "recycling" : "MONDAY",
  "street_name" : "ISLAND HEIGHTS DR"
}
, {
  "id" : "612",
  "recycling" : "THURSDAY",
  "street_name" : "IVY ST"
}
, {
  "id" : "613",
  "recycling" : "TUESDAY",
  "street_name" : "JACKSON ST"
}
, {
  "id" : "614",
  "recycling" : "MONDAY",
  "street_name" : "JAMES ST"
}
, {
  "id" : "615",
  "recycling" : "THURSDAY",
  "street_name" : "JAMROGA LN"
}
, {
  "id" : "616",
  "recycling" : "FRIDAY",
  "street_name" : "JANES LN"
}
, {
  "id" : "617",
  "recycling" : "THURSDAY",
  "street_name" : "JANICE RD"
}
, {
  "id" : "618",
  "recycling" : "FRIDAY",
  "street_name" : "JAY RD"
}
, {
  "id" : "619",
  "recycling" : "FRIDAY",
  "street_name" : "JEANNE CT"
}
, {
  "id" : "620",
  "recycling" : "MONDAY",
  "street_name" : "JEFFERSON ST"
}
, {
  "id" : "621",
  "recycling" : "FRIDAY",
  "street_name" : "JESSUP ST"
}
, {
  "id" : "622",
  "recycling" : "FRIDAY",
  "street_name" : "JOAN RD"
}
, {
  "id" : "623",
  "recycling" : "THURSDAY",
  "street_name" : "JOFFRE AVE"
}
, {
  "id" : "624",
  "recycling" : "THURSDAY",
  "street_name" : "JOFFRE CT"
}
, {
  "id" : "625",
  "recycling" : "TUESDAY",
  "street_name" : "JOHN ST"
}
, {
  "id" : "626",
  "recycling" : "TUESDAY",
  "street_name" : "JONATHAN DR"
}
, {
  "id" : "627",
  "recycling" : "FRIDAY",
  "street_name" : "JORDAN LN"
}
, {
  "id" : "628",
  "recycling" : "TUESDAY",
  "street_name" : "JOSHUA SLOCUM DOCK"
}
, {
  "id" : "629",
  "recycling" : "TUESDAY",
  "street_name" : "JUDY LN"
}
, {
  "id" : "630",
  "recycling" : "TUESDAY",
  "street_name" : "JUNE RD"
}
, {
  "id" : "631",
  "recycling" : "FRIDAY",
  "street_name" : "KANE AVE"
}
, {
  "id" : "632",
  "recycling" : "FRIDAY",
  "street_name" : "KATYDID LN"
}
, {
  "id" : "633",
  "recycling" : "TUESDAY",
  "street_name" : "KEITH ST"
}
, {
  "id" : "634",
  "recycling" : "FRIDAY",
  "street_name" : "KEN CT"
}
, {
  "id" : "635",
  "recycling" : "MONDAY",
  "street_name" : "KENILWORTH DR E"
}
, {
  "id" : "636",
  "recycling" : "MONDAY",
  "street_name" : "KENILWORTH DR W"
}
, {
  "id" : "637",
  "recycling" : "WEDNESDAY",
  "street_name" : "KENNEDY LN"
}
, {
  "id" : "638",
  "recycling" : "THURSDAY",
  "street_name" : "KENSINGTON RD"
}
, {
  "id" : "639",
  "recycling" : "TUESDAY",
  "street_name" : "KENT PL"
}
, {
  "id" : "640",
  "recycling" : "FRIDAY",
  "street_name" : "KERR RD"
}
, {
  "id" : "641",
  "recycling" : "THURSDAY",
  "street_name" : "KIJEK ST"
}
, {
  "id" : "642",
  "recycling" : "TUESDAY",
  "street_name" : "KING ST"
}
, {
  "id" : "643",
  "recycling" : "TUESDAY",
  "street_name" : "KIRKHAM PL"
}
, {
  "id" : "644",
  "recycling" : "WEDNESDAY",
  "street_name" : "KLONDIKE AVE"
}
, {
  "id" : "645",
  "recycling" : "WEDNESDAY",
  "street_name" : "KNAPP ST"
}
, {
  "id" : "646",
  "recycling" : "WEDNESDAY",
  "street_name" : "KNICKERBOCKER AVE"
}
, {
  "id" : "647",
  "recycling" : "THURSDAY",
  "street_name" : "KNOBLOCH LN"
}
, {
  "id" : "648",
  "recycling" : "FRIDAY",
  "street_name" : "KNOLLWOOD AVE"
}
, {
  "id" : "649",
  "recycling" : "THURSDAY",
  "street_name" : "KNOX RD"
}
, {
  "id" : "650",
  "recycling" : "FRIDAY",
  "street_name" : "KONANDREAS DR"
}
, {
  "id" : "651",
  "recycling" : "TUESDAY",
  "street_name" : "LAFAYETTE ST"
}
, {
  "id" : "652",
  "recycling" : "FRIDAY",
  "street_name" : "LAKESIDE DR"
}
, {
  "id" : "653",
  "recycling" : "FRIDAY",
  "street_name" : "LAKEVIEW DR"
}
, {
  "id" : "654",
  "recycling" : "TUESDAY",
  "street_name" : "LAKEWOOD DR"
}
, {
  "id" : "655",
  "recycling" : "MONDAY",
  "street_name" : "LANARK RD"
}
, {
  "id" : "656",
  "recycling" : "FRIDAY",
  "street_name" : "LANCASTER PL"
}
, {
  "id" : "657",
  "recycling" : "FRIDAY",
  "street_name" : "LANCER LN"
}
, {
  "id" : "658",
  "recycling" : "MONDAY",
  "street_name" : "LANELL DR"
}
, {
  "id" : "659",
  "recycling" : "THURSDAY",
  "street_name" : "LANTERN CIR"
}
, {
  "id" : "660",
  "recycling" : "WEDNESDAY",
  "street_name" : "LARGO DR"
}
, {
  "id" : "661",
  "recycling" : "TUESDAY",
  "street_name" : "LARKIN ST"
}
, {
  "id" : "662",
  "recycling" : "FRIDAY",
  "street_name" : "LARKSPUR RD"
}
, {
  "id" : "663",
  "recycling" : "TUESDAY",
  "street_name" : "LAUREL LEDGE CT"
}
, {
  "id" : "664",
  "recycling" : "TUESDAY",
  "street_name" : "LAUREL LEDGE RD"
}
, {
  "id" : "665",
  "recycling" : "FRIDAY",
  "street_name" : "LAUREL RD"
}
, {
  "id" : "666",
  "recycling" : "TUESDAY",
  "street_name" : "LAWN AVE"
}
, {
  "id" : "667",
  "recycling" : "FRIDAY",
  "street_name" : "LAWRENCE HILL RD"
}
, {
  "id" : "668",
  "recycling" : "WEDNESDAY",
  "street_name" : "LAWTON AVE"
}
, {
  "id" : "669",
  "recycling" : "TUESDAY",
  "street_name" : "LEDGE BROOK RD"
}
, {
  "id" : "670",
  "recycling" : "THURSDAY",
  "street_name" : "LEDGE LN"
}
, {
  "id" : "671",
  "recycling" : "THURSDAY",
  "street_name" : "LEDGE TER"
}
, {
  "id" : "672",
  "recycling" : "MONDAY",
  "street_name" : "LEE ST"
}
, {
  "id" : "673",
  "recycling" : "MONDAY",
  "street_name" : "LEEDS ST"
}
, {
  "id" : "674",
  "recycling" : "TUESDAY",
  "street_name" : "LENOX AVE"
}
, {
  "id" : "675",
  "recycling" : "TUESDAY",
  "street_name" : "LEON PL"
}
, {
  "id" : "676",
  "recycling" : "WEDNESDAY",
  "street_name" : "LEONA DR"
}
, {
  "id" : "677",
  "recycling" : "WEDNESDAY",
  "street_name" : "LEONARD ST"
}
, {
  "id" : "678",
  "recycling" : "TUESDAY",
  "street_name" : "LEROY PL"
}
, {
  "id" : "679",
  "recycling" : "TUESDAY",
  "street_name" : "LESLIE ST"
}
, {
  "id" : "680",
  "recycling" : "MONDAY",
  "street_name" : "LEWELYN RD"
}
, {
  "id" : "681",
  "recycling" : "FRIDAY",
  "street_name" : "LEWIS RD"
}
, {
  "id" : "682",
  "recycling" : "TUESDAY",
  "street_name" : "LIBERTY PL"
}
, {
  "id" : "683",
  "recycling" : "TUESDAY",
  "street_name" : "LIBERTY ST"
}
, {
  "id" : "684",
  "recycling" : "MONDAY",
  "street_name" : "LIGHTHOUSE WAY"
}
, {
  "id" : "685",
  "recycling" : "MONDAY",
  "street_name" : "LILLIAN ST"
}
, {
  "id" : "686",
  "recycling" : "MONDAY",
  "street_name" : "LIMERICK ST"
}
, {
  "id" : "687",
  "recycling" : "TUESDAY",
  "street_name" : "LINCOLN AVE"
}
, {
  "id" : "688",
  "recycling" : "WEDNESDAY",
  "street_name" : "LINDALE ST"
}
, {
  "id" : "689",
  "recycling" : "THURSDAY",
  "street_name" : "LINDEN PL"
}
, {
  "id" : "690",
  "recycling" : "THURSDAY",
  "street_name" : "LINDSEY AVE"
}
, {
  "id" : "691",
  "recycling" : "MONDAY",
  "street_name" : "LINDSTROM RD"
}
, {
  "id" : "692",
  "recycling" : "FRIDAY",
  "street_name" : "LINWOOD LN"
}
, {
  "id" : "693",
  "recycling" : "TUESDAY",
  "street_name" : "LIPTON PL"
}
, {
  "id" : "694",
  "recycling" : "TUESDAY",
  "street_name" : "LISA LN"
}
, {
  "id" : "695",
  "recycling" : "THURSDAY",
  "street_name" : "LITTLE HILL DR"
}
, {
  "id" : "696",
  "recycling" : "WEDNESDAY",
  "street_name" : "LITTLE JOHN LN"
}
, {
  "id" : "697",
  "recycling" : "MONDAY",
  "street_name" : "LOCKWOOD AVE"
}
, {
  "id" : "698",
  "recycling" : "WEDNESDAY",
  "street_name" : "LOCUST LN"
}
, {
  "id" : "699",
  "recycling" : "FRIDAY",
  "street_name" : "LOLLY LN"
}
, {
  "id" : "700",
  "recycling" : "THURSDAY",
  "street_name" : "LONDON LN"
}
, {
  "id" : "701",
  "recycling" : "THURSDAY",
  "street_name" : "LONG CLOSE RD"
}
, {
  "id" : "702",
  "recycling" : "THURSDAY",
  "street_name" : "LONG HILL DR"
}
, {
  "id" : "703",
  "range" : "1 TO 1001 BOTH",
  "recycling" : "FRIDAY",
  "street_name" : "LONG RIDGE RD"
}
, {
  "id" : "704",
  "range" : "1002 TO 2949 BOTH",
  "recycling" : "TUESDAY",
  "street_name" : "LONG RIDGE RD"
}
, {
  "id" : "705",
  "recycling" : "FRIDAY",
  "street_name" : "LONGVIEW AVE"
}
, {
  "id" : "706",
  "recycling" : "FRIDAY",
  "street_name" : "LOUGHRAN AVE"
}
, {
  "id" : "707",
  "recycling" : "THURSDAY",
  "street_name" : "LOVELAND RD"
}
, {
  "id" : "708",
  "recycling" : "TUESDAY",
  "street_name" : "LUDLOW PL"
}
, {
  "id" : "709",
  "recycling" : "TUESDAY",
  "street_name" : "LUDLOW ST"
}
, {
  "id" : "710",
  "recycling" : "FRIDAY",
  "street_name" : "LUMANOR DR"
}
, {
  "id" : "711",
  "recycling" : "THURSDAY",
  "street_name" : "LUND AVE"
}
, {
  "id" : "712",
  "recycling" : "TUESDAY",
  "street_name" : "LUTHER ST"
}
, {
  "id" : "713",
  "recycling" : "FRIDAY",
  "street_name" : "LYNAM CT"
}
, {
  "id" : "714",
  "recycling" : "FRIDAY",
  "street_name" : "LYNAM RD"
}
, {
  "id" : "715",
  "recycling" : "THURSDAY",
  "street_name" : "MACARTHUR LN"
}
, {
  "id" : "716",
  "recycling" : "THURSDAY",
  "street_name" : "MACGREGOR DR"
}
, {
  "id" : "717",
  "recycling" : "WEDNESDAY",
  "street_name" : "MADELINE CT"
}
, {
  "id" : "718",
  "recycling" : "TUESDAY",
  "street_name" : "MADISON PL"
}
, {
  "id" : "719",
  "recycling" : "MONDAY",
  "street_name" : "MAGEE AVE"
}
, {
  "id" : "720",
  "range" : "30 TO 85 BOTH",
  "recycling" : "MONDAY",
  "street_name" : "MAHER RD"
}
, {
  "id" : "721",
  "recycling" : "TUESDAY",
  "street_name" : "MAIN ST"
}
, {
  "id" : "722",
  "recycling" : "TUESDAY",
  "street_name" : "MAITLAND RD"
}
, {
  "id" : "723",
  "recycling" : "TUESDAY",
  "street_name" : "MALIBU RD"
}
, {
  "id" : "724",
  "recycling" : "FRIDAY",
  "street_name" : "MALTBIE AVE"
}
, {
  "id" : "725",
  "recycling" : "FRIDAY",
  "street_name" : "MALVERN RD"
}
, {
  "id" : "726",
  "recycling" : "TUESDAY",
  "street_name" : "MANHATTAN ST"
}
, {
  "id" : "727",
  "recycling" : "TUESDAY",
  "street_name" : "MANOR ST"
}
, {
  "id" : "728",
  "recycling" : "MONDAY",
  "street_name" : "MAPLE AVE"
}
, {
  "id" : "729",
  "recycling" : "TUESDAY",
  "street_name" : "MAPLE TREE AVE"
}
, {
  "id" : "730",
  "recycling" : "FRIDAY",
  "street_name" : "MAPLEWOOD PL"
}
, {
  "id" : "731",
  "recycling" : "WEDNESDAY",
  "street_name" : "MARIAN ST"
}
, {
  "id" : "732",
  "recycling" : "WEDNESDAY",
  "street_name" : "MARIE PL"
}
, {
  "id" : "733",
  "recycling" : "MONDAY",
  "street_name" : "MARINERS LN"
}
, {
  "id" : "734",
  "recycling" : "TUESDAY",
  "street_name" : "MARKET ST"
}
, {
  "id" : "735",
  "recycling" : "THURSDAY",
  "street_name" : "MARSCHALL PL"
}
, {
  "id" : "736",
  "recycling" : "MONDAY",
  "street_name" : "MARTIN ST"
}
, {
  "id" : "737",
  "recycling" : "FRIDAY",
  "street_name" : "MARVA LN"
}
, {
  "id" : "738",
  "recycling" : "FRIDAY",
  "street_name" : "MARY JOY LN"
}
, {
  "id" : "739",
  "recycling" : "WEDNESDAY",
  "street_name" : "MARY VIOLET RD"
}
, {
  "id" : "740",
  "recycling" : "THURSDAY",
  "street_name" : "MARYANNE LN"
}
, {
  "id" : "741",
  "recycling" : "FRIDAY",
  "street_name" : "MATHER RD"
}
, {
  "id" : "742",
  "recycling" : "MONDAY",
  "street_name" : "MATHEWS ST"
}
, {
  "id" : "743",
  "recycling" : "FRIDAY",
  "street_name" : "MAYAPPLE RD"
}
, {
  "id" : "744",
  "recycling" : "WEDNESDAY",
  "street_name" : "MAYFLOWER AVE"
}
, {
  "id" : "745",
  "recycling" : "FRIDAY",
  "street_name" : "MCCLEAN AVE"
}
, {
  "id" : "746",
  "recycling" : "TUESDAY",
  "street_name" : "MCCLURG AVE"
}
, {
  "id" : "747",
  "recycling" : "FRIDAY",
  "street_name" : "MCINTOSH CT"
}
, {
  "id" : "748",
  "recycling" : "FRIDAY",
  "street_name" : "MCINTOSH RD"
}
, {
  "id" : "749",
  "recycling" : "MONDAY",
  "street_name" : "MCMULLEN AVE"
}
, {
  "id" : "750",
  "recycling" : "WEDNESDAY",
  "street_name" : "MEAD ST"
}
, {
  "id" : "751",
  "recycling" : "MONDAY",
  "street_name" : "MEADOW ST"
}
, {
  "id" : "752",
  "recycling" : "FRIDAY",
  "street_name" : "MEADOWPARK AVE E"
}
, {
  "id" : "753",
  "recycling" : "FRIDAY",
  "street_name" : "MEADOWPARK AVE N"
}
, {
  "id" : "754",
  "recycling" : "FRIDAY",
  "street_name" : "MEADOWPARK AVE S"
}
, {
  "id" : "755",
  "recycling" : "FRIDAY",
  "street_name" : "MEADOWPARK AVE W"
}
, {
  "id" : "756",
  "recycling" : "THURSDAY",
  "street_name" : "MEGAN LN"
}
, {
  "id" : "757",
  "recycling" : "THURSDAY",
  "street_name" : "MEGANS CT"
}
, {
  "id" : "758",
  "recycling" : "TUESDAY",
  "street_name" : "MELROSE PL"
}
, {
  "id" : "759",
  "recycling" : "FRIDAY",
  "street_name" : "MERCEDES LN"
}
, {
  "id" : "760",
  "recycling" : "FRIDAY",
  "street_name" : "MEREDITH LN"
}
, {
  "id" : "761",
  "recycling" : "TUESDAY",
  "street_name" : "MERRELL AVE"
}
, {
  "id" : "762",
  "recycling" : "THURSDAY",
  "street_name" : "MERRIEBROOK LN"
}
, {
  "id" : "763",
  "recycling" : "FRIDAY",
  "street_name" : "MERRILAND RD"
}
, {
  "id" : "764",
  "recycling" : "FRIDAY",
  "street_name" : "MERRIMAN RD"
}
, {
  "id" : "765",
  "recycling" : "THURSDAY",
  "street_name" : "MIANUS RD"
}
, {
  "id" : "766",
  "recycling" : "FRIDAY",
  "street_name" : "MICHAEL RD"
}
, {
  "id" : "767",
  "recycling" : "FRIDAY",
  "street_name" : "MID RIVER RUN"
}
, {
  "id" : "768",
  "recycling" : "FRIDAY",
  "street_name" : "MIDDLE RIDGE RD"
}
, {
  "id" : "769",
  "recycling" : "MONDAY",
  "street_name" : "MIDDLEBURY ST"
}
, {
  "id" : "770",
  "recycling" : "TUESDAY",
  "street_name" : "MIDLAND AVE"
}
, {
  "id" : "771",
  "recycling" : "TUESDAY",
  "street_name" : "MIDROCKS DR"
}
, {
  "id" : "772",
  "recycling" : "THURSDAY",
  "street_name" : "MILL BROOK RD"
}
, {
  "id" : "773",
  "recycling" : "THURSDAY",
  "street_name" : "MILL BROOK RD W"
}
, {
  "id" : "774",
  "recycling" : "FRIDAY",
  "street_name" : "MILL RD"
}
, {
  "id" : "775",
  "recycling" : "TUESDAY",
  "street_name" : "MILL RIVER ST"
}
, {
  "id" : "776",
  "recycling" : "FRIDAY",
  "street_name" : "MILL SPRING LN"
}
, {
  "id" : "777",
  "recycling" : "TUESDAY",
  "street_name" : "MILL STONE CIR"
}
, {
  "id" : "778",
  "recycling" : "TUESDAY",
  "street_name" : "MILL STREAM RD"
}
, {
  "id" : "779",
  "recycling" : "FRIDAY",
  "street_name" : "MILL VALLEY LN"
}
, {
  "id" : "780",
  "recycling" : "TUESDAY",
  "street_name" : "MILTON ST"
}
, {
  "id" : "781",
  "recycling" : "WEDNESDAY",
  "street_name" : "MINIVALE RD"
}
, {
  "id" : "782",
  "recycling" : "TUESDAY",
  "street_name" : "MINOR PL"
}
, {
  "id" : "783",
  "recycling" : "MONDAY",
  "street_name" : "MIRAMAR LN"
}
, {
  "id" : "784",
  "recycling" : "TUESDAY",
  "street_name" : "MISSION ST"
}
, {
  "id" : "785",
  "recycling" : "MONDAY",
  "street_name" : "MITCHELL ST"
}
, {
  "id" : "786",
  "recycling" : "THURSDAY",
  "street_name" : "MITZI RD"
}
, {
  "id" : "787",
  "recycling" : "TUESDAY",
  "street_name" : "MOHAWK CT"
}
, {
  "id" : "788",
  "recycling" : "FRIDAY",
  "street_name" : "MOHAWK TRL"
}
, {
  "id" : "789",
  "recycling" : "MONDAY",
  "street_name" : "MOHEGAN AVE"
}
, {
  "id" : "790",
  "recycling" : "TUESDAY",
  "street_name" : "MONTAUK DR"
}
, {
  "id" : "791",
  "recycling" : "TUESDAY",
  "street_name" : "MOORE ST"
}
, {
  "id" : "792",
  "recycling" : "WEDNESDAY",
  "street_name" : "MORGAN ST"
}
, {
  "id" : "793",
  "recycling" : "TUESDAY",
  "street_name" : "MORRIS ST"
}
, {
  "id" : "794",
  "recycling" : "FRIDAY",
  "street_name" : "MOUNTAIN TRL"
}
, {
  "id" : "795",
  "recycling" : "TUESDAY",
  "street_name" : "MOUNTAIN WOOD RD"
}
, {
  "id" : "796",
  "recycling" : "WEDNESDAY",
  "street_name" : "MULBERRY ST"
}
, {
  "id" : "797",
  "recycling" : "THURSDAY",
  "street_name" : "MUNKO DR"
}
, {
  "id" : "798",
  "recycling" : "WEDNESDAY",
  "street_name" : "MURIEL DR"
}
, {
  "id" : "799",
  "recycling" : "TUESDAY",
  "street_name" : "MYANO CT"
}
, {
  "id" : "800",
  "recycling" : "TUESDAY",
  "street_name" : "MYANO LN"
}
, {
  "id" : "801",
  "recycling" : "MONDAY",
  "street_name" : "MYRTLE AVE"
}
, {
  "id" : "802",
  "recycling" : "TUESDAY",
  "street_name" : "NORTH LAKE DR"
}
, {
  "id" : "803",
  "recycling" : "FRIDAY",
  "street_name" : "NORTH MEADOWS LN"
}
, {
  "id" : "804",
  "recycling" : "FRIDAY",
  "street_name" : "NORTH STAMFORD RD"
}
, {
  "id" : "805",
  "recycling" : "WEDNESDAY",
  "street_name" : "NASH PL"
}
, {
  "id" : "806",
  "recycling" : "THURSDAY",
  "street_name" : "NATHAN HALE DR"
}
, {
  "id" : "807",
  "recycling" : "MONDAY",
  "street_name" : "NELSON ST"
}
, {
  "id" : "808",
  "recycling" : "MONDAY",
  "street_name" : "NEPONSIT ST"
}
, {
  "id" : "809",
  "recycling" : "FRIDAY",
  "street_name" : "NEW ENGLAND DR"
}
, {
  "id" : "810",
  "range" : "1036 TO 1678 EVEN",
  "recycling" : "FRIDAY",
  "street_name" : "NEWFIELD AVE"
}
, {
  "id" : "811",
  "range" : "1037 TO 1135 ODD",
  "recycling" : "THURSDAY",
  "street_name" : "NEWFIELD AVE"
}
, {
  "id" : "812",
  "range" : "1137 TO 1677 ODD",
  "recycling" : "WEDNESDAY",
  "street_name" : "NEWFIELD AVE"
}
, {
  "id" : "813",
  "range" : "1679 TO 1903 BOTH",
  "recycling" : "FRIDAY",
  "street_name" : "NEWFIELD AVE"
}
, {
  "id" : "814",
  "range" : "444 TO 1035 BOTH",
  "recycling" : "THURSDAY",
  "street_name" : "NEWFIELD AVE"
}
, {
  "id" : "815",
  "recycling" : "THURSDAY",
  "street_name" : "NEWFIELD CT"
}
, {
  "id" : "816",
  "recycling" : "FRIDAY",
  "street_name" : "NEWFIELD DR"
}
, {
  "id" : "817",
  "recycling" : "FRIDAY",
  "street_name" : "NICHOLS AVE"
}
, {
  "id" : "818",
  "recycling" : "FRIDAY",
  "street_name" : "NOB HILL LN"
}
, {
  "id" : "819",
  "recycling" : "TUESDAY",
  "street_name" : "NOBILE ST"
}
, {
  "id" : "820",
  "recycling" : "TUESDAY",
  "street_name" : "NOBLE ST"
}
, {
  "id" : "821",
  "recycling" : "WEDNESDAY",
  "street_name" : "NORMAN RD"
}
, {
  "id" : "822",
  "recycling" : "TUESDAY",
  "street_name" : "NOROTON HILL PL"
}
, {
  "id" : "823",
  "range" : "1 TO 71 BOTH",
  "recycling" : "THURSDAY",
  "street_name" : "NORTH ST"
}
, {
  "id" : "824",
  "range" : "72 TO 257 BOTH",
  "recycling" : "WEDNESDAY",
  "street_name" : "NORTH ST"
}
, {
  "id" : "825",
  "recycling" : "WEDNESDAY",
  "street_name" : "NORTHILL ST"
}
, {
  "id" : "826",
  "recycling" : "FRIDAY",
  "street_name" : "NORTHWIND DR"
}
, {
  "id" : "827",
  "recycling" : "TUESDAY",
  "street_name" : "NORTHWOOD LN"
}
, {
  "id" : "828",
  "recycling" : "WEDNESDAY",
  "street_name" : "NORTHWOOD RD"
}
, {
  "id" : "829",
  "recycling" : "THURSDAY",
  "street_name" : "NORTHWOODS RD"
}
, {
  "id" : "830",
  "recycling" : "FRIDAY",
  "street_name" : "NORVEL LN"
}
, {
  "id" : "831",
  "recycling" : "WEDNESDAY",
  "street_name" : "NOTTINGHAM DR"
}
, {
  "id" : "832",
  "recycling" : "TUESDAY",
  "street_name" : "NURNEY ST"
}
, {
  "id" : "833",
  "recycling" : "THURSDAY",
  "street_name" : "NUTMEG LN"
}
, {
  "id" : "834",
  "recycling" : "THURSDAY",
  "street_name" : "NYSELIUS PL"
}
, {
  "id" : "835",
  "recycling" : "TUESDAY",
  "street_name" : "OAK HILL ST"
}
, {
  "id" : "836",
  "recycling" : "WEDNESDAY",
  "street_name" : "OAK ST"
}
, {
  "id" : "837",
  "recycling" : "TUESDAY",
  "street_name" : "OAKDALE RD"
}
, {
  "id" : "838",
  "recycling" : "THURSDAY",
  "street_name" : "OAKLAWN AVE"
}
, {
  "id" : "839",
  "recycling" : "MONDAY",
  "street_name" : "OCEAN DR E"
}
, {
  "id" : "840",
  "recycling" : "MONDAY",
  "street_name" : "OCEAN DR N"
}
, {
  "id" : "841",
  "recycling" : "MONDAY",
  "street_name" : "OCEAN DR W"
}
, {
  "id" : "842",
  "recycling" : "MONDAY",
  "street_name" : "OCEAN VIEW DR"
}
, {
  "id" : "843",
  "recycling" : "WEDNESDAY",
  "street_name" : "OENOKE PL"
}
, {
  "id" : "844",
  "recycling" : "THURSDAY",
  "street_name" : "OGDEN RD"
}
, {
  "id" : "845",
  "recycling" : "THURSDAY",
  "street_name" : "OLD BARN RD N"
}
, {
  "id" : "846",
  "recycling" : "THURSDAY",
  "street_name" : "OLD BARN RD S"
}
, {
  "id" : "847",
  "recycling" : "THURSDAY",
  "street_name" : "OLD BARN RD W"
}
, {
  "id" : "848",
  "recycling" : "WEDNESDAY",
  "street_name" : "OLD COLONY RD"
}
, {
  "id" : "849",
  "recycling" : "FRIDAY",
  "street_name" : "OLD LOGGING RD"
}
, {
  "id" : "850",
  "recycling" : "TUESDAY",
  "street_name" : "OLD LONG RIDGE RD"
}
, {
  "id" : "851",
  "recycling" : "THURSDAY",
  "street_name" : "OLD MILL LN"
}
, {
  "id" : "852",
  "recycling" : "THURSDAY",
  "street_name" : "OLD NORTH STAMFORD RD"
}
, {
  "id" : "853",
  "recycling" : "TUESDAY",
  "street_name" : "OLD ORCHARD LN"
}
, {
  "id" : "854",
  "recycling" : "TUESDAY",
  "street_name" : "OLD WAGON RD"
}
, {
  "id" : "855",
  "recycling" : "WEDNESDAY",
  "street_name" : "OLD WELL RD"
}
, {
  "id" : "856",
  "recycling" : "FRIDAY",
  "street_name" : "OLGA DR"
}
, {
  "id" : "857",
  "recycling" : "FRIDAY",
  "street_name" : "OPPER RD"
}
, {
  "id" : "858",
  "recycling" : "MONDAY",
  "street_name" : "ORANGE ST"
}
, {
  "id" : "859",
  "recycling" : "TUESDAY",
  "street_name" : "ORCHARD ST"
}
, {
  "id" : "860",
  "recycling" : "TUESDAY",
  "street_name" : "ORLANDO AVE"
}
, {
  "id" : "861",
  "recycling" : "TUESDAY",
  "street_name" : "OSCAR ST"
}
, {
  "id" : "862",
  "recycling" : "TUESDAY",
  "street_name" : "OUTLOOK ST"
}
, {
  "id" : "863",
  "recycling" : "WEDNESDAY",
  "street_name" : "OVERBROOK DR"
}
, {
  "id" : "864",
  "recycling" : "THURSDAY",
  "street_name" : "OVERHILL RD"
}
, {
  "id" : "865",
  "recycling" : "WEDNESDAY",
  "street_name" : "OVERLOOK PL"
}
, {
  "id" : "866",
  "recycling" : "MONDAY",
  "street_name" : "OWEN ST"
}
, {
  "id" : "867",
  "recycling" : "TUESDAY",
  "street_name" : "OXFORD CT"
}
, {
  "id" : "868",
  "recycling" : "TUESDAY",
  "street_name" : "PACIFIC ST"
}
, {
  "id" : "869",
  "recycling" : "THURSDAY",
  "street_name" : "PAKENMER RD"
}
, {
  "id" : "870",
  "recycling" : "MONDAY",
  "street_name" : "PALMER AVE"
}
, {
  "id" : "871",
  "recycling" : "WEDNESDAY",
  "street_name" : "PALMER ST"
}
, {
  "id" : "872",
  "recycling" : "THURSDAY",
  "street_name" : "PALMERS HILL RD"
}
, {
  "id" : "873",
  "recycling" : "FRIDAY",
  "street_name" : "PAMLYNN RD"
}
, {
  "id" : "874",
  "recycling" : "THURSDAY",
  "street_name" : "PARAGON LN"
}
, {
  "id" : "875",
  "recycling" : "MONDAY",
  "street_name" : "PARK ST"
}
, {
  "id" : "876",
  "recycling" : "TUESDAY",
  "street_name" : "PARKER AVE"
}
, {
  "id" : "877",
  "recycling" : "WEDNESDAY",
  "street_name" : "PARRY CT"
}
, {
  "id" : "878",
  "recycling" : "WEDNESDAY",
  "street_name" : "PARRY RD"
}
, {
  "id" : "879",
  "recycling" : "TUESDAY",
  "street_name" : "PARSONAGE RD"
}
, {
  "id" : "880",
  "recycling" : "TUESDAY",
  "street_name" : "PARTRIDGE RD"
}
, {
  "id" : "881",
  "recycling" : "MONDAY",
  "street_name" : "PATIENCE WAY"
}
, {
  "id" : "882",
  "recycling" : "FRIDAY",
  "street_name" : "PATRICIA LN"
}
, {
  "id" : "883",
  "recycling" : "THURSDAY",
  "street_name" : "PAUL RD"
}
, {
  "id" : "884",
  "recycling" : "FRIDAY",
  "street_name" : "PEAK ST"
}
, {
  "id" : "885",
  "recycling" : "THURSDAY",
  "street_name" : "PELL PL"
}
, {
  "id" : "886",
  "recycling" : "THURSDAY",
  "street_name" : "PELLOM PL"
}
, {
  "id" : "887",
  "recycling" : "FRIDAY",
  "street_name" : "PEMBROKE DR"
}
, {
  "id" : "888",
  "recycling" : "WEDNESDAY",
  "street_name" : "PENZANCE RD"
}
, {
  "id" : "889",
  "recycling" : "THURSDAY",
  "street_name" : "PEPPER RIDGE CIR"
}
, {
  "id" : "890",
  "recycling" : "THURSDAY",
  "street_name" : "PEPPER RIDGE PL"
}
, {
  "id" : "891",
  "recycling" : "THURSDAY",
  "street_name" : "PEPPER RIDGE RD"
}
, {
  "id" : "892",
  "recycling" : "TUESDAY",
  "street_name" : "PEQUOT DR"
}
, {
  "id" : "893",
  "recycling" : "FRIDAY",
  "street_name" : "PERNA LN"
}
, {
  "id" : "894",
  "recycling" : "TUESDAY",
  "street_name" : "PERRY ST"
}
, {
  "id" : "895",
  "recycling" : "THURSDAY",
  "street_name" : "PERSHING AVE"
}
, {
  "id" : "896",
  "recycling" : "WEDNESDAY",
  "street_name" : "PEVERIL RD"
}
, {
  "id" : "897",
  "recycling" : "THURSDAY",
  "street_name" : "PHAIBAN LN"
}
, {
  "id" : "898",
  "recycling" : "FRIDAY",
  "street_name" : "PHEASANT LN"
}
, {
  "id" : "899",
  "recycling" : "TUESDAY",
  "street_name" : "PHILLIPS PL"
}
, {
  "id" : "900",
  "recycling" : "TUESDAY",
  "street_name" : "PIAVE ST"
}
, {
  "id" : "901",
  "recycling" : "WEDNESDAY",
  "street_name" : "PIERCE PL"
}
, {
  "id" : "902",
  "recycling" : "WEDNESDAY",
  "street_name" : "PILGRIM WALK"
}
, {
  "id" : "903",
  "recycling" : "FRIDAY",
  "street_name" : "PIN OAK CIR"
}
, {
  "id" : "904",
  "recycling" : "WEDNESDAY",
  "street_name" : "PINE HILL AVE"
}
, {
  "id" : "905",
  "recycling" : "FRIDAY",
  "street_name" : "PINE HILL TER"
}
, {
  "id" : "906",
  "recycling" : "TUESDAY",
  "street_name" : "PINE ST"
}
, {
  "id" : "907",
  "recycling" : "WEDNESDAY",
  "street_name" : "PINE TREE DR"
}
, {
  "id" : "908",
  "recycling" : "FRIDAY",
  "street_name" : "PINEWOOD RD"
}
, {
  "id" : "909",
  "recycling" : "TUESDAY",
  "street_name" : "PINNACLE ROCK RD"
}
, {
  "id" : "910",
  "recycling" : "FRIDAY",
  "street_name" : "PINNER LN"
}
, {
  "id" : "911",
  "recycling" : "WEDNESDAY",
  "street_name" : "PLEASANT ST"
}
, {
  "id" : "912",
  "recycling" : "WEDNESDAY",
  "street_name" : "PLYMOUTH RD"
}
, {
  "id" : "913",
  "recycling" : "THURSDAY",
  "street_name" : "POND RD"
}
, {
  "id" : "914",
  "recycling" : "FRIDAY",
  "street_name" : "POND VIEW LN"
}
, {
  "id" : "915",
  "recycling" : "MONDAY",
  "street_name" : "PONUS AVE"
}
, {
  "id" : "916",
  "recycling" : "TUESDAY",
  "street_name" : "PONY TRAIL RD"
}
, {
  "id" : "918",
  "recycling" : "FRIDAY",
  "street_name" : "POPPY LN"
}
, {
  "id" : "919",
  "recycling" : "THURSDAY",
  "street_name" : "POWELL PL"
}
, {
  "id" : "920",
  "recycling" : "TUESDAY",
  "street_name" : "PRESSPRICH ST"
}
, {
  "id" : "921",
  "recycling" : "THURSDAY",
  "street_name" : "PRINCE PL"
}
, {
  "id" : "922",
  "recycling" : "FRIDAY",
  "street_name" : "PRINCESS CT"
}
, {
  "id" : "923",
  "recycling" : "TUESDAY",
  "street_name" : "PROGRESS DR"
}
, {
  "id" : "924",
  "recycling" : "WEDNESDAY",
  "street_name" : "PROSPECT ST"
}
, {
  "id" : "925",
  "recycling" : "WEDNESDAY",
  "street_name" : "PRUDENCE DR"
}
, {
  "id" : "926",
  "recycling" : "TUESDAY",
  "street_name" : "PULASKI ST"
}
, {
  "id" : "927",
  "recycling" : "MONDAY",
  "street_name" : "PUMPING STATION RD"
}
, {
  "id" : "928",
  "recycling" : "WEDNESDAY",
  "street_name" : "PURITAN LN"
}
, {
  "id" : "929",
  "recycling" : "WEDNESDAY",
  "street_name" : "PUTTER DR"
}
, {
  "id" : "930",
  "recycling" : "FRIDAY",
  "street_name" : "QUAILS TRL"
}
, {
  "id" : "931",
  "recycling" : "FRIDAY",
  "street_name" : "QUAKER RIDGE RD"
}
, {
  "id" : "932",
  "recycling" : "FRIDAY",
  "street_name" : "QUARRY RD"
}
, {
  "id" : "933",
  "recycling" : "TUESDAY",
  "street_name" : "QUINTARD PL"
}
, {
  "id" : "934",
  "recycling" : "TUESDAY",
  "street_name" : "QUINTARD TER"
}
, {
  "id" : "935",
  "recycling" : "THURSDAY",
  "street_name" : "RACHELLE AVE"
}
, {
  "id" : "936",
  "recycling" : "TUESDAY",
  "street_name" : "RADIO PL"
}
, {
  "id" : "937",
  "recycling" : "MONDAY",
  "street_name" : "RALPH ST"
}
, {
  "id" : "938",
  "recycling" : "MONDAY",
  "street_name" : "RALSEY RD"
}
, {
  "id" : "939",
  "recycling" : "MONDAY",
  "street_name" : "RALSEY RD S"
}
, {
  "id" : "940",
  "recycling" : "FRIDAY",
  "street_name" : "RAMBLER LN"
}
, {
  "id" : "941",
  "recycling" : "THURSDAY",
  "street_name" : "RANDALL AVE"
}
, {
  "id" : "942",
  "recycling" : "MONDAY",
  "street_name" : "RANSON ST"
}
, {
  "id" : "943",
  "recycling" : "FRIDAY",
  "street_name" : "RAPIDS RD"
}
, {
  "id" : "944",
  "recycling" : "MONDAY",
  "street_name" : "RAYMOND ST"
}
, {
  "id" : "945",
  "recycling" : "THURSDAY",
  "street_name" : "RED BIRD RD"
}
, {
  "id" : "946",
  "recycling" : "FRIDAY",
  "street_name" : "RED FOX RD"
}
, {
  "id" : "947",
  "recycling" : "FRIDAY",
  "street_name" : "REDMONT RD"
}
, {
  "id" : "948",
  "recycling" : "THURSDAY",
  "street_name" : "REED PL"
}
, {
  "id" : "949",
  "recycling" : "WEDNESDAY",
  "street_name" : "REGENT CT"
}
, {
  "id" : "950",
  "recycling" : "TUESDAY",
  "street_name" : "RELAY PL"
}
, {
  "id" : "951",
  "recycling" : "TUESDAY",
  "street_name" : "REMINGTON ST"
}
, {
  "id" : "952",
  "recycling" : "THURSDAY",
  "street_name" : "RENWICK ST"
}
, {
  "id" : "954",
  "recycling" : "FRIDAY",
  "street_name" : "RESERVOIR LN"
}
, {
  "id" : "955",
  "recycling" : "TUESDAY",
  "street_name" : "REVERE DR"
}
, {
  "id" : "956",
  "recycling" : "WEDNESDAY",
  "street_name" : "REVONAH AVE"
}
, {
  "id" : "957",
  "recycling" : "WEDNESDAY",
  "street_name" : "REVONAH CIR"
}
, {
  "id" : "958",
  "recycling" : "WEDNESDAY",
  "street_name" : "REVONAH CIR S"
}
, {
  "id" : "959",
  "recycling" : "THURSDAY",
  "street_name" : "REYNOLDS AVE"
}
, {
  "id" : "960",
  "recycling" : "THURSDAY",
  "street_name" : "RICHARDS AVE"
}
, {
  "id" : "961",
  "recycling" : "TUESDAY",
  "street_name" : "RICHMOND HILL AVE"
}
, {
  "id" : "962",
  "recycling" : "TUESDAY",
  "street_name" : "RICHMOND PL"
}
, {
  "id" : "963",
  "recycling" : "FRIDAY",
  "street_name" : "RIDGE BROOK DR"
}
, {
  "id" : "964",
  "recycling" : "FRIDAY",
  "street_name" : "RIDGE BROOK LN"
}
, {
  "id" : "965",
  "recycling" : "FRIDAY",
  "street_name" : "RIDGE PARK AVE"
}
, {
  "id" : "966",
  "recycling" : "WEDNESDAY",
  "street_name" : "RIDGE PL"
}
, {
  "id" : "967",
  "recycling" : "FRIDAY",
  "street_name" : "RIDGE TREE LN"
}
, {
  "id" : "968",
  "recycling" : "TUESDAY",
  "street_name" : "RIDGECREST RD"
}
, {
  "id" : "969",
  "recycling" : "WEDNESDAY",
  "street_name" : "RIDGEWAY ST"
}
, {
  "id" : "970",
  "recycling" : "WEDNESDAY",
  "street_name" : "RIDGEWOOD AVE"
}
, {
  "id" : "971",
  "recycling" : "FRIDAY",
  "street_name" : "RIDING STABLE TRL"
}
, {
  "id" : "972",
  "recycling" : "TUESDAY",
  "street_name" : "RIPPOWAM PL"
}
, {
  "id" : "973",
  "recycling" : "MONDAY",
  "street_name" : "RIPPOWAM RD"
}
, {
  "id" : "974",
  "recycling" : "TUESDAY",
  "street_name" : "RISING ROCK RD"
}
, {
  "id" : "975",
  "recycling" : "THURSDAY",
  "street_name" : "RIVER HILL DR"
}
, {
  "id" : "976",
  "recycling" : "WEDNESDAY",
  "street_name" : "RIVER PL"
}
, {
  "id" : "977",
  "recycling" : "FRIDAY",
  "street_name" : "RIVER RIDGE CT"
}
, {
  "id" : "978",
  "recycling" : "TUESDAY",
  "street_name" : "RIVER VIEW DR"
}
, {
  "id" : "979",
  "recycling" : "TUESDAY",
  "street_name" : "RIVERBANK DR"
}
, {
  "id" : "980",
  "range" : "1 TO 52 BOTH",
  "recycling" : "THURSDAY",
  "street_name" : "RIVERBANK RD"
}
, {
  "id" : "981",
  "range" : "53 TO 2001 BOTH",
  "recycling" : "TUESDAY",
  "street_name" : "RIVERBANK RD"
}
, {
  "id" : "982",
  "recycling" : "THURSDAY",
  "street_name" : "RIVERSIDE AVE"
}
, {
  "id" : "983",
  "recycling" : "MONDAY",
  "street_name" : "ROBERT CT"
}
, {
  "id" : "984",
  "recycling" : "WEDNESDAY",
  "street_name" : "ROBIN HOOD RD"
}
, {
  "id" : "985",
  "recycling" : "MONDAY",
  "street_name" : "ROBIN ST"
}
, {
  "id" : "986",
  "recycling" : "THURSDAY",
  "street_name" : "ROBINSON DR"
}
, {
  "id" : "987",
  "recycling" : "FRIDAY",
  "street_name" : "ROCK MEADOW LN"
}
, {
  "id" : "988",
  "recycling" : "FRIDAY",
  "street_name" : "ROCK RIMMON DR"
}
, {
  "id" : "989",
  "recycling" : "FRIDAY",
  "street_name" : "ROCK RIMMON LN"
}
, {
  "id" : "990",
  "recycling" : "FRIDAY",
  "street_name" : "ROCK RIMMON RD"
}
, {
  "id" : "991",
  "recycling" : "WEDNESDAY",
  "street_name" : "ROCK SPRING RD"
}
, {
  "id" : "992",
  "recycling" : "MONDAY",
  "street_name" : "ROCKLEDGE DR"
}
, {
  "id" : "993",
  "recycling" : "TUESDAY",
  "street_name" : "ROCKRIDGE LN"
}
, {
  "id" : "994",
  "recycling" : "TUESDAY",
  "street_name" : "ROCKY RAPIDS RD"
}
, {
  "id" : "995",
  "recycling" : "MONDAY",
  "street_name" : "ROGERS RD"
}
, {
  "id" : "996",
  "recycling" : "FRIDAY",
  "street_name" : "ROLLING RIDGE RD"
}
, {
  "id" : "997",
  "recycling" : "THURSDAY",
  "street_name" : "ROLLING WOOD DR"
}
, {
  "id" : "998",
  "recycling" : "THURSDAY",
  "street_name" : "ROME PL"
}
, {
  "id" : "999",
  "recycling" : "TUESDAY",
  "street_name" : "ROOSEVELT AVE"
}
, {
  "id" : "1000",
  "recycling" : "FRIDAY",
  "street_name" : "ROSANO RD"
}
, {
  "id" : "1001",
  "recycling" : "TUESDAY",
  "street_name" : "ROSE LN"
}
, {
  "id" : "1002",
  "recycling" : "TUESDAY",
  "street_name" : "ROSE PARK AVE"
}
 ]