{
  "id" : "39xr-tv7m",
  "name" : "Urban and Industrial Site Remediation Tax Credit Point Map",
  "averageRating" : 0,
  "category" : "Business",
  "createdAt" : 1425064675,
  "description" : "These are the URA Tax Credit projects from the Department of Economic and Community Development - Tax Credit Portfolio dataset. This data is updated in accordance with with the schedule of that dataset.",
  "displayType" : "map",
  "downloadCount" : 19,
  "indexUpdatedAt" : 1442333177,
  "moderationStatus" : true,
  "newBackend" : false,
  "numberOfComments" : 0,
  "oid" : 11718775,
  "publicationAppendEnabled" : false,
  "publicationDate" : 1434049719,
  "publicationGroup" : 1843420,
  "publicationStage" : "published",
  "rowsUpdatedAt" : 1434049268,
  "rowsUpdatedBy" : "nbd6-fawc",
  "tableId" : 3145764,
  "totalTimesRated" : 0,
  "viewCount" : 63,
  "viewLastModified" : 1442327417,
  "viewType" : "tabular",
  "columns" : [ {
    "id" : 208194539,
    "name" : "Applicant/Recipient",
    "dataTypeName" : "text",
    "fieldName" : "applicant_recipient",
    "position" : 1,
    "renderTypeName" : "text",
    "tableColumnId" : 22636882,
    "width" : 247,
    "cachedContents" : {
      "non_null" : 33,
      "smallest" : "Aldi, Inc. (Connecticut)",
      "null" : 0,
      "largest" : "XL America",
      "top" : [ {
        "count" : 20,
        "item" : "Aldi, Inc. (Connecticut)"
      }, {
        "count" : 19,
        "item" : "Blue Sky Studios, Inc."
      }, {
        "count" : 18,
        "item" : "Burris Logistics, Inc. "
      }, {
        "count" : 17,
        "item" : "CF Foods, LLC"
      }, {
        "count" : 16,
        "item" : "Chemtura Corporation"
      }, {
        "count" : 15,
        "item" : "Comcast of Connecticut, Inc."
      }, {
        "count" : 14,
        "item" : "Design Within Reach, Inc."
      }, {
        "count" : 13,
        "item" : "Diageo North America, Inc."
      }, {
        "count" : 12,
        "item" : "Dollar Tree Distribution, Inc."
      }, {
        "count" : 11,
        "item" : "Engineered Electric Company d/b/a DRS Fermont"
      }, {
        "count" : 10,
        "item" : "Eppendorf Manufacturing Corporation "
      }, {
        "count" : 9,
        "item" : "Eppendorf Manufacturing Corporation - Phase 2 "
      }, {
        "count" : 8,
        "item" : "FactSet Research Systems, Inc."
      }, {
        "count" : 7,
        "item" : "Frito-Lay, Inc."
      }, {
        "count" : 6,
        "item" : "Gartner, Inc."
      }, {
        "count" : 5,
        "item" : "Gen Re Corporation"
      }, {
        "count" : 4,
        "item" : "Greenwich Capital Markets, Inc. n/k/a RBS Securities Inc."
      }, {
        "count" : 3,
        "item" : "Higher One, Inc."
      }, {
        "count" : 2,
        "item" : "HomeServe USA Corp."
      }, {
        "count" : 1,
        "item" : "Lowe's Home Centers, Inc."
      } ]
    },
    "format" : { }
  }, {
    "id" : 208194540,
    "name" : "Applicant Address",
    "dataTypeName" : "text",
    "fieldName" : "applicant_address",
    "position" : 2,
    "renderTypeName" : "text",
    "tableColumnId" : 22636883,
    "width" : 220,
    "cachedContents" : {
      "non_null" : 33,
      "smallest" : "100 Bright Meadow Blvd",
      "null" : 0,
      "largest" : "Seaview House, 70 Seaview Avenue",
      "top" : [ {
        "count" : 20,
        "item" : "295 Rye Street"
      }, {
        "count" : 19,
        "item" : "1 American Lane #210"
      }, {
        "count" : 18,
        "item" : "490 Brook Street"
      }, {
        "count" : 17,
        "item" : "One Celebration Way"
      }, {
        "count" : 16,
        "item" : "199 Benson Road"
      }, {
        "count" : 15,
        "item" : "222 New Park Drive"
      }, {
        "count" : 14,
        "item" : "700 Canal Street"
      }, {
        "count" : 13,
        "item" : "801 Main Avenue"
      }, {
        "count" : 12,
        "item" : "100 International Drive"
      }, {
        "count" : 11,
        "item" : "141 North Avenue"
      }, {
        "count" : 10,
        "item" : "175 Freshwater Blvd"
      }, {
        "count" : 9,
        "item" : "601 Merritt 7"
      }, {
        "count" : 8,
        "item" : "1886 Upper Maple Street"
      }, {
        "count" : 7,
        "item" : "56 Top Gallant Road"
      }, {
        "count" : 6,
        "item" : "120 Long Ridge Road, P.O. Box 10353"
      }, {
        "count" : 5,
        "item" : "600 Steamboat Road"
      }, {
        "count" : 4,
        "item" : "25 Science Park"
      }, {
        "count" : 3,
        "item" : "601 Merritt 7, 6th Floor"
      }, {
        "count" : 2,
        "item" : "Millbrook Road"
      }, {
        "count" : 1,
        "item" : "100 Bright Meadow Blvd"
      } ]
    },
    "format" : { }
  }, {
    "id" : 208194541,
    "name" : "Applicant City",
    "dataTypeName" : "text",
    "fieldName" : "applicant_city",
    "position" : 3,
    "renderTypeName" : "text",
    "tableColumnId" : 22636884,
    "width" : 268,
    "cachedContents" : {
      "non_null" : 33,
      "smallest" : "Berlin",
      "null" : 0,
      "largest" : "Windsor",
      "top" : [ {
        "count" : 20,
        "item" : "South Windsor"
      }, {
        "count" : 19,
        "item" : "Greenwich"
      }, {
        "count" : 18,
        "item" : "Rocky Hill"
      }, {
        "count" : 17,
        "item" : "New Britain"
      }, {
        "count" : 16,
        "item" : "Middlebury"
      }, {
        "count" : 15,
        "item" : "Berlin"
      }, {
        "count" : 14,
        "item" : "Stamford"
      }, {
        "count" : 13,
        "item" : "Norwalk"
      }, {
        "count" : 12,
        "item" : "Windsor"
      }, {
        "count" : 11,
        "item" : "Bridgeport"
      }, {
        "count" : 10,
        "item" : "Enfield"
      }, {
        "count" : 9,
        "item" : "Dayville"
      }, {
        "count" : 8,
        "item" : "New Haven"
      }, {
        "count" : 7,
        "item" : "Plainfield"
      }, {
        "count" : 6,
        "item" : "Hartford"
      }, {
        "count" : 5,
        "item" : "Cheshire"
      }, {
        "count" : 4,
        "item" : "Bloomfield"
      }, {
        "count" : 3,
        "item" : "Bristol"
      } ]
    },
    "format" : { }
  }, {
    "id" : 208194542,
    "name" : "Applicant State",
    "dataTypeName" : "text",
    "fieldName" : "applicant_state",
    "position" : 4,
    "renderTypeName" : "text",
    "tableColumnId" : 22636885,
    "width" : 280,
    "cachedContents" : {
      "non_null" : 33,
      "smallest" : "CT",
      "null" : 0,
      "largest" : "CT",
      "top" : [ {
        "count" : 20,
        "item" : "CT"
      } ]
    },
    "format" : { }
  }, {
    "id" : 208194543,
    "name" : "Applicant Zip Code",
    "dataTypeName" : "html",
    "fieldName" : "applicant_zip_code",
    "position" : 5,
    "renderTypeName" : "html",
    "tableColumnId" : 22636886,
    "width" : 316,
    "cachedContents" : {
      "non_null" : 33,
      "smallest" : "06002",
      "null" : 0,
      "largest" : "06906",
      "top" : [ {
        "count" : 20,
        "item" : "06074"
      }, {
        "count" : 19,
        "item" : "06830"
      }, {
        "count" : 18,
        "item" : "06067"
      }, {
        "count" : 17,
        "item" : "06050"
      }, {
        "count" : 16,
        "item" : "06749"
      }, {
        "count" : 15,
        "item" : "06037"
      }, {
        "count" : 14,
        "item" : "06902"
      }, {
        "count" : 13,
        "item" : "06851"
      }, {
        "count" : 12,
        "item" : "06092"
      }, {
        "count" : 11,
        "item" : "06606"
      }, {
        "count" : 10,
        "item" : "06082"
      }, {
        "count" : 9,
        "item" : "06850"
      }, {
        "count" : 8,
        "item" : "06241"
      }, {
        "count" : 7,
        "item" : "06904"
      }, {
        "count" : 6,
        "item" : "06511"
      }, {
        "count" : 5,
        "item" : "06374"
      }, {
        "count" : 4,
        "item" : "06103"
      }, {
        "count" : 3,
        "item" : "06906"
      }, {
        "count" : 2,
        "item" : "06410"
      }, {
        "count" : 1,
        "item" : "06002"
      } ]
    },
    "format" : { }
  }, {
    "id" : 208194544,
    "name" : "Project Address",
    "dataTypeName" : "text",
    "fieldName" : "project_address",
    "position" : 6,
    "renderTypeName" : "text",
    "tableColumnId" : 22636887,
    "width" : 280,
    "cachedContents" : {
      "non_null" : 33,
      "smallest" : "100 Bright Meadow Blvd",
      "null" : 0,
      "largest" : "One Celebration Way",
      "top" : [ {
        "count" : 20,
        "item" : "295 Rye Street"
      }, {
        "count" : 19,
        "item" : "1 American Lane #210"
      }, {
        "count" : 18,
        "item" : "490 Brook Street"
      }, {
        "count" : 17,
        "item" : "One Celebration Way"
      }, {
        "count" : 16,
        "item" : "199 Benson Road"
      }, {
        "count" : 15,
        "item" : "90 Phoenix Avenue"
      }, {
        "count" : 14,
        "item" : "700 Canal Street"
      }, {
        "count" : 13,
        "item" : "801 Main Avenue"
      }, {
        "count" : 12,
        "item" : "100 International Drive"
      }, {
        "count" : 11,
        "item" : "141 North Avenue"
      }, {
        "count" : 10,
        "item" : "175 Freshwater Blvd"
      }, {
        "count" : 9,
        "item" : "601 Merritt 7"
      }, {
        "count" : 8,
        "item" : "1886 Upper Maple Street"
      }, {
        "count" : 7,
        "item" : "56 Top Gallant Road"
      }, {
        "count" : 6,
        "item" : "120 Long Ridge Road, P.O. Box 10353"
      }, {
        "count" : 5,
        "item" : "600 Steamboat Road"
      }, {
        "count" : 4,
        "item" : "25 Science Park"
      }, {
        "count" : 3,
        "item" : "601 Merritt 7, 6th Floor"
      }, {
        "count" : 2,
        "item" : "1421 Lowes Way"
      }, {
        "count" : 1,
        "item" : "100 Bright Meadow Blvd"
      } ]
    },
    "format" : { }
  }, {
    "id" : 208194545,
    "name" : "Project Municipality",
    "dataTypeName" : "text",
    "fieldName" : "project_municipality",
    "position" : 7,
    "renderTypeName" : "text",
    "tableColumnId" : 22636888,
    "width" : 340,
    "cachedContents" : {
      "non_null" : 33,
      "smallest" : "Bloomfield",
      "null" : 0,
      "largest" : "Windsor",
      "top" : [ {
        "count" : 20,
        "item" : "South Windsor"
      }, {
        "count" : 19,
        "item" : "Greenwich"
      }, {
        "count" : 18,
        "item" : "Rocky Hill"
      }, {
        "count" : 17,
        "item" : "New Britain"
      }, {
        "count" : 16,
        "item" : "Middlebury"
      }, {
        "count" : 15,
        "item" : "Enfield"
      }, {
        "count" : 14,
        "item" : "Stamford"
      }, {
        "count" : 13,
        "item" : "Norwalk"
      }, {
        "count" : 12,
        "item" : "Windsor"
      }, {
        "count" : 11,
        "item" : "Bridgeport"
      }, {
        "count" : 10,
        "item" : "Dayville"
      }, {
        "count" : 9,
        "item" : "New Haven"
      }, {
        "count" : 8,
        "item" : "Plainfield"
      }, {
        "count" : 7,
        "item" : "Hartford"
      }, {
        "count" : 6,
        "item" : "Bloomfield"
      }, {
        "count" : 5,
        "item" : "Bristol"
      } ]
    },
    "format" : { }
  }, {
    "id" : 208194546,
    "name" : "Project Zip Code",
    "dataTypeName" : "text",
    "fieldName" : "project_zip_code",
    "position" : 8,
    "renderTypeName" : "text",
    "tableColumnId" : 22636889,
    "width" : 292,
    "cachedContents" : {
      "non_null" : 33,
      "smallest" : "06002",
      "null" : 0,
      "largest" : "06906",
      "top" : [ {
        "count" : 20,
        "item" : "06074"
      }, {
        "count" : 19,
        "item" : "06830"
      }, {
        "count" : 18,
        "item" : "06067"
      }, {
        "count" : 17,
        "item" : "06050"
      }, {
        "count" : 16,
        "item" : "06749"
      }, {
        "count" : 15,
        "item" : "06082"
      }, {
        "count" : 14,
        "item" : "06902"
      }, {
        "count" : 13,
        "item" : "06851"
      }, {
        "count" : 12,
        "item" : "06092"
      }, {
        "count" : 11,
        "item" : "06606"
      }, {
        "count" : 10,
        "item" : "06850"
      }, {
        "count" : 9,
        "item" : "06241"
      }, {
        "count" : 8,
        "item" : "06904"
      }, {
        "count" : 7,
        "item" : "06511"
      }, {
        "count" : 6,
        "item" : "06374"
      }, {
        "count" : 5,
        "item" : "06103"
      }, {
        "count" : 4,
        "item" : "06906"
      }, {
        "count" : 3,
        "item" : "06510"
      }, {
        "count" : 2,
        "item" : "06002"
      }, {
        "count" : 1,
        "item" : "06010"
      } ]
    },
    "format" : { }
  }, {
    "id" : 208194547,
    "name" : "Program Name",
    "dataTypeName" : "text",
    "fieldName" : "program_name",
    "position" : 9,
    "renderTypeName" : "text",
    "tableColumnId" : 22636890,
    "width" : 244,
    "cachedContents" : {
      "non_null" : 33,
      "smallest" : "Urban and Industrial Site Reinvestment Tax Credit",
      "null" : 0,
      "largest" : "Urban and Industrial Site Reinvestment Tax Credit/First Five",
      "top" : [ {
        "count" : 20,
        "item" : "Urban and Industrial Site Reinvestment Tax Credit"
      }, {
        "count" : 19,
        "item" : "Urban and Industrial Site Reinvestment Tax Credit/First Five"
      } ]
    },
    "format" : { }
  }, {
    "id" : 208194548,
    "name" : "Statutory Reference",
    "dataTypeName" : "text",
    "fieldName" : "statutory_reference",
    "position" : 10,
    "renderTypeName" : "text",
    "tableColumnId" : 22636891,
    "width" : 328,
    "cachedContents" : {
      "non_null" : 33,
      "smallest" : "CGS 32-9t",
      "null" : 0,
      "largest" : "CGS 32-9t",
      "top" : [ {
        "count" : 20,
        "item" : "CGS 32-9t"
      } ]
    },
    "format" : { }
  }, {
    "id" : 208194549,
    "name" : "Tax Credits Issued 1999",
    "dataTypeName" : "money",
    "fieldName" : "tax_credits_issued_1999",
    "position" : 11,
    "renderTypeName" : "money",
    "tableColumnId" : 22636892,
    "width" : 376,
    "cachedContents" : {
      "non_null" : 0,
      "sum" : "0",
      "null" : 33
    },
    "format" : { }
  }, {
    "id" : 208194550,
    "name" : "Tax Credits Issued 2000",
    "dataTypeName" : "money",
    "fieldName" : "tax_credits_issued_2000",
    "position" : 12,
    "renderTypeName" : "money",
    "tableColumnId" : 22636893,
    "width" : 376,
    "cachedContents" : {
      "non_null" : 0,
      "sum" : "0",
      "null" : 33
    },
    "format" : { }
  }, {
    "id" : 208194551,
    "name" : "Tax Credits Issued 2001",
    "dataTypeName" : "money",
    "fieldName" : "tax_credits_issued_2001",
    "position" : 13,
    "renderTypeName" : "money",
    "tableColumnId" : 22636894,
    "width" : 376,
    "cachedContents" : {
      "non_null" : 0,
      "sum" : "0",
      "null" : 33
    },
    "format" : { }
  }, {
    "id" : 208194552,
    "name" : "Tax Credits Issued 2002",
    "dataTypeName" : "money",
    "fieldName" : "tax_credits_issued_2002",
    "position" : 14,
    "renderTypeName" : "money",
    "tableColumnId" : 22636895,
    "width" : 376,
    "cachedContents" : {
      "non_null" : 0,
      "sum" : "0",
      "null" : 33
    },
    "format" : { }
  }, {
    "id" : 208194553,
    "name" : "Tax Credits Issued 2003",
    "dataTypeName" : "money",
    "fieldName" : "tax_credits_issued_2003",
    "position" : 15,
    "renderTypeName" : "money",
    "tableColumnId" : 22636896,
    "width" : 376,
    "cachedContents" : {
      "non_null" : 0,
      "sum" : "0",
      "null" : 33
    },
    "format" : { }
  }, {
    "id" : 208194554,
    "name" : "Tax Credits Issued 2004",
    "dataTypeName" : "money",
    "fieldName" : "tax_credits_issued_2004",
    "position" : 16,
    "renderTypeName" : "money",
    "tableColumnId" : 22636897,
    "width" : 376,
    "cachedContents" : {
      "non_null" : 0,
      "sum" : "0",
      "null" : 33
    },
    "format" : { }
  }, {
    "id" : 208194555,
    "name" : "Tax Credits issued 2005",
    "dataTypeName" : "money",
    "fieldName" : "tax_credits_issued_2005",
    "position" : 17,
    "renderTypeName" : "money",
    "tableColumnId" : 22636898,
    "width" : 376,
    "cachedContents" : {
      "non_null" : 0,
      "sum" : "0",
      "null" : 33
    },
    "format" : { }
  }, {
    "id" : 208194556,
    "name" : "Tax Credits Issued 2006",
    "dataTypeName" : "money",
    "fieldName" : "tax_credits_issued_2006",
    "position" : 18,
    "renderTypeName" : "money",
    "tableColumnId" : 22636899,
    "width" : 376,
    "cachedContents" : {
      "non_null" : 2,
      "smallest" : "500000",
      "sum" : "4500000",
      "null" : 31,
      "average" : "2250000",
      "largest" : "4000000",
      "top" : [ {
        "count" : 20,
        "item" : "4000000"
      }, {
        "count" : 19,
        "item" : "500000"
      } ]
    },
    "format" : { }
  }, {
    "id" : 208194557,
    "name" : "Tax Credits Issued 2007",
    "dataTypeName" : "money",
    "fieldName" : "tax_credits_issued_2007",
    "position" : 19,
    "renderTypeName" : "money",
    "tableColumnId" : 22636900,
    "width" : 376,
    "cachedContents" : {
      "non_null" : 4,
      "smallest" : "500000",
      "sum" : "15173970",
      "null" : 29,
      "average" : "3793492.5",
      "largest" : "10000000",
      "top" : [ {
        "count" : 20,
        "item" : "4000000"
      }, {
        "count" : 19,
        "item" : "500000"
      }, {
        "count" : 18,
        "item" : "673970"
      }, {
        "count" : 17,
        "item" : "10000000"
      } ]
    },
    "format" : { }
  }, {
    "id" : 208194558,
    "name" : "Tax Credits Issued 2008",
    "dataTypeName" : "money",
    "fieldName" : "tax_credits_issued_2008",
    "position" : 20,
    "renderTypeName" : "money",
    "tableColumnId" : 22636901,
    "width" : 376,
    "cachedContents" : {
      "non_null" : 5,
      "smallest" : "500000",
      "sum" : "17200000",
      "null" : 28,
      "average" : "3440000",
      "largest" : "10000000",
      "top" : [ {
        "count" : 20,
        "item" : "4000000"
      }, {
        "count" : 19,
        "item" : "500000"
      }, {
        "count" : 18,
        "item" : "700000"
      }, {
        "count" : 17,
        "item" : "10000000"
      }, {
        "count" : 16,
        "item" : "2000000"
      } ]
    },
    "format" : { }
  }, {
    "id" : 208194559,
    "name" : "Tax Credits Issued 2009",
    "dataTypeName" : "money",
    "fieldName" : "tax_credits_issued_2009",
    "position" : 21,
    "renderTypeName" : "money",
    "tableColumnId" : 22636902,
    "width" : 376,
    "cachedContents" : {
      "non_null" : 8,
      "smallest" : "190000",
      "sum" : "17314000",
      "null" : 25,
      "average" : "2164250",
      "largest" : "10000000",
      "top" : [ {
        "count" : 20,
        "item" : "190000"
      }, {
        "count" : 19,
        "item" : "500000"
      }, {
        "count" : 18,
        "item" : "2624000"
      }, {
        "count" : 17,
        "item" : "700000"
      }, {
        "count" : 16,
        "item" : "10000000"
      }, {
        "count" : 15,
        "item" : "2000000"
      }, {
        "count" : 14,
        "item" : "800000"
      } ]
    },
    "format" : { }
  }, {
    "id" : 208194560,
    "name" : "Tax Credits Issued 2010",
    "dataTypeName" : "money",
    "fieldName" : "tax_credits_issued_2010",
    "position" : 22,
    "renderTypeName" : "money",
    "tableColumnId" : 22636903,
    "width" : 376,
    "cachedContents" : {
      "non_null" : 9,
      "smallest" : "190000",
      "sum" : "22058013",
      "null" : 24,
      "average" : "2450890.333333333",
      "largest" : "10000000",
      "top" : [ {
        "count" : 20,
        "item" : "190000"
      }, {
        "count" : 19,
        "item" : "200000"
      }, {
        "count" : 18,
        "item" : "500000"
      }, {
        "count" : 17,
        "item" : "6720000"
      }, {
        "count" : 16,
        "item" : "1000000"
      }, {
        "count" : 15,
        "item" : "700000"
      }, {
        "count" : 14,
        "item" : "10000000"
      }, {
        "count" : 13,
        "item" : "1948013"
      }, {
        "count" : 12,
        "item" : "800000"
      } ]
    },
    "format" : { }
  }, {
    "id" : 208194561,
    "name" : "Tax Credits Issued 2011",
    "dataTypeName" : "money",
    "fieldName" : "tax_credits_issued_2011",
    "position" : 23,
    "renderTypeName" : "money",
    "tableColumnId" : 22636904,
    "width" : 376,
    "cachedContents" : {
      "non_null" : 12,
      "smallest" : "190000",
      "sum" : "37464123",
      "null" : 21,
      "average" : "3122010.25",
      "largest" : "20000000",
      "top" : [ {
        "count" : 20,
        "item" : "190000"
      }, {
        "count" : 19,
        "item" : "500000"
      }, {
        "count" : 18,
        "item" : "6616000"
      }, {
        "count" : 17,
        "item" : "1000000"
      }, {
        "count" : 16,
        "item" : "1400000"
      }, {
        "count" : 15,
        "item" : "2000000"
      }, {
        "count" : 14,
        "item" : "1950000"
      }, {
        "count" : 13,
        "item" : "20000000"
      }, {
        "count" : 12,
        "item" : "1508123"
      }, {
        "count" : 11,
        "item" : "800000"
      } ]
    },
    "format" : { }
  }, {
    "id" : 208194562,
    "name" : "Tax Credits Issued 2012",
    "dataTypeName" : "money",
    "fieldName" : "tax_credits_issued_2012",
    "position" : 24,
    "renderTypeName" : "money",
    "tableColumnId" : 22636905,
    "width" : 376,
    "cachedContents" : {
      "non_null" : 16,
      "smallest" : "190000",
      "sum" : "48728128",
      "null" : 17,
      "average" : "3045508",
      "largest" : "20000000",
      "top" : [ {
        "count" : 20,
        "item" : "190000"
      }, {
        "count" : 19,
        "item" : "200000"
      }, {
        "count" : 18,
        "item" : "800000"
      }, {
        "count" : 17,
        "item" : "500000"
      }, {
        "count" : 16,
        "item" : "6912000"
      }, {
        "count" : 15,
        "item" : "1000000"
      }, {
        "count" : 14,
        "item" : "1400000"
      }, {
        "count" : 13,
        "item" : "2000000"
      }, {
        "count" : 12,
        "item" : "1950000"
      }, {
        "count" : 11,
        "item" : "20000000"
      }, {
        "count" : 10,
        "item" : "2976128"
      }, {
        "count" : 9,
        "item" : "7500000"
      } ]
    },
    "format" : { }
  }, {
    "id" : 208194563,
    "name" : "Tax Credits Issued 2013",
    "dataTypeName" : "money",
    "fieldName" : "tax_credits_issued_2013",
    "position" : 25,
    "renderTypeName" : "money",
    "tableColumnId" : 22636906,
    "width" : 241,
    "cachedContents" : {
      "non_null" : 14,
      "smallest" : "200000",
      "sum" : "41810190",
      "null" : 19,
      "average" : "2986442.142857143",
      "largest" : "20000000",
      "top" : [ {
        "count" : 20,
        "item" : "380000"
      }, {
        "count" : 19,
        "item" : "200000"
      }, {
        "count" : 18,
        "item" : "800000"
      }, {
        "count" : 17,
        "item" : "1000000"
      }, {
        "count" : 16,
        "item" : "1400000"
      }, {
        "count" : 15,
        "item" : "2000000"
      }, {
        "count" : 14,
        "item" : "1950000"
      }, {
        "count" : 13,
        "item" : "20000000"
      }, {
        "count" : 12,
        "item" : "2480190"
      }, {
        "count" : 11,
        "item" : "500000"
      }, {
        "count" : 10,
        "item" : "1600000"
      }, {
        "count" : 9,
        "item" : "7500000"
      } ]
    },
    "format" : { }
  }, {
    "id" : 208194564,
    "name" : "Tax Credits Issued 2014",
    "dataTypeName" : "money",
    "fieldName" : "tax_credits_issued_2014",
    "position" : 26,
    "renderTypeName" : "money",
    "tableColumnId" : 22636907,
    "width" : 228,
    "cachedContents" : {
      "non_null" : 5,
      "smallest" : "200000",
      "sum" : "6032121",
      "null" : 28,
      "average" : "1206424.2",
      "largest" : "3032121",
      "top" : [ {
        "count" : 20,
        "item" : "200000"
      }, {
        "count" : 19,
        "item" : "1000000"
      }, {
        "count" : 18,
        "item" : "800000"
      }, {
        "count" : 17,
        "item" : "3032121"
      } ]
    },
    "format" : { }
  }, {
    "id" : 208194565,
    "name" : "Tax Credits Issued 2015",
    "dataTypeName" : "text",
    "fieldName" : "tax_credits_issued_2015",
    "position" : 27,
    "renderTypeName" : "text",
    "tableColumnId" : 22636908,
    "width" : 376,
    "cachedContents" : {
      "non_null" : 0,
      "null" : 33
    },
    "format" : { }
  }, {
    "id" : 208194566,
    "name" : "Tax Credits Issued 2016",
    "dataTypeName" : "text",
    "fieldName" : "tax_credits_issued_2016",
    "position" : 28,
    "renderTypeName" : "text",
    "tableColumnId" : 22636909,
    "width" : 376,
    "cachedContents" : {
      "non_null" : 0,
      "null" : 33
    },
    "format" : { }
  }, {
    "id" : 208194567,
    "name" : "Tax Credits Issued 2017",
    "dataTypeName" : "text",
    "fieldName" : "tax_credits_issued_2017",
    "position" : 29,
    "renderTypeName" : "text",
    "tableColumnId" : 22636910,
    "width" : 376,
    "cachedContents" : {
      "non_null" : 0,
      "null" : 33
    },
    "format" : { }
  }, {
    "id" : 208194568,
    "name" : "Tax Credits Issued 2018",
    "dataTypeName" : "text",
    "fieldName" : "tax_credits_issued_2018",
    "position" : 30,
    "renderTypeName" : "text",
    "tableColumnId" : 22636911,
    "width" : 376,
    "cachedContents" : {
      "non_null" : 0,
      "null" : 33
    },
    "format" : { }
  }, {
    "id" : 208194569,
    "name" : "Tax Credits Issued 2019",
    "dataTypeName" : "text",
    "fieldName" : "tax_credits_issued_2019",
    "position" : 31,
    "renderTypeName" : "text",
    "tableColumnId" : 22636912,
    "width" : 376,
    "cachedContents" : {
      "non_null" : 0,
      "null" : 33
    },
    "format" : { }
  }, {
    "id" : 208194570,
    "name" : "Total Tax Credits Issued",
    "dataTypeName" : "money",
    "fieldName" : "total_tax_credits_issued",
    "position" : 32,
    "renderTypeName" : "money",
    "tableColumnId" : 22636913,
    "width" : 230,
    "cachedContents" : {
      "non_null" : 32,
      "smallest" : "0.0",
      "sum" : "210280545.0",
      "null" : 1,
      "average" : "6571267.03125",
      "largest" : "100000000",
      "top" : [ {
        "count" : 20,
        "item" : "1140000"
      }, {
        "count" : 19,
        "item" : "0.0"
      }, {
        "count" : 18,
        "item" : "600000"
      }, {
        "count" : 17,
        "item" : "200000"
      }, {
        "count" : 16,
        "item" : "1600000"
      }, {
        "count" : 15,
        "item" : "4000000"
      }, {
        "count" : 14,
        "item" : "34872000"
      }, {
        "count" : 13,
        "item" : "3000000"
      }, {
        "count" : 12,
        "item" : "5000000"
      }, {
        "count" : 11,
        "item" : "800000"
      }, {
        "count" : 10,
        "item" : "6973970"
      }, {
        "count" : 9,
        "item" : "6000000"
      }, {
        "count" : 8,
        "item" : "5850000"
      }, {
        "count" : 7,
        "item" : "100000000"
      }, {
        "count" : 6,
        "item" : "15944575"
      }, {
        "count" : 5,
        "item" : "1500000"
      }, {
        "count" : 4,
        "item" : "4800000"
      }, {
        "count" : 3,
        "item" : "15000000"
      }, {
        "count" : 2,
        "item" : "0"
      } ]
    },
    "format" : { }
  }, {
    "id" : 208194571,
    "name" : "Total Tax Credit Allocation",
    "dataTypeName" : "money",
    "fieldName" : "total_tax_credit_allocation",
    "position" : 33,
    "renderTypeName" : "money",
    "tableColumnId" : 22636914,
    "width" : 245,
    "cachedContents" : {
      "non_null" : 33,
      "smallest" : "1500000",
      "sum" : "578000000",
      "null" : 0,
      "average" : "17515151.51515152",
      "largest" : "100000000",
      "top" : [ {
        "count" : 20,
        "item" : "1900000"
      }, {
        "count" : 19,
        "item" : "18000000"
      }, {
        "count" : 18,
        "item" : "2000000"
      }, {
        "count" : 17,
        "item" : "8000000"
      }, {
        "count" : 16,
        "item" : "5000000"
      }, {
        "count" : 15,
        "item" : "1500000"
      }, {
        "count" : 14,
        "item" : "40000000"
      }, {
        "count" : 13,
        "item" : "20000000"
      }, {
        "count" : 12,
        "item" : "10000000"
      }, {
        "count" : 11,
        "item" : "7000000"
      }, {
        "count" : 10,
        "item" : "3000000"
      }, {
        "count" : 9,
        "item" : "19500000"
      }, {
        "count" : 8,
        "item" : "100000000"
      }, {
        "count" : 7,
        "item" : "18500000"
      }, {
        "count" : 6,
        "item" : "15000000"
      }, {
        "count" : 5,
        "item" : "13000000"
      }, {
        "count" : 4,
        "item" : "75000000"
      }, {
        "count" : 3,
        "item" : "25000000"
      }, {
        "count" : 2,
        "item" : "50000000"
      }, {
        "count" : 1,
        "item" : "9600000"
      } ]
    },
    "format" : { }
  }, {
    "id" : 208194572,
    "name" : "Contract Date/ Allocation Date",
    "dataTypeName" : "calendar_date",
    "fieldName" : "contract_date_allocation_date",
    "position" : 34,
    "renderTypeName" : "calendar_date",
    "tableColumnId" : 22636915,
    "width" : 297,
    "cachedContents" : {
      "non_null" : 33,
      "smallest" : "2004-06-29T00:00:00",
      "null" : 0,
      "largest" : "2015-01-21T00:00:00",
      "top" : [ {
        "count" : 20,
        "item" : "2009-08-27T00:00:00"
      }, {
        "count" : 19,
        "item" : "2008-06-30T00:00:00"
      }, {
        "count" : 18,
        "item" : "2009-09-15T00:00:00"
      }, {
        "count" : 17,
        "item" : "2009-12-14T00:00:00"
      }, {
        "count" : 16,
        "item" : "2011-10-05T00:00:00"
      }, {
        "count" : 15,
        "item" : "2009-07-27T00:00:00"
      }, {
        "count" : 14,
        "item" : "2011-06-10T00:00:00"
      }, {
        "count" : 13,
        "item" : "2004-06-29T00:00:00"
      }, {
        "count" : 12,
        "item" : "2012-08-23T00:00:00"
      }, {
        "count" : 11,
        "item" : "2009-09-23T00:00:00"
      }, {
        "count" : 10,
        "item" : "2005-08-15T00:00:00"
      }, {
        "count" : 9,
        "item" : "2011-03-31T00:00:00"
      }, {
        "count" : 8,
        "item" : "2012-04-13T00:00:00"
      }, {
        "count" : 7,
        "item" : "2005-01-20T00:00:00"
      }, {
        "count" : 6,
        "item" : "2013-12-24T00:00:00"
      }, {
        "count" : 5,
        "item" : "2010-10-12T00:00:00"
      }, {
        "count" : 4,
        "item" : "2010-02-24T00:00:00"
      }, {
        "count" : 3,
        "item" : "2006-09-27T00:00:00"
      }, {
        "count" : 2,
        "item" : "2011-02-22T00:00:00"
      }, {
        "count" : 1,
        "item" : "2013-12-26T00:00:00"
      } ]
    },
    "format" : { }
  }, {
    "id" : 208194573,
    "name" : "Total Number of Investments",
    "dataTypeName" : "number",
    "fieldName" : "total_number_of_investments",
    "position" : 35,
    "renderTypeName" : "number",
    "tableColumnId" : 22636916,
    "width" : 245,
    "cachedContents" : {
      "non_null" : 0,
      "sum" : "0",
      "null" : 33
    },
    "format" : { }
  }, {
    "id" : 208194574,
    "name" : "Total Qualified Expenditures",
    "dataTypeName" : "money",
    "fieldName" : "total_qualified_expenditures",
    "position" : 36,
    "renderTypeName" : "money",
    "tableColumnId" : 22636917,
    "width" : 436,
    "cachedContents" : {
      "non_null" : 0,
      "sum" : "0",
      "null" : 33
    },
    "format" : { }
  }, {
    "id" : 208194575,
    "name" : "Leveraged Funds",
    "dataTypeName" : "money",
    "fieldName" : "leveraged_funds",
    "position" : 37,
    "renderTypeName" : "money",
    "tableColumnId" : 22636918,
    "width" : 280,
    "cachedContents" : {
      "non_null" : 33,
      "smallest" : "5000000",
      "sum" : "1977184894",
      "null" : 0,
      "average" : "59914693.75757576",
      "largest" : "345000000",
      "top" : [ {
        "count" : 20,
        "item" : "52400000"
      }, {
        "count" : 19,
        "item" : "57000000"
      }, {
        "count" : 18,
        "item" : "56819000"
      }, {
        "count" : 17,
        "item" : "17958000"
      }, {
        "count" : 16,
        "item" : "11734000"
      }, {
        "count" : 15,
        "item" : "6072643"
      }, {
        "count" : 14,
        "item" : "5000000"
      }, {
        "count" : 13,
        "item" : "107100000"
      }, {
        "count" : 12,
        "item" : "96800000"
      }, {
        "count" : 11,
        "item" : "11615000"
      }, {
        "count" : 10,
        "item" : "23100000"
      }, {
        "count" : 9,
        "item" : "17610300"
      }, {
        "count" : 8,
        "item" : "8000000"
      }, {
        "count" : 7,
        "item" : "36050000"
      }, {
        "count" : 6,
        "item" : "38000000"
      }, {
        "count" : 5,
        "item" : "22000000"
      }, {
        "count" : 4,
        "item" : "121000000"
      }, {
        "count" : 3,
        "item" : "345000000"
      }, {
        "count" : 2,
        "item" : "40416463"
      }, {
        "count" : 1,
        "item" : "23075433"
      } ]
    },
    "format" : { }
  }, {
    "id" : 208194576,
    "name" : "Total Jobs Created",
    "dataTypeName" : "number",
    "fieldName" : "total_jobs_created",
    "position" : 38,
    "renderTypeName" : "number",
    "tableColumnId" : 22636919,
    "width" : 316,
    "cachedContents" : {
      "non_null" : 0,
      "sum" : "0",
      "null" : 33
    },
    "format" : { }
  }, {
    "id" : 208194577,
    "name" : "Total Unemployment Jobs Created",
    "dataTypeName" : "number",
    "fieldName" : "total_unemployment_jobs_created",
    "position" : 39,
    "renderTypeName" : "number",
    "tableColumnId" : 22636920,
    "width" : 472,
    "cachedContents" : {
      "non_null" : 0,
      "sum" : "0",
      "null" : 33
    },
    "format" : { }
  }, {
    "id" : 208194578,
    "name" : "Total Military Jobs Created",
    "dataTypeName" : "number",
    "fieldName" : "total_military_jobs_created",
    "position" : 40,
    "renderTypeName" : "number",
    "tableColumnId" : 22636921,
    "width" : 424,
    "cachedContents" : {
      "non_null" : 0,
      "sum" : "0",
      "null" : 33
    },
    "format" : { }
  }, {
    "id" : 208194579,
    "name" : "Total Vocational Rehab Jobs Created",
    "dataTypeName" : "number",
    "fieldName" : "total_vocational_rehab_jobs_created",
    "position" : 41,
    "renderTypeName" : "number",
    "tableColumnId" : 22636922,
    "width" : 520,
    "cachedContents" : {
      "non_null" : 0,
      "sum" : "0",
      "null" : 33
    },
    "format" : { }
  }, {
    "id" : 208194580,
    "name" : "Contract Requirement:Jobs to be Retained",
    "dataTypeName" : "number",
    "fieldName" : "contract_requirement_jobs_to_be_retained",
    "position" : 42,
    "renderTypeName" : "number",
    "tableColumnId" : 22636923,
    "width" : 580,
    "cachedContents" : {
      "non_null" : 32,
      "smallest" : "0",
      "sum" : "19703",
      "null" : 1,
      "average" : "615.71875",
      "largest" : "3883",
      "top" : [ {
        "count" : 20,
        "item" : "0"
      }, {
        "count" : 19,
        "item" : "40"
      }, {
        "count" : 18,
        "item" : "325"
      }, {
        "count" : 17,
        "item" : "927"
      }, {
        "count" : 16,
        "item" : "5"
      }, {
        "count" : 15,
        "item" : "700"
      }, {
        "count" : 14,
        "item" : "404"
      }, {
        "count" : 13,
        "item" : "134"
      }, {
        "count" : 12,
        "item" : "641"
      }, {
        "count" : 11,
        "item" : "356"
      }, {
        "count" : 10,
        "item" : "600"
      }, {
        "count" : 9,
        "item" : "861"
      }, {
        "count" : 8,
        "item" : "820"
      }, {
        "count" : 7,
        "item" : "165"
      }, {
        "count" : 6,
        "item" : "109"
      }, {
        "count" : 5,
        "item" : "475"
      }, {
        "count" : 4,
        "item" : "713"
      }, {
        "count" : 3,
        "item" : "980"
      }, {
        "count" : 2,
        "item" : "368"
      }, {
        "count" : 1,
        "item" : "3883"
      } ]
    },
    "format" : { }
  }, {
    "id" : 208194581,
    "name" : "Contract Requirement: Jobs to be Created",
    "dataTypeName" : "number",
    "fieldName" : "contract_requirement_jobs_to_be_created",
    "position" : 43,
    "renderTypeName" : "number",
    "tableColumnId" : 22636924,
    "width" : 580,
    "cachedContents" : {
      "non_null" : 32,
      "smallest" : "0",
      "sum" : "7655",
      "null" : 1,
      "average" : "239.21875",
      "largest" : "1150",
      "top" : [ {
        "count" : 20,
        "item" : "30"
      }, {
        "count" : 19,
        "item" : "300"
      }, {
        "count" : 18,
        "item" : "220"
      }, {
        "count" : 17,
        "item" : "0"
      }, {
        "count" : 16,
        "item" : "344"
      }, {
        "count" : 15,
        "item" : "60"
      }, {
        "count" : 14,
        "item" : "200"
      }, {
        "count" : 13,
        "item" : "95"
      }, {
        "count" : 12,
        "item" : "89"
      }, {
        "count" : 11,
        "item" : "139"
      }, {
        "count" : 10,
        "item" : "180"
      }, {
        "count" : 9,
        "item" : "340"
      }, {
        "count" : 8,
        "item" : "1150"
      }, {
        "count" : 7,
        "item" : "203"
      }, {
        "count" : 6,
        "item" : "430"
      }, {
        "count" : 5,
        "item" : "525"
      }, {
        "count" : 4,
        "item" : "25"
      }, {
        "count" : 3,
        "item" : "24"
      }, {
        "count" : 2,
        "item" : "275"
      }, {
        "count" : 1,
        "item" : "813"
      } ]
    },
    "format" : { }
  }, {
    "id" : 208194582,
    "name" : "Contract Requirement: Target Date",
    "dataTypeName" : "calendar_date",
    "fieldName" : "contract_requirement_target_date",
    "position" : 44,
    "renderTypeName" : "calendar_date",
    "tableColumnId" : 22636925,
    "width" : 496,
    "cachedContents" : {
      "non_null" : 32,
      "smallest" : "2009-12-31T00:00:00",
      "null" : 1,
      "largest" : "2020-10-30T00:00:00",
      "top" : [ {
        "count" : 20,
        "item" : "2009-12-31T00:00:00"
      }, {
        "count" : 19,
        "item" : "2012-06-30T00:00:00"
      }, {
        "count" : 18,
        "item" : "2010-05-31T00:00:00"
      }, {
        "count" : 17,
        "item" : "2010-06-30T00:00:00"
      }, {
        "count" : 16,
        "item" : "2011-12-31T00:00:00"
      }, {
        "count" : 15,
        "item" : "2014-12-31T00:00:00"
      }, {
        "count" : 14,
        "item" : "2018-12-31T00:00:00"
      }, {
        "count" : 13,
        "item" : "2011-07-31T00:00:00"
      }, {
        "count" : 12,
        "item" : "2015-12-31T00:00:00"
      }, {
        "count" : 11,
        "item" : "2017-12-31T00:00:00"
      }, {
        "count" : 10,
        "item" : "2012-08-31T00:00:00"
      }, {
        "count" : 9,
        "item" : "2016-08-01T00:00:00"
      }, {
        "count" : 8,
        "item" : "2013-12-31T00:00:00"
      }, {
        "count" : 7,
        "item" : "2019-12-31T00:00:00"
      }, {
        "count" : 6,
        "item" : "2012-01-31T00:00:00"
      }, {
        "count" : 5,
        "item" : "2016-12-31T00:00:00"
      }, {
        "count" : 4,
        "item" : "2012-12-31T00:00:00"
      }, {
        "count" : 3,
        "item" : "2014-12-13T00:00:00"
      }, {
        "count" : 2,
        "item" : "2017-11-16T00:00:00"
      }, {
        "count" : 1,
        "item" : "2014-06-30T00:00:00"
      } ]
    },
    "format" : { }
  }, {
    "id" : 208194583,
    "name" : "Actual Jobs at Time of Review",
    "dataTypeName" : "text",
    "fieldName" : "actual_jobs_at_time_of_review",
    "position" : 45,
    "renderTypeName" : "text",
    "tableColumnId" : 22636926,
    "width" : 448,
    "cachedContents" : {
      "non_null" : 33,
      "smallest" : "1393",
      "null" : 0,
      "largest" : "Pending",
      "top" : [ {
        "count" : 20,
        "item" : "64"
      }, {
        "count" : 19,
        "item" : "360"
      }, {
        "count" : 18,
        "item" : "190"
      }, {
        "count" : 17,
        "item" : "471"
      }, {
        "count" : 16,
        "item" : "432"
      }, {
        "count" : 15,
        "item" : "1393"
      }, {
        "count" : 14,
        "item" : "N/A"
      }, {
        "count" : 13,
        "item" : "693"
      }, {
        "count" : 12,
        "item" : "594"
      }, {
        "count" : 11,
        "item" : "142"
      }, {
        "count" : 10,
        "item" : "791"
      }, {
        "count" : 9,
        "item" : "684"
      }, {
        "count" : 8,
        "item" : "952"
      }, {
        "count" : 7,
        "item" : "1906"
      }, {
        "count" : 6,
        "item" : "404"
      }, {
        "count" : 5,
        "item" : "515"
      }, {
        "count" : 4,
        "item" : "725"
      }, {
        "count" : 3,
        "item" : "861"
      }, {
        "count" : 2,
        "item" : "4212"
      }, {
        "count" : 1,
        "item" : "Pending"
      } ]
    },
    "format" : { }
  }, {
    "id" : 208194584,
    "name" : "Job Obligation Status",
    "dataTypeName" : "text",
    "fieldName" : "job_obligation_status",
    "position" : 46,
    "renderTypeName" : "text",
    "tableColumnId" : 22636927,
    "width" : 352,
    "cachedContents" : {
      "non_null" : 33,
      "smallest" : "Met",
      "null" : 0,
      "largest" : "Pending",
      "top" : [ {
        "count" : 20,
        "item" : "Met"
      }, {
        "count" : 19,
        "item" : "Not Met"
      }, {
        "count" : 18,
        "item" : "Pending"
      }, {
        "count" : 17,
        "item" : "N/A"
      } ]
    },
    "format" : { }
  }, {
    "id" : 208194585,
    "name" : "Job Penalty(if applicable)",
    "dataTypeName" : "text",
    "fieldName" : "job_penalty_if_applicable",
    "position" : 47,
    "renderTypeName" : "text",
    "tableColumnId" : 22636928,
    "width" : 412,
    "cachedContents" : {
      "non_null" : 6,
      "smallest" : "$200,000 in Tax Credits were not issued",
      "null" : 27,
      "largest" : "Waived",
      "top" : [ {
        "count" : 20,
        "item" : "$200,000 in Tax Credits were not issued"
      }, {
        "count" : 19,
        "item" : "Tax Credits Reduced a total of $5,128,000"
      }, {
        "count" : 18,
        "item" : "Tax Credits Reduced a total of $26,030"
      }, {
        "count" : 17,
        "item" : "Tax Credits Reduced a total of $4,055,425"
      }, {
        "count" : 16,
        "item" : "Waived"
      }, {
        "count" : 15,
        "item" : "n/a"
      } ]
    },
    "format" : { }
  }, {
    "id" : 208194586,
    "name" : "Forgiveness Credit(if applicable)",
    "dataTypeName" : "number",
    "fieldName" : "forgiveness_credit_if_applicable",
    "position" : 48,
    "renderTypeName" : "number",
    "tableColumnId" : 22636929,
    "width" : 496,
    "cachedContents" : {
      "non_null" : 8,
      "smallest" : "105000",
      "sum" : "26038333",
      "null" : 25,
      "average" : "3254791.625",
      "largest" : "7000000",
      "top" : [ {
        "count" : 20,
        "item" : "6000000"
      }, {
        "count" : 19,
        "item" : "1300000"
      }, {
        "count" : 18,
        "item" : "750000"
      }, {
        "count" : 17,
        "item" : "2383333"
      }, {
        "count" : 16,
        "item" : "105000"
      }, {
        "count" : 15,
        "item" : "2500000"
      }, {
        "count" : 14,
        "item" : "7000000"
      } ]
    },
    "format" : { }
  }, {
    "id" : 208194587,
    "name" : "Per Application: Full Time CT Jobs at Application",
    "dataTypeName" : "number",
    "fieldName" : "per_application_full_time_ct_jobs_at_application",
    "position" : 49,
    "renderTypeName" : "number",
    "tableColumnId" : 22636930,
    "width" : 401,
    "cachedContents" : {
      "non_null" : 31,
      "smallest" : "0",
      "sum" : "18853",
      "null" : 2,
      "average" : "608.1612903225806",
      "largest" : "3946",
      "top" : [ {
        "count" : 20,
        "item" : "10"
      }, {
        "count" : 19,
        "item" : "0"
      }, {
        "count" : 18,
        "item" : "40"
      }, {
        "count" : 17,
        "item" : "325"
      }, {
        "count" : 16,
        "item" : "927"
      }, {
        "count" : 15,
        "item" : "5"
      }, {
        "count" : 14,
        "item" : "700"
      }, {
        "count" : 13,
        "item" : "224"
      }, {
        "count" : 12,
        "item" : "641"
      }, {
        "count" : 11,
        "item" : "356"
      }, {
        "count" : 10,
        "item" : "861"
      }, {
        "count" : 9,
        "item" : "834"
      }, {
        "count" : 8,
        "item" : "165"
      }, {
        "count" : 7,
        "item" : "109"
      }, {
        "count" : 6,
        "item" : "475"
      }, {
        "count" : 5,
        "item" : "713"
      }, {
        "count" : 4,
        "item" : "980"
      }, {
        "count" : 3,
        "item" : "368"
      }, {
        "count" : 2,
        "item" : "3946"
      }, {
        "count" : 1,
        "item" : "3872"
      } ]
    },
    "format" : { }
  }, {
    "id" : 208194588,
    "name" : "Per Application: Full Time Jobs to be Created",
    "dataTypeName" : "number",
    "fieldName" : "per_application_full_time_jobs_to_be_created",
    "position" : 50,
    "renderTypeName" : "number",
    "tableColumnId" : 22636931,
    "width" : 335,
    "cachedContents" : {
      "non_null" : 31,
      "smallest" : "0",
      "sum" : "7271",
      "null" : 2,
      "average" : "234.5483870967742",
      "largest" : "1150",
      "top" : [ {
        "count" : 20,
        "item" : "20"
      }, {
        "count" : 19,
        "item" : "300"
      }, {
        "count" : 18,
        "item" : "220"
      }, {
        "count" : 17,
        "item" : "0"
      }, {
        "count" : 16,
        "item" : "344"
      }, {
        "count" : 15,
        "item" : "65"
      }, {
        "count" : 14,
        "item" : "95"
      }, {
        "count" : 13,
        "item" : "89"
      }, {
        "count" : 12,
        "item" : "115"
      }, {
        "count" : 11,
        "item" : "200"
      }, {
        "count" : 10,
        "item" : "180"
      }, {
        "count" : 9,
        "item" : "150"
      }, {
        "count" : 8,
        "item" : "100"
      }, {
        "count" : 7,
        "item" : "1150"
      }, {
        "count" : 6,
        "item" : "203"
      }, {
        "count" : 5,
        "item" : "430"
      }, {
        "count" : 4,
        "item" : "525"
      }, {
        "count" : 3,
        "item" : "10"
      }, {
        "count" : 2,
        "item" : "24"
      }, {
        "count" : 1,
        "item" : "275"
      } ]
    },
    "format" : { }
  }, {
    "id" : 208194589,
    "name" : "Per Application:  Part Time CT Jobs at Application",
    "dataTypeName" : "number",
    "fieldName" : "per_application_part_time_ct_jobs_at_application",
    "position" : 51,
    "renderTypeName" : "number",
    "tableColumnId" : 22636932,
    "width" : 700,
    "cachedContents" : {
      "non_null" : 31,
      "smallest" : "0",
      "sum" : "38",
      "null" : 2,
      "average" : "1.225806451612903",
      "largest" : "12",
      "top" : [ {
        "count" : 20,
        "item" : "0"
      }, {
        "count" : 19,
        "item" : "12"
      }, {
        "count" : 18,
        "item" : "1"
      }, {
        "count" : 17,
        "item" : "5"
      }, {
        "count" : 16,
        "item" : "8"
      } ]
    },
    "format" : { }
  }, {
    "id" : 208194590,
    "name" : "Per Application:  Part Time Jobs to be Created",
    "dataTypeName" : "number",
    "fieldName" : "per_application_part_time_jobs_to_be_created",
    "position" : 52,
    "renderTypeName" : "number",
    "tableColumnId" : 22636933,
    "width" : 652,
    "cachedContents" : {
      "non_null" : 31,
      "smallest" : "0",
      "sum" : "10",
      "null" : 2,
      "average" : "0.3225806451612903",
      "largest" : "10",
      "top" : [ {
        "count" : 20,
        "item" : "0"
      }, {
        "count" : 19,
        "item" : "10"
      } ]
    },
    "format" : { }
  }, {
    "id" : 208194591,
    "name" : "Count",
    "dataTypeName" : "number",
    "fieldName" : "count",
    "position" : 53,
    "renderTypeName" : "number",
    "tableColumnId" : 22636934,
    "width" : 160,
    "cachedContents" : {
      "non_null" : 0,
      "sum" : "0",
      "null" : 33
    },
    "format" : { }
  }, {
    "id" : 208194593,
    "name" : "Location1",
    "dataTypeName" : "location",
    "fieldName" : "location1",
    "position" : 55,
    "renderTypeName" : "location",
    "tableColumnId" : 26142581,
    "width" : 100,
    "cachedContents" : {
      "non_null" : 33,
      "smallest" : {
        "longitude" : "-73.72165555099997",
        "latitude" : "41.09313528800004",
        "human_address" : "{\"address\":\"1 American Lane #210\",\"city\":\"Greenwich\",\"state\":\"\",\"zip\":\"06830\"}"
      },
      "null" : 0,
      "largest" : {
        "longitude" : "-72.79164816499997",
        "latitude" : "41.66990446700004",
        "human_address" : "{\"address\":\"One Celebration Way\",\"city\":\"New Britain\",\"state\":\"\",\"zip\":\"06050\"}"
      },
      "top" : [ {
        "count" : 20,
        "item" : {
          "longitude" : "-72.58488064499994",
          "latitude" : "41.85910853100006",
          "human_address" : "{\"address\":\"295 Rye Street\",\"city\":\"South Windsor\",\"state\":\"\",\"zip\":\"06074\"}"
        }
      }, {
        "count" : 19,
        "item" : {
          "longitude" : "-73.72165555099997",
          "latitude" : "41.09313528800004",
          "human_address" : "{\"address\":\"1 American Lane #210\",\"city\":\"Greenwich\",\"state\":\"\",\"zip\":\"06830\"}"
        }
      }, {
        "count" : 18,
        "item" : {
          "longitude" : "-72.66327273399997",
          "latitude" : "41.64326272200003",
          "human_address" : "{\"address\":\"490 Brook Street\",\"city\":\"Rocky Hill\",\"state\":\"\",\"zip\":\"06067\"}"
        }
      }, {
        "count" : 17,
        "item" : {
          "longitude" : "-72.79164816499997",
          "latitude" : "41.66990446700004",
          "human_address" : "{\"address\":\"One Celebration Way\",\"city\":\"New Britain\",\"state\":\"\",\"zip\":\"06050\"}"
        }
      }, {
        "count" : 16,
        "item" : {
          "longitude" : "-73.15004331099993",
          "latitude" : "41.498037828000065",
          "human_address" : "{\"address\":\"199 Benson Road\",\"city\":\"Middlebury\",\"state\":\"\",\"zip\":\"06749\"}"
        }
      }, {
        "count" : 15,
        "item" : {
          "longitude" : "-72.58175468099995",
          "latitude" : "41.98296106600003",
          "human_address" : "{\"address\":\"90 Phoenix Avenue\",\"city\":\"Enfield\",\"state\":\"\",\"zip\":\"06082\"}"
        }
      }, {
        "count" : 14,
        "item" : {
          "longitude" : "-73.53217861499996",
          "latitude" : "41.04391245800008",
          "human_address" : "{\"address\":\"700 Canal Street\",\"city\":\"Stamford\",\"state\":\"\",\"zip\":\"06902\"}"
        }
      }, {
        "count" : 13,
        "item" : {
          "longitude" : "-73.42622706699996",
          "latitude" : "41.14440556000005",
          "human_address" : "{\"address\":\"801 Main Avenue\",\"city\":\"Norwalk\",\"state\":\"\",\"zip\":\"06851\"}"
        }
      }, {
        "count" : 12,
        "item" : {
          "longitude" : "-72.71295974199995",
          "latitude" : "41.923791229000074",
          "human_address" : "{\"address\":\"100 International Drive\",\"city\":\"Windsor\",\"state\":\"\",\"zip\":\"06092\"}"
        }
      }, {
        "count" : 11,
        "item" : {
          "longitude" : "-73.19090589499996",
          "latitude" : "41.20158277400003",
          "human_address" : "{\"address\":\"141 North Avenue\",\"city\":\"Bridgeport\",\"state\":\"\",\"zip\":\"06606\"}"
        }
      }, {
        "count" : 10,
        "item" : {
          "longitude" : "-72.57568906999995",
          "latitude" : "41.980576995000035",
          "human_address" : "{\"address\":\"175 Freshwater Blvd\",\"city\":\"Enfield\",\"state\":\"\",\"zip\":\"06082\"}"
        }
      }, {
        "count" : 9,
        "item" : {
          "longitude" : "-73.42644524499997",
          "latitude" : "41.14621642700007",
          "human_address" : "{\"address\":\"601 Merritt 7\",\"city\":\"Norwalk\",\"state\":\"\",\"zip\":\"06850\"}"
        }
      }, {
        "count" : 8,
        "item" : {
          "longitude" : "-71.89395420899996",
          "latitude" : "41.86391768000004",
          "human_address" : "{\"address\":\"1886 Upper Maple Street\",\"city\":\"Dayville\",\"state\":\"\",\"zip\":\"06241\"}"
        }
      }, {
        "count" : 7,
        "item" : {
          "longitude" : "-73.55031092199994",
          "latitude" : "41.03144361600005",
          "human_address" : "{\"address\":\"56 Top Gallant Road\",\"city\":\"Stamford\",\"state\":\"\",\"zip\":\"06902\"}"
        }
      }, {
        "count" : 6,
        "item" : {
          "longitude" : "-73.55225618299994",
          "latitude" : "41.07573466800005",
          "human_address" : "{\"address\":\"120 Long Ridge Road, P.O. Box 10353\",\"city\":\"Stamford\",\"state\":\"\",\"zip\":\"06904\"}"
        }
      }, {
        "count" : 5,
        "item" : {
          "longitude" : "-73.62293002699994",
          "latitude" : "41.01671399800006",
          "human_address" : "{\"address\":\"600 Steamboat Road\",\"city\":\"Stamford\",\"state\":\"\",\"zip\":\"06830\"}"
        }
      }, {
        "count" : 4,
        "item" : {
          "longitude" : "-72.92802429699998",
          "latitude" : "41.324639896000065",
          "human_address" : "{\"address\":\"25 Science Park\",\"city\":\"New Haven\",\"state\":\"\",\"zip\":\"06511\"}"
        }
      }, {
        "count" : 3,
        "item" : {
          "longitude" : "-73.42644524499997",
          "latitude" : "41.14621642700007",
          "human_address" : "{\"address\":\"601 Merritt 7, 6th Floor\",\"city\":\"Norwalk\",\"state\":\"\",\"zip\":\"06850\"}"
        }
      }, {
        "count" : 2,
        "item" : {
          "longitude" : "-71.94429855399994",
          "latitude" : "41.663358420000066",
          "human_address" : "{\"address\":\"1421 Lowes Way\",\"city\":\"Plainfield\",\"state\":\"\",\"zip\":\"06374\"}"
        }
      }, {
        "count" : 1,
        "item" : {
          "longitude" : "-72.58375043299998",
          "latitude" : "42.01699716600007",
          "human_address" : "{\"address\":\"100 Bright Meadow Blvd\",\"city\":\"Enfield\",\"state\":\"\",\"zip\":\"06082\"}"
        }
      } ]
    },
    "format" : { },
    "subColumnTypes" : [ "human_address", "latitude", "longitude", "machine_address", "needs_recoding" ]
  } ],
  "displayFormat" : {
    "bkgdLayers" : [ {
      "opacity" : 1,
      "layerKey" : "World Street Map (ESRI)"
    } ],
    "viewport" : {
      "ymin" : 40.963736971883,
      "ymax" : 42.326869338053,
      "xmin" : -75.076305212287,
      "xmax" : -70.236278357686
    },
    "disableGeolocator" : false,
    "exclusiveLayers" : false,
    "viewDefinitions" : [ {
      "uid" : "self",
      "plotStyle" : "point",
      "highlightColor" : "#ddeaf0",
      "color" : "#0000ff",
      "opacity" : 1,
      "flyoutsNoLabel" : false,
      "plot" : {
        "descriptionColumns" : [ { }, {
          "tableColumnId" : 22636913
        }, {
          "tableColumnId" : 22636914
        }, {
          "tableColumnId" : 22636923
        }, {
          "tableColumnId" : 22636924
        }, {
          "tableColumnId" : 22636925
        }, {
          "tableColumnId" : 22636926
        }, {
          "tableColumnId" : 22636927
        } ],
        "locationId" : 26142581,
        "titleId" : 22636882
      }
    } ]
  },
  "grants" : [ {
    "inherited" : true,
    "type" : "viewer",
    "flags" : [ "public" ]
  } ],
  "metadata" : {
    "renderTypeConfig" : {
      "visible" : {
        "page" : true,
        "map" : true
      },
      "active" : {
        "page" : {
          "id" : "self"
        },
        "table" : {
          "id" : "self"
        }
      }
    },
    "availableDisplayTypes" : [ "map", "table", "fatrow", "page" ],
    "jsonQuery" : {
      "where" : {
        "value" : "CGS 32-9t",
        "operator" : "EQUALS",
        "columnFieldName" : "statutory_reference",
        "metadata" : {
          "unifiedVersion" : 2
        }
      }
    },
    "rdfSubject" : "0"
  },
  "owner" : {
    "id" : "nbd6-fawc",
    "displayName" : "Kara Sene",
    "profileImageUrlLarge" : "/api/users/nbd6-fawc/profile_images/LARGE",
    "profileImageUrlMedium" : "/api/users/nbd6-fawc/profile_images/THUMB",
    "profileImageUrlSmall" : "/api/users/nbd6-fawc/profile_images/TINY",
    "roleName" : "editor",
    "screenName" : "Kara Sene",
    "rights" : [ "create_datasets", "view_domain", "create_pages", "view_goals", "view_dashboards" ]
  },
  "query" : {
    "filterCondition" : {
      "type" : "operator",
      "value" : "AND",
      "children" : [ {
        "type" : "operator",
        "value" : "EQUALS",
        "children" : [ {
          "columnId" : 208194548,
          "type" : "column"
        }, {
          "type" : "literal",
          "value" : "CGS 32-9t"
        } ],
        "metadata" : {
          "unifiedVersion" : 2
        }
      } ],
      "metadata" : {
        "unifiedVersion" : 2
      }
    }
  },
  "rights" : [ "read" ],
  "tableAuthor" : {
    "id" : "nbd6-fawc",
    "displayName" : "Kara Sene",
    "profileImageUrlLarge" : "/api/users/nbd6-fawc/profile_images/LARGE",
    "profileImageUrlMedium" : "/api/users/nbd6-fawc/profile_images/THUMB",
    "profileImageUrlSmall" : "/api/users/nbd6-fawc/profile_images/TINY",
    "roleName" : "editor",
    "screenName" : "Kara Sene",
    "rights" : [ "create_datasets", "view_domain", "create_pages", "view_goals", "view_dashboards" ]
  },
  "tags" : [ "business", "tax credits", "tax credits earned" ],
  "viewFilters" : {
    "type" : "operator",
    "value" : "AND",
    "children" : [ {
      "type" : "operator",
      "value" : "EQUALS",
      "children" : [ {
        "columnId" : 208194548,
        "type" : "column"
      }, {
        "type" : "literal",
        "value" : "CGS 32-9t"
      } ],
      "metadata" : {
        "unifiedVersion" : 2
      }
    } ],
    "metadata" : {
      "unifiedVersion" : 2
    }
  }
}
