[ {
  "count_project_health" : "19",
  "agency_name" : "Department of Correction"
}
, {
  "count_project_health" : "13",
  "agency_name" : "Department of Energy and Environmental Protection"
}
, {
  "count_project_health" : "12",
  "agency_name" : "Department of Public Health"
}
, {
  "count_project_health" : "12",
  "agency_name" : "Department of Administrative Services"
}
, {
  "count_project_health" : "8",
  "agency_name" : "Department of Mental Health and Addiction Services"
}
, {
  "count_project_health" : "7",
  "agency_name" : "State Department of Education"
}
, {
  "count_project_health" : "6",
  "agency_name" : "Department of Labor"
}
, {
  "count_project_health" : "5",
  "agency_name" : "Connecticut State Library"
}
, {
  "count_project_health" : "5",
  "agency_name" : "Department of Motor Vehicles"
}
, {
  "count_project_health" : "4",
  "agency_name" : "Department of Emergency Services and Public Protection"
}
, {
  "count_project_health" : "4",
  "agency_name" : "Department of Revenue Services"
}
, {
  "count_project_health" : "4",
  "agency_name" : "Office of Governmental Accountability"
}
, {
  "count_project_health" : "4",
  "agency_name" : "Department of Developmental Services"
}
, {
  "count_project_health" : "4",
  "agency_name" : "Department of Social Services"
}
, {
  "count_project_health" : "4",
  "agency_name" : "Office of Policy and Management"
}
, {
  "count_project_health" : "3",
  "agency_name" : "Department of Children and Families"
}
, {
  "count_project_health" : "2",
  "agency_name" : "Department of Transportation"
}
, {
  "count_project_health" : "1",
  "agency_name" : "Board Of Pardons and Paroles"
}
, {
  "count_project_health" : "1",
  "agency_name" : "Department of Rehabilitation Services"
}
, {
  "count_project_health" : "1",
  "agency_name" : "Workers Compensation Commission"
}
, {
  "count_project_health" : "1",
  "agency_name" : "Division of Criminal Justice"
}
, {
  "count_project_health" : "1",
  "agency_name" : "Division of Public Defender Services"
}
, {
  "count_project_health" : "1",
  "agency_name" : "Office of Early Childhood"
}
, {
  "count_project_health" : "1",
  "agency_name" : "Department of Veterans Affairs"
}
 ]