[ {
  "served_2014" : "48900",
  "program" : "Number of hours in total for Sign Language Interpreter Assignments"
}
, {
  "served_2014" : "42168",
  "program" : "Disabilty Claims processed"
}
, {
  "served_2014" : "12530",
  "program" : "Sign Language Interpreter Assignments completed"
}
, {
  "served_2014" : "8890",
  "program" : "Consumers served under Bureau of Rehabilitation Services Vocational Rehabilitation Programs"
}
, {
  "served_2014" : "3296",
  "program" : "Independent Living Services for Older Blind Clients (55 and Over-number of actual services provided)"
}
, {
  "served_2014" : "1939",
  "program" : "Consumers served under the Workers' Rehabilitation Program"
}
, {
  "served_2014" : "1419",
  "program" : "Deaf and Hard of Hearing Counseling Services (number of actual services provided)"
}
, {
  "served_2014" : "1343",
  "program" : "Consumers achieving employment under Bureau of Rehabilitation Services Vocational Rehabilitation Programs"
}
, {
  "served_2014" : "1213",
  "program" : "Consumers  served under Bureau of Education & Services for the Blind Education & Training Programs"
}
, {
  "served_2014" : "1005",
  "program" : "Consumers served under Bureau of Rehabilitation Services Education & Training Programs"
}
, {
  "served_2014" : "1004",
  "program" : "Consumers served under Bureau of Education & Services for the Blind Vocational Rehabilitation Programs"
}
, {
  "served_2014" : "952",
  "program" : "Independent Living Services for Adult Blind Clients (under age 55 - number of actual services provided)"
}
, {
  "served_2014" : "803",
  "program" : "Independent Living Older Blind clients (55 and over - number of consumers)"
}
, {
  "served_2014" : "386",
  "program" : "Independent Living Adult Blind clients (under age 55 - number of consumers) "
}
, {
  "served_2014" : "386",
  "program" : "Independent Living Part B clients"
}
, {
  "served_2014" : "343",
  "program" : "Consumers achieving employment under the Workers' Rehabilitation Program"
}
, {
  "served_2014" : "270",
  "program" : "Number of Clients served in the Driver Training Program for individuals with disabilities"
}
, {
  "served_2014" : "270",
  "program" : "Number of clients served in the Driver Training Program for individuals with disabilities"
}
, {
  "served_2014" : "201",
  "program" : "Blind or Visually Impaired Students in extra-curricular programs "
}
, {
  "served_2014" : "113",
  "program" : "Consumers achieving employment under Bureau of Education & Services for the Blind Vocational Rehabilitation Programs"
}
, {
  "served_2014" : "68",
  "program" : "Deafblind Community Inclusion grant services (number of consumers)"
}
 ]