[ {
  "number_of_applications_recieved" : "16",
  "percent_permits_issued_same_day" : "50",
  "date_application_recieved" : "2013-06-28T00:00:00",
  "permits_issued_same_day" : "8"
}
, {
  "number_of_applications_recieved" : "18",
  "percent_permits_issued_same_day" : "61",
  "date_application_recieved" : "2013-06-27T00:00:00",
  "permits_issued_same_day" : "11"
}
, {
  "number_of_applications_recieved" : "12",
  "percent_permits_issued_same_day" : "42",
  "date_application_recieved" : "2013-06-26T00:00:00",
  "permits_issued_same_day" : "5"
}
, {
  "number_of_applications_recieved" : "23",
  "percent_permits_issued_same_day" : "48",
  "date_application_recieved" : "2013-06-25T00:00:00",
  "permits_issued_same_day" : "11"
}
, {
  "number_of_applications_recieved" : "16",
  "percent_permits_issued_same_day" : "50",
  "date_application_recieved" : "2013-06-24T00:00:00",
  "permits_issued_same_day" : "8"
}
, {
  "number_of_applications_recieved" : "20",
  "percent_permits_issued_same_day" : "30",
  "date_application_recieved" : "2013-06-21T00:00:00",
  "permits_issued_same_day" : "6"
}
, {
  "number_of_applications_recieved" : "25",
  "percent_permits_issued_same_day" : "52",
  "date_application_recieved" : "2013-06-20T00:00:00",
  "permits_issued_same_day" : "13"
}
, {
  "number_of_applications_recieved" : "24",
  "percent_permits_issued_same_day" : "42",
  "date_application_recieved" : "2013-06-19T00:00:00",
  "permits_issued_same_day" : "10"
}
, {
  "number_of_applications_recieved" : "28",
  "percent_permits_issued_same_day" : "43",
  "date_application_recieved" : "2013-06-18T00:00:00",
  "permits_issued_same_day" : "12"
}
, {
  "number_of_applications_recieved" : "20",
  "percent_permits_issued_same_day" : "40",
  "date_application_recieved" : "2013-06-17T00:00:00",
  "permits_issued_same_day" : "8"
}
, {
  "number_of_applications_recieved" : "15",
  "percent_permits_issued_same_day" : "53",
  "date_application_recieved" : "2013-06-14T00:00:00",
  "permits_issued_same_day" : "8"
}
, {
  "number_of_applications_recieved" : "19",
  "percent_permits_issued_same_day" : "42",
  "date_application_recieved" : "2013-06-13T00:00:00",
  "permits_issued_same_day" : "8"
}
, {
  "number_of_applications_recieved" : "19",
  "percent_permits_issued_same_day" : "16",
  "date_application_recieved" : "2013-06-12T00:00:00",
  "permits_issued_same_day" : "3"
}
, {
  "number_of_applications_recieved" : "27",
  "percent_permits_issued_same_day" : "41",
  "date_application_recieved" : "2013-06-11T00:00:00",
  "permits_issued_same_day" : "11"
}
, {
  "number_of_applications_recieved" : "19",
  "percent_permits_issued_same_day" : "26",
  "date_application_recieved" : "2013-06-10T00:00:00",
  "permits_issued_same_day" : "5"
}
, {
  "number_of_applications_recieved" : "34",
  "percent_permits_issued_same_day" : "35",
  "date_application_recieved" : "2013-06-07T00:00:00",
  "permits_issued_same_day" : "12"
}
, {
  "number_of_applications_recieved" : "14",
  "percent_permits_issued_same_day" : "36",
  "date_application_recieved" : "2013-06-06T00:00:00",
  "permits_issued_same_day" : "5"
}
, {
  "number_of_applications_recieved" : "21",
  "percent_permits_issued_same_day" : "52",
  "date_application_recieved" : "2013-06-05T00:00:00",
  "permits_issued_same_day" : "11"
}
, {
  "number_of_applications_recieved" : "29",
  "percent_permits_issued_same_day" : "45",
  "date_application_recieved" : "2013-06-04T00:00:00",
  "permits_issued_same_day" : "13"
}
, {
  "number_of_applications_recieved" : "18",
  "percent_permits_issued_same_day" : "44",
  "date_application_recieved" : "2013-06-03T00:00:00",
  "permits_issued_same_day" : "8"
}
, {
  "number_of_applications_recieved" : "24",
  "percent_permits_issued_same_day" : "38",
  "date_application_recieved" : "2013-05-31T00:00:00",
  "permits_issued_same_day" : "9"
}
, {
  "number_of_applications_recieved" : "17",
  "percent_permits_issued_same_day" : "65",
  "date_application_recieved" : "2013-05-30T00:00:00",
  "permits_issued_same_day" : "11"
}
, {
  "number_of_applications_recieved" : "24",
  "percent_permits_issued_same_day" : "17",
  "date_application_recieved" : "2013-05-29T00:00:00",
  "permits_issued_same_day" : "4"
}
, {
  "number_of_applications_recieved" : "21",
  "percent_permits_issued_same_day" : "29",
  "date_application_recieved" : "2013-05-28T00:00:00",
  "permits_issued_same_day" : "6"
}
, {
  "number_of_applications_recieved" : "18",
  "percent_permits_issued_same_day" : "44",
  "date_application_recieved" : "2013-05-24T00:00:00",
  "permits_issued_same_day" : "8"
}
, {
  "number_of_applications_recieved" : "15",
  "percent_permits_issued_same_day" : "67",
  "date_application_recieved" : "2013-05-23T00:00:00",
  "permits_issued_same_day" : "10"
}
, {
  "number_of_applications_recieved" : "17",
  "percent_permits_issued_same_day" : "24",
  "date_application_recieved" : "2013-05-22T00:00:00",
  "permits_issued_same_day" : "4"
}
, {
  "number_of_applications_recieved" : "18",
  "percent_permits_issued_same_day" : "39",
  "date_application_recieved" : "2013-05-21T00:00:00",
  "permits_issued_same_day" : "7"
}
, {
  "number_of_applications_recieved" : "27",
  "percent_permits_issued_same_day" : "37",
  "date_application_recieved" : "2013-05-20T00:00:00",
  "permits_issued_same_day" : "10"
}
, {
  "number_of_applications_recieved" : "29",
  "percent_permits_issued_same_day" : "38",
  "date_application_recieved" : "2013-05-17T00:00:00",
  "permits_issued_same_day" : "11"
}
, {
  "number_of_applications_recieved" : "18",
  "percent_permits_issued_same_day" : "39",
  "date_application_recieved" : "2013-05-16T00:00:00",
  "permits_issued_same_day" : "7"
}
, {
  "number_of_applications_recieved" : "26",
  "percent_permits_issued_same_day" : "23",
  "date_application_recieved" : "2013-05-15T00:00:00",
  "permits_issued_same_day" : "6"
}
, {
  "number_of_applications_recieved" : "22",
  "percent_permits_issued_same_day" : "18",
  "date_application_recieved" : "2013-05-14T00:00:00",
  "permits_issued_same_day" : "4"
}
, {
  "number_of_applications_recieved" : "21",
  "percent_permits_issued_same_day" : "57",
  "date_application_recieved" : "2013-05-13T00:00:00",
  "permits_issued_same_day" : "12"
}
, {
  "number_of_applications_recieved" : "18",
  "percent_permits_issued_same_day" : "67",
  "date_application_recieved" : "2013-05-10T00:00:00",
  "permits_issued_same_day" : "12"
}
, {
  "number_of_applications_recieved" : "18",
  "percent_permits_issued_same_day" : "39",
  "date_application_recieved" : "2013-05-09T00:00:00",
  "permits_issued_same_day" : "7"
}
, {
  "number_of_applications_recieved" : "19",
  "percent_permits_issued_same_day" : "53",
  "date_application_recieved" : "2013-05-08T00:00:00",
  "permits_issued_same_day" : "10"
}
, {
  "number_of_applications_recieved" : "17",
  "percent_permits_issued_same_day" : "65",
  "date_application_recieved" : "2013-05-07T00:00:00",
  "permits_issued_same_day" : "11"
}
, {
  "number_of_applications_recieved" : "23",
  "percent_permits_issued_same_day" : "26",
  "date_application_recieved" : "2013-05-06T00:00:00",
  "permits_issued_same_day" : "6"
}
, {
  "number_of_applications_recieved" : "21",
  "percent_permits_issued_same_day" : "48",
  "date_application_recieved" : "2013-05-03T00:00:00",
  "permits_issued_same_day" : "10"
}
, {
  "number_of_applications_recieved" : "15",
  "percent_permits_issued_same_day" : "47",
  "date_application_recieved" : "2013-05-02T00:00:00",
  "permits_issued_same_day" : "7"
}
, {
  "number_of_applications_recieved" : "24",
  "percent_permits_issued_same_day" : "17",
  "date_application_recieved" : "2013-05-01T00:00:00",
  "permits_issued_same_day" : "4"
}
, {
  "number_of_applications_recieved" : "20",
  "percent_permits_issued_same_day" : "60",
  "date_application_recieved" : "2013-04-30T00:00:00",
  "permits_issued_same_day" : "12"
}
, {
  "number_of_applications_recieved" : "28",
  "percent_permits_issued_same_day" : "32",
  "date_application_recieved" : "2013-04-29T00:00:00",
  "permits_issued_same_day" : "9"
}
, {
  "number_of_applications_recieved" : "17",
  "percent_permits_issued_same_day" : "35",
  "date_application_recieved" : "2013-04-26T00:00:00",
  "permits_issued_same_day" : "6"
}
, {
  "number_of_applications_recieved" : "18",
  "percent_permits_issued_same_day" : "33",
  "date_application_recieved" : "2013-04-25T00:00:00",
  "permits_issued_same_day" : "6"
}
, {
  "number_of_applications_recieved" : "24",
  "percent_permits_issued_same_day" : "46",
  "date_application_recieved" : "2013-04-24T00:00:00",
  "permits_issued_same_day" : "11"
}
, {
  "number_of_applications_recieved" : "13",
  "percent_permits_issued_same_day" : "54",
  "date_application_recieved" : "2013-04-23T00:00:00",
  "permits_issued_same_day" : "7"
}
, {
  "number_of_applications_recieved" : "21",
  "percent_permits_issued_same_day" : "48",
  "date_application_recieved" : "2013-04-22T00:00:00",
  "permits_issued_same_day" : "10"
}
, {
  "number_of_applications_recieved" : "27",
  "percent_permits_issued_same_day" : "56",
  "date_application_recieved" : "2013-04-19T00:00:00",
  "permits_issued_same_day" : "15"
}
, {
  "number_of_applications_recieved" : "36",
  "percent_permits_issued_same_day" : "25",
  "date_application_recieved" : "2013-04-18T00:00:00",
  "permits_issued_same_day" : "9"
}
, {
  "number_of_applications_recieved" : "23",
  "percent_permits_issued_same_day" : "22",
  "date_application_recieved" : "2013-04-17T00:00:00",
  "permits_issued_same_day" : "5"
}
, {
  "number_of_applications_recieved" : "25",
  "percent_permits_issued_same_day" : "32",
  "date_application_recieved" : "2013-04-16T00:00:00",
  "permits_issued_same_day" : "8"
}
, {
  "number_of_applications_recieved" : "18",
  "percent_permits_issued_same_day" : "61",
  "date_application_recieved" : "2013-04-15T00:00:00",
  "permits_issued_same_day" : "11"
}
, {
  "number_of_applications_recieved" : "24",
  "percent_permits_issued_same_day" : "21",
  "date_application_recieved" : "2013-04-12T00:00:00",
  "permits_issued_same_day" : "5"
}
, {
  "number_of_applications_recieved" : "21",
  "percent_permits_issued_same_day" : "57",
  "date_application_recieved" : "2013-04-11T00:00:00",
  "permits_issued_same_day" : "12"
}
, {
  "number_of_applications_recieved" : "14",
  "percent_permits_issued_same_day" : "43",
  "date_application_recieved" : "2013-04-10T00:00:00",
  "permits_issued_same_day" : "6"
}
, {
  "number_of_applications_recieved" : "21",
  "percent_permits_issued_same_day" : "48",
  "date_application_recieved" : "2013-04-09T00:00:00",
  "permits_issued_same_day" : "10"
}
, {
  "number_of_applications_recieved" : "14",
  "percent_permits_issued_same_day" : "57",
  "date_application_recieved" : "2013-04-08T00:00:00",
  "permits_issued_same_day" : "8"
}
, {
  "number_of_applications_recieved" : "23",
  "percent_permits_issued_same_day" : "65",
  "date_application_recieved" : "2013-04-05T00:00:00",
  "permits_issued_same_day" : "15"
}
, {
  "number_of_applications_recieved" : "14",
  "percent_permits_issued_same_day" : "64",
  "date_application_recieved" : "2013-04-04T00:00:00",
  "permits_issued_same_day" : "9"
}
, {
  "number_of_applications_recieved" : "17",
  "percent_permits_issued_same_day" : "47",
  "date_application_recieved" : "2013-04-03T00:00:00",
  "permits_issued_same_day" : "8"
}
, {
  "number_of_applications_recieved" : "22",
  "percent_permits_issued_same_day" : "18",
  "date_application_recieved" : "2013-04-02T00:00:00",
  "permits_issued_same_day" : "4"
}
, {
  "number_of_applications_recieved" : "23",
  "percent_permits_issued_same_day" : "35",
  "date_application_recieved" : "2013-04-01T00:00:00",
  "permits_issued_same_day" : "8"
}
, {
  "number_of_applications_recieved" : "6",
  "percent_permits_issued_same_day" : "50",
  "date_application_recieved" : "2013-03-28T00:00:00",
  "permits_issued_same_day" : "3"
}
, {
  "number_of_applications_recieved" : "15",
  "percent_permits_issued_same_day" : "47",
  "date_application_recieved" : "2013-03-27T00:00:00",
  "permits_issued_same_day" : "7"
}
, {
  "number_of_applications_recieved" : "21",
  "percent_permits_issued_same_day" : "5",
  "date_application_recieved" : "2013-03-26T00:00:00",
  "permits_issued_same_day" : "1"
}
, {
  "number_of_applications_recieved" : "27",
  "percent_permits_issued_same_day" : "26",
  "date_application_recieved" : "2013-03-25T00:00:00",
  "permits_issued_same_day" : "7"
}
, {
  "number_of_applications_recieved" : "22",
  "percent_permits_issued_same_day" : "55",
  "date_application_recieved" : "2013-03-22T00:00:00",
  "permits_issued_same_day" : "12"
}
, {
  "number_of_applications_recieved" : "19",
  "percent_permits_issued_same_day" : "42",
  "date_application_recieved" : "2013-03-21T00:00:00",
  "permits_issued_same_day" : "8"
}
, {
  "number_of_applications_recieved" : "13",
  "percent_permits_issued_same_day" : "31",
  "date_application_recieved" : "2013-03-20T00:00:00",
  "permits_issued_same_day" : "4"
}
, {
  "number_of_applications_recieved" : "20",
  "percent_permits_issued_same_day" : "50",
  "date_application_recieved" : "2013-03-19T00:00:00",
  "permits_issued_same_day" : "10"
}
, {
  "number_of_applications_recieved" : "18",
  "percent_permits_issued_same_day" : "33",
  "date_application_recieved" : "2013-03-18T00:00:00",
  "permits_issued_same_day" : "6"
}
, {
  "number_of_applications_recieved" : "14",
  "percent_permits_issued_same_day" : "36",
  "date_application_recieved" : "2013-03-15T00:00:00",
  "permits_issued_same_day" : "5"
}
, {
  "number_of_applications_recieved" : "16",
  "percent_permits_issued_same_day" : "25",
  "date_application_recieved" : "2013-03-14T00:00:00",
  "permits_issued_same_day" : "4"
}
, {
  "number_of_applications_recieved" : "13",
  "percent_permits_issued_same_day" : "62",
  "date_application_recieved" : "2013-03-13T00:00:00",
  "permits_issued_same_day" : "8"
}
, {
  "number_of_applications_recieved" : "28",
  "percent_permits_issued_same_day" : "46",
  "date_application_recieved" : "2013-03-12T00:00:00",
  "permits_issued_same_day" : "13"
}
, {
  "number_of_applications_recieved" : "25",
  "percent_permits_issued_same_day" : "52",
  "date_application_recieved" : "2013-03-11T00:00:00",
  "permits_issued_same_day" : "13"
}
, {
  "number_of_applications_recieved" : "7",
  "percent_permits_issued_same_day" : "57",
  "date_application_recieved" : "2013-03-08T00:00:00",
  "permits_issued_same_day" : "4"
}
, {
  "number_of_applications_recieved" : "9",
  "percent_permits_issued_same_day" : "67",
  "date_application_recieved" : "2013-03-07T00:00:00",
  "permits_issued_same_day" : "6"
}
, {
  "number_of_applications_recieved" : "14",
  "percent_permits_issued_same_day" : "43",
  "date_application_recieved" : "2013-03-06T00:00:00",
  "permits_issued_same_day" : "6"
}
, {
  "number_of_applications_recieved" : "13",
  "percent_permits_issued_same_day" : "46",
  "date_application_recieved" : "2013-03-05T00:00:00",
  "permits_issued_same_day" : "6"
}
, {
  "number_of_applications_recieved" : "20",
  "percent_permits_issued_same_day" : "40",
  "date_application_recieved" : "2013-03-04T00:00:00",
  "permits_issued_same_day" : "8"
}
, {
  "number_of_applications_recieved" : "16",
  "percent_permits_issued_same_day" : "62",
  "date_application_recieved" : "2013-03-01T00:00:00",
  "permits_issued_same_day" : "10"
}
, {
  "number_of_applications_recieved" : "14",
  "percent_permits_issued_same_day" : "57",
  "date_application_recieved" : "2013-02-28T00:00:00",
  "permits_issued_same_day" : "8"
}
, {
  "number_of_applications_recieved" : "8",
  "percent_permits_issued_same_day" : "38",
  "date_application_recieved" : "2013-02-27T00:00:00",
  "permits_issued_same_day" : "3"
}
, {
  "number_of_applications_recieved" : "15",
  "percent_permits_issued_same_day" : "53",
  "date_application_recieved" : "2013-02-26T00:00:00",
  "permits_issued_same_day" : "8"
}
, {
  "number_of_applications_recieved" : "25",
  "percent_permits_issued_same_day" : "48",
  "date_application_recieved" : "2013-02-25T00:00:00",
  "permits_issued_same_day" : "12"
}
, {
  "number_of_applications_recieved" : "26",
  "percent_permits_issued_same_day" : "54",
  "date_application_recieved" : "2013-02-22T00:00:00",
  "permits_issued_same_day" : "14"
}
, {
  "number_of_applications_recieved" : "7",
  "percent_permits_issued_same_day" : "29",
  "date_application_recieved" : "2013-02-21T00:00:00",
  "permits_issued_same_day" : "2"
}
, {
  "number_of_applications_recieved" : "20",
  "percent_permits_issued_same_day" : "55",
  "date_application_recieved" : "2013-02-20T00:00:00",
  "permits_issued_same_day" : "11"
}
, {
  "number_of_applications_recieved" : "18",
  "percent_permits_issued_same_day" : "22",
  "date_application_recieved" : "2013-02-19T00:00:00",
  "permits_issued_same_day" : "4"
}
, {
  "number_of_applications_recieved" : "10",
  "percent_permits_issued_same_day" : "60",
  "date_application_recieved" : "2013-02-15T00:00:00",
  "permits_issued_same_day" : "6"
}
, {
  "number_of_applications_recieved" : "10",
  "percent_permits_issued_same_day" : "30",
  "date_application_recieved" : "2013-02-14T00:00:00",
  "permits_issued_same_day" : "3"
}
, {
  "number_of_applications_recieved" : "16",
  "percent_permits_issued_same_day" : "31",
  "date_application_recieved" : "2013-02-13T00:00:00",
  "permits_issued_same_day" : "5"
}
, {
  "number_of_applications_recieved" : "2",
  "percent_permits_issued_same_day" : "50",
  "date_application_recieved" : "2013-02-08T00:00:00",
  "permits_issued_same_day" : "1"
}
, {
  "number_of_applications_recieved" : "11",
  "percent_permits_issued_same_day" : "27",
  "date_application_recieved" : "2013-02-07T00:00:00",
  "permits_issued_same_day" : "3"
}
, {
  "number_of_applications_recieved" : "12",
  "percent_permits_issued_same_day" : "58",
  "date_application_recieved" : "2013-02-06T00:00:00",
  "permits_issued_same_day" : "7"
}
, {
  "number_of_applications_recieved" : "6",
  "percent_permits_issued_same_day" : "83",
  "date_application_recieved" : "2013-02-05T00:00:00",
  "permits_issued_same_day" : "5"
}
, {
  "number_of_applications_recieved" : "11",
  "percent_permits_issued_same_day" : "45",
  "date_application_recieved" : "2013-02-04T00:00:00",
  "permits_issued_same_day" : "5"
}
, {
  "number_of_applications_recieved" : "13",
  "percent_permits_issued_same_day" : "62",
  "date_application_recieved" : "2013-02-01T00:00:00",
  "permits_issued_same_day" : "8"
}
, {
  "number_of_applications_recieved" : "24",
  "percent_permits_issued_same_day" : "42",
  "date_application_recieved" : "2013-01-31T00:00:00",
  "permits_issued_same_day" : "10"
}
, {
  "number_of_applications_recieved" : "17",
  "percent_permits_issued_same_day" : "29",
  "date_application_recieved" : "2013-01-30T00:00:00",
  "permits_issued_same_day" : "5"
}
, {
  "number_of_applications_recieved" : "31",
  "percent_permits_issued_same_day" : "6",
  "date_application_recieved" : "2013-01-29T00:00:00",
  "permits_issued_same_day" : "2"
}
, {
  "number_of_applications_recieved" : "24",
  "percent_permits_issued_same_day" : "8",
  "date_application_recieved" : "2013-01-28T00:00:00",
  "permits_issued_same_day" : "2"
}
, {
  "number_of_applications_recieved" : "17",
  "percent_permits_issued_same_day" : "12",
  "date_application_recieved" : "2013-01-25T00:00:00",
  "permits_issued_same_day" : "2"
}
, {
  "number_of_applications_recieved" : "14",
  "percent_permits_issued_same_day" : "43",
  "date_application_recieved" : "2013-01-24T00:00:00",
  "permits_issued_same_day" : "6"
}
, {
  "number_of_applications_recieved" : "20",
  "percent_permits_issued_same_day" : "45",
  "date_application_recieved" : "2013-01-23T00:00:00",
  "permits_issued_same_day" : "9"
}
, {
  "number_of_applications_recieved" : "13",
  "percent_permits_issued_same_day" : "38",
  "date_application_recieved" : "2013-01-22T00:00:00",
  "permits_issued_same_day" : "5"
}
, {
  "number_of_applications_recieved" : "9",
  "percent_permits_issued_same_day" : "11",
  "date_application_recieved" : "2013-01-18T00:00:00",
  "permits_issued_same_day" : "1"
}
, {
  "number_of_applications_recieved" : "6",
  "percent_permits_issued_same_day" : "50",
  "date_application_recieved" : "2013-01-17T00:00:00",
  "permits_issued_same_day" : "3"
}
, {
  "number_of_applications_recieved" : "9",
  "percent_permits_issued_same_day" : "33",
  "date_application_recieved" : "2013-01-16T00:00:00",
  "permits_issued_same_day" : "3"
}
, {
  "number_of_applications_recieved" : "46",
  "percent_permits_issued_same_day" : "30",
  "date_application_recieved" : "2013-01-15T00:00:00",
  "permits_issued_same_day" : "14"
}
, {
  "number_of_applications_recieved" : "16",
  "percent_permits_issued_same_day" : "38",
  "date_application_recieved" : "2013-01-14T00:00:00",
  "permits_issued_same_day" : "6"
}
, {
  "number_of_applications_recieved" : "6",
  "percent_permits_issued_same_day" : "50",
  "date_application_recieved" : "2013-01-11T00:00:00",
  "permits_issued_same_day" : "3"
}
, {
  "number_of_applications_recieved" : "19",
  "percent_permits_issued_same_day" : "84",
  "date_application_recieved" : "2013-01-10T00:00:00",
  "permits_issued_same_day" : "16"
}
, {
  "number_of_applications_recieved" : "16",
  "percent_permits_issued_same_day" : "12",
  "date_application_recieved" : "2013-01-09T00:00:00",
  "permits_issued_same_day" : "2"
}
, {
  "number_of_applications_recieved" : "27",
  "percent_permits_issued_same_day" : "37",
  "date_application_recieved" : "2013-01-08T00:00:00",
  "permits_issued_same_day" : "10"
}
, {
  "number_of_applications_recieved" : "10",
  "percent_permits_issued_same_day" : "30",
  "date_application_recieved" : "2013-01-07T00:00:00",
  "permits_issued_same_day" : "3"
}
, {
  "number_of_applications_recieved" : "10",
  "percent_permits_issued_same_day" : "10",
  "date_application_recieved" : "2013-01-04T00:00:00",
  "permits_issued_same_day" : "1"
}
, {
  "number_of_applications_recieved" : "7",
  "percent_permits_issued_same_day" : "29",
  "date_application_recieved" : "2013-01-03T00:00:00",
  "permits_issued_same_day" : "2"
}
, {
  "number_of_applications_recieved" : "18",
  "percent_permits_issued_same_day" : "22",
  "date_application_recieved" : "2013-01-02T00:00:00",
  "permits_issued_same_day" : "4"
}
, {
  "number_of_applications_recieved" : "14",
  "percent_permits_issued_same_day" : "50",
  "date_application_recieved" : "2012-12-31T00:00:00",
  "permits_issued_same_day" : "7"
}
, {
  "number_of_applications_recieved" : "13",
  "percent_permits_issued_same_day" : "46",
  "date_application_recieved" : "2012-12-28T00:00:00",
  "permits_issued_same_day" : "6"
}
, {
  "number_of_applications_recieved" : "7",
  "percent_permits_issued_same_day" : "29",
  "date_application_recieved" : "2012-12-27T00:00:00",
  "permits_issued_same_day" : "2"
}
, {
  "number_of_applications_recieved" : "6",
  "percent_permits_issued_same_day" : "0",
  "date_application_recieved" : "2012-12-26T00:00:00",
  "permits_issued_same_day" : "0"
}
, {
  "number_of_applications_recieved" : "4",
  "percent_permits_issued_same_day" : "50",
  "date_application_recieved" : "2012-12-24T00:00:00",
  "permits_issued_same_day" : "2"
}
, {
  "number_of_applications_recieved" : "16",
  "percent_permits_issued_same_day" : "50",
  "date_application_recieved" : "2012-12-21T00:00:00",
  "permits_issued_same_day" : "8"
}
, {
  "number_of_applications_recieved" : "10",
  "percent_permits_issued_same_day" : "70",
  "date_application_recieved" : "2012-12-20T00:00:00",
  "permits_issued_same_day" : "7"
}
, {
  "number_of_applications_recieved" : "21",
  "percent_permits_issued_same_day" : "52",
  "date_application_recieved" : "2012-12-19T00:00:00",
  "permits_issued_same_day" : "11"
}
, {
  "number_of_applications_recieved" : "20",
  "percent_permits_issued_same_day" : "30",
  "date_application_recieved" : "2012-12-18T00:00:00",
  "permits_issued_same_day" : "6"
}
, {
  "number_of_applications_recieved" : "19",
  "percent_permits_issued_same_day" : "11",
  "date_application_recieved" : "2012-12-17T00:00:00",
  "permits_issued_same_day" : "2"
}
, {
  "number_of_applications_recieved" : "13",
  "percent_permits_issued_same_day" : "54",
  "date_application_recieved" : "2012-12-14T00:00:00",
  "permits_issued_same_day" : "7"
}
, {
  "number_of_applications_recieved" : "20",
  "percent_permits_issued_same_day" : "25",
  "date_application_recieved" : "2012-12-13T00:00:00",
  "permits_issued_same_day" : "5"
}
, {
  "number_of_applications_recieved" : "25",
  "percent_permits_issued_same_day" : "32",
  "date_application_recieved" : "2012-12-12T00:00:00",
  "permits_issued_same_day" : "8"
}
, {
  "number_of_applications_recieved" : "18",
  "percent_permits_issued_same_day" : "56",
  "date_application_recieved" : "2012-12-11T00:00:00",
  "permits_issued_same_day" : "10"
}
, {
  "number_of_applications_recieved" : "24",
  "percent_permits_issued_same_day" : "25",
  "date_application_recieved" : "2012-12-10T00:00:00",
  "permits_issued_same_day" : "6"
}
, {
  "number_of_applications_recieved" : "15",
  "percent_permits_issued_same_day" : "13",
  "date_application_recieved" : "2012-12-07T00:00:00",
  "permits_issued_same_day" : "2"
}
, {
  "number_of_applications_recieved" : "19",
  "percent_permits_issued_same_day" : "37",
  "date_application_recieved" : "2012-12-06T00:00:00",
  "permits_issued_same_day" : "7"
}
, {
  "number_of_applications_recieved" : "11",
  "percent_permits_issued_same_day" : "27",
  "date_application_recieved" : "2012-12-05T00:00:00",
  "permits_issued_same_day" : "3"
}
, {
  "number_of_applications_recieved" : "44",
  "percent_permits_issued_same_day" : "18",
  "date_application_recieved" : "2012-12-04T00:00:00",
  "permits_issued_same_day" : "8"
}
, {
  "number_of_applications_recieved" : "12",
  "percent_permits_issued_same_day" : "50",
  "date_application_recieved" : "2012-12-03T00:00:00",
  "permits_issued_same_day" : "6"
}
, {
  "number_of_applications_recieved" : "23",
  "percent_permits_issued_same_day" : "22",
  "date_application_recieved" : "2012-11-30T00:00:00",
  "permits_issued_same_day" : "5"
}
, {
  "number_of_applications_recieved" : "10",
  "percent_permits_issued_same_day" : "30",
  "date_application_recieved" : "2012-11-29T00:00:00",
  "permits_issued_same_day" : "3"
}
, {
  "number_of_applications_recieved" : "24",
  "percent_permits_issued_same_day" : "21",
  "date_application_recieved" : "2012-11-28T00:00:00",
  "permits_issued_same_day" : "5"
}
, {
  "number_of_applications_recieved" : "17",
  "percent_permits_issued_same_day" : "41",
  "date_application_recieved" : "2012-11-27T00:00:00",
  "permits_issued_same_day" : "7"
}
, {
  "number_of_applications_recieved" : "18",
  "percent_permits_issued_same_day" : "33",
  "date_application_recieved" : "2012-11-26T00:00:00",
  "permits_issued_same_day" : "6"
}
, {
  "number_of_applications_recieved" : "6",
  "percent_permits_issued_same_day" : "17",
  "date_application_recieved" : "2012-11-23T00:00:00",
  "permits_issued_same_day" : "1"
}
, {
  "number_of_applications_recieved" : "14",
  "percent_permits_issued_same_day" : "57",
  "date_application_recieved" : "2012-11-21T00:00:00",
  "permits_issued_same_day" : "8"
}
, {
  "number_of_applications_recieved" : "20",
  "percent_permits_issued_same_day" : "50",
  "date_application_recieved" : "2012-11-20T00:00:00",
  "permits_issued_same_day" : "10"
}
, {
  "number_of_applications_recieved" : "21",
  "percent_permits_issued_same_day" : "29",
  "date_application_recieved" : "2012-11-19T00:00:00",
  "permits_issued_same_day" : "6"
}
, {
  "number_of_applications_recieved" : "12",
  "percent_permits_issued_same_day" : "17",
  "date_application_recieved" : "2012-11-16T00:00:00",
  "permits_issued_same_day" : "2"
}
, {
  "number_of_applications_recieved" : "17",
  "percent_permits_issued_same_day" : "59",
  "date_application_recieved" : "2012-11-15T00:00:00",
  "permits_issued_same_day" : "10"
}
, {
  "number_of_applications_recieved" : "24",
  "percent_permits_issued_same_day" : "33",
  "date_application_recieved" : "2012-11-14T00:00:00",
  "permits_issued_same_day" : "8"
}
, {
  "number_of_applications_recieved" : "30",
  "percent_permits_issued_same_day" : "50",
  "date_application_recieved" : "2012-11-13T00:00:00",
  "permits_issued_same_day" : "15"
}
, {
  "number_of_applications_recieved" : "15",
  "percent_permits_issued_same_day" : "67",
  "date_application_recieved" : "2012-11-09T00:00:00",
  "permits_issued_same_day" : "10"
}
, {
  "number_of_applications_recieved" : "17",
  "percent_permits_issued_same_day" : "29",
  "date_application_recieved" : "2012-11-08T00:00:00",
  "permits_issued_same_day" : "5"
}
, {
  "number_of_applications_recieved" : "25",
  "percent_permits_issued_same_day" : "20",
  "date_application_recieved" : "2012-11-07T00:00:00",
  "permits_issued_same_day" : "5"
}
, {
  "number_of_applications_recieved" : "20",
  "percent_permits_issued_same_day" : "55",
  "date_application_recieved" : "2012-11-06T00:00:00",
  "permits_issued_same_day" : "11"
}
, {
  "number_of_applications_recieved" : "22",
  "percent_permits_issued_same_day" : "27",
  "date_application_recieved" : "2012-11-05T00:00:00",
  "permits_issued_same_day" : "6"
}
, {
  "number_of_applications_recieved" : "22",
  "percent_permits_issued_same_day" : "55",
  "date_application_recieved" : "2012-11-02T00:00:00",
  "permits_issued_same_day" : "12"
}
, {
  "number_of_applications_recieved" : "10",
  "percent_permits_issued_same_day" : "50",
  "date_application_recieved" : "2012-11-01T00:00:00",
  "permits_issued_same_day" : "5"
}
, {
  "number_of_applications_recieved" : "34",
  "percent_permits_issued_same_day" : "26",
  "date_application_recieved" : "2012-10-31T00:00:00",
  "permits_issued_same_day" : "9"
}
, {
  "number_of_applications_recieved" : "33",
  "percent_permits_issued_same_day" : "45",
  "date_application_recieved" : "2012-10-26T00:00:00",
  "permits_issued_same_day" : "15"
}
, {
  "number_of_applications_recieved" : "29",
  "percent_permits_issued_same_day" : "10",
  "date_application_recieved" : "2012-10-25T00:00:00",
  "permits_issued_same_day" : "3"
}
, {
  "number_of_applications_recieved" : "18",
  "percent_permits_issued_same_day" : "22",
  "date_application_recieved" : "2012-10-24T00:00:00",
  "permits_issued_same_day" : "4"
}
, {
  "number_of_applications_recieved" : "14",
  "percent_permits_issued_same_day" : "29",
  "date_application_recieved" : "2012-10-23T00:00:00",
  "permits_issued_same_day" : "4"
}
, {
  "number_of_applications_recieved" : "28",
  "percent_permits_issued_same_day" : "29",
  "date_application_recieved" : "2012-10-22T00:00:00",
  "permits_issued_same_day" : "8"
}
, {
  "number_of_applications_recieved" : "25",
  "percent_permits_issued_same_day" : "12",
  "date_application_recieved" : "2012-10-19T00:00:00",
  "permits_issued_same_day" : "3"
}
, {
  "number_of_applications_recieved" : "12",
  "percent_permits_issued_same_day" : "33",
  "date_application_recieved" : "2012-10-18T00:00:00",
  "permits_issued_same_day" : "4"
}
, {
  "number_of_applications_recieved" : "21",
  "percent_permits_issued_same_day" : "52",
  "date_application_recieved" : "2012-10-17T00:00:00",
  "permits_issued_same_day" : "11"
}
, {
  "number_of_applications_recieved" : "16",
  "percent_permits_issued_same_day" : "44",
  "date_application_recieved" : "2012-10-16T00:00:00",
  "permits_issued_same_day" : "7"
}
, {
  "number_of_applications_recieved" : "29",
  "percent_permits_issued_same_day" : "45",
  "date_application_recieved" : "2012-10-15T00:00:00",
  "permits_issued_same_day" : "13"
}
, {
  "number_of_applications_recieved" : "11",
  "percent_permits_issued_same_day" : "45",
  "date_application_recieved" : "2012-10-12T00:00:00",
  "permits_issued_same_day" : "5"
}
, {
  "number_of_applications_recieved" : "27",
  "percent_permits_issued_same_day" : "37",
  "date_application_recieved" : "2012-10-11T00:00:00",
  "permits_issued_same_day" : "10"
}
, {
  "number_of_applications_recieved" : "20",
  "percent_permits_issued_same_day" : "5",
  "date_application_recieved" : "2012-10-10T00:00:00",
  "permits_issued_same_day" : "1"
}
, {
  "number_of_applications_recieved" : "16",
  "percent_permits_issued_same_day" : "56",
  "date_application_recieved" : "2012-10-09T00:00:00",
  "permits_issued_same_day" : "9"
}
, {
  "number_of_applications_recieved" : "21",
  "percent_permits_issued_same_day" : "14",
  "date_application_recieved" : "2012-10-05T00:00:00",
  "permits_issued_same_day" : "3"
}
, {
  "number_of_applications_recieved" : "26",
  "percent_permits_issued_same_day" : "12",
  "date_application_recieved" : "2012-10-04T00:00:00",
  "permits_issued_same_day" : "3"
}
, {
  "number_of_applications_recieved" : "28",
  "percent_permits_issued_same_day" : "64",
  "date_application_recieved" : "2012-10-03T00:00:00",
  "permits_issued_same_day" : "18"
}
, {
  "number_of_applications_recieved" : "18",
  "percent_permits_issued_same_day" : "22",
  "date_application_recieved" : "2012-10-02T00:00:00",
  "permits_issued_same_day" : "4"
}
, {
  "number_of_applications_recieved" : "20",
  "percent_permits_issued_same_day" : "30",
  "date_application_recieved" : "2012-10-01T00:00:00",
  "permits_issued_same_day" : "6"
}
, {
  "number_of_applications_recieved" : "20",
  "percent_permits_issued_same_day" : "15",
  "date_application_recieved" : "2012-09-28T00:00:00",
  "permits_issued_same_day" : "3"
}
, {
  "number_of_applications_recieved" : "22",
  "percent_permits_issued_same_day" : "23",
  "date_application_recieved" : "2012-09-27T00:00:00",
  "permits_issued_same_day" : "5"
}
, {
  "number_of_applications_recieved" : "16",
  "percent_permits_issued_same_day" : "50",
  "date_application_recieved" : "2012-09-26T00:00:00",
  "permits_issued_same_day" : "8"
}
, {
  "number_of_applications_recieved" : "26",
  "percent_permits_issued_same_day" : "35",
  "date_application_recieved" : "2012-09-25T00:00:00",
  "permits_issued_same_day" : "9"
}
, {
  "number_of_applications_recieved" : "13",
  "percent_permits_issued_same_day" : "38",
  "date_application_recieved" : "2012-09-24T00:00:00",
  "permits_issued_same_day" : "5"
}
, {
  "number_of_applications_recieved" : "17",
  "percent_permits_issued_same_day" : "29",
  "date_application_recieved" : "2012-09-21T00:00:00",
  "permits_issued_same_day" : "5"
}
, {
  "number_of_applications_recieved" : "18",
  "percent_permits_issued_same_day" : "17",
  "date_application_recieved" : "2012-09-20T00:00:00",
  "permits_issued_same_day" : "3"
}
, {
  "number_of_applications_recieved" : "20",
  "percent_permits_issued_same_day" : "55",
  "date_application_recieved" : "2012-09-19T00:00:00",
  "permits_issued_same_day" : "11"
}
, {
  "number_of_applications_recieved" : "16",
  "percent_permits_issued_same_day" : "31",
  "date_application_recieved" : "2012-09-18T00:00:00",
  "permits_issued_same_day" : "5"
}
, {
  "number_of_applications_recieved" : "24",
  "percent_permits_issued_same_day" : "17",
  "date_application_recieved" : "2012-09-17T00:00:00",
  "permits_issued_same_day" : "4"
}
, {
  "number_of_applications_recieved" : "13",
  "percent_permits_issued_same_day" : "54",
  "date_application_recieved" : "2012-09-14T00:00:00",
  "permits_issued_same_day" : "7"
}
, {
  "number_of_applications_recieved" : "23",
  "percent_permits_issued_same_day" : "35",
  "date_application_recieved" : "2012-09-13T00:00:00",
  "permits_issued_same_day" : "8"
}
, {
  "number_of_applications_recieved" : "21",
  "percent_permits_issued_same_day" : "10",
  "date_application_recieved" : "2012-09-12T00:00:00",
  "permits_issued_same_day" : "2"
}
, {
  "number_of_applications_recieved" : "8",
  "percent_permits_issued_same_day" : "50",
  "date_application_recieved" : "2012-09-11T00:00:00",
  "permits_issued_same_day" : "4"
}
, {
  "number_of_applications_recieved" : "13",
  "percent_permits_issued_same_day" : "8",
  "date_application_recieved" : "2012-09-10T00:00:00",
  "permits_issued_same_day" : "1"
}
, {
  "number_of_applications_recieved" : "13",
  "percent_permits_issued_same_day" : "8",
  "date_application_recieved" : "2012-09-07T00:00:00",
  "permits_issued_same_day" : "1"
}
, {
  "number_of_applications_recieved" : "10",
  "percent_permits_issued_same_day" : "30",
  "date_application_recieved" : "2012-09-06T00:00:00",
  "permits_issued_same_day" : "3"
}
, {
  "number_of_applications_recieved" : "11",
  "percent_permits_issued_same_day" : "18",
  "date_application_recieved" : "2012-09-05T00:00:00",
  "permits_issued_same_day" : "2"
}
, {
  "number_of_applications_recieved" : "16",
  "percent_permits_issued_same_day" : "19",
  "date_application_recieved" : "2012-09-04T00:00:00",
  "permits_issued_same_day" : "3"
}
, {
  "number_of_applications_recieved" : "27",
  "percent_permits_issued_same_day" : "0",
  "date_application_recieved" : "2012-08-31T00:00:00",
  "permits_issued_same_day" : "0"
}
, {
  "number_of_applications_recieved" : "24",
  "percent_permits_issued_same_day" : "0",
  "date_application_recieved" : "2012-08-30T00:00:00",
  "permits_issued_same_day" : "0"
}
, {
  "number_of_applications_recieved" : "16",
  "percent_permits_issued_same_day" : "12",
  "date_application_recieved" : "2012-08-29T00:00:00",
  "permits_issued_same_day" : "2"
}
, {
  "number_of_applications_recieved" : "15",
  "percent_permits_issued_same_day" : "7",
  "date_application_recieved" : "2012-08-28T00:00:00",
  "permits_issued_same_day" : "1"
}
, {
  "number_of_applications_recieved" : "13",
  "percent_permits_issued_same_day" : "8",
  "date_application_recieved" : "2012-08-27T00:00:00",
  "permits_issued_same_day" : "1"
}
, {
  "number_of_applications_recieved" : "19",
  "percent_permits_issued_same_day" : "5",
  "date_application_recieved" : "2012-08-24T00:00:00",
  "permits_issued_same_day" : "1"
}
, {
  "number_of_applications_recieved" : "46",
  "percent_permits_issued_same_day" : "4",
  "date_application_recieved" : "2012-08-23T00:00:00",
  "permits_issued_same_day" : "2"
}
, {
  "number_of_applications_recieved" : "19",
  "percent_permits_issued_same_day" : "16",
  "date_application_recieved" : "2012-08-22T00:00:00",
  "permits_issued_same_day" : "3"
}
, {
  "number_of_applications_recieved" : "24",
  "percent_permits_issued_same_day" : "8",
  "date_application_recieved" : "2012-08-21T00:00:00",
  "permits_issued_same_day" : "2"
}
, {
  "number_of_applications_recieved" : "16",
  "percent_permits_issued_same_day" : "6",
  "date_application_recieved" : "2012-08-20T00:00:00",
  "permits_issued_same_day" : "1"
}
, {
  "number_of_applications_recieved" : "10",
  "percent_permits_issued_same_day" : "10",
  "date_application_recieved" : "2012-08-17T00:00:00",
  "permits_issued_same_day" : "1"
}
, {
  "number_of_applications_recieved" : "37",
  "percent_permits_issued_same_day" : "11",
  "date_application_recieved" : "2012-08-16T00:00:00",
  "permits_issued_same_day" : "4"
}
, {
  "number_of_applications_recieved" : "20",
  "percent_permits_issued_same_day" : "5",
  "date_application_recieved" : "2012-08-15T00:00:00",
  "permits_issued_same_day" : "1"
}
, {
  "number_of_applications_recieved" : "12",
  "percent_permits_issued_same_day" : "0",
  "date_application_recieved" : "2012-08-14T00:00:00",
  "permits_issued_same_day" : "0"
}
, {
  "number_of_applications_recieved" : "21",
  "percent_permits_issued_same_day" : "0",
  "date_application_recieved" : "2012-08-13T00:00:00",
  "permits_issued_same_day" : "0"
}
, {
  "number_of_applications_recieved" : "14",
  "percent_permits_issued_same_day" : "0",
  "date_application_recieved" : "2012-08-10T00:00:00",
  "permits_issued_same_day" : "0"
}
, {
  "number_of_applications_recieved" : "22",
  "percent_permits_issued_same_day" : "0",
  "date_application_recieved" : "2012-08-09T00:00:00",
  "permits_issued_same_day" : "0"
}
, {
  "number_of_applications_recieved" : "16",
  "percent_permits_issued_same_day" : "0",
  "date_application_recieved" : "2012-08-08T00:00:00",
  "permits_issued_same_day" : "0"
}
, {
  "number_of_applications_recieved" : "16",
  "percent_permits_issued_same_day" : "6",
  "date_application_recieved" : "2012-08-07T00:00:00",
  "permits_issued_same_day" : "1"
}
, {
  "number_of_applications_recieved" : "15",
  "percent_permits_issued_same_day" : "13",
  "date_application_recieved" : "2012-08-06T00:00:00",
  "permits_issued_same_day" : "2"
}
, {
  "number_of_applications_recieved" : "14",
  "percent_permits_issued_same_day" : "0",
  "date_application_recieved" : "2012-08-03T00:00:00",
  "permits_issued_same_day" : "0"
}
, {
  "number_of_applications_recieved" : "18",
  "percent_permits_issued_same_day" : "0",
  "date_application_recieved" : "2012-08-02T00:00:00",
  "permits_issued_same_day" : "0"
}
, {
  "number_of_applications_recieved" : "18",
  "percent_permits_issued_same_day" : "11",
  "date_application_recieved" : "2012-08-01T00:00:00",
  "permits_issued_same_day" : "2"
}
, {
  "number_of_applications_recieved" : "47",
  "percent_permits_issued_same_day" : "0",
  "date_application_recieved" : "2012-07-31T00:00:00",
  "permits_issued_same_day" : "0"
}
, {
  "number_of_applications_recieved" : "22",
  "percent_permits_issued_same_day" : "9",
  "date_application_recieved" : "2012-07-30T00:00:00",
  "permits_issued_same_day" : "2"
}
, {
  "number_of_applications_recieved" : "13",
  "percent_permits_issued_same_day" : "0",
  "date_application_recieved" : "2012-07-27T00:00:00",
  "permits_issued_same_day" : "0"
}
, {
  "number_of_applications_recieved" : "17",
  "percent_permits_issued_same_day" : "0",
  "date_application_recieved" : "2012-07-26T00:00:00",
  "permits_issued_same_day" : "0"
}
, {
  "number_of_applications_recieved" : "24",
  "percent_permits_issued_same_day" : "4",
  "date_application_recieved" : "2012-07-25T00:00:00",
  "permits_issued_same_day" : "1"
}
, {
  "number_of_applications_recieved" : "14",
  "percent_permits_issued_same_day" : "0",
  "date_application_recieved" : "2012-07-24T00:00:00",
  "permits_issued_same_day" : "0"
}
, {
  "number_of_applications_recieved" : "11",
  "percent_permits_issued_same_day" : "0",
  "date_application_recieved" : "2012-07-23T00:00:00",
  "permits_issued_same_day" : "0"
}
, {
  "number_of_applications_recieved" : "10",
  "percent_permits_issued_same_day" : "0",
  "date_application_recieved" : "2012-07-20T00:00:00",
  "permits_issued_same_day" : "0"
}
, {
  "number_of_applications_recieved" : "12",
  "percent_permits_issued_same_day" : "0",
  "date_application_recieved" : "2012-07-19T00:00:00",
  "permits_issued_same_day" : "0"
}
, {
  "number_of_applications_recieved" : "21",
  "percent_permits_issued_same_day" : "0",
  "date_application_recieved" : "2012-07-18T00:00:00",
  "permits_issued_same_day" : "0"
}
, {
  "number_of_applications_recieved" : "27",
  "percent_permits_issued_same_day" : "0",
  "date_application_recieved" : "2012-07-17T00:00:00",
  "permits_issued_same_day" : "0"
}
, {
  "number_of_applications_recieved" : "25",
  "percent_permits_issued_same_day" : "4",
  "date_application_recieved" : "2012-07-16T00:00:00",
  "permits_issued_same_day" : "1"
}
, {
  "number_of_applications_recieved" : "18",
  "percent_permits_issued_same_day" : "0",
  "date_application_recieved" : "2012-07-13T00:00:00",
  "permits_issued_same_day" : "0"
}
, {
  "number_of_applications_recieved" : "18",
  "percent_permits_issued_same_day" : "0",
  "date_application_recieved" : "2012-07-12T00:00:00",
  "permits_issued_same_day" : "0"
}
, {
  "number_of_applications_recieved" : "28",
  "percent_permits_issued_same_day" : "0",
  "date_application_recieved" : "2012-07-11T00:00:00",
  "permits_issued_same_day" : "0"
}
, {
  "number_of_applications_recieved" : "26",
  "percent_permits_issued_same_day" : "0",
  "date_application_recieved" : "2012-07-10T00:00:00",
  "permits_issued_same_day" : "0"
}
, {
  "number_of_applications_recieved" : "23",
  "percent_permits_issued_same_day" : "0",
  "date_application_recieved" : "2012-07-09T00:00:00",
  "permits_issued_same_day" : "0"
}
, {
  "number_of_applications_recieved" : "18",
  "percent_permits_issued_same_day" : "0",
  "date_application_recieved" : "2012-07-06T00:00:00",
  "permits_issued_same_day" : "0"
}
, {
  "number_of_applications_recieved" : "15",
  "percent_permits_issued_same_day" : "0",
  "date_application_recieved" : "2012-07-05T00:00:00",
  "permits_issued_same_day" : "0"
}
, {
  "number_of_applications_recieved" : "21",
  "percent_permits_issued_same_day" : "0",
  "date_application_recieved" : "2012-07-03T00:00:00",
  "permits_issued_same_day" : "0"
}
, {
  "number_of_applications_recieved" : "20",
  "percent_permits_issued_same_day" : "0",
  "date_application_recieved" : "2012-07-02T00:00:00",
  "permits_issued_same_day" : "0"
}
 ]