{
  "id" : "5upe-dp4n",
  "name" : "First Five Point Map",
  "attribution" : "Department of Economic and Community Development",
  "averageRating" : 0,
  "category" : "Business",
  "createdAt" : 1395933549,
  "description" : "This map is a visualization of the First Five projects in the Department of Economic and Community Development - Business Assistance Portfolio dataset. This map is updated in accordance with with the schedule of that dataset",
  "displayType" : "map",
  "downloadCount" : 41,
  "indexUpdatedAt" : 1442333080,
  "moderationStatus" : true,
  "newBackend" : false,
  "numberOfComments" : 0,
  "oid" : 12768290,
  "publicationAppendEnabled" : false,
  "publicationDate" : 1439223649,
  "publicationGroup" : 1524342,
  "publicationStage" : "published",
  "rowsUpdatedAt" : 1439221565,
  "rowsUpdatedBy" : "nbd6-fawc",
  "tableId" : 3936658,
  "totalTimesRated" : 0,
  "viewCount" : 299,
  "viewLastModified" : 1442326603,
  "viewType" : "tabular",
  "columns" : [ {
    "id" : 216867823,
    "name" : "Fiscal Year",
    "dataTypeName" : "text",
    "description" : "Based on State Fiscal Year that the contract was signed.",
    "fieldName" : "fiscal_year",
    "position" : 1,
    "renderTypeName" : "text",
    "tableColumnId" : 18844378,
    "width" : 156,
    "cachedContents" : {
      "non_null" : 8,
      "smallest" : "2012",
      "null" : 0,
      "largest" : "2015",
      "top" : [ {
        "count" : 20,
        "item" : "2013"
      }, {
        "count" : 19,
        "item" : "2014"
      }, {
        "count" : 18,
        "item" : "2012"
      }, {
        "count" : 17,
        "item" : "2015"
      } ]
    },
    "format" : {
      "align" : "left"
    }
  }, {
    "id" : 216867824,
    "name" : "Company",
    "dataTypeName" : "text",
    "description" : "Entity receiving financial assistance from DECD.  Company’s with an “*” also received Urban and Industrial Site Reinvestment tax credits.",
    "fieldName" : "company",
    "position" : 2,
    "renderTypeName" : "text",
    "tableColumnId" : 18844379,
    "width" : 361,
    "cachedContents" : {
      "non_null" : 8,
      "smallest" : "Alexion Pharmaceuticals, Inc*",
      "null" : 0,
      "largest" : "Sustainable Building Systems*",
      "top" : [ {
        "count" : 20,
        "item" : "Alexion Pharmaceuticals, Inc*"
      }, {
        "count" : 19,
        "item" : "CareCentrix, Inc."
      }, {
        "count" : 18,
        "item" : "Charter Communications Holding Company, LLC"
      }, {
        "count" : 17,
        "item" : "Cigna Health & Life Insurance, Company*"
      }, {
        "count" : 16,
        "item" : "Navigators Management Company, Inc."
      }, {
        "count" : 15,
        "item" : "NBC Sports Network, LP"
      }, {
        "count" : 14,
        "item" : "EDAC Technologies Corporation*"
      }, {
        "count" : 13,
        "item" : "Sustainable Building Systems*"
      } ]
    },
    "format" : {
      "align" : "left"
    }
  }, {
    "id" : 216867825,
    "name" : "Address",
    "dataTypeName" : "text",
    "description" : "Company location",
    "fieldName" : "address",
    "position" : 3,
    "renderTypeName" : "text",
    "tableColumnId" : 18844380,
    "width" : 184,
    "cachedContents" : {
      "non_null" : 8,
      "smallest" : "100 College Street",
      "null" : 0,
      "largest" : "900 Cottage Grove Road",
      "top" : [ {
        "count" : 20,
        "item" : "100 College Street"
      }, {
        "count" : 19,
        "item" : "20 Church Street, Suite 1200"
      }, {
        "count" : 18,
        "item" : "400 Atlantic Street"
      }, {
        "count" : 17,
        "item" : "900 Cottage Grove Road"
      }, {
        "count" : 16,
        "item" : "208 Harbor Drive"
      }, {
        "count" : 15,
        "item" : "5 McKee Place"
      }, {
        "count" : 14,
        "item" : "18 Craftsman Road"
      } ]
    },
    "format" : {
      "align" : "left"
    }
  }, {
    "id" : 216867826,
    "name" : "Municipality",
    "dataTypeName" : "text",
    "fieldName" : "municipality",
    "position" : 4,
    "renderTypeName" : "text",
    "tableColumnId" : 18844381,
    "width" : 169,
    "cachedContents" : {
      "non_null" : 8,
      "smallest" : "Bloomfield",
      "null" : 0,
      "largest" : "Stamford",
      "top" : [ {
        "count" : 20,
        "item" : "New Haven"
      }, {
        "count" : 19,
        "item" : "Hartford"
      }, {
        "count" : 18,
        "item" : "Stamford"
      }, {
        "count" : 17,
        "item" : "Bloomfield"
      }, {
        "count" : 16,
        "item" : "Cheshire"
      }, {
        "count" : 15,
        "item" : "East Windsor"
      } ]
    },
    "format" : { }
  }, {
    "id" : 216867828,
    "name" : "State",
    "dataTypeName" : "text",
    "fieldName" : "state",
    "position" : 5,
    "renderTypeName" : "text",
    "tableColumnId" : 18844382,
    "width" : 115,
    "cachedContents" : {
      "non_null" : 8,
      "smallest" : "CT",
      "null" : 0,
      "largest" : "CT",
      "top" : [ {
        "count" : 20,
        "item" : "CT"
      } ]
    },
    "format" : { }
  }, {
    "id" : 216867829,
    "name" : "Zip Code",
    "dataTypeName" : "text",
    "description" : "Company location",
    "fieldName" : "zip_code",
    "position" : 6,
    "renderTypeName" : "text",
    "tableColumnId" : 18844383,
    "width" : 140,
    "cachedContents" : {
      "non_null" : 8,
      "smallest" : "06002",
      "null" : 0,
      "largest" : "06902",
      "top" : [ {
        "count" : 20,
        "item" : "06510"
      }, {
        "count" : 19,
        "item" : "06103"
      }, {
        "count" : 18,
        "item" : "06901"
      }, {
        "count" : 17,
        "item" : "06002"
      }, {
        "count" : 16,
        "item" : "06902"
      }, {
        "count" : 15,
        "item" : "06410"
      }, {
        "count" : 14,
        "item" : "06088"
      } ]
    },
    "format" : {
      "align" : "left"
    }
  }, {
    "id" : 216867855,
    "name" : "County",
    "dataTypeName" : "text",
    "fieldName" : "county",
    "position" : 7,
    "renderTypeName" : "text",
    "tableColumnId" : 18844384,
    "width" : 172,
    "cachedContents" : {
      "non_null" : 0,
      "null" : 8
    },
    "format" : { }
  }, {
    "id" : 216867856,
    "name" : "Legislative District",
    "dataTypeName" : "text",
    "fieldName" : "legislative_district",
    "position" : 8,
    "renderTypeName" : "text",
    "tableColumnId" : 18844385,
    "width" : 340,
    "cachedContents" : {
      "non_null" : 0,
      "null" : 8
    },
    "format" : { }
  }, {
    "id" : 216867830,
    "name" : "Industry",
    "dataTypeName" : "text",
    "description" : "Business Activity of the Company.",
    "fieldName" : "industry",
    "position" : 9,
    "renderTypeName" : "text",
    "tableColumnId" : 18844386,
    "width" : 270,
    "cachedContents" : {
      "non_null" : 8,
      "smallest" : "Administrative",
      "null" : 0,
      "largest" : "Manufacturing",
      "top" : [ {
        "count" : 20,
        "item" : "Manufacturing"
      }, {
        "count" : 19,
        "item" : "Health Care"
      }, {
        "count" : 18,
        "item" : "Digital Media"
      }, {
        "count" : 17,
        "item" : "Financial Services"
      }, {
        "count" : 16,
        "item" : "Administrative"
      }, {
        "count" : 15,
        "item" : "Information"
      } ]
    },
    "format" : {
      "align" : "left"
    }
  }, {
    "id" : 216867831,
    "name" : "NAICS Code",
    "dataTypeName" : "text",
    "description" : "North American Industry Classification System",
    "fieldName" : "naics_code",
    "position" : 10,
    "renderTypeName" : "text",
    "tableColumnId" : 18844387,
    "width" : 166,
    "cachedContents" : {
      "non_null" : 8,
      "smallest" : "325412",
      "null" : 0,
      "largest" : "621610",
      "top" : [ {
        "count" : 20,
        "item" : "325412"
      }, {
        "count" : 19,
        "item" : "621610"
      }, {
        "count" : 18,
        "item" : "515210"
      }, {
        "count" : 17,
        "item" : "524114"
      }, {
        "count" : 16,
        "item" : "561110"
      }, {
        "count" : 15,
        "item" : "515120"
      }, {
        "count" : 14,
        "item" : "336412"
      }, {
        "count" : 13,
        "item" : "332311"
      } ]
    },
    "format" : {
      "align" : "right"
    }
  }, {
    "id" : 216867832,
    "name" : "Minority or Women Owned",
    "dataTypeName" : "text",
    "description" : "Indicates if Company is 51% owned by woman/minority.",
    "fieldName" : "minority_or_women_owned",
    "position" : 11,
    "renderTypeName" : "text",
    "tableColumnId" : 18844388,
    "width" : 269,
    "cachedContents" : {
      "non_null" : 8,
      "smallest" : "no",
      "null" : 0,
      "largest" : "no",
      "top" : [ {
        "count" : 20,
        "item" : "no"
      } ]
    },
    "format" : {
      "align" : "left"
    }
  }, {
    "id" : 216867833,
    "name" : "Contract Execution Date",
    "dataTypeName" : "calendar_date",
    "description" : "If applicable, this date represents the date the contract was signed with DECD. ",
    "fieldName" : "contract_execution_date",
    "position" : 12,
    "renderTypeName" : "calendar_date",
    "tableColumnId" : 18844389,
    "width" : 237,
    "cachedContents" : {
      "non_null" : 8,
      "smallest" : "2011-12-22T00:00:00",
      "null" : 0,
      "largest" : "2014-11-07T00:00:00",
      "top" : [ {
        "count" : 20,
        "item" : "2012-11-16T00:00:00"
      }, {
        "count" : 19,
        "item" : "2013-07-10T00:00:00"
      }, {
        "count" : 18,
        "item" : "2014-01-17T00:00:00"
      }, {
        "count" : 17,
        "item" : "2011-12-22T00:00:00"
      }, {
        "count" : 16,
        "item" : "2013-05-15T00:00:00"
      }, {
        "count" : 15,
        "item" : "2012-03-28T00:00:00"
      }, {
        "count" : 14,
        "item" : "2014-11-07T00:00:00"
      }, {
        "count" : 13,
        "item" : "2014-05-05T00:00:00"
      } ]
    },
    "format" : {
      "align" : "left"
    }
  }, {
    "id" : 216867834,
    "name" : "Grant Amount",
    "dataTypeName" : "money",
    "description" : "Amount of DECD grant funding being provided to the Company.",
    "fieldName" : "grant_amount",
    "position" : 13,
    "renderTypeName" : "money",
    "tableColumnId" : 18844390,
    "width" : 180,
    "cachedContents" : {
      "non_null" : 8,
      "smallest" : "0",
      "sum" : "45500000",
      "null" : 0,
      "average" : "5687500",
      "largest" : "24000000",
      "top" : [ {
        "count" : 20,
        "item" : "6000000"
      }, {
        "count" : 19,
        "item" : "24000000"
      }, {
        "count" : 18,
        "item" : "2000000"
      }, {
        "count" : 17,
        "item" : "0"
      }, {
        "count" : 16,
        "item" : "3500000"
      }, {
        "count" : 15,
        "item" : "10000000"
      } ]
    },
    "format" : {
      "humane" : "false",
      "currency" : "USD",
      "align" : "right"
    }
  }, {
    "id" : 216867835,
    "name" : "Loan Amount",
    "dataTypeName" : "money",
    "description" : "Amount of DECD loan funding being provided to the Company.",
    "fieldName" : "loan_amount",
    "position" : 14,
    "renderTypeName" : "money",
    "tableColumnId" : 18844391,
    "width" : 167,
    "cachedContents" : {
      "non_null" : 8,
      "smallest" : "0",
      "sum" : "132600000",
      "null" : 0,
      "average" : "16575000",
      "largest" : "38000000",
      "top" : [ {
        "count" : 20,
        "item" : "20000000"
      }, {
        "count" : 19,
        "item" : "0"
      }, {
        "count" : 18,
        "item" : "6500000"
      }, {
        "count" : 17,
        "item" : "21000000"
      }, {
        "count" : 16,
        "item" : "8000000"
      }, {
        "count" : 15,
        "item" : "38000000"
      }, {
        "count" : 14,
        "item" : "19100000"
      } ]
    },
    "format" : {
      "humane" : "false",
      "currency" : "USD",
      "align" : "right"
    }
  }, {
    "id" : 216867836,
    "name" : "Total Assistance ",
    "dataTypeName" : "money",
    "description" : "Total amount of DECD funding being provided to the Company.",
    "fieldName" : "total_assistance",
    "position" : 15,
    "renderTypeName" : "money",
    "tableColumnId" : 18844392,
    "width" : 185,
    "cachedContents" : {
      "non_null" : 8,
      "smallest" : "8500000",
      "sum" : "178100000",
      "null" : 0,
      "average" : "22262500",
      "largest" : "48000000",
      "top" : [ {
        "count" : 20,
        "item" : "26000000"
      }, {
        "count" : 19,
        "item" : "24000000"
      }, {
        "count" : 18,
        "item" : "8500000"
      }, {
        "count" : 17,
        "item" : "21000000"
      }, {
        "count" : 16,
        "item" : "11500000"
      }, {
        "count" : 15,
        "item" : "20000000"
      }, {
        "count" : 14,
        "item" : "48000000"
      }, {
        "count" : 13,
        "item" : "19100000"
      } ]
    },
    "format" : {
      "humane" : "false",
      "currency" : "USD",
      "align" : "right"
    }
  }, {
    "id" : 216867837,
    "name" : "Total Project Cost",
    "dataTypeName" : "money",
    "description" : "Total amount of DECD and non-DECD funding being used to complete the project.",
    "fieldName" : "total_project_cost",
    "position" : 16,
    "renderTypeName" : "money",
    "tableColumnId" : 18844393,
    "width" : 207,
    "cachedContents" : {
      "non_null" : 8,
      "smallest" : "13680553",
      "sum" : "784079310",
      "null" : 0,
      "average" : "98009913.75",
      "largest" : "167682908",
      "top" : [ {
        "count" : 20,
        "item" : "103000000"
      }, {
        "count" : 19,
        "item" : "167682908"
      }, {
        "count" : 18,
        "item" : "13680553"
      }, {
        "count" : 17,
        "item" : "154995080"
      }, {
        "count" : 16,
        "item" : "25000000"
      }, {
        "count" : 15,
        "item" : "100000000"
      }, {
        "count" : 14,
        "item" : "121142000"
      }, {
        "count" : 13,
        "item" : "98578769"
      } ]
    },
    "format" : {
      "humane" : "false",
      "currency" : "USD",
      "align" : "right"
    }
  }, {
    "id" : 216867838,
    "name" : "Amount Leveraged",
    "dataTypeName" : "money",
    "description" : "Amount of non-DECD funding for the project.",
    "fieldName" : "amount_leveraged",
    "position" : 17,
    "renderTypeName" : "money",
    "tableColumnId" : 18844394,
    "width" : 210,
    "cachedContents" : {
      "non_null" : 8,
      "smallest" : "5180553",
      "sum" : "536079310",
      "null" : 0,
      "average" : "67009913.75",
      "largest" : "143682908",
      "top" : [ {
        "count" : 20,
        "item" : "77000000"
      }, {
        "count" : 19,
        "item" : "143682908"
      }, {
        "count" : 18,
        "item" : "5180553"
      }, {
        "count" : 17,
        "item" : "133995080"
      }, {
        "count" : 16,
        "item" : "13500000"
      }, {
        "count" : 15,
        "item" : "80000000"
      }, {
        "count" : 14,
        "item" : "73142000"
      }, {
        "count" : 13,
        "item" : "9578769"
      } ]
    },
    "format" : {
      "humane" : "false",
      "currency" : "USD",
      "align" : "right"
    }
  }, {
    "id" : 216867839,
    "name" : "Funding Source",
    "dataTypeName" : "text",
    "description" : "Name of State business assistance program.",
    "fieldName" : "funding_source",
    "position" : 18,
    "renderTypeName" : "text",
    "tableColumnId" : 18844395,
    "width" : 268,
    "cachedContents" : {
      "non_null" : 8,
      "smallest" : "Manufacturing Assistance Act - First Five",
      "null" : 0,
      "largest" : "Manufacturing Assistance Act- First Five",
      "top" : [ {
        "count" : 20,
        "item" : "Manufacturing Assistance Act - First Five"
      }, {
        "count" : 19,
        "item" : "Manufacturing Assistance Act- First Five"
      } ]
    },
    "format" : {
      "align" : "left"
    }
  }, {
    "id" : 216867840,
    "name" : "Statutory Reference",
    "dataTypeName" : "text",
    "description" : "Location of legal authority for which the funding and program requirements are provided.",
    "fieldName" : "statutory_reference",
    "position" : 19,
    "renderTypeName" : "text",
    "tableColumnId" : 18844396,
    "width" : 209,
    "cachedContents" : {
      "non_null" : 8,
      "smallest" : "CH 588l",
      "null" : 0,
      "largest" : "CH 588l",
      "top" : [ {
        "count" : 20,
        "item" : "CH 588l"
      } ]
    },
    "format" : {
      "align" : "left"
    }
  }, {
    "id" : 216867841,
    "name" : "Contract Requirement:Jobs to be Retained",
    "dataTypeName" : "number",
    "description" : "Contractual obligation for job retention.",
    "fieldName" : "contract_requirement_jobs_to_be_retained",
    "position" : 20,
    "renderTypeName" : "number",
    "tableColumnId" : 18844397,
    "width" : 376,
    "cachedContents" : {
      "non_null" : 8,
      "smallest" : "0",
      "sum" : "5189",
      "null" : 0,
      "average" : "648.625",
      "largest" : "3883",
      "top" : [ {
        "count" : 20,
        "item" : "368"
      }, {
        "count" : 19,
        "item" : "213"
      }, {
        "count" : 18,
        "item" : "260"
      }, {
        "count" : 17,
        "item" : "3883"
      }, {
        "count" : 16,
        "item" : "0"
      }, {
        "count" : 15,
        "item" : "116"
      }, {
        "count" : 14,
        "item" : "349"
      } ]
    },
    "format" : {
      "precisionStyle" : "standard",
      "noCommas" : "false",
      "align" : "right"
    }
  }, {
    "id" : 216867842,
    "name" : "Contract Requirement: Jobs to be Created",
    "dataTypeName" : "number",
    "description" : "Contractual obligation for job creation.",
    "fieldName" : "contract_requirement_jobs_to_be_created",
    "position" : 21,
    "renderTypeName" : "number",
    "tableColumnId" : 18844398,
    "width" : 354,
    "cachedContents" : {
      "non_null" : 8,
      "smallest" : "200",
      "sum" : "1898",
      "null" : 0,
      "average" : "237.25",
      "largest" : "408",
      "top" : [ {
        "count" : 20,
        "item" : "200"
      }, {
        "count" : 19,
        "item" : "290"
      }, {
        "count" : 18,
        "item" : "408"
      } ]
    },
    "format" : {
      "precisionStyle" : "standard",
      "noCommas" : "false",
      "align" : "right"
    }
  }, {
    "id" : 216867843,
    "name" : "Contract Requirement: Target Date",
    "dataTypeName" : "calendar_date",
    "description" : "Most recent date that job creation and retention requirements are to be obtain as outlined in the Company’s Assistance Agreement with DECD.",
    "fieldName" : "contract_requirement_target_date",
    "position" : 22,
    "renderTypeName" : "calendar_date",
    "tableColumnId" : 18844399,
    "width" : 300,
    "cachedContents" : {
      "non_null" : 8,
      "smallest" : "2014-06-30T00:00:00",
      "null" : 0,
      "largest" : "2023-05-05T00:00:00",
      "top" : [ {
        "count" : 20,
        "item" : "2017-11-16T00:00:00"
      }, {
        "count" : 19,
        "item" : "2017-12-31T00:00:00"
      }, {
        "count" : 18,
        "item" : "2016-01-17T00:00:00"
      }, {
        "count" : 17,
        "item" : "2014-06-30T00:00:00"
      }, {
        "count" : 16,
        "item" : "2018-09-30T00:00:00"
      }, {
        "count" : 15,
        "item" : "2020-06-30T00:00:00"
      }, {
        "count" : 14,
        "item" : "2023-05-05T00:00:00"
      } ]
    },
    "format" : {
      "align" : "left"
    }
  }, {
    "id" : 216867844,
    "name" : "Actual Jobs at Time of Review",
    "dataTypeName" : "number",
    "description" : "Actual jobs created and/or retained as determined by DECD job review or outside accounting firm review.",
    "fieldName" : "actual_jobs_at_time_of_review",
    "position" : 23,
    "renderTypeName" : "number",
    "tableColumnId" : 18844400,
    "width" : 268,
    "cachedContents" : {
      "non_null" : 2,
      "smallest" : "531",
      "sum" : "4743",
      "null" : 6,
      "average" : "2371.5",
      "largest" : "4212",
      "top" : [ {
        "count" : 20,
        "item" : "531"
      }, {
        "count" : 19,
        "item" : "4212"
      } ]
    },
    "format" : {
      "precisionStyle" : "standard",
      "noCommas" : "false",
      "align" : "left"
    }
  }, {
    "id" : 216867845,
    "name" : "Job Obligation Status",
    "dataTypeName" : "text",
    "description" : "Status of whether a Company met their employment obligation, did not meet their employment obligation or their contractual job obligation is still pending.",
    "fieldName" : "job_obligation_status",
    "position" : 24,
    "renderTypeName" : "text",
    "tableColumnId" : 18844401,
    "width" : 352,
    "cachedContents" : {
      "non_null" : 8,
      "smallest" : "Met",
      "null" : 0,
      "largest" : "Pending",
      "top" : [ {
        "count" : 20,
        "item" : "Pending"
      }, {
        "count" : 19,
        "item" : "Met"
      } ]
    },
    "format" : {
      "align" : "left"
    }
  }, {
    "id" : 216867846,
    "name" : "Job Penalty(if applicable)",
    "dataTypeName" : "text",
    "description" : "Penalty imposed on a Company for failing to meet their contractual employment obligation. Typically an interest rate increase or specific dollar amount repaid.",
    "fieldName" : "job_penalty_if_applicable",
    "position" : 25,
    "renderTypeName" : "text",
    "tableColumnId" : 18844402,
    "width" : 250,
    "cachedContents" : {
      "non_null" : 8,
      "smallest" : "n/a",
      "null" : 0,
      "largest" : "n/a",
      "top" : [ {
        "count" : 20,
        "item" : "n/a"
      } ]
    },
    "format" : {
      "align" : "left"
    }
  }, {
    "id" : 216867847,
    "name" : "Forgiveness Credit(if applicable)",
    "dataTypeName" : "money",
    "description" : "Amount of loan forgiven if contractual employment requirements are met.",
    "fieldName" : "forgiveness_credit_if_applicable",
    "position" : 26,
    "renderTypeName" : "money",
    "tableColumnId" : 18844403,
    "width" : 296,
    "cachedContents" : {
      "non_null" : 2,
      "smallest" : "6500000",
      "sum" : "16500000",
      "null" : 6,
      "average" : "8250000",
      "largest" : "10000000",
      "top" : [ {
        "count" : 20,
        "item" : "6500000"
      }, {
        "count" : 19,
        "item" : "10000000"
      } ]
    },
    "format" : {
      "humane" : "false",
      "currency" : "USD",
      "align" : "left"
    }
  }, {
    "id" : 216867848,
    "name" : "Per Application: Full Time CT Jobs at Application",
    "dataTypeName" : "number",
    "description" : "Employment levels provided by the Company at time of Application.",
    "fieldName" : "per_application_full_time_ct_jobs_at_application",
    "position" : 27,
    "renderTypeName" : "number",
    "tableColumnId" : 18844404,
    "width" : 428,
    "cachedContents" : {
      "non_null" : 7,
      "smallest" : "0",
      "sum" : "5251",
      "null" : 1,
      "average" : "750.1428571428571",
      "largest" : "3946",
      "top" : [ {
        "count" : 20,
        "item" : "368"
      }, {
        "count" : 19,
        "item" : "213"
      }, {
        "count" : 18,
        "item" : "260"
      }, {
        "count" : 17,
        "item" : "3946"
      }, {
        "count" : 16,
        "item" : "116"
      }, {
        "count" : 15,
        "item" : "348"
      }, {
        "count" : 14,
        "item" : "0"
      } ]
    },
    "format" : {
      "precisionStyle" : "standard",
      "noCommas" : "false",
      "align" : "right"
    }
  }, {
    "id" : 216867849,
    "name" : "Per Application: Full Time Jobs to be Created",
    "dataTypeName" : "number",
    "description" : "Employment levels provided by the Company at time of Application.",
    "fieldName" : "per_application_full_time_jobs_to_be_created",
    "position" : 28,
    "renderTypeName" : "number",
    "tableColumnId" : 18844405,
    "width" : 363,
    "cachedContents" : {
      "non_null" : 7,
      "smallest" : "100",
      "sum" : "1362",
      "null" : 1,
      "average" : "194.5714285714286",
      "largest" : "410",
      "top" : [ {
        "count" : 20,
        "item" : "200"
      }, {
        "count" : 19,
        "item" : "125"
      }, {
        "count" : 18,
        "item" : "127"
      }, {
        "count" : 17,
        "item" : "100"
      }, {
        "count" : 16,
        "item" : "410"
      } ]
    },
    "format" : {
      "precisionStyle" : "standard",
      "noCommas" : "false",
      "align" : "right"
    }
  }, {
    "id" : 216867850,
    "name" : "Per Application:  Part Time CT Jobs at Application",
    "dataTypeName" : "number",
    "description" : "Employment levels provided by the Company at time of Application.",
    "fieldName" : "per_application_part_time_ct_jobs_at_application",
    "position" : 29,
    "renderTypeName" : "number",
    "tableColumnId" : 18844406,
    "width" : 417,
    "cachedContents" : {
      "non_null" : 7,
      "smallest" : "0",
      "sum" : "15",
      "null" : 1,
      "average" : "2.142857142857143",
      "largest" : "10",
      "top" : [ {
        "count" : 20,
        "item" : "5"
      }, {
        "count" : 19,
        "item" : "0"
      }, {
        "count" : 18,
        "item" : "10"
      } ]
    },
    "format" : {
      "precisionStyle" : "standard",
      "noCommas" : "false",
      "align" : "right"
    }
  }, {
    "id" : 216867851,
    "name" : "Per Application: Part Time Jobs to be Created",
    "dataTypeName" : "number",
    "description" : "Employment levels provided by the Company at time of Application.",
    "fieldName" : "per_application_part_time_jobs_to_be_created",
    "position" : 30,
    "renderTypeName" : "number",
    "tableColumnId" : 18844407,
    "width" : 378,
    "cachedContents" : {
      "non_null" : 7,
      "smallest" : "0",
      "sum" : "8",
      "null" : 1,
      "average" : "1.142857142857143",
      "largest" : "8",
      "top" : [ {
        "count" : 20,
        "item" : "8"
      }, {
        "count" : 19,
        "item" : "0"
      } ]
    },
    "format" : {
      "precisionStyle" : "standard",
      "noCommas" : "false",
      "align" : "right"
    }
  }, {
    "id" : 216867857,
    "name" : "Full-Time Employment at 6/30/13",
    "dataTypeName" : "number",
    "fieldName" : "full_time_employment_at_6_30_13",
    "position" : 31,
    "renderTypeName" : "number",
    "tableColumnId" : 18844408,
    "width" : 322,
    "cachedContents" : {
      "non_null" : 0,
      "sum" : "0",
      "null" : 8
    },
    "format" : { }
  }, {
    "id" : 216867858,
    "name" : "Part-Time Employment at 6/30/13",
    "dataTypeName" : "number",
    "fieldName" : "part_time_employment_at_6_30_13",
    "position" : 32,
    "renderTypeName" : "number",
    "tableColumnId" : 18844409,
    "width" : 313,
    "cachedContents" : {
      "non_null" : 0,
      "sum" : "0",
      "null" : 8
    },
    "format" : { }
  }, {
    "id" : 216867852,
    "name" : "Status",
    "dataTypeName" : "text",
    "description" : "Indicates if company is still operating or out of business.",
    "fieldName" : "status",
    "position" : 33,
    "renderTypeName" : "text",
    "tableColumnId" : 18844410,
    "width" : 172,
    "cachedContents" : {
      "non_null" : 8,
      "smallest" : "Active",
      "null" : 0,
      "largest" : "Active",
      "top" : [ {
        "count" : 20,
        "item" : "Active"
      } ]
    },
    "format" : {
      "align" : "left"
    }
  }, {
    "id" : 216867854,
    "name" : "Count",
    "dataTypeName" : "number",
    "fieldName" : "count",
    "position" : 34,
    "renderTypeName" : "number",
    "tableColumnId" : 18844411,
    "width" : 160,
    "cachedContents" : {
      "non_null" : 8,
      "smallest" : "1",
      "sum" : "8",
      "null" : 0,
      "average" : "1",
      "largest" : "1",
      "top" : [ {
        "count" : 20,
        "item" : "1"
      } ]
    },
    "format" : { }
  }, {
    "id" : 216867853,
    "name" : "Location 1",
    "dataTypeName" : "location",
    "description" : "Address information used for mapping.",
    "fieldName" : "location_1",
    "position" : 35,
    "renderTypeName" : "location",
    "tableColumnId" : 18844412,
    "width" : 220,
    "cachedContents" : {
      "non_null" : 8,
      "smallest" : {
        "longitude" : "-72.930851",
        "latitude" : "41.304354",
        "human_address" : "{\"address\":\"100 College Street\",\"city\":\"New Haven\",\"state\":\"CT\",\"zip\":\"06510\"}"
      },
      "null" : 0,
      "largest" : {
        "longitude" : "-72.740912",
        "latitude" : "41.816832",
        "human_address" : "{\"address\":\"900 Cottage Grove Road\",\"city\":\"Bloomfield\",\"state\":\"CT\",\"zip\":\"06002\"}"
      },
      "top" : [ {
        "count" : 20,
        "item" : {
          "longitude" : "-72.930851",
          "latitude" : "41.304354",
          "human_address" : "{\"address\":\"100 College Street\",\"city\":\"New Haven\",\"state\":\"CT\",\"zip\":\"06510\"}"
        }
      }, {
        "count" : 19,
        "item" : {
          "longitude" : "-72.6738",
          "latitude" : "41.768591",
          "human_address" : "{\"address\":\"20 Church Street, Suite 1200\",\"city\":\"Hartford\",\"state\":\"CT\",\"zip\":\"06103\"}"
        }
      }, {
        "count" : 18,
        "item" : {
          "longitude" : "-73.539509",
          "latitude" : "41.050762",
          "human_address" : "{\"address\":\"400 Atlantic Street\",\"city\":\"Stamford\",\"state\":\"CT\",\"zip\":\"06901\"}"
        }
      }, {
        "count" : 17,
        "item" : {
          "longitude" : "-72.740912",
          "latitude" : "41.816832",
          "human_address" : "{\"address\":\"900 Cottage Grove Road\",\"city\":\"Bloomfield\",\"state\":\"CT\",\"zip\":\"06002\"}"
        }
      }, {
        "count" : 16,
        "item" : {
          "longitude" : "-73.532907",
          "latitude" : "41.035039",
          "human_address" : "{\"address\":\"208 Harbor Drive\",\"city\":\"Stamford\",\"state\":\"CT\",\"zip\":\"06902\"}"
        }
      }, {
        "count" : 15,
        "item" : {
          "longitude" : "-72.919263",
          "latitude" : "41.552772",
          "human_address" : "{\"address\":\"5 McKee Place\",\"city\":\"Cheshire\",\"state\":\"CT\",\"zip\":\"06410\"}"
        }
      }, {
        "count" : 14,
        "item" : {
          "longitude" : "-72.59181",
          "latitude" : "41.91825",
          "human_address" : "{\"address\":\"18 Craftsman Road\",\"city\":\"East Windsor\",\"state\":\"CT\",\"zip\":\"06088\"}"
        }
      } ]
    },
    "format" : {
      "view" : "address_coords",
      "align" : "left"
    },
    "subColumnTypes" : [ "human_address", "latitude", "longitude", "machine_address", "needs_recoding" ]
  } ],
  "displayFormat" : {
    "bkgdLayers" : [ {
      "opacity" : 1,
      "layerKey" : "World Street Map (ESRI)"
    } ],
    "viewport" : {
      "ymin" : 40.696403949886,
      "ymax" : 42.21541285267,
      "xmin" : -75.164743421994,
      "xmax" : -70.23078346194
    },
    "disableGeolocator" : false,
    "exclusiveLayers" : false,
    "viewDefinitions" : [ {
      "uid" : "self",
      "plotStyle" : "point",
      "color" : "#0000ff",
      "highlightColor" : "#ddeaf0",
      "opacity" : 1,
      "flyoutsNoLabel" : false,
      "plot" : {
        "locationId" : 18844412,
        "descriptionColumns" : [ {
          "tableColumnId" : 18844392
        }, {
          "tableColumnId" : 18844380
        }, {
          "tableColumnId" : 18844381
        }, {
          "tableColumnId" : 18844397
        }, {
          "tableColumnId" : 18844398
        } ],
        "titleId" : 18844379
      }
    } ]
  },
  "grants" : [ {
    "inherited" : true,
    "type" : "viewer",
    "flags" : [ "public" ]
  } ],
  "metadata" : {
    "renderTypeConfig" : {
      "visible" : {
        "map" : true
      }
    },
    "availableDisplayTypes" : [ "map", "table", "fatrow", "page" ],
    "jsonQuery" : {
      "order" : [ {
        "ascending" : true,
        "columnFieldName" : "municipality"
      } ],
      "where" : {
        "value" : "First Five",
        "operator" : "CONTAINS",
        "metadata" : {
          "freeform" : false,
          "unifiedVersion" : 2,
          "tableColumnId" : {
            "1524342" : 18844395
          },
          "operator" : "CONTAINS"
        },
        "columnFieldName" : "funding_source"
      }
    },
    "rdfSubject" : "0"
  },
  "owner" : {
    "id" : "nbd6-fawc",
    "displayName" : "Kara Sene",
    "profileImageUrlLarge" : "/api/users/nbd6-fawc/profile_images/LARGE",
    "profileImageUrlMedium" : "/api/users/nbd6-fawc/profile_images/THUMB",
    "profileImageUrlSmall" : "/api/users/nbd6-fawc/profile_images/TINY",
    "roleName" : "editor",
    "screenName" : "Kara Sene",
    "rights" : [ "create_datasets", "view_domain", "create_pages", "view_goals", "view_dashboards" ]
  },
  "query" : {
    "filterCondition" : {
      "type" : "operator",
      "value" : "AND",
      "children" : [ {
        "type" : "operator",
        "value" : "CONTAINS",
        "children" : [ {
          "columnId" : 216867839,
          "type" : "column"
        }, {
          "type" : "literal",
          "value" : "First Five"
        } ],
        "metadata" : {
          "freeform" : false,
          "tableColumnId" : {
            "1524342" : 18844395
          },
          "unifiedVersion" : 2,
          "operator" : "CONTAINS"
        }
      } ],
      "metadata" : {
        "freeform" : false,
        "tableColumnId" : {
          "1524342" : 18844395
        },
        "unifiedVersion" : 2,
        "operator" : "CONTAINS"
      }
    },
    "orderBys" : [ {
      "ascending" : true,
      "expression" : {
        "columnId" : 216867826,
        "type" : "column"
      }
    } ]
  },
  "rights" : [ "read" ],
  "sortBys" : [ {
    "id" : 0,
    "viewColumnId" : 216867826,
    "flags" : [ "asc" ]
  } ],
  "tableAuthor" : {
    "id" : "nbd6-fawc",
    "displayName" : "Kara Sene",
    "profileImageUrlLarge" : "/api/users/nbd6-fawc/profile_images/LARGE",
    "profileImageUrlMedium" : "/api/users/nbd6-fawc/profile_images/THUMB",
    "profileImageUrlSmall" : "/api/users/nbd6-fawc/profile_images/TINY",
    "roleName" : "editor",
    "screenName" : "Kara Sene",
    "rights" : [ "create_datasets", "view_domain", "create_pages", "view_goals", "view_dashboards" ]
  },
  "tags" : [ "executive order 38", "decd", "department of economic and community development", "business assistance", "grant", "loan" ],
  "viewFilters" : {
    "type" : "operator",
    "value" : "AND",
    "children" : [ {
      "type" : "operator",
      "value" : "CONTAINS",
      "children" : [ {
        "columnId" : 216867839,
        "type" : "column"
      }, {
        "type" : "literal",
        "value" : "First Five"
      } ],
      "metadata" : {
        "freeform" : false,
        "tableColumnId" : {
          "1524342" : 18844395
        },
        "unifiedVersion" : 2,
        "operator" : "CONTAINS"
      }
    } ],
    "metadata" : {
      "freeform" : false,
      "tableColumnId" : {
        "1524342" : 18844395
      },
      "unifiedVersion" : 2,
      "operator" : "CONTAINS"
    }
  }
}
