[ {
  "grand_list_year" : "2012",
  "town_code" : "1",
  "municipality" : "Andover",
  "service_district_code" : "0",
  "millrate" : "30.77"
}
, {
  "grand_list_year" : "2012",
  "town_code" : "2",
  "municipality" : "Ansonia",
  "service_district_code" : "0",
  "millrate" : "39.34"
}
, {
  "grand_list_year" : "2012",
  "town_code" : "3",
  "municipality" : "Ashford",
  "service_district_code" : "0",
  "millrate" : "31.65"
}
, {
  "grand_list_year" : "2012",
  "town_code" : "4",
  "municipality" : "Avon",
  "service_district_code" : "0",
  "millrate" : "26.32"
}
, {
  "grand_list_year" : "2012",
  "town_code" : "5",
  "municipality" : "Barkhamsted",
  "service_district_code" : "0",
  "millrate" : "24.26"
}
, {
  "grand_list_year" : "2012",
  "town_code" : "5",
  "municipality" : "Barkhamsted - Fire District",
  "service_district_code" : "1",
  "millrate" : "1.43"
}
, {
  "grand_list_year" : "2012",
  "town_code" : "5",
  "municipality" : "Barkhamsted + Barkhamsted - Fire District",
  "service_district_code" : "1",
  "millrate" : "25.69"
}
, {
  "grand_list_year" : "2012",
  "town_code" : "6",
  "municipality" : "Beacon Falls",
  "service_district_code" : "0",
  "millrate" : "31.90"
}
, {
  "grand_list_year" : "2012",
  "town_code" : "7",
  "municipality" : "Berlin",
  "service_district_code" : "0",
  "millrate" : "28.77"
}
, {
  "grand_list_year" : "2012",
  "town_code" : "7",
  "municipality" : "Berlin - Kensington Fire District",
  "service_district_code" : "1",
  "millrate" : "1.10"
}
, {
  "grand_list_year" : "2012",
  "town_code" : "7",
  "municipality" : "Berlin - Worthington Fire District",
  "service_district_code" : "2",
  "millrate" : "2.1"
}
, {
  "grand_list_year" : "2012",
  "town_code" : "8",
  "municipality" : "Bethany",
  "service_district_code" : "0",
  "millrate" : "29.6"
}
, {
  "grand_list_year" : "2012",
  "town_code" : "9",
  "municipality" : "Bethel",
  "service_district_code" : "0",
  "millrate" : "31.50"
}
, {
  "grand_list_year" : "2012",
  "town_code" : "10",
  "municipality" : "Bethlehem",
  "service_district_code" : "0",
  "millrate" : "20.5"
}
, {
  "grand_list_year" : "2012",
  "town_code" : "11",
  "municipality" : "Bloomfield",
  "service_district_code" : "0",
  "millrate" : "34.85"
}
, {
  "grand_list_year" : "2012",
  "town_code" : "11",
  "municipality" : "Bloomfield - Center Fire District",
  "service_district_code" : "1",
  "millrate" : "0.90"
}
, {
  "grand_list_year" : "2012",
  "town_code" : "11",
  "municipality" : "Bloomfield - Blue Hill Fire District",
  "service_district_code" : "2",
  "millrate" : "2.50"
}
, {
  "grand_list_year" : "2012",
  "town_code" : "12",
  "municipality" : "Bolton",
  "service_district_code" : "0",
  "millrate" : "30.96"
}
, {
  "grand_list_year" : "2012",
  "town_code" : "13",
  "municipality" : "Bozrah",
  "service_district_code" : "0",
  "millrate" : "26.25"
}
, {
  "grand_list_year" : "2012",
  "town_code" : "14",
  "municipality" : "Branford",
  "service_district_code" : "0",
  "millrate" : "25.59"
}
, {
  "grand_list_year" : "2012",
  "town_code" : "15",
  "municipality" : "Bridgeport",
  "service_district_code" : "0",
  "millrate" : "41.855"
}
, {
  "grand_list_year" : "2012",
  "town_code" : "16",
  "municipality" : "Bridgewater",
  "service_district_code" : "0",
  "millrate" : "17.5"
}
, {
  "grand_list_year" : "2012",
  "town_code" : "17",
  "municipality" : "Bristol",
  "service_district_code" : "0",
  "millrate" : "33.5"
}
, {
  "grand_list_year" : "2012",
  "town_code" : "18",
  "municipality" : "Brookfield",
  "service_district_code" : "0",
  "millrate" : "25.40"
}
, {
  "grand_list_year" : "2012",
  "town_code" : "19",
  "municipality" : "Brooklyn",
  "service_district_code" : "0",
  "millrate" : "23.19"
}
, {
  "grand_list_year" : "2012",
  "town_code" : "20",
  "municipality" : "Burlington",
  "service_district_code" : "0",
  "millrate" : "27.5"
}
, {
  "grand_list_year" : "2012",
  "town_code" : "21",
  "municipality" : "Canaan",
  "service_district_code" : "0",
  "millrate" : "21.50"
}
, {
  "grand_list_year" : "2012",
  "town_code" : "22",
  "municipality" : "Canterbury",
  "service_district_code" : "0",
  "millrate" : "21.70"
}
, {
  "grand_list_year" : "2012",
  "town_code" : "23",
  "municipality" : "Canton",
  "service_district_code" : "0",
  "millrate" : "26.91"
}
, {
  "grand_list_year" : "2012",
  "town_code" : "24",
  "municipality" : "Chaplin",
  "service_district_code" : "0",
  "millrate" : "30.15"
}
, {
  "grand_list_year" : "2012",
  "town_code" : "25",
  "municipality" : "Cheshire",
  "service_district_code" : "0",
  "millrate" : "27.6"
}
, {
  "grand_list_year" : "2012",
  "town_code" : "26",
  "municipality" : "Chester",
  "service_district_code" : "0",
  "millrate" : "21.95"
}
, {
  "grand_list_year" : "2012",
  "town_code" : "27",
  "municipality" : "Clinton",
  "service_district_code" : "0",
  "millrate" : "25.43"
}
, {
  "grand_list_year" : "2012",
  "town_code" : "28",
  "municipality" : "Colchester",
  "service_district_code" : "0",
  "millrate" : "30.28"
}
, {
  "grand_list_year" : "2012",
  "town_code" : "29",
  "municipality" : "Colebrook",
  "service_district_code" : "0",
  "millrate" : "27.1"
}
, {
  "grand_list_year" : "2012",
  "town_code" : "30",
  "municipality" : "Columbia",
  "service_district_code" : "0",
  "millrate" : "27.13"
}
, {
  "grand_list_year" : "2012",
  "town_code" : "31",
  "municipality" : "Cornwall",
  "service_district_code" : "0",
  "millrate" : "14.50"
}
, {
  "grand_list_year" : "2012",
  "town_code" : "32",
  "municipality" : "Coventry",
  "service_district_code" : "0",
  "millrate" : "27.97"
}
, {
  "grand_list_year" : "2012",
  "town_code" : "33",
  "municipality" : "Cromwell",
  "service_district_code" : "0",
  "millrate" : "30.75"
}
, {
  "grand_list_year" : "2012",
  "town_code" : "33",
  "municipality" : "Cromwell - Fire District",
  "service_district_code" : "1",
  "millrate" : "2.10"
}
, {
  "grand_list_year" : "2012",
  "town_code" : "33",
  "municipality" : "Cromwell + Cromwell - Fire District",
  "service_district_code" : "1",
  "millrate" : "32.85"
}
, {
  "grand_list_year" : "2012",
  "town_code" : "34",
  "municipality" : "Danbury",
  "service_district_code" : "0",
  "millrate" : "26.8"
}
, {
  "grand_list_year" : "2012",
  "town_code" : "35",
  "municipality" : "Darien",
  "service_district_code" : "0",
  "millrate" : "13.17"
}
, {
  "grand_list_year" : "2012",
  "town_code" : "36",
  "municipality" : "Deep River",
  "service_district_code" : "0",
  "millrate" : "25.08"
}
, {
  "grand_list_year" : "2012",
  "town_code" : "37",
  "municipality" : "Derby",
  "service_district_code" : "0",
  "millrate" : "35.34"
}
, {
  "grand_list_year" : "2012",
  "town_code" : "38",
  "municipality" : "Durham",
  "service_district_code" : "0",
  "millrate" : "32.66"
}
, {
  "grand_list_year" : "2012",
  "town_code" : "39",
  "municipality" : "Eastford",
  "service_district_code" : "0",
  "millrate" : "21.50"
}
, {
  "grand_list_year" : "2012",
  "town_code" : "40",
  "municipality" : "East Granby",
  "service_district_code" : "0",
  "millrate" : "28.2"
}
, {
  "grand_list_year" : "2012",
  "town_code" : "41",
  "municipality" : "East Haddam",
  "service_district_code" : "0",
  "millrate" : "26.01"
}
, {
  "grand_list_year" : "2012",
  "town_code" : "42",
  "municipality" : "East Hampton",
  "service_district_code" : "0",
  "millrate" : "26.63"
}
, {
  "grand_list_year" : "2012",
  "town_code" : "43",
  "municipality" : "East Hartford",
  "service_district_code" : "0",
  "millrate" : "43.9"
}
, {
  "grand_list_year" : "2012",
  "town_code" : "44",
  "municipality" : "East Haven",
  "service_district_code" : "0",
  "millrate" : "30.95"
}
, {
  "grand_list_year" : "2012",
  "town_code" : "45",
  "municipality" : "East Lyme",
  "service_district_code" : "0",
  "millrate" : "23.349"
}
, {
  "grand_list_year" : "2012",
  "town_code" : "46",
  "municipality" : "Easton",
  "service_district_code" : "0",
  "millrate" : "29.30"
}
, {
  "grand_list_year" : "2012",
  "town_code" : "47",
  "municipality" : "East Windsor",
  "service_district_code" : "0",
  "millrate" : "29.7791"
}
, {
  "grand_list_year" : "2012",
  "town_code" : "48",
  "municipality" : "Ellington",
  "service_district_code" : "0",
  "millrate" : "28.40"
}
, {
  "grand_list_year" : "2012",
  "town_code" : "49",
  "municipality" : "Enfield",
  "service_district_code" : "0",
  "millrate" : "29.26"
}
, {
  "grand_list_year" : "2012",
  "town_code" : "49",
  "municipality" : "Enfield - Fire District #1",
  "service_district_code" : "1",
  "millrate" : "3.15"
}
, {
  "grand_list_year" : "2012",
  "town_code" : "49",
  "municipality" : "Enfield - Thompsonville Fire Dist. #2",
  "service_district_code" : "2",
  "millrate" : "6.45"
}
, {
  "grand_list_year" : "2012",
  "town_code" : "49",
  "municipality" : "Enfield - Hazardville Fire Dist.#3",
  "service_district_code" : "3",
  "millrate" : "2.1"
}
, {
  "grand_list_year" : "2012",
  "town_code" : "49",
  "municipality" : "Enfield - No. Thompsonville Fire Dist. #4",
  "service_district_code" : "4",
  "millrate" : "3.05"
}
, {
  "grand_list_year" : "2012",
  "town_code" : "49",
  "municipality" : "Enfield - Shaker Pines Fire Dist #5",
  "service_district_code" : "5",
  "millrate" : "2.3"
}
, {
  "grand_list_year" : "2012",
  "town_code" : "50",
  "municipality" : "Essex",
  "service_district_code" : "0",
  "millrate" : "18.99"
}
, {
  "grand_list_year" : "2012",
  "town_code" : "51",
  "municipality" : "Fairfield",
  "service_district_code" : "0",
  "millrate" : "23.93"
}
, {
  "grand_list_year" : "2012",
  "town_code" : "52",
  "municipality" : "Farmington",
  "service_district_code" : "0",
  "millrate" : "24.07"
}
, {
  "grand_list_year" : "2012",
  "town_code" : "53",
  "municipality" : "Franklin",
  "service_district_code" : "0",
  "millrate" : "21.54"
}
, {
  "grand_list_year" : "2012",
  "town_code" : "54",
  "municipality" : "Glastonbury",
  "service_district_code" : "0",
  "millrate" : "35.10"
}
, {
  "grand_list_year" : "2012",
  "town_code" : "55",
  "municipality" : "Goshen",
  "service_district_code" : "0",
  "millrate" : "19.20"
}
, {
  "grand_list_year" : "2012",
  "town_code" : "56",
  "municipality" : "Granby",
  "service_district_code" : "0",
  "millrate" : "34.83"
}
, {
  "grand_list_year" : "2012",
  "town_code" : "57",
  "municipality" : "Greenwich",
  "service_district_code" : "0",
  "millrate" : "10.675"
}
, {
  "grand_list_year" : "2012",
  "town_code" : "57",
  "municipality" : "Greenwich - Sewer",
  "service_district_code" : "1",
  "millrate" : "0.636"
}
, {
  "grand_list_year" : "2012",
  "town_code" : "57",
  "municipality" : "Greenwich + Greenwich - Sewer",
  "service_district_code" : "1",
  "millrate" : "11.311"
}
, {
  "grand_list_year" : "2012",
  "town_code" : "58",
  "municipality" : "Griswold",
  "service_district_code" : "0",
  "millrate" : "26.03"
}
, {
  "grand_list_year" : "2012",
  "town_code" : "59",
  "municipality" : "Groton",
  "service_district_code" : "0",
  "millrate" : "20.72"
}
, {
  "grand_list_year" : "2012",
  "town_code" : "59",
  "municipality" : "Groton - City of Groton",
  "service_district_code" : "1",
  "millrate" : "4.595"
}
, {
  "grand_list_year" : "2012",
  "town_code" : "59",
  "municipality" : "Groton - Poquonock Bridge Fire Dist.",
  "service_district_code" : "2",
  "millrate" : "5.20"
}
, {
  "grand_list_year" : "2012",
  "town_code" : "59",
  "municipality" : "Groton - Mystic Fire Dist.",
  "service_district_code" : "3",
  "millrate" : "2.16"
}
, {
  "grand_list_year" : "2012",
  "town_code" : "59",
  "municipality" : "Groton - Noank Fire Dist.",
  "service_district_code" : "4",
  "millrate" : "1.39"
}
, {
  "grand_list_year" : "2012",
  "town_code" : "59",
  "municipality" : "Groton - Old Mystic Fire Dist.",
  "service_district_code" : "5",
  "millrate" : "2.80"
}
, {
  "grand_list_year" : "2012",
  "town_code" : "59",
  "municipality" : "Groton - Long Point Assoc.",
  "service_district_code" : "6",
  "millrate" : "2.928"
}
, {
  "grand_list_year" : "2012",
  "town_code" : "59",
  "municipality" : "Groton - Center Fire Dist.",
  "service_district_code" : "7",
  "millrate" : "3.50"
}
, {
  "grand_list_year" : "2012",
  "town_code" : "59",
  "municipality" : "Groton - West Pleasant Valley Fire Dist.",
  "service_district_code" : "8",
  "millrate" : "2.80"
}
, {
  "grand_list_year" : "2012",
  "town_code" : "59",
  "municipality" : "Groton - Mumford Cove",
  "service_district_code" : "9",
  "millrate" : "0.305"
}
, {
  "grand_list_year" : "2012",
  "town_code" : "59",
  "municipality" : "Groton - Sewer District",
  "service_district_code" : "10",
  "millrate" : "0.25"
}
, {
  "grand_list_year" : "2012",
  "town_code" : "60",
  "municipality" : "Guilford",
  "service_district_code" : "0",
  "millrate" : "23.06"
}
, {
  "grand_list_year" : "2012",
  "town_code" : "61",
  "municipality" : "Haddam",
  "service_district_code" : "0",
  "millrate" : "29.48"
}
, {
  "grand_list_year" : "2012",
  "town_code" : "62",
  "municipality" : "Hamden",
  "service_district_code" : "0",
  "millrate" : "38.9405"
}
, {
  "grand_list_year" : "2012",
  "town_code" : "63",
  "municipality" : "Hampton",
  "service_district_code" : "0",
  "millrate" : "24.80"
}
, {
  "grand_list_year" : "2012",
  "town_code" : "64",
  "municipality" : "Hartford",
  "service_district_code" : "0",
  "millrate" : "74.29"
}
, {
  "grand_list_year" : "2012",
  "town_code" : "65",
  "municipality" : "Hartland",
  "service_district_code" : "0",
  "millrate" : "24.5"
}
, {
  "grand_list_year" : "2012",
  "town_code" : "66",
  "municipality" : "Harwinton",
  "service_district_code" : "0",
  "millrate" : "24.60"
}
, {
  "grand_list_year" : "2012",
  "town_code" : "67",
  "municipality" : "Hebron",
  "service_district_code" : "0",
  "millrate" : "34.70"
}
, {
  "grand_list_year" : "2012",
  "town_code" : "68",
  "municipality" : "Kent",
  "service_district_code" : "0",
  "millrate" : "14.45"
}
, {
  "grand_list_year" : "2012",
  "town_code" : "69",
  "municipality" : "Killingly",
  "service_district_code" : "0",
  "millrate" : "20.70"
}
, {
  "grand_list_year" : "2012",
  "town_code" : "69",
  "municipality" : "Killingly - Attawaugan Fire District",
  "service_district_code" : "1",
  "millrate" : "2.40"
}
, {
  "grand_list_year" : "2012",
  "town_code" : "69",
  "municipality" : "Killingly - Dayville Fire District",
  "service_district_code" : "2",
  "millrate" : "1.50"
}
, {
  "grand_list_year" : "2012",
  "town_code" : "69",
  "municipality" : "Killingly - Dyer Manor",
  "service_district_code" : "3",
  "millrate" : "0.45"
}
, {
  "grand_list_year" : "2012",
  "town_code" : "69",
  "municipality" : "Killingly - East Killiingly Fire District",
  "service_district_code" : "4",
  "millrate" : "1.27"
}
, {
  "grand_list_year" : "2012",
  "town_code" : "69",
  "municipality" : "Killingly - So. Killingly Fire District",
  "service_district_code" : "5",
  "millrate" : "1.00"
}
, {
  "grand_list_year" : "2012",
  "town_code" : "69",
  "municipality" : "Killingly - Orient Heights Fire Dist. # 5",
  "service_district_code" : "6",
  "millrate" : "0.55"
}
, {
  "grand_list_year" : "2012",
  "town_code" : "69",
  "municipality" : "Killingly -  Williamsville",
  "service_district_code" : "7",
  "millrate" : "1.98"
}
, {
  "grand_list_year" : "2012",
  "town_code" : "70",
  "municipality" : "Killingworth",
  "service_district_code" : "0",
  "millrate" : "24.53"
}
, {
  "grand_list_year" : "2012",
  "town_code" : "71",
  "municipality" : "Lebanon",
  "service_district_code" : "0",
  "millrate" : "23.90"
}
, {
  "grand_list_year" : "2012",
  "town_code" : "72",
  "municipality" : "Ledyard",
  "service_district_code" : "0",
  "millrate" : "28.20"
}
, {
  "grand_list_year" : "2012",
  "town_code" : "73",
  "municipality" : "Lisbon",
  "service_district_code" : "0",
  "millrate" : "19.40"
}
, {
  "grand_list_year" : "2012",
  "town_code" : "74",
  "municipality" : "Litchfield",
  "service_district_code" : "0",
  "millrate" : "22.6"
}
, {
  "grand_list_year" : "2012",
  "town_code" : "75",
  "municipality" : "Lyme",
  "service_district_code" : "0",
  "millrate" : "14.00"
}
, {
  "grand_list_year" : "2012",
  "town_code" : "76",
  "municipality" : "Madison",
  "service_district_code" : "0",
  "millrate" : "20.39"
}
, {
  "grand_list_year" : "2012",
  "town_code" : "77",
  "municipality" : "Manchester (Town)",
  "service_district_code" : "0",
  "millrate" : "37.44"
}
, {
  "grand_list_year" : "2012",
  "town_code" : "77",
  "municipality" : "Manchester Special",
  "service_district_code" : "1",
  "millrate" : "5.69"
}
, {
  "grand_list_year" : "2012",
  "town_code" : "77",
  "municipality" : "Manchester + Special",
  "service_district_code" : "1",
  "millrate" : "43.13"
}
, {
  "grand_list_year" : "2012",
  "town_code" : "77",
  "municipality" : "Manchester 8th Fire + Sewer",
  "service_district_code" : "2",
  "millrate" : "3.80"
}
, {
  "grand_list_year" : "2012",
  "town_code" : "77",
  "municipality" : "Manchester 8th - Buckland Section Fire",
  "service_district_code" : "3",
  "millrate" : "1.90"
}
, {
  "grand_list_year" : "2012",
  "town_code" : "77",
  "municipality" : "Manchester Eighth District Base",
  "service_district_code" : "4",
  "millrate" : "33.03"
}
, {
  "grand_list_year" : "2012",
  "town_code" : "78",
  "municipality" : "Mansfield",
  "service_district_code" : "0",
  "millrate" : "27.95"
}
, {
  "grand_list_year" : "2012",
  "town_code" : "79",
  "municipality" : "Marlborough",
  "service_district_code" : "0",
  "millrate" : "30.76"
}
, {
  "grand_list_year" : "2012",
  "town_code" : "80",
  "municipality" : "Meriden",
  "service_district_code" : "0",
  "millrate" : "34.99"
}
, {
  "grand_list_year" : "2012",
  "town_code" : "80",
  "municipality" : "Meriden Second",
  "service_district_code" : "1",
  "millrate" : "2.1"
}
, {
  "grand_list_year" : "2013",
  "town_code" : "80",
  "municipality" : "Meriden + Meriden Second",
  "service_district_code" : "1",
  "millrate" : "37.09"
}
, {
  "grand_list_year" : "2012",
  "town_code" : "81",
  "municipality" : "Middlebury",
  "service_district_code" : "0",
  "millrate" : "28.86"
}
, {
  "grand_list_year" : "2012",
  "town_code" : "82",
  "municipality" : "Middlefield",
  "service_district_code" : "0",
  "millrate" : "33.24"
}
, {
  "grand_list_year" : "2012",
  "town_code" : "83",
  "municipality" : "Middletown",
  "service_district_code" : "0",
  "millrate" : "27.70"
}
, {
  "grand_list_year" : "2012",
  "town_code" : "83",
  "municipality" : "Middletown - City Fire",
  "service_district_code" : "1",
  "millrate" : "6.10"
}
, {
  "grand_list_year" : "2012",
  "town_code" : "83",
  "municipality" : "Middletown + Middletown - City Fire",
  "service_district_code" : "1",
  "millrate" : "33.80"
}
, {
  "grand_list_year" : "2012",
  "town_code" : "83",
  "municipality" : "Middletown - South Fire",
  "service_district_code" : "2",
  "millrate" : "3.648"
}
, {
  "grand_list_year" : "2012",
  "town_code" : "83",
  "municipality" : "Middletown - Westfield Fire",
  "service_district_code" : "3",
  "millrate" : "1.260"
}
, {
  "grand_list_year" : "2012",
  "town_code" : "84",
  "municipality" : "Milford",
  "service_district_code" : "0",
  "millrate" : "26.28"
}
, {
  "grand_list_year" : "2012",
  "town_code" : "85",
  "municipality" : "Monroe",
  "service_district_code" : "0",
  "millrate" : "30.41"
}
, {
  "grand_list_year" : "2012",
  "town_code" : "86",
  "municipality" : "Montville",
  "service_district_code" : "0",
  "millrate" : "29.06"
}
, {
  "grand_list_year" : "2012",
  "town_code" : "87",
  "municipality" : "Morris",
  "service_district_code" : "0",
  "millrate" : "21.65"
}
, {
  "grand_list_year" : "2012",
  "town_code" : "87",
  "municipality" : "Morris - Deer Island Assoc.",
  "service_district_code" : "0",
  "millrate" : "2.79"
}
, {
  "grand_list_year" : "2012",
  "town_code" : "88",
  "municipality" : "Naugatuck",
  "service_district_code" : "0",
  "millrate" : "44.80"
}
, {
  "grand_list_year" : "2012",
  "town_code" : "89",
  "municipality" : "New Britain",
  "service_district_code" : "0",
  "millrate" : "44.12"
}
, {
  "grand_list_year" : "2012",
  "town_code" : "89",
  "municipality" : "New Britain + Downtown",
  "service_district_code" : "1",
  "millrate" : "4.20"
}
, {
  "grand_list_year" : "2012",
  "town_code" : "90",
  "municipality" : "New Canaan",
  "service_district_code" : "0",
  "millrate" : "14.586"
}
, {
  "grand_list_year" : "2012",
  "town_code" : "90",
  "municipality" : "New Canaan - Sewer",
  "service_district_code" : "1",
  "millrate" : "0.633"
}
, {
  "grand_list_year" : "2012",
  "town_code" : "90",
  "municipality" : "New Canaan + New Canaan - Sewer",
  "service_district_code" : "1",
  "millrate" : "15.219"
}
, {
  "grand_list_year" : "2012",
  "town_code" : "91",
  "municipality" : "New Fairfield",
  "service_district_code" : "0",
  "millrate" : "25.64"
}
, {
  "grand_list_year" : "2012",
  "town_code" : "92",
  "municipality" : "New Hartford",
  "service_district_code" : "0",
  "millrate" : "24.95"
}
, {
  "grand_list_year" : "2012",
  "town_code" : "92",
  "municipality" : "New Hartford - Village Fire District #1",
  "service_district_code" : "1",
  "millrate" : "1.00"
}
, {
  "grand_list_year" : "2012",
  "town_code" : "92",
  "municipality" : "New Hartford - Pine Meadow Fire Dist. #3",
  "service_district_code" : "3",
  "millrate" : "1.75"
}
, {
  "grand_list_year" : "2012",
  "town_code" : "92",
  "municipality" : "New Hartford - South End Fire District #4",
  "service_district_code" : "4",
  "millrate" : "0.55"
}
, {
  "grand_list_year" : "2012",
  "town_code" : "93",
  "municipality" : "New Haven",
  "service_district_code" : "0",
  "millrate" : "40.80"
}
, {
  "grand_list_year" : "2012",
  "town_code" : "93",
  "municipality" : "New Haven Town Green (FKA Downtown)",
  "service_district_code" : "1",
  "millrate" : "1.88"
}
, {
  "grand_list_year" : "2012",
  "town_code" : "93",
  "municipality" : "New Haven Chapel West (CWSS)",
  "service_district_code" : "2",
  "millrate" : "2.50"
}
, {
  "grand_list_year" : "2012",
  "town_code" : "93",
  "municipality" : "New Haven Whalley Ave. (WASF)",
  "service_district_code" : "3"
}
, {
  "grand_list_year" : "2012",
  "town_code" : "93",
  "municipality" : "New Haven Whalley Ave. (WASS)",
  "service_district_code" : "4",
  "millrate" : "1.75"
}
, {
  "grand_list_year" : "2012",
  "town_code" : "93",
  "municipality" : "New Haven Grand Ave (GAVA)",
  "service_district_code" : "5",
  "millrate" : "1.25"
}
, {
  "grand_list_year" : "2012",
  "town_code" : "94",
  "municipality" : "Newington",
  "service_district_code" : "0",
  "millrate" : "33.63"
}
, {
  "grand_list_year" : "2012",
  "town_code" : "95",
  "municipality" : "New London",
  "service_district_code" : "0",
  "millrate" : "27.50"
}
, {
  "grand_list_year" : "2012",
  "town_code" : "95",
  "municipality" : "New London - City Center District ",
  "service_district_code" : "1",
  "millrate" : "1.17"
}
, {
  "grand_list_year" : "2012",
  "town_code" : "95",
  "municipality" : "New London + City Center District ",
  "service_district_code" : "1",
  "millrate" : "28.67"
}
, {
  "grand_list_year" : "2012",
  "town_code" : "96",
  "municipality" : "New Milford",
  "service_district_code" : "0",
  "millrate" : "25.85"
}
, {
  "grand_list_year" : "2012",
  "town_code" : "96",
  "municipality" : "New Milford - Fire District",
  "service_district_code" : "1",
  "millrate" : "0.72"
}
, {
  "grand_list_year" : "2012",
  "town_code" : "97",
  "municipality" : "Newtown",
  "service_district_code" : "0",
  "millrate" : "33.32"
}
, {
  "grand_list_year" : "2012",
  "town_code" : "98",
  "municipality" : "Norfolk",
  "service_district_code" : "0",
  "millrate" : "20.22"
}
, {
  "grand_list_year" : "2012",
  "town_code" : "99",
  "municipality" : "North Branford",
  "service_district_code" : "0",
  "millrate" : "29.10"
}
, {
  "grand_list_year" : "2012",
  "town_code" : "100",
  "municipality" : "North Canaan",
  "service_district_code" : "0",
  "millrate" : "25.50"
}
, {
  "grand_list_year" : "2012",
  "town_code" : "100",
  "municipality" : "North Canaan - Fire District",
  "service_district_code" : "1",
  "millrate" : "1.85"
}
, {
  "grand_list_year" : "2012",
  "town_code" : "100",
  "municipality" : "North Canaan + Fire District",
  "service_district_code" : "2",
  "millrate" : "27.35"
}
, {
  "grand_list_year" : "2012",
  "town_code" : "101",
  "municipality" : "North Haven",
  "service_district_code" : "0",
  "millrate" : "28.1"
}
, {
  "grand_list_year" : "2012",
  "town_code" : "102",
  "municipality" : "North Stonington",
  "service_district_code" : "0",
  "millrate" : "25.60"
}
, {
  "grand_list_year" : "2012",
  "town_code" : "103",
  "municipality" : "Norwalk 1st  - Downtown",
  "service_district_code" : "1",
  "millrate" : "22.142"
}
, {
  "grand_list_year" : "2012",
  "town_code" : "103",
  "municipality" : "Norwalk 2nd  - South",
  "service_district_code" : "2",
  "millrate" : "22.142"
}
, {
  "grand_list_year" : "2012",
  "town_code" : "103",
  "municipality" : "Norwalk 3rd  - East",
  "service_district_code" : "3",
  "millrate" : "22.142"
}
, {
  "grand_list_year" : "2012",
  "town_code" : "103",
  "municipality" : "Norwalk 4th  - Sewered Main Area",
  "service_district_code" : "4",
  "millrate" : "22.187"
}
, {
  "grand_list_year" : "2012",
  "town_code" : "103",
  "municipality" : "Norwalk 5th - No Garbage Main Area",
  "service_district_code" : "5",
  "millrate" : "21.682"
}
, {
  "grand_list_year" : "2012",
  "town_code" : "103",
  "municipality" : "Norwalk 6th - Rowayton",
  "service_district_code" : "6",
  "millrate" : "20.157"
}
, {
  "grand_list_year" : "2012",
  "town_code" : "103",
  "municipality" : "Norwalk 7th",
  "service_district_code" : "7",
  "millrate" : "20.157"
}
, {
  "grand_list_year" : "2012",
  "town_code" : "103",
  "municipality" : "Norwalk 8th",
  "service_district_code" : "8",
  "millrate" : "22.142"
}
, {
  "grand_list_year" : "2012",
  "town_code" : "103",
  "municipality" : "Norwalk 9th",
  "service_district_code" : "9",
  "millrate" : "22.142"
}
, {
  "grand_list_year" : "2012",
  "town_code" : "103",
  "municipality" : "Norwalk - Motor Vehicle Rate",
  "service_district_code" : "10",
  "millrate" : "27.365"
}
, {
  "grand_list_year" : "2012",
  "town_code" : "103",
  "municipality" : "Norwalk 1st - No Garbage",
  "service_district_code" : "1",
  "millrate" : "21.636"
}
, {
  "grand_list_year" : "2012",
  "town_code" : "103",
  "municipality" : "Norwalk 2nd - No Garbage",
  "service_district_code" : "2",
  "millrate" : "21.636"
}
, {
  "grand_list_year" : "2012",
  "town_code" : "103",
  "municipality" : "Norwalk 3rd - No Garbage",
  "service_district_code" : "3",
  "millrate" : "21.636"
}
, {
  "grand_list_year" : "2012",
  "town_code" : "103",
  "municipality" : "Norwalk 4th - No Garbage",
  "service_district_code" : "4",
  "millrate" : "21.681"
}
, {
  "grand_list_year" : "2012",
  "town_code" : "103",
  "municipality" : "Norwalk 8th - No Garbage",
  "service_district_code" : "8",
  "millrate" : "21.636"
}
, {
  "grand_list_year" : "2012",
  "town_code" : "103",
  "municipality" : "Norwalk 9th - No Garbage",
  "service_district_code" : "9",
  "millrate" : "21.636"
}
, {
  "grand_list_year" : "2012",
  "town_code" : "104",
  "municipality" : "Norwich, City of",
  "service_district_code" : "0",
  "millrate" : "27.23"
}
, {
  "grand_list_year" : "2012",
  "town_code" : "104",
  "municipality" : "Norwich, City of (Paid Fire)",
  "service_district_code" : "1",
  "millrate" : "32.27"
}
, {
  "grand_list_year" : "2012",
  "town_code" : "104",
  "municipality" : "Norwich, City of (Vol Fire)",
  "service_district_code" : "2",
  "millrate" : "27.59"
}
, {
  "grand_list_year" : "2012",
  "town_code" : "105",
  "municipality" : "Old Lyme",
  "service_district_code" : "0",
  "millrate" : "19.30"
}
, {
  "grand_list_year" : "2012",
  "town_code" : "106",
  "municipality" : "Old Saybrook",
  "service_district_code" : "0",
  "millrate" : "15.20"
}
, {
  "grand_list_year" : "2012",
  "town_code" : "107",
  "municipality" : "Orange",
  "service_district_code" : "0",
  "millrate" : "30.50"
}
, {
  "grand_list_year" : "2012",
  "town_code" : "108",
  "municipality" : "Oxford",
  "service_district_code" : "0",
  "millrate" : "24.75"
}
, {
  "grand_list_year" : "2012",
  "town_code" : "109",
  "municipality" : "Plainfield",
  "service_district_code" : "0",
  "millrate" : "28.36"
}
, {
  "grand_list_year" : "2012",
  "town_code" : "109",
  "municipality" : "Plainfield - Fire District # 255",
  "service_district_code" : "1",
  "millrate" : "1.45"
}
, {
  "grand_list_year" : "2012",
  "town_code" : "109",
  "municipality" : "Plainfield - Moosup Fire District",
  "service_district_code" : "2",
  "millrate" : "1.80"
}
, {
  "grand_list_year" : "2012",
  "town_code" : "109",
  "municipality" : "Plainfield - Central Village Fire Distr.",
  "service_district_code" : "3",
  "millrate" : "2.875"
}
, {
  "grand_list_year" : "2012",
  "town_code" : "109",
  "municipality" : "Plainfield - Wauregan Fire District",
  "service_district_code" : "4",
  "millrate" : "2.30"
}
, {
  "grand_list_year" : "2012",
  "town_code" : "110",
  "municipality" : "Plainville",
  "service_district_code" : "0",
  "millrate" : "31.38"
}
, {
  "grand_list_year" : "2012",
  "town_code" : "111",
  "municipality" : "Plymouth",
  "service_district_code" : "0",
  "millrate" : "35.45"
}
, {
  "grand_list_year" : "2012",
  "town_code" : "112",
  "municipality" : "Pomfret",
  "service_district_code" : "0",
  "millrate" : "23.79"
}
, {
  "grand_list_year" : "2012",
  "town_code" : "112",
  "municipality" : "Pomfret - Fire District",
  "service_district_code" : "1",
  "millrate" : "1.00"
}
, {
  "grand_list_year" : "2012",
  "town_code" : "112",
  "municipality" : "Pomfret + Fire District",
  "service_district_code" : "1",
  "millrate" : "24.79"
}
, {
  "grand_list_year" : "2012",
  "town_code" : "113",
  "municipality" : "Portland",
  "service_district_code" : "0",
  "millrate" : "31.28"
}
, {
  "grand_list_year" : "2012",
  "town_code" : "114",
  "municipality" : "Preston",
  "service_district_code" : "0",
  "millrate" : "23.70"
}
, {
  "grand_list_year" : "2012",
  "town_code" : "115",
  "municipality" : "Prospect",
  "service_district_code" : "0",
  "millrate" : "28.08"
}
, {
  "grand_list_year" : "2012",
  "town_code" : "116",
  "municipality" : "Putnam",
  "service_district_code" : "0",
  "millrate" : "15.07"
}
, {
  "grand_list_year" : "2012",
  "town_code" : "116",
  "municipality" : "Putnam - Special Service District",
  "service_district_code" : "1",
  "millrate" : "7.40"
}
, {
  "grand_list_year" : "2012",
  "town_code" : "116",
  "municipality" : "Putnam + Special Service District",
  "service_district_code" : "1",
  "millrate" : "22.47"
}
, {
  "grand_list_year" : "2012",
  "town_code" : "116",
  "municipality" : "Putnam - West Putnam District",
  "service_district_code" : "2",
  "millrate" : "1.00"
}
, {
  "grand_list_year" : "2012",
  "town_code" : "116",
  "municipality" : "Putnam - East Putnam District",
  "service_district_code" : "3",
  "millrate" : "1.5"
}
, {
  "grand_list_year" : "2012",
  "town_code" : "117",
  "municipality" : "Redding",
  "service_district_code" : "0",
  "millrate" : "28.95"
}
, {
  "grand_list_year" : "2012",
  "town_code" : "118",
  "municipality" : "Ridgefield",
  "service_district_code" : "0",
  "millrate" : "25.38"
}
, {
  "grand_list_year" : "2012",
  "town_code" : "119",
  "municipality" : "Rocky Hill",
  "service_district_code" : "0",
  "millrate" : "26.60"
}
, {
  "grand_list_year" : "2012",
  "town_code" : "120",
  "municipality" : "Roxbury",
  "service_district_code" : "0",
  "millrate" : "13.30"
}
, {
  "grand_list_year" : "2012",
  "town_code" : "121",
  "municipality" : "Salem",
  "service_district_code" : "0",
  "millrate" : "30.10"
}
, {
  "grand_list_year" : "2012",
  "town_code" : "122",
  "municipality" : "Salisbury",
  "service_district_code" : "0",
  "millrate" : "10.40"
}
, {
  "grand_list_year" : "2012",
  "town_code" : "123",
  "municipality" : "Scotland",
  "service_district_code" : "0",
  "millrate" : "30.36"
}
, {
  "grand_list_year" : "2012",
  "town_code" : "124",
  "municipality" : "Seymour",
  "service_district_code" : "0",
  "millrate" : "33.23"
}
, {
  "grand_list_year" : "2012",
  "town_code" : "125",
  "municipality" : "Sharon",
  "service_district_code" : "0",
  "millrate" : "11.7"
}
, {
  "grand_list_year" : "2012",
  "town_code" : "126",
  "municipality" : "Shelton",
  "service_district_code" : "0",
  "millrate" : "22.31"
}
, {
  "grand_list_year" : "2012",
  "town_code" : "127",
  "municipality" : "Sherman",
  "service_district_code" : "0",
  "millrate" : "16.845"
}
, {
  "grand_list_year" : "2012",
  "town_code" : "128",
  "municipality" : "Simsbury",
  "service_district_code" : "0",
  "millrate" : "37.29"
}
, {
  "grand_list_year" : "2012",
  "town_code" : "128",
  "municipality" : "Simsbury - Fire District",
  "service_district_code" : "1",
  "millrate" : "1.22"
}
, {
  "grand_list_year" : "2012",
  "town_code" : "128",
  "municipality" : "Simsbury + Fire District",
  "service_district_code" : "1",
  "millrate" : "38.51"
}
, {
  "grand_list_year" : "2012",
  "town_code" : "129",
  "municipality" : "Somers",
  "service_district_code" : "0",
  "millrate" : "23.37"
}
, {
  "grand_list_year" : "2012",
  "town_code" : "130",
  "municipality" : "Southbury",
  "service_district_code" : "0",
  "millrate" : "26.40"
}
, {
  "grand_list_year" : "2012",
  "town_code" : "131",
  "municipality" : "Southington",
  "service_district_code" : "0",
  "millrate" : "27.46"
}
, {
  "grand_list_year" : "2012",
  "town_code" : "132",
  "municipality" : "South Windsor",
  "service_district_code" : "0",
  "millrate" : "34.90"
}
, {
  "grand_list_year" : "2012",
  "town_code" : "133",
  "municipality" : "Sprague",
  "service_district_code" : "0",
  "millrate" : "30.00"
}
, {
  "grand_list_year" : "2012",
  "town_code" : "134",
  "municipality" : "Stafford",
  "service_district_code" : "0",
  "millrate" : "33.06"
}
, {
  "grand_list_year" : "2012",
  "town_code" : "134",
  "municipality" : "Stafford - Special Service District",
  "service_district_code" : "1",
  "millrate" : "2.2"
}
, {
  "grand_list_year" : "2012",
  "town_code" : "135",
  "municipality" : "Stamford - Motor Vehicles",
  "service_district_code" : "0",
  "millrate" : "27.25"
}
, {
  "grand_list_year" : "2012",
  "town_code" : "135",
  "municipality" : "Stamford - \"A\"",
  "service_district_code" : "1",
  "millrate" : "24.04"
}
, {
  "grand_list_year" : "2012",
  "town_code" : "135",
  "municipality" : "Stamford - \"B\"",
  "service_district_code" : "2",
  "millrate" : "23.55"
}
, {
  "grand_list_year" : "2012",
  "town_code" : "135",
  "municipality" : "Stamford - \"C\"",
  "service_district_code" : "3",
  "millrate" : "22.67"
}
, {
  "grand_list_year" : "2012",
  "town_code" : "135",
  "municipality" : "Stamford - \"CS\"",
  "service_district_code" : "4",
  "millrate" : "23.1"
}
, {
  "grand_list_year" : "2012",
  "town_code" : "135",
  "municipality" : "Stamford - Personal Prop. Other than MV",
  "service_district_code" : "5",
  "millrate" : "24.04"
}
, {
  "grand_list_year" : "2012",
  "town_code" : "136",
  "municipality" : "Sterling",
  "service_district_code" : "0",
  "millrate" : "31.50"
}
, {
  "grand_list_year" : "2012",
  "town_code" : "136",
  "municipality" : "Sterling - Fire District",
  "service_district_code" : "1",
  "millrate" : "1.71"
}
, {
  "grand_list_year" : "2012",
  "town_code" : "136",
  "municipality" : "Sterling + Fire District",
  "service_district_code" : "1",
  "millrate" : "33.21"
}
, {
  "grand_list_year" : "2012",
  "town_code" : "137",
  "municipality" : "Stonington",
  "service_district_code" : "0",
  "millrate" : "19.88"
}
, {
  "grand_list_year" : "2012",
  "town_code" : "137",
  "municipality" : "Stonington - Pawcatuck Fire District #264",
  "service_district_code" : "1",
  "millrate" : "1.56"
}
, {
  "grand_list_year" : "2012",
  "town_code" : "137",
  "municipality" : "Stonington, Borough of #372",
  "service_district_code" : "2",
  "millrate" : "2.50"
}
, {
  "grand_list_year" : "2012",
  "town_code" : "137",
  "municipality" : "Stonington - Fire District #265",
  "service_district_code" : "3",
  "millrate" : "0.7"
}
, {
  "grand_list_year" : "2012",
  "town_code" : "137",
  "municipality" : "Stonington - Mystic Fire District #239",
  "service_district_code" : "4",
  "millrate" : "1.84"
}
, {
  "grand_list_year" : "2012",
  "town_code" : "137",
  "municipality" : "Stonington - Wequetequock Fire District #379",
  "service_district_code" : "5",
  "millrate" : "0.75"
}
, {
  "grand_list_year" : "2012",
  "town_code" : "137",
  "municipality" : "Stonington - Quiambaug Fire District #378",
  "service_district_code" : "6",
  "millrate" : "1.8"
}
, {
  "grand_list_year" : "2012",
  "town_code" : "137",
  "municipality" : "Stonington - Old Mystic Fire District #366",
  "service_district_code" : "7",
  "millrate" : "2.8"
}
, {
  "grand_list_year" : "2012",
  "town_code" : "137",
  "municipality" : "Stonington - Lords Point Fire District",
  "service_district_code" : "8",
  "millrate" : "1.997"
}
, {
  "grand_list_year" : "2012",
  "town_code" : "137",
  "municipality" : "Stonington - Mason's Island",
  "service_district_code" : "9",
  "millrate" : "1.63"
}
, {
  "grand_list_year" : "2012",
  "town_code" : "137",
  "municipality" : "Stonington - Wamphassuc Point",
  "service_district_code" : "9",
  "millrate" : "0.427"
}
, {
  "grand_list_year" : "2012",
  "town_code" : "137",
  "municipality" : "Stonington - Latimer Point",
  "service_district_code" : "10"
}
, {
  "grand_list_year" : "2012",
  "town_code" : "138",
  "municipality" : "Stratford",
  "service_district_code" : "0",
  "millrate" : "34.64"
}
, {
  "grand_list_year" : "2012",
  "town_code" : "139",
  "municipality" : "Suffield",
  "service_district_code" : "0",
  "millrate" : "25.16"
}
, {
  "grand_list_year" : "2012",
  "town_code" : "140",
  "municipality" : "Thomaston",
  "service_district_code" : "0",
  "millrate" : "33.13"
}
, {
  "grand_list_year" : "2012",
  "town_code" : "141",
  "municipality" : "Thompson",
  "service_district_code" : "0",
  "millrate" : "22.42"
}
, {
  "grand_list_year" : "2012",
  "town_code" : "142",
  "municipality" : "Tolland",
  "service_district_code" : "0",
  "millrate" : "30.19"
}
, {
  "grand_list_year" : "2012",
  "town_code" : "143",
  "municipality" : "Torrington",
  "service_district_code" : "0",
  "millrate" : "34.46"
}
, {
  "grand_list_year" : "2012",
  "town_code" : "144",
  "municipality" : "Trumbull",
  "service_district_code" : "0",
  "millrate" : "31.286"
}
, {
  "grand_list_year" : "2012",
  "town_code" : "144",
  "municipality" : "Trumbull - Long Hill Fire District",
  "service_district_code" : "1",
  "millrate" : "0.60"
}
, {
  "grand_list_year" : "2012",
  "town_code" : "144",
  "municipality" : "Trumbull - Center Fire District",
  "service_district_code" : "2",
  "millrate" : "0.82"
}
, {
  "grand_list_year" : "2012",
  "town_code" : "144",
  "municipality" : "Trumbull - Nichols Fire District",
  "service_district_code" : "3",
  "millrate" : "1.05"
}
, {
  "grand_list_year" : "2012",
  "town_code" : "145",
  "municipality" : "Union",
  "service_district_code" : "0",
  "millrate" : "24.37"
}
, {
  "grand_list_year" : "2012",
  "town_code" : "146",
  "municipality" : "Vernon",
  "service_district_code" : "0",
  "millrate" : "35.40"
}
, {
  "grand_list_year" : "2012",
  "town_code" : "147",
  "municipality" : "Voluntown",
  "service_district_code" : "0",
  "millrate" : "24.25"
}
, {
  "grand_list_year" : "2012",
  "town_code" : "148",
  "municipality" : "Wallingford",
  "service_district_code" : "0",
  "millrate" : "26.22"
}
, {
  "grand_list_year" : "2012",
  "town_code" : "149",
  "municipality" : "Warren",
  "service_district_code" : "0",
  "millrate" : "13.90"
}
, {
  "grand_list_year" : "2012",
  "town_code" : "150",
  "municipality" : "Washington",
  "service_district_code" : "0",
  "millrate" : "11.75"
}
, {
  "grand_list_year" : "2012",
  "town_code" : "151",
  "municipality" : "Waterbury",
  "service_district_code" : "0",
  "millrate" : "56.98"
}
, {
  "grand_list_year" : "2012",
  "town_code" : "152",
  "municipality" : "Waterford",
  "service_district_code" : "0",
  "millrate" : "24.05"
}
, {
  "grand_list_year" : "2012",
  "town_code" : "153",
  "municipality" : "Watertown",
  "service_district_code" : "0",
  "millrate" : "25.09"
}
, {
  "grand_list_year" : "2012",
  "town_code" : "154",
  "municipality" : "Westbrook",
  "service_district_code" : "0",
  "millrate" : "20.98"
}
, {
  "grand_list_year" : "2012",
  "town_code" : "155",
  "municipality" : "West Hartford",
  "service_district_code" : "0",
  "millrate" : "36.3"
}
, {
  "grand_list_year" : "2012",
  "town_code" : "156",
  "municipality" : "West Haven",
  "service_district_code" : "0",
  "millrate" : "31.25"
}
, {
  "grand_list_year" : "2012",
  "town_code" : "156",
  "municipality" : "West Haven - First Center",
  "service_district_code" : "1",
  "millrate" : "8.65"
}
, {
  "grand_list_year" : "2012",
  "town_code" : "156",
  "municipality" : "West Haven -  West Shore (2d)",
  "service_district_code" : "0",
  "millrate" : "8.63"
}
, {
  "grand_list_year" : "2012",
  "town_code" : "156",
  "municipality" : "West Haven - Allingtown (Third)",
  "service_district_code" : "0",
  "millrate" : "8.38"
}
, {
  "grand_list_year" : "2012",
  "town_code" : "157",
  "municipality" : "Weston",
  "service_district_code" : "0",
  "millrate" : "23.89"
}
, {
  "grand_list_year" : "2012",
  "town_code" : "158",
  "municipality" : "Westport",
  "service_district_code" : "0",
  "millrate" : "18.07"
}
, {
  "grand_list_year" : "2012",
  "town_code" : "159",
  "municipality" : "Wethersfield",
  "service_district_code" : "0",
  "millrate" : "33.46"
}
, {
  "grand_list_year" : "2012",
  "town_code" : "160",
  "municipality" : "Willington",
  "service_district_code" : "0",
  "millrate" : "24.38"
}
, {
  "grand_list_year" : "2012",
  "town_code" : "161",
  "municipality" : "Wilton",
  "service_district_code" : "0",
  "millrate" : "25.9896"
}
, {
  "grand_list_year" : "2012",
  "town_code" : "162",
  "municipality" : "Winchester",
  "service_district_code" : "0",
  "millrate" : "31.20"
}
, {
  "grand_list_year" : "2012",
  "town_code" : "163",
  "municipality" : "Windham ",
  "service_district_code" : "0",
  "millrate" : "29.06"
}
, {
  "grand_list_year" : "2012",
  "town_code" : "163",
  "municipality" : "Windham - Special Service Dist. #2 ",
  "service_district_code" : "1",
  "millrate" : "39.29"
}
, {
  "grand_list_year" : "2012",
  "town_code" : "163",
  "municipality" : "Windham - 1st Taxing District",
  "service_district_code" : "2",
  "millrate" : "30.62"
}
, {
  "grand_list_year" : "2012",
  "town_code" : "164",
  "municipality" : "Windsor",
  "service_district_code" : "0",
  "millrate" : "27.33"
}
, {
  "grand_list_year" : "2012",
  "town_code" : "164",
  "municipality" : "Windsor - Wilson Fire District",
  "service_district_code" : "1",
  "millrate" : "2.80"
}
, {
  "grand_list_year" : "2012",
  "town_code" : "164",
  "municipality" : "Windsor - Windsor Fire District",
  "service_district_code" : "2",
  "millrate" : "1.50"
}
, {
  "grand_list_year" : "2012",
  "town_code" : "165",
  "municipality" : "Windsor Locks",
  "service_district_code" : "0",
  "millrate" : "24.54"
}
, {
  "grand_list_year" : "2012",
  "town_code" : "166",
  "municipality" : "Wolcott",
  "service_district_code" : "0",
  "millrate" : "25.91"
}
, {
  "grand_list_year" : "2012",
  "town_code" : "167",
  "municipality" : "Woodbridge",
  "service_district_code" : "0",
  "millrate" : "34.14"
}
, {
  "grand_list_year" : "2012",
  "town_code" : "168",
  "municipality" : "Woodbury",
  "service_district_code" : "0",
  "millrate" : "23.40"
}
, {
  "grand_list_year" : "2012",
  "town_code" : "169",
  "municipality" : "Woodstock",
  "service_district_code" : "0",
  "millrate" : "22.28"
}
, {
  "grand_list_year" : "2012",
  "town_code" : "601",
  "municipality" : "Borough of Bantam (Litchfield)",
  "service_district_code" : "0",
  "millrate" : "1.50"
}
, {
  "grand_list_year" : "2012",
  "town_code" : "603",
  "municipality" : "Borough of Danielson (Killingly)",
  "service_district_code" : "0",
  "millrate" : "3.30"
}
, {
  "grand_list_year" : "2012",
  "town_code" : "604",
  "municipality" : "Borough of Fenwick (Old Saybrook)",
  "service_district_code" : "0"
}
, {
  "grand_list_year" : "2012",
  "town_code" : "606",
  "municipality" : "Borough of Jewett City (Griswold)",
  "service_district_code" : "0",
  "millrate" : "3.99"
}
, {
  "grand_list_year" : "2012",
  "town_code" : "607",
  "municipality" : "Borough of Litchfield",
  "service_district_code" : "0",
  "millrate" : "1.19"
}
, {
  "grand_list_year" : "2012",
  "town_code" : "608",
  "municipality" : "Borough of Newtown",
  "service_district_code" : "0",
  "millrate" : "0.89"
}
, {
  "grand_list_year" : "2012",
  "town_code" : "610",
  "municipality" : "Borough of Stonington",
  "service_district_code" : "0",
  "millrate" : "2.50"
}
, {
  "grand_list_year" : "2012",
  "town_code" : "611",
  "municipality" : "Borough of Woodmont (Milford)",
  "service_district_code" : "0"
}
 ]