{
  "id" : "6i83-qekd",
  "name" : "Film and Digital Media Tax Credit Programs Tabulated Data",
  "averageRating" : 0,
  "category" : "Business",
  "createdAt" : 1425068722,
  "description" : "A listing of the Film and Digital Media Production Tax Credit,  Film Infrastructure Tax Credit and Digital Animation Production Company Tax Credit projects from the Department of Economic and Community Development- Tax Credit Portfolio.  This data is updated in accordance with the schedule of that dataset.",
  "displayType" : "table",
  "downloadCount" : 18,
  "indexUpdatedAt" : 1442333160,
  "moderationStatus" : true,
  "newBackend" : false,
  "numberOfComments" : 0,
  "oid" : 11718773,
  "publicationAppendEnabled" : false,
  "publicationDate" : 1434049719,
  "publicationGroup" : 1843420,
  "publicationStage" : "published",
  "rowsUpdatedAt" : 1434049268,
  "rowsUpdatedBy" : "nbd6-fawc",
  "tableId" : 3145764,
  "totalTimesRated" : 0,
  "viewCount" : 96,
  "viewLastModified" : 1442327305,
  "viewType" : "tabular",
  "columns" : [ {
    "id" : 208194429,
    "name" : "Applicant/Recipient",
    "dataTypeName" : "text",
    "fieldName" : "applicant_recipient",
    "position" : 1,
    "renderTypeName" : "text",
    "tableColumnId" : 22636882,
    "width" : 247,
    "cachedContents" : {
      "non_null" : 161,
      "smallest" : "1080 Inc.",
      "null" : 0,
      "largest" : "Young Feature Films, LLC",
      "top" : [ {
        "count" : 20,
        "item" : "Televersemedia LLC"
      }, {
        "count" : 19,
        "item" : "The Brand Gallery, LLC"
      }, {
        "count" : 18,
        "item" : "The Green The Movie Production, LLC "
      }, {
        "count" : 17,
        "item" : "The Other Side of the Tracks, LLC"
      }, {
        "count" : 16,
        "item" : "The Switch Productions, LLC"
      }, {
        "count" : 15,
        "item" : "Tibernia Productions, Inc."
      }, {
        "count" : 14,
        "item" : "TJ Productions, LLC"
      }, {
        "count" : 13,
        "item" : "Track180, LLC"
      }, {
        "count" : 12,
        "item" : "Triple Threat Connecticut LLC"
      }, {
        "count" : 11,
        "item" : "Triple Threat Connecticut, LLC"
      }, {
        "count" : 10,
        "item" : "TVK LLC"
      }, {
        "count" : 9,
        "item" : "Universal City Studios LLLP"
      }, {
        "count" : 8,
        "item" : "Venan Entertainment, Inc."
      }, {
        "count" : 7,
        "item" : "Viola and Piano, LLC"
      }, {
        "count" : 6,
        "item" : "Visual Concepts Media, Inc."
      }, {
        "count" : 5,
        "item" : "Wanderlust Productions Inc"
      }, {
        "count" : 4,
        "item" : "Wedding Productions, Inc."
      }, {
        "count" : 3,
        "item" : "WJH Productions, LLC"
      }, {
        "count" : 2,
        "item" : "WOOPs. LLC"
      }, {
        "count" : 1,
        "item" : "World Wrestling Entertainment, Inc."
      } ]
    },
    "format" : { }
  }, {
    "id" : 208194430,
    "name" : "Applicant Address",
    "dataTypeName" : "text",
    "fieldName" : "applicant_address",
    "position" : 2,
    "renderTypeName" : "text",
    "tableColumnId" : 22636883,
    "width" : 220,
    "cachedContents" : {
      "non_null" : 161,
      "smallest" : "100 Skypark Drive",
      "null" : 0,
      "largest" : "PO Box 777",
      "top" : [ {
        "count" : 20,
        "item" : "29 North Main Street"
      }, {
        "count" : 19,
        "item" : "ESPN Plaza"
      }, {
        "count" : 18,
        "item" : "2257 Silas Deane Highway"
      }, {
        "count" : 17,
        "item" : "10202 W. Washington Blvd. Thalberg #1306"
      }, {
        "count" : 16,
        "item" : "100 Universal City Plaza, Bldg 9128/2"
      }, {
        "count" : 15,
        "item" : "900 Chapel Street"
      }, {
        "count" : 14,
        "item" : "84 West Park Place, 4th Fl."
      }, {
        "count" : 13,
        "item" : "1041 N. Formosa Ave. Bldg #3"
      }, {
        "count" : 12,
        "item" : "100 Universal City Plaza, 2160-8A"
      }, {
        "count" : 11,
        "item" : "213 Court St. Suite 1002"
      }, {
        "count" : 10,
        "item" : "306 W. 4th St. Apt C2"
      }, {
        "count" : 9,
        "item" : "276 Addison Road"
      }, {
        "count" : 8,
        "item" : "4000 W. Alameda Avenue"
      }, {
        "count" : 7,
        "item" : "318 N. Carson St. #208"
      }, {
        "count" : 6,
        "item" : "9100 Wilshire Blvd. Ste 500W"
      }, {
        "count" : 5,
        "item" : "1241 East Main St."
      }, {
        "count" : 4,
        "item" : "915 Silas Deane Highway, 1st Floor"
      }, {
        "count" : 3,
        "item" : "PO Box 777"
      }, {
        "count" : 2,
        "item" : "345 Ely Ave."
      }, {
        "count" : 1,
        "item" : "1 American Row, 10th FL"
      } ]
    },
    "format" : { }
  }, {
    "id" : 208194431,
    "name" : "Applicant City",
    "dataTypeName" : "text",
    "fieldName" : "applicant_city",
    "position" : 3,
    "renderTypeName" : "text",
    "tableColumnId" : 22636884,
    "width" : 268,
    "cachedContents" : {
      "non_null" : 161,
      "smallest" : "Beverly Hills",
      "null" : 0,
      "largest" : "Yorktown Heights",
      "top" : [ {
        "count" : 20,
        "item" : "Los Angeles"
      }, {
        "count" : 19,
        "item" : "Norwalk"
      }, {
        "count" : 18,
        "item" : "Greenwich"
      }, {
        "count" : 17,
        "item" : "Fairfield"
      }, {
        "count" : 16,
        "item" : "Burbank"
      }, {
        "count" : 15,
        "item" : "Santa Monica"
      }, {
        "count" : 14,
        "item" : "Hartford"
      }, {
        "count" : 13,
        "item" : "New Canaan"
      }, {
        "count" : 12,
        "item" : "Brooklyn"
      }, {
        "count" : 11,
        "item" : "Stamford"
      }, {
        "count" : 10,
        "item" : "Bristol"
      }, {
        "count" : 9,
        "item" : "Universal City"
      }, {
        "count" : 8,
        "item" : "Beverly Hills"
      }, {
        "count" : 7,
        "item" : "West Hollywood"
      }, {
        "count" : 6,
        "item" : "Weston"
      }, {
        "count" : 5,
        "item" : "New York"
      }, {
        "count" : 4,
        "item" : "Westport"
      }, {
        "count" : 3,
        "item" : "New Haven"
      }, {
        "count" : 2,
        "item" : "Riverside"
      }, {
        "count" : 1,
        "item" : "Moodus"
      } ]
    },
    "format" : { }
  }, {
    "id" : 208194432,
    "name" : "Applicant State",
    "dataTypeName" : "text",
    "fieldName" : "applicant_state",
    "position" : 4,
    "renderTypeName" : "text",
    "tableColumnId" : 22636885,
    "width" : 280,
    "cachedContents" : {
      "non_null" : 161,
      "smallest" : "CA",
      "null" : 0,
      "largest" : "UK",
      "top" : [ {
        "count" : 20,
        "item" : "CA"
      }, {
        "count" : 19,
        "item" : "CT"
      }, {
        "count" : 18,
        "item" : "MI"
      }, {
        "count" : 17,
        "item" : "CANADA"
      }, {
        "count" : 16,
        "item" : "NY"
      }, {
        "count" : 15,
        "item" : "IL"
      }, {
        "count" : 14,
        "item" : "RI"
      }, {
        "count" : 13,
        "item" : "UK"
      }, {
        "count" : 12,
        "item" : "NV"
      } ]
    },
    "format" : { }
  }, {
    "id" : 208194433,
    "name" : "Applicant Zip Code",
    "dataTypeName" : "html",
    "fieldName" : "applicant_zip_code",
    "position" : 5,
    "renderTypeName" : "html",
    "tableColumnId" : 22636886,
    "width" : 316,
    "cachedContents" : {
      "non_null" : 161,
      "smallest" : "02878",
      "null" : 0,
      "largest" : "WC2E 7PB",
      "top" : [ {
        "count" : 20,
        "item" : "06854"
      }, {
        "count" : 19,
        "item" : "06010"
      }, {
        "count" : 18,
        "item" : "06902"
      }, {
        "count" : 17,
        "item" : "91608"
      }, {
        "count" : 16,
        "item" : "89701"
      }, {
        "count" : 15,
        "item" : "90210"
      }, {
        "count" : 14,
        "item" : "06510"
      }, {
        "count" : 13,
        "item" : "06901"
      }, {
        "count" : 12,
        "item" : "06067"
      }, {
        "count" : 11,
        "item" : "06142"
      }, {
        "count" : 10,
        "item" : "06103"
      }, {
        "count" : 9,
        "item" : "06831"
      }, {
        "count" : 8,
        "item" : "06105"
      }, {
        "count" : 7,
        "item" : "06830"
      } ]
    },
    "format" : { }
  }, {
    "id" : 208194434,
    "name" : "Project Address",
    "dataTypeName" : "text",
    "fieldName" : "project_address",
    "position" : 6,
    "renderTypeName" : "text",
    "tableColumnId" : 22636887,
    "width" : 280,
    "cachedContents" : {
      "non_null" : 156,
      "smallest" : "101 Franklin Street",
      "null" : 5,
      "largest" : "ESPN Plaza",
      "top" : [ {
        "count" : 20,
        "item" : "29 North Main Street"
      }, {
        "count" : 19,
        "item" : "ESPN Plaza"
      }, {
        "count" : 18,
        "item" : "76 Progress Drive"
      }, {
        "count" : 17,
        "item" : "550 West Ave."
      }, {
        "count" : 16,
        "item" : "2257 Silas Deane Highway"
      }, {
        "count" : 15,
        "item" : "10 Lexington Ave."
      }, {
        "count" : 14,
        "item" : "84 West Park Place, 4th Fl."
      }, {
        "count" : 13,
        "item" : "1 Blachley Rd."
      }, {
        "count" : 12,
        "item" : "300 Stillwater Ave"
      }, {
        "count" : 11,
        "item" : "1049 Asylum Ave."
      }, {
        "count" : 10,
        "item" : "220 Ronzo Rd. "
      }, {
        "count" : 9,
        "item" : "205 Railroad Ave. "
      }, {
        "count" : 8,
        "item" : "701 W. Putnam Ave."
      }, {
        "count" : 7,
        "item" : "120 Hamilton Ave"
      }, {
        "count" : 6,
        "item" : "88 Hamilton Ave"
      } ]
    },
    "format" : { }
  }, {
    "id" : 208194435,
    "name" : "Project Municipality",
    "dataTypeName" : "text",
    "fieldName" : "project_municipality",
    "position" : 7,
    "renderTypeName" : "text",
    "tableColumnId" : 22636888,
    "width" : 340,
    "cachedContents" : {
      "non_null" : 161,
      "smallest" : "Bridgeport",
      "null" : 0,
      "largest" : "Windsor",
      "top" : [ {
        "count" : 20,
        "item" : "Stamford"
      }, {
        "count" : 19,
        "item" : "Norwalk"
      }, {
        "count" : 18,
        "item" : "Greenwich"
      }, {
        "count" : 17,
        "item" : "Hartford"
      }, {
        "count" : 16,
        "item" : "Waterbury"
      }, {
        "count" : 15,
        "item" : "Bristol"
      }, {
        "count" : 14,
        "item" : "Shelton"
      }, {
        "count" : 13,
        "item" : "Torrington"
      }, {
        "count" : 12,
        "item" : "New Haven"
      }, {
        "count" : 11,
        "item" : "Westport"
      }, {
        "count" : 10,
        "item" : "Weston"
      }, {
        "count" : 9,
        "item" : "Rocky Hill"
      }, {
        "count" : 8,
        "item" : "Fairfield"
      }, {
        "count" : 7,
        "item" : "Danbury"
      }, {
        "count" : 6,
        "item" : "Milford"
      }, {
        "count" : 5,
        "item" : "Waterford"
      }, {
        "count" : 4,
        "item" : "New Canaan"
      }, {
        "count" : 3,
        "item" : "New London"
      }, {
        "count" : 2,
        "item" : "Guilford"
      }, {
        "count" : 1,
        "item" : "Wallingford"
      } ]
    },
    "format" : { }
  }, {
    "id" : 208194436,
    "name" : "Project Zip Code",
    "dataTypeName" : "text",
    "fieldName" : "project_zip_code",
    "position" : 8,
    "renderTypeName" : "text",
    "tableColumnId" : 22636889,
    "width" : 292,
    "cachedContents" : {
      "non_null" : 161,
      "smallest" : "06010",
      "null" : 0,
      "largest" : "06942",
      "top" : [ {
        "count" : 20,
        "item" : "06902"
      }, {
        "count" : 19,
        "item" : "06854"
      }, {
        "count" : 18,
        "item" : "06851"
      }, {
        "count" : 17,
        "item" : "06831"
      }, {
        "count" : 16,
        "item" : "06103"
      }, {
        "count" : 15,
        "item" : "06850"
      }, {
        "count" : 14,
        "item" : "06830"
      }, {
        "count" : 13,
        "item" : "06901"
      }, {
        "count" : 12,
        "item" : "06010"
      }, {
        "count" : 11,
        "item" : "06484"
      }, {
        "count" : 10,
        "item" : "06855"
      }, {
        "count" : 9,
        "item" : "06905"
      }, {
        "count" : 8,
        "item" : "06880"
      }, {
        "count" : 7,
        "item" : "06883"
      }, {
        "count" : 6,
        "item" : "06906"
      }, {
        "count" : 5,
        "item" : "06385"
      }, {
        "count" : 4,
        "item" : "06320"
      }, {
        "count" : 3,
        "item" : "06825"
      }, {
        "count" : 2,
        "item" : "06810"
      }, {
        "count" : 1,
        "item" : "06437"
      } ]
    },
    "format" : { }
  }, {
    "id" : 208194437,
    "name" : "Program Name",
    "dataTypeName" : "text",
    "fieldName" : "program_name",
    "position" : 9,
    "renderTypeName" : "text",
    "tableColumnId" : 22636890,
    "width" : 244,
    "cachedContents" : {
      "non_null" : 161,
      "smallest" : "Digital Animation Production Company Tax Credit",
      "null" : 0,
      "largest" : "Film Infrastructure Tax Credit",
      "top" : [ {
        "count" : 20,
        "item" : "Film and Digital Media Production Tax Credit"
      }, {
        "count" : 19,
        "item" : "Digital Animation Production Company Tax Credit"
      }, {
        "count" : 18,
        "item" : "Film Infrastructure Tax Credit"
      } ]
    },
    "format" : { }
  }, {
    "id" : 208194438,
    "name" : "Statutory Reference",
    "dataTypeName" : "text",
    "fieldName" : "statutory_reference",
    "position" : 10,
    "renderTypeName" : "text",
    "tableColumnId" : 22636891,
    "width" : 328,
    "cachedContents" : {
      "non_null" : 161,
      "smallest" : "CGS 12-217jj",
      "null" : 0,
      "largest" : "CGS 12-217ll",
      "top" : [ {
        "count" : 20,
        "item" : "CGS 12-217jj"
      }, {
        "count" : 19,
        "item" : "CGS 12-217ll"
      }, {
        "count" : 18,
        "item" : "CGS 12-217kk"
      } ]
    },
    "format" : { }
  }, {
    "id" : 208194439,
    "name" : "Tax Credits Issued 1999",
    "dataTypeName" : "money",
    "fieldName" : "tax_credits_issued_1999",
    "position" : 11,
    "renderTypeName" : "money",
    "tableColumnId" : 22636892,
    "width" : 376,
    "cachedContents" : {
      "non_null" : 0,
      "sum" : "0",
      "null" : 161
    },
    "format" : { }
  }, {
    "id" : 208194440,
    "name" : "Tax Credits Issued 2000",
    "dataTypeName" : "money",
    "fieldName" : "tax_credits_issued_2000",
    "position" : 12,
    "renderTypeName" : "money",
    "tableColumnId" : 22636893,
    "width" : 376,
    "cachedContents" : {
      "non_null" : 0,
      "sum" : "0",
      "null" : 161
    },
    "format" : { }
  }, {
    "id" : 208194441,
    "name" : "Tax Credits Issued 2001",
    "dataTypeName" : "money",
    "fieldName" : "tax_credits_issued_2001",
    "position" : 13,
    "renderTypeName" : "money",
    "tableColumnId" : 22636894,
    "width" : 376,
    "cachedContents" : {
      "non_null" : 0,
      "sum" : "0",
      "null" : 161
    },
    "format" : { }
  }, {
    "id" : 208194442,
    "name" : "Tax Credits Issued 2002",
    "dataTypeName" : "money",
    "fieldName" : "tax_credits_issued_2002",
    "position" : 14,
    "renderTypeName" : "money",
    "tableColumnId" : 22636895,
    "width" : 376,
    "cachedContents" : {
      "non_null" : 0,
      "sum" : "0",
      "null" : 161
    },
    "format" : { }
  }, {
    "id" : 208194443,
    "name" : "Tax Credits Issued 2003",
    "dataTypeName" : "money",
    "fieldName" : "tax_credits_issued_2003",
    "position" : 15,
    "renderTypeName" : "money",
    "tableColumnId" : 22636896,
    "width" : 376,
    "cachedContents" : {
      "non_null" : 0,
      "sum" : "0",
      "null" : 161
    },
    "format" : { }
  }, {
    "id" : 208194444,
    "name" : "Tax Credits Issued 2004",
    "dataTypeName" : "money",
    "fieldName" : "tax_credits_issued_2004",
    "position" : 16,
    "renderTypeName" : "money",
    "tableColumnId" : 22636897,
    "width" : 376,
    "cachedContents" : {
      "non_null" : 0,
      "sum" : "0",
      "null" : 161
    },
    "format" : { }
  }, {
    "id" : 208194445,
    "name" : "Tax Credits issued 2005",
    "dataTypeName" : "money",
    "fieldName" : "tax_credits_issued_2005",
    "position" : 17,
    "renderTypeName" : "money",
    "tableColumnId" : 22636898,
    "width" : 376,
    "cachedContents" : {
      "non_null" : 0,
      "sum" : "0",
      "null" : 161
    },
    "format" : { }
  }, {
    "id" : 208194446,
    "name" : "Tax Credits Issued 2006",
    "dataTypeName" : "money",
    "fieldName" : "tax_credits_issued_2006",
    "position" : 18,
    "renderTypeName" : "money",
    "tableColumnId" : 22636899,
    "width" : 376,
    "cachedContents" : {
      "non_null" : 0,
      "sum" : "0",
      "null" : 161
    },
    "format" : { }
  }, {
    "id" : 208194447,
    "name" : "Tax Credits Issued 2007",
    "dataTypeName" : "money",
    "fieldName" : "tax_credits_issued_2007",
    "position" : 19,
    "renderTypeName" : "money",
    "tableColumnId" : 22636900,
    "width" : 376,
    "cachedContents" : {
      "non_null" : 13,
      "smallest" : "41678",
      "sum" : "22618193",
      "null" : 148,
      "average" : "1739861",
      "largest" : "6242705",
      "top" : [ {
        "count" : 20,
        "item" : "457480"
      }, {
        "count" : 19,
        "item" : "113279"
      }, {
        "count" : 18,
        "item" : "6242705"
      }, {
        "count" : 17,
        "item" : "122284"
      }, {
        "count" : 16,
        "item" : "5085216"
      }, {
        "count" : 15,
        "item" : "3503906"
      }, {
        "count" : 14,
        "item" : "785517"
      }, {
        "count" : 13,
        "item" : "2745479"
      }, {
        "count" : 12,
        "item" : "54631"
      }, {
        "count" : 11,
        "item" : "52732"
      }, {
        "count" : 10,
        "item" : "3294907"
      }, {
        "count" : 9,
        "item" : "118379"
      }, {
        "count" : 8,
        "item" : "41678"
      } ]
    },
    "format" : { }
  }, {
    "id" : 208194448,
    "name" : "Tax Credits Issued 2008",
    "dataTypeName" : "money",
    "fieldName" : "tax_credits_issued_2008",
    "position" : 20,
    "renderTypeName" : "money",
    "tableColumnId" : 22636901,
    "width" : 376,
    "cachedContents" : {
      "non_null" : 25,
      "smallest" : "37883",
      "sum" : "79874119",
      "null" : 136,
      "average" : "3194964.76",
      "largest" : "12514055",
      "top" : [ {
        "count" : 20,
        "item" : "889520"
      }, {
        "count" : 19,
        "item" : "504922"
      }, {
        "count" : 18,
        "item" : "171181"
      }, {
        "count" : 17,
        "item" : "10231833"
      }, {
        "count" : 16,
        "item" : "7915499"
      }, {
        "count" : 15,
        "item" : "6485430"
      }, {
        "count" : 14,
        "item" : "37883"
      }, {
        "count" : 13,
        "item" : "4058082"
      }, {
        "count" : 12,
        "item" : "130335"
      }, {
        "count" : 11,
        "item" : "5982067"
      }, {
        "count" : 10,
        "item" : "209598"
      }, {
        "count" : 9,
        "item" : "11027477"
      }, {
        "count" : 8,
        "item" : "2146081"
      }, {
        "count" : 7,
        "item" : "12514055"
      }, {
        "count" : 6,
        "item" : "112580"
      }, {
        "count" : 5,
        "item" : "3113373"
      }, {
        "count" : 4,
        "item" : "2083103"
      }, {
        "count" : 3,
        "item" : "3441616"
      }, {
        "count" : 2,
        "item" : "122848"
      }, {
        "count" : 1,
        "item" : "55001"
      } ]
    },
    "format" : { }
  }, {
    "id" : 208194449,
    "name" : "Tax Credits Issued 2009",
    "dataTypeName" : "money",
    "fieldName" : "tax_credits_issued_2009",
    "position" : 21,
    "renderTypeName" : "money",
    "tableColumnId" : 22636902,
    "width" : 376,
    "cachedContents" : {
      "non_null" : 31,
      "smallest" : "15507",
      "sum" : "41493483",
      "null" : 130,
      "average" : "1338499.451612903",
      "largest" : "10688191",
      "top" : [ {
        "count" : 20,
        "item" : "10688191"
      }, {
        "count" : 19,
        "item" : "4543863"
      }, {
        "count" : 18,
        "item" : "98619"
      }, {
        "count" : 17,
        "item" : "35370"
      }, {
        "count" : 16,
        "item" : "151078"
      }, {
        "count" : 15,
        "item" : "306476"
      }, {
        "count" : 14,
        "item" : "35494"
      }, {
        "count" : 13,
        "item" : "7396976"
      }, {
        "count" : 12,
        "item" : "15507"
      }, {
        "count" : 11,
        "item" : "26539"
      }, {
        "count" : 10,
        "item" : "362176"
      }, {
        "count" : 9,
        "item" : "180919"
      }, {
        "count" : 8,
        "item" : "84870"
      }, {
        "count" : 7,
        "item" : "397541"
      }, {
        "count" : 6,
        "item" : "1098960"
      }, {
        "count" : 5,
        "item" : "215088"
      }, {
        "count" : 4,
        "item" : "361446"
      }, {
        "count" : 3,
        "item" : "31035"
      }, {
        "count" : 2,
        "item" : "73039"
      }, {
        "count" : 1,
        "item" : "34740"
      } ]
    },
    "format" : { }
  }, {
    "id" : 208194450,
    "name" : "Tax Credits Issued 2010",
    "dataTypeName" : "money",
    "fieldName" : "tax_credits_issued_2010",
    "position" : 22,
    "renderTypeName" : "money",
    "tableColumnId" : 22636903,
    "width" : 376,
    "cachedContents" : {
      "non_null" : 43,
      "smallest" : "21349",
      "sum" : "65563281",
      "null" : 118,
      "average" : "1524727.465116279",
      "largest" : "16473748",
      "top" : [ {
        "count" : 20,
        "item" : "29041"
      }, {
        "count" : 19,
        "item" : "5062711"
      } ]
    },
    "format" : { }
  }, {
    "id" : 208194451,
    "name" : "Tax Credits Issued 2011",
    "dataTypeName" : "money",
    "fieldName" : "tax_credits_issued_2011",
    "position" : 23,
    "renderTypeName" : "money",
    "tableColumnId" : 22636904,
    "width" : 376,
    "cachedContents" : {
      "non_null" : 25,
      "smallest" : "35306",
      "sum" : "69772428",
      "null" : 136,
      "average" : "2790897.12",
      "largest" : "16175797",
      "top" : [ {
        "count" : 20,
        "item" : "15000000"
      }, {
        "count" : 19,
        "item" : "130916"
      }, {
        "count" : 18,
        "item" : "9453622"
      }, {
        "count" : 17,
        "item" : "310247"
      }, {
        "count" : 16,
        "item" : "16175797"
      }, {
        "count" : 15,
        "item" : "38553"
      }, {
        "count" : 14,
        "item" : "342994"
      }, {
        "count" : 13,
        "item" : "363474"
      }, {
        "count" : 12,
        "item" : "1178100"
      }, {
        "count" : 11,
        "item" : "318145"
      }, {
        "count" : 10,
        "item" : "89007"
      }, {
        "count" : 9,
        "item" : "876591"
      }, {
        "count" : 8,
        "item" : "38066"
      }, {
        "count" : 7,
        "item" : "450058"
      }, {
        "count" : 6,
        "item" : "795186"
      }, {
        "count" : 5,
        "item" : "2850481"
      }, {
        "count" : 4,
        "item" : "6346340"
      }, {
        "count" : 3,
        "item" : "64073"
      }, {
        "count" : 2,
        "item" : "77892"
      }, {
        "count" : 1,
        "item" : "132268"
      } ]
    },
    "format" : { }
  }, {
    "id" : 208194452,
    "name" : "Tax Credits Issued 2012",
    "dataTypeName" : "money",
    "fieldName" : "tax_credits_issued_2012",
    "position" : 24,
    "renderTypeName" : "money",
    "tableColumnId" : 22636905,
    "width" : 376,
    "cachedContents" : {
      "non_null" : 33,
      "smallest" : "17718",
      "sum" : "94525413",
      "null" : 128,
      "average" : "2864406.454545455",
      "largest" : "17155349",
      "top" : [ {
        "count" : 20,
        "item" : "15000000"
      }, {
        "count" : 19,
        "item" : "404096"
      }, {
        "count" : 18,
        "item" : "6563970"
      }, {
        "count" : 17,
        "item" : "836754"
      }, {
        "count" : 16,
        "item" : "125440"
      }, {
        "count" : 15,
        "item" : "327661"
      }, {
        "count" : 14,
        "item" : "131441"
      }, {
        "count" : 13,
        "item" : "443532"
      }, {
        "count" : 12,
        "item" : "304766"
      }, {
        "count" : 11,
        "item" : "1789298"
      }, {
        "count" : 10,
        "item" : "9103751"
      }, {
        "count" : 9,
        "item" : "2548566"
      }, {
        "count" : 8,
        "item" : "27970"
      }, {
        "count" : 7,
        "item" : "9389564"
      }, {
        "count" : 6,
        "item" : "37582"
      }, {
        "count" : 5,
        "item" : "1234900"
      }, {
        "count" : 4,
        "item" : "102261"
      }, {
        "count" : 3,
        "item" : "19943"
      }, {
        "count" : 2,
        "item" : "17718"
      }, {
        "count" : 1,
        "item" : "376675"
      } ]
    },
    "format" : { }
  }, {
    "id" : 208194453,
    "name" : "Tax Credits Issued 2013",
    "dataTypeName" : "money",
    "fieldName" : "tax_credits_issued_2013",
    "position" : 25,
    "renderTypeName" : "money",
    "tableColumnId" : 22636906,
    "width" : 241,
    "cachedContents" : {
      "non_null" : 33,
      "smallest" : "22300",
      "sum" : "119468363",
      "null" : 128,
      "average" : "3620253.424242424",
      "largest" : "23545581",
      "top" : [ {
        "count" : 20,
        "item" : "15000000"
      }, {
        "count" : 19,
        "item" : "432030"
      }, {
        "count" : 18,
        "item" : "1823988"
      }, {
        "count" : 17,
        "item" : "392112"
      }, {
        "count" : 16,
        "item" : "378422"
      }, {
        "count" : 15,
        "item" : "315496"
      }, {
        "count" : 14,
        "item" : "479698"
      }, {
        "count" : 13,
        "item" : "1560863"
      }, {
        "count" : 12,
        "item" : "9734345"
      }, {
        "count" : 11,
        "item" : "428903"
      }, {
        "count" : 10,
        "item" : "339729"
      }, {
        "count" : 9,
        "item" : "538931"
      }, {
        "count" : 8,
        "item" : "1234630"
      }, {
        "count" : 7,
        "item" : "22300"
      }, {
        "count" : 6,
        "item" : "3543522"
      }, {
        "count" : 5,
        "item" : "9714417"
      }, {
        "count" : 4,
        "item" : "25991"
      }, {
        "count" : 3,
        "item" : "88799"
      }, {
        "count" : 2,
        "item" : "824069"
      }, {
        "count" : 1,
        "item" : "332082"
      } ]
    },
    "format" : { }
  }, {
    "id" : 208194454,
    "name" : "Tax Credits Issued 2014",
    "dataTypeName" : "money",
    "fieldName" : "tax_credits_issued_2014",
    "position" : 26,
    "renderTypeName" : "money",
    "tableColumnId" : 22636907,
    "width" : 228,
    "cachedContents" : {
      "non_null" : 35,
      "smallest" : "26300",
      "sum" : "97549241.00",
      "null" : 126,
      "average" : "2787121.171428571",
      "largest" : "15258377",
      "top" : [ {
        "count" : 20,
        "item" : "15000000"
      }, {
        "count" : 19,
        "item" : "3888052"
      }, {
        "count" : 18,
        "item" : "1397436"
      }, {
        "count" : 17,
        "item" : "796913"
      }, {
        "count" : 16,
        "item" : "433220.00"
      }, {
        "count" : 15,
        "item" : "1066384"
      }, {
        "count" : 14,
        "item" : "1264686"
      }, {
        "count" : 13,
        "item" : "10200883"
      }, {
        "count" : 12,
        "item" : "346816"
      }, {
        "count" : 11,
        "item" : "626384"
      }, {
        "count" : 10,
        "item" : "81078"
      }, {
        "count" : 9,
        "item" : "1367553"
      }, {
        "count" : 8,
        "item" : "26300"
      }, {
        "count" : 7,
        "item" : "36748"
      }, {
        "count" : 6,
        "item" : "470741"
      }, {
        "count" : 5,
        "item" : "1775823"
      }, {
        "count" : 4,
        "item" : "1010287"
      }, {
        "count" : 3,
        "item" : "5973046"
      }, {
        "count" : 2,
        "item" : "4095881"
      }, {
        "count" : 1,
        "item" : "86439"
      } ]
    },
    "format" : { }
  }, {
    "id" : 208194460,
    "name" : "Total Tax Credits Issued",
    "dataTypeName" : "money",
    "fieldName" : "total_tax_credits_issued",
    "position" : 32,
    "renderTypeName" : "money",
    "tableColumnId" : 22636913,
    "width" : 230,
    "cachedContents" : {
      "non_null" : 161,
      "smallest" : "19845",
      "sum" : "606137553",
      "null" : 0,
      "average" : "3764829.521739130",
      "largest" : "93831981",
      "top" : [ {
        "count" : 20,
        "item" : "449436"
      }, {
        "count" : 19,
        "item" : "370681"
      }, {
        "count" : 18,
        "item" : "35306"
      }, {
        "count" : 17,
        "item" : "55001"
      }, {
        "count" : 16,
        "item" : "2660757"
      }, {
        "count" : 15,
        "item" : "794103"
      }, {
        "count" : 14,
        "item" : "3947631"
      }, {
        "count" : 13,
        "item" : "303000"
      }, {
        "count" : 12,
        "item" : "1961872"
      }, {
        "count" : 11,
        "item" : "980749"
      }, {
        "count" : 10,
        "item" : "380844"
      }, {
        "count" : 9,
        "item" : "168239"
      }, {
        "count" : 8,
        "item" : "2582052"
      }, {
        "count" : 7,
        "item" : "390667"
      }, {
        "count" : 6,
        "item" : "41678"
      }, {
        "count" : 5,
        "item" : "77986"
      }, {
        "count" : 4,
        "item" : "8335075"
      }, {
        "count" : 3,
        "item" : "3577022"
      }, {
        "count" : 2,
        "item" : "1131719"
      }, {
        "count" : 1,
        "item" : "54424870"
      } ]
    },
    "format" : { }
  }, {
    "id" : 208194461,
    "name" : "Total Tax Credit Allocation",
    "dataTypeName" : "money",
    "fieldName" : "total_tax_credit_allocation",
    "position" : 33,
    "renderTypeName" : "money",
    "tableColumnId" : 22636914,
    "width" : 245,
    "cachedContents" : {
      "non_null" : 0,
      "sum" : "0",
      "null" : 161
    },
    "format" : { }
  }, {
    "id" : 208194462,
    "name" : "Contract Date/ Allocation Date",
    "dataTypeName" : "calendar_date",
    "fieldName" : "contract_date_allocation_date",
    "position" : 34,
    "renderTypeName" : "calendar_date",
    "tableColumnId" : 22636915,
    "width" : 297,
    "cachedContents" : {
      "non_null" : 0,
      "null" : 161
    },
    "format" : { }
  }, {
    "id" : 208194463,
    "name" : "Total Number of Investments",
    "dataTypeName" : "number",
    "fieldName" : "total_number_of_investments",
    "position" : 35,
    "renderTypeName" : "number",
    "tableColumnId" : 22636916,
    "width" : 245,
    "cachedContents" : {
      "non_null" : 0,
      "sum" : "0",
      "null" : 161
    },
    "format" : { }
  }, {
    "id" : 208194464,
    "name" : "Total Qualified Expenditures",
    "dataTypeName" : "money",
    "fieldName" : "total_qualified_expenditures",
    "position" : 36,
    "renderTypeName" : "money",
    "tableColumnId" : 22636917,
    "width" : 436,
    "cachedContents" : {
      "non_null" : 160,
      "smallest" : "66150",
      "sum" : "2248072384.00",
      "null" : 1,
      "average" : "14050452.40",
      "largest" : "404809709",
      "top" : [ {
        "count" : 20,
        "item" : "2471201"
      }, {
        "count" : 19,
        "item" : "353060"
      }, {
        "count" : 18,
        "item" : "183336"
      }, {
        "count" : 17,
        "item" : "8869189"
      }, {
        "count" : 16,
        "item" : "2647009"
      }, {
        "count" : 15,
        "item" : "13158771"
      }, {
        "count" : 14,
        "item" : "1010000"
      }, {
        "count" : 13,
        "item" : "6539575"
      }, {
        "count" : 12,
        "item" : "3269162"
      }, {
        "count" : 11,
        "item" : "1269481"
      }, {
        "count" : 10,
        "item" : "560771"
      }, {
        "count" : 9,
        "item" : "8952825"
      }, {
        "count" : 8,
        "item" : "1302222"
      }, {
        "count" : 7,
        "item" : "138927"
      }, {
        "count" : 6,
        "item" : "519908"
      }, {
        "count" : 5,
        "item" : "27783584"
      }, {
        "count" : 4,
        "item" : "11923406"
      }, {
        "count" : 3,
        "item" : "3772397"
      }, {
        "count" : 2,
        "item" : "181416232"
      }, {
        "count" : 1,
        "item" : "1262512"
      } ]
    },
    "format" : { }
  }, {
    "id" : 208194465,
    "name" : "Leveraged Funds",
    "dataTypeName" : "money",
    "fieldName" : "leveraged_funds",
    "position" : 37,
    "renderTypeName" : "money",
    "tableColumnId" : 22636918,
    "width" : 280,
    "cachedContents" : {
      "non_null" : 0,
      "sum" : "0",
      "null" : 161
    },
    "format" : { }
  }, {
    "id" : 208194466,
    "name" : "Total Jobs Created",
    "dataTypeName" : "number",
    "fieldName" : "total_jobs_created",
    "position" : 38,
    "renderTypeName" : "number",
    "tableColumnId" : 22636919,
    "width" : 316,
    "cachedContents" : {
      "non_null" : 0,
      "sum" : "0",
      "null" : 161
    },
    "format" : { }
  }, {
    "id" : 208194467,
    "name" : "Total Unemployment Jobs Created",
    "dataTypeName" : "number",
    "fieldName" : "total_unemployment_jobs_created",
    "position" : 39,
    "renderTypeName" : "number",
    "tableColumnId" : 22636920,
    "width" : 472,
    "cachedContents" : {
      "non_null" : 0,
      "sum" : "0",
      "null" : 161
    },
    "format" : { }
  }, {
    "id" : 208194468,
    "name" : "Total Military Jobs Created",
    "dataTypeName" : "number",
    "fieldName" : "total_military_jobs_created",
    "position" : 40,
    "renderTypeName" : "number",
    "tableColumnId" : 22636921,
    "width" : 424,
    "cachedContents" : {
      "non_null" : 0,
      "sum" : "0",
      "null" : 161
    },
    "format" : { }
  }, {
    "id" : 208194469,
    "name" : "Total Vocational Rehab Jobs Created",
    "dataTypeName" : "number",
    "fieldName" : "total_vocational_rehab_jobs_created",
    "position" : 41,
    "renderTypeName" : "number",
    "tableColumnId" : 22636922,
    "width" : 520,
    "cachedContents" : {
      "non_null" : 0,
      "sum" : "0",
      "null" : 161
    },
    "format" : { }
  }, {
    "id" : 208194470,
    "name" : "Contract Requirement:Jobs to be Retained",
    "dataTypeName" : "number",
    "fieldName" : "contract_requirement_jobs_to_be_retained",
    "position" : 42,
    "renderTypeName" : "number",
    "tableColumnId" : 22636923,
    "width" : 580,
    "cachedContents" : {
      "non_null" : 0,
      "sum" : "0",
      "null" : 161
    },
    "format" : { }
  }, {
    "id" : 208194471,
    "name" : "Contract Requirement: Jobs to be Created",
    "dataTypeName" : "number",
    "fieldName" : "contract_requirement_jobs_to_be_created",
    "position" : 43,
    "renderTypeName" : "number",
    "tableColumnId" : 22636924,
    "width" : 580,
    "cachedContents" : {
      "non_null" : 0,
      "sum" : "0",
      "null" : 161
    },
    "format" : { }
  }, {
    "id" : 208194472,
    "name" : "Contract Requirement: Target Date",
    "dataTypeName" : "calendar_date",
    "fieldName" : "contract_requirement_target_date",
    "position" : 44,
    "renderTypeName" : "calendar_date",
    "tableColumnId" : 22636925,
    "width" : 496,
    "cachedContents" : {
      "non_null" : 0,
      "null" : 161
    },
    "format" : { }
  }, {
    "id" : 208194473,
    "name" : "Actual Jobs at Time of Review",
    "dataTypeName" : "text",
    "fieldName" : "actual_jobs_at_time_of_review",
    "position" : 45,
    "renderTypeName" : "text",
    "tableColumnId" : 22636926,
    "width" : 448,
    "cachedContents" : {
      "non_null" : 0,
      "null" : 161
    },
    "format" : { }
  }, {
    "id" : 208194474,
    "name" : "Job Obligation Status",
    "dataTypeName" : "text",
    "fieldName" : "job_obligation_status",
    "position" : 46,
    "renderTypeName" : "text",
    "tableColumnId" : 22636927,
    "width" : 352,
    "cachedContents" : {
      "non_null" : 0,
      "null" : 161
    },
    "format" : { }
  }, {
    "id" : 208194475,
    "name" : "Job Penalty(if applicable)",
    "dataTypeName" : "text",
    "fieldName" : "job_penalty_if_applicable",
    "position" : 47,
    "renderTypeName" : "text",
    "tableColumnId" : 22636928,
    "width" : 412,
    "cachedContents" : {
      "non_null" : 0,
      "null" : 161
    },
    "format" : { }
  }, {
    "id" : 208194476,
    "name" : "Forgiveness Credit(if applicable)",
    "dataTypeName" : "number",
    "fieldName" : "forgiveness_credit_if_applicable",
    "position" : 48,
    "renderTypeName" : "number",
    "tableColumnId" : 22636929,
    "width" : 496,
    "cachedContents" : {
      "non_null" : 0,
      "sum" : "0",
      "null" : 161
    },
    "format" : { }
  }, {
    "id" : 208194477,
    "name" : "Per Application: Full Time CT Jobs at Application",
    "dataTypeName" : "number",
    "fieldName" : "per_application_full_time_ct_jobs_at_application",
    "position" : 49,
    "renderTypeName" : "number",
    "tableColumnId" : 22636930,
    "width" : 401,
    "cachedContents" : {
      "non_null" : 0,
      "sum" : "0",
      "null" : 161
    },
    "format" : { }
  }, {
    "id" : 208194478,
    "name" : "Per Application: Full Time Jobs to be Created",
    "dataTypeName" : "number",
    "fieldName" : "per_application_full_time_jobs_to_be_created",
    "position" : 50,
    "renderTypeName" : "number",
    "tableColumnId" : 22636931,
    "width" : 335,
    "cachedContents" : {
      "non_null" : 0,
      "sum" : "0",
      "null" : 161
    },
    "format" : { }
  }, {
    "id" : 208194479,
    "name" : "Per Application:  Part Time CT Jobs at Application",
    "dataTypeName" : "number",
    "fieldName" : "per_application_part_time_ct_jobs_at_application",
    "position" : 51,
    "renderTypeName" : "number",
    "tableColumnId" : 22636932,
    "width" : 700,
    "cachedContents" : {
      "non_null" : 0,
      "sum" : "0",
      "null" : 161
    },
    "format" : { }
  }, {
    "id" : 208194480,
    "name" : "Per Application:  Part Time Jobs to be Created",
    "dataTypeName" : "number",
    "fieldName" : "per_application_part_time_jobs_to_be_created",
    "position" : 52,
    "renderTypeName" : "number",
    "tableColumnId" : 22636933,
    "width" : 652,
    "cachedContents" : {
      "non_null" : 0,
      "sum" : "0",
      "null" : 161
    },
    "format" : { }
  }, {
    "id" : 208194482,
    "name" : "Location",
    "dataTypeName" : "location",
    "fieldName" : "location",
    "position" : 54,
    "renderTypeName" : "location",
    "tableColumnId" : 25876543,
    "width" : 100,
    "cachedContents" : {
      "non_null" : 0,
      "null" : 161
    },
    "format" : { },
    "subColumnTypes" : [ "human_address", "latitude", "longitude", "machine_address", "needs_recoding" ]
  } ],
  "grants" : [ {
    "inherited" : true,
    "type" : "viewer",
    "flags" : [ "public" ]
  } ],
  "metadata" : {
    "renderTypeConfig" : {
      "visible" : {
        "table" : true
      }
    },
    "availableDisplayTypes" : [ "table", "fatrow", "page" ],
    "jsonQuery" : {
      "where" : {
        "children" : [ {
          "value" : "Digital Animation Production Company Tax Credit",
          "operator" : "EQUALS",
          "metadata" : {
            "freeform" : false
          },
          "columnFieldName" : "program_name"
        }, {
          "value" : "Film and Digital Media Production Tax Credit",
          "operator" : "EQUALS",
          "metadata" : {
            "freeform" : false
          },
          "columnFieldName" : "program_name"
        }, {
          "value" : "Film Infrastructure Tax Credit",
          "operator" : "EQUALS",
          "metadata" : {
            "freeform" : false
          },
          "columnFieldName" : "program_name"
        } ],
        "operator" : "OR",
        "metadata" : {
          "unifiedVersion" : 2,
          "tableColumnId" : {
            "1843420" : 22636890
          },
          "operator" : "EQUALS"
        }
      }
    },
    "rdfSubject" : "0"
  },
  "owner" : {
    "id" : "nbd6-fawc",
    "displayName" : "Kara Sene",
    "profileImageUrlLarge" : "/api/users/nbd6-fawc/profile_images/LARGE",
    "profileImageUrlMedium" : "/api/users/nbd6-fawc/profile_images/THUMB",
    "profileImageUrlSmall" : "/api/users/nbd6-fawc/profile_images/TINY",
    "roleName" : "editor",
    "screenName" : "Kara Sene",
    "rights" : [ "create_datasets", "view_domain", "create_pages", "view_goals", "view_dashboards" ]
  },
  "query" : {
    "filterCondition" : {
      "type" : "operator",
      "value" : "AND",
      "children" : [ {
        "type" : "operator",
        "value" : "OR",
        "children" : [ {
          "type" : "operator",
          "value" : "EQUALS",
          "children" : [ {
            "columnId" : 208194437,
            "type" : "column"
          }, {
            "type" : "literal",
            "value" : "Digital Animation Production Company Tax Credit"
          } ],
          "metadata" : {
            "freeform" : false
          }
        }, {
          "type" : "operator",
          "value" : "EQUALS",
          "children" : [ {
            "columnId" : 208194437,
            "type" : "column"
          }, {
            "type" : "literal",
            "value" : "Film and Digital Media Production Tax Credit"
          } ],
          "metadata" : {
            "freeform" : false
          }
        }, {
          "type" : "operator",
          "value" : "EQUALS",
          "children" : [ {
            "columnId" : 208194437,
            "type" : "column"
          }, {
            "type" : "literal",
            "value" : "Film Infrastructure Tax Credit"
          } ],
          "metadata" : {
            "freeform" : false
          }
        } ],
        "metadata" : {
          "operator" : "EQUALS",
          "tableColumnId" : {
            "1843420" : 22636890
          }
        }
      } ],
      "metadata" : {
        "unifiedVersion" : 2
      }
    }
  },
  "rights" : [ "read" ],
  "tableAuthor" : {
    "id" : "nbd6-fawc",
    "displayName" : "Kara Sene",
    "profileImageUrlLarge" : "/api/users/nbd6-fawc/profile_images/LARGE",
    "profileImageUrlMedium" : "/api/users/nbd6-fawc/profile_images/THUMB",
    "profileImageUrlSmall" : "/api/users/nbd6-fawc/profile_images/TINY",
    "roleName" : "editor",
    "screenName" : "Kara Sene",
    "rights" : [ "create_datasets", "view_domain", "create_pages", "view_goals", "view_dashboards" ]
  },
  "tags" : [ "business", "tax credits", "tax credits earned", "film", "digital media", "infrastructure", "animation" ],
  "viewFilters" : {
    "type" : "operator",
    "value" : "AND",
    "children" : [ {
      "type" : "operator",
      "value" : "OR",
      "children" : [ {
        "type" : "operator",
        "value" : "EQUALS",
        "children" : [ {
          "columnId" : 208194437,
          "type" : "column"
        }, {
          "type" : "literal",
          "value" : "Digital Animation Production Company Tax Credit"
        } ],
        "metadata" : {
          "freeform" : false
        }
      }, {
        "type" : "operator",
        "value" : "EQUALS",
        "children" : [ {
          "columnId" : 208194437,
          "type" : "column"
        }, {
          "type" : "literal",
          "value" : "Film and Digital Media Production Tax Credit"
        } ],
        "metadata" : {
          "freeform" : false
        }
      }, {
        "type" : "operator",
        "value" : "EQUALS",
        "children" : [ {
          "columnId" : 208194437,
          "type" : "column"
        }, {
          "type" : "literal",
          "value" : "Film Infrastructure Tax Credit"
        } ],
        "metadata" : {
          "freeform" : false
        }
      } ],
      "metadata" : {
        "operator" : "EQUALS",
        "tableColumnId" : {
          "1843420" : 22636890
        }
      }
    } ],
    "metadata" : {
      "unifiedVersion" : 2
    }
  }
}
