[ {
  "property_type" : "Park",
  "access_id" : "75",
  "access_type" : "Trail",
  "link" : "http://www.ct.gov/deep/cwp/view.asp?a=2716&q=479336&deepNav_GID=1650",
  "access_town" : "Thompson",
  "property" : "Airline State Park Trail",
  "shape" : {
    "needs_recoding" : false,
    "longitude" : "-71.80889369899995",
    "latitude" : "42.00893997600008"
  },
  "access" : "Air Line State Park Trail",
  "objectid" : "72",
  "section" : "North Trail"
}
, {
  "property_type" : "Park",
  "access_id" : "87",
  "access_type" : "Trail",
  "link" : "http://www.ct.gov/deep/cwp/view.asp?a=2716&q=479336&deepNav_GID=1650",
  "access_town" : "Thompson",
  "property" : "Airline State Park Trail",
  "shape" : {
    "needs_recoding" : false,
    "longitude" : "-71.86611429099997",
    "latitude" : "41.976658315000066"
  },
  "access" : "Air Line State Park Trail",
  "objectid" : "84",
  "section" : "North Trail"
}
, {
  "property_type" : "Park",
  "access_id" : "88",
  "access_type" : "Trail",
  "link" : "http://www.ct.gov/deep/cwp/view.asp?a=2716&q=479336&deepNav_GID=1650",
  "access_town" : "Putnam",
  "property" : "Airline State Park Trail",
  "shape" : {
    "needs_recoding" : false,
    "longitude" : "-71.91396695399999",
    "latitude" : "41.88948206500004"
  },
  "access" : "Air Line State Park Trail",
  "objectid" : "85",
  "section" : "Northern Section"
}
, {
  "property_type" : "Park",
  "access_id" : "105",
  "access_type" : "Trail",
  "link" : "http://www.ct.gov/deep/cwp/view.asp?a=2716&q=479336&deepNav_GID=1650",
  "access_town" : "Windham",
  "property" : "Airline State Park Trail",
  "shape" : {
    "needs_recoding" : false,
    "longitude" : "-72.15611865799997",
    "latitude" : "41.74605661500004"
  },
  "access" : "Air Line State Park Trail",
  "objectid" : "102",
  "section" : "Northern Section"
}
, {
  "property_type" : "Park",
  "access_id" : "111",
  "access_type" : "Trail",
  "link" : "http://www.ct.gov/deep/cwp/view.asp?a=2716&Q=479526&deepNav_GID=1650",
  "access_town" : "Cheshire",
  "property" : "Farmington Canal State Park Trail",
  "shape" : {
    "needs_recoding" : false,
    "longitude" : "-72.90206543799997",
    "latitude" : "41.555509492000056"
  },
  "access" : "Farmington Canal State Park Trail",
  "objectid" : "108"
}
, {
  "property_type" : "Park",
  "access_id" : "119",
  "access_type" : "Trail",
  "link" : "http://www.ct.gov/deep/cwp/view.asp?a=2716&Q=493304&deepNav_GID=1650",
  "access_town" : "Bolton",
  "property" : "Hop River State Park Trail ",
  "shape" : {
    "needs_recoding" : false,
    "longitude" : "-72.45012127299998",
    "latitude" : "41.789601280000056"
  },
  "access" : "Hop River State Park Trail",
  "objectid" : "115",
  "section" : "Bolton Notch"
}
, {
  "property_type" : "Park",
  "access_id" : "124",
  "access_type" : "Trail",
  "link" : "http://www.ct.gov/deep/cwp/view.asp?a=2716&Q=493304&deepNav_GID=1650",
  "access_town" : "Coventry",
  "property" : "Hop River State Park Trail",
  "shape" : {
    "needs_recoding" : false,
    "longitude" : "-72.28734516699996",
    "latitude" : "41.72667790000003"
  },
  "access" : "Hop River State Park Trail",
  "objectid" : "120",
  "section" : "Coventry"
}
, {
  "property_type" : "Park",
  "access_id" : "139",
  "access_type" : "Trail",
  "link" : "http://www.ct.gov/deep/cwp/view.asp?a=2716&q=434808&deepNav_GID=1650",
  "access_town" : "Southbury",
  "property" : "Larkin State Park Trail",
  "shape" : {
    "needs_recoding" : false,
    "longitude" : "-73.20688632599996",
    "latitude" : "41.47233536400006"
  },
  "access" : "Larkin State Park Trail",
  "objectid" : "134"
}
, {
  "property_type" : "Park",
  "access_id" : "143",
  "access_type" : "Trail",
  "link" : "http://www.ct.gov/deep/cwp/view.asp?a=2716&q=434808&deepNav_GID=1650",
  "access_town" : "Oxford",
  "property" : "Larkin State Park Trail",
  "shape" : {
    "needs_recoding" : false,
    "longitude" : "-73.11739266399996",
    "latitude" : "41.47502872300004"
  },
  "access" : "Larkin State Park Trail",
  "objectid" : "138"
}
, {
  "property_type" : "Park",
  "access_id" : "151",
  "access_type" : "Trail",
  "link" : "http://www.ct.gov/deep/cwp/view.asp?a=2716&q=434808&deepNav_GID=1650",
  "access_town" : "Naugatuck",
  "property" : "Larkin State Park Trail",
  "shape" : {
    "needs_recoding" : false,
    "longitude" : "-73.06503192599996",
    "latitude" : "41.51201529400004"
  },
  "access" : "Larkin State Park Trail",
  "objectid" : "146"
}
, {
  "property_type" : "Park",
  "access_id" : "168",
  "access_type" : "Trail",
  "link" : "http://www.ct.gov/deep/cwp/view.asp?a=2716&q=479336&deepNav_GID=1650",
  "access_town" : "East Hampton",
  "property" : "Airline State Park Trail",
  "shape" : {
    "needs_recoding" : false,
    "longitude" : "-72.46363232399995",
    "latitude" : "41.569840115000034"
  },
  "access" : "Air Line State Park Trail",
  "objectid" : "163",
  "section" : "Southern Section"
}
, {
  "property_type" : "Park",
  "access_id" : "195",
  "access_type" : "Trail",
  "link" : "http://www.ct.gov/deep/cwp/view.asp?a=2716&Q=479526&deepNav_GID=1650",
  "access_town" : "Hamden",
  "property" : "Farmington Canal State Park Trail",
  "shape" : {
    "needs_recoding" : false,
    "longitude" : "-72.90702113599997",
    "latitude" : "41.424810207000064"
  },
  "access" : "Farmington Canal State Park Trail",
  "objectid" : "190"
}
, {
  "property_type" : "State Park Trail",
  "access_id" : "239",
  "access_type" : "Trail",
  "link" : "http://www.ct.gov/deep/cwp/view.asp?a=2716&q=442594&deepNav_GID=1650",
  "access_town" : "Suffield",
  "property" : "Windsor Locks Canal State Park Trail",
  "shape" : {
    "needs_recoding" : false,
    "longitude" : "-72.60634862499995",
    "latitude" : "41.987473161000025"
  },
  "access" : "Windsor Locks Canal State Park Trail",
  "objectid" : "233"
}
, {
  "property_type" : "State Park Trail",
  "access_id" : "241",
  "access_type" : "Trail",
  "link" : "http://www.ct.gov/deep/cwp/view.asp?a=2716&q=442594&deepNav_GID=1650",
  "access_town" : "Windsor Locks",
  "property" : "Windsor Locks Canal State Park Trail",
  "shape" : {
    "needs_recoding" : false,
    "longitude" : "-72.62665243199996",
    "latitude" : "41.932264849000035"
  },
  "access" : "Windsor Locks Canal State Park Trail",
  "objectid" : "234"
}
 ]