[ {
  "medianhouseholdincome" : "30969",
  "somecollegenodegreeper25plus" : "18",
  "blackorafricanamerican" : "786",
  "bachelorsdegreeper25plus" : "7",
  "whitealoneper" : "49",
  "femalepopulationper" : "53",
  "totalhouseholds" : "1308",
  "femalepopulation" : "1814",
  "census_tract_by_year" : "5045 - 1990",
  "year" : "1990",
  "census_tract" : "5045",
  "blackorafricanamericanper" : "23",
  "rentervacancyrateper" : "77",
  "population25andover" : "2144",
  "employedper" : "68",
  "totalpopulation" : "3415",
  "neighborhood" : "Behind the Rocks",
  "femalehouseholderper" : "20",
  "highschoolgraduateorhigherper25plus" : "60",
  "precentbachelorsdegreeorhigherper25plus" : "14",
  "allpeoplewhoseincomeinpast12monthsisbelowpovertylineper" : "13",
  "unemployedper" : "4",
  "population16yearsandoverinlaborforceper" : "72",
  "other" : "910",
  "malepopulation" : "1601",
  "vacanthousingunits" : "81",
  "year_by_census_track" : "1990 - 5045",
  "population18_24" : "393",
  "highschoolgraduateorequivalencyper25plus" : "29",
  "malepopulationper" : "47",
  "otherper" : "27",
  "whitealone" : "1684",
  "homeownervacancyrateper" : "0",
  "femalehouseholder" : "266",
  "graduateorprofessionaldegreeper25plus" : "7"
}
, {
  "medianhouseholdincome" : "36662",
  "somecollegenodegreeper25plus" : "17",
  "blackorafricanamerican" : "109",
  "bachelorsdegreeper25plus" : "12",
  "whitealoneper" : "93",
  "femalepopulationper" : "55",
  "totalhouseholds" : "1656",
  "femalepopulation" : "2254",
  "census_tract_by_year" : "5048 - 1990",
  "year" : "1990",
  "census_tract" : "5048",
  "blackorafricanamericanper" : "3",
  "rentervacancyrateper" : "75",
  "population25andover" : "3200",
  "employedper" : "59",
  "totalpopulation" : "4114",
  "neighborhood" : "Southwest",
  "femalehouseholderper" : "10",
  "highschoolgraduateorhigherper25plus" : "73",
  "precentbachelorsdegreeorhigherper25plus" : "20",
  "allpeoplewhoseincomeinpast12monthsisbelowpovertylineper" : "3",
  "unemployedper" : "3",
  "population16yearsandoverinlaborforceper" : "61",
  "other" : "144",
  "malepopulation" : "1860",
  "vacanthousingunits" : "48",
  "year_by_census_track" : "1990 - 5048",
  "population18_24" : "307",
  "highschoolgraduateorequivalencyper25plus" : "37",
  "malepopulationper" : "45",
  "otherper" : "4",
  "whitealone" : "3831",
  "homeownervacancyrateper" : "0",
  "femalehouseholder" : "172",
  "graduateorprofessionaldegreeper25plus" : "8"
}
, {
  "medianhouseholdincome" : "25009",
  "somecollegenodegreeper25plus" : "18",
  "blackorafricanamerican" : "1245",
  "bachelorsdegreeper25plus" : "7",
  "whitealoneper" : "58",
  "femalepopulationper" : "53",
  "totalhouseholds" : "1848",
  "femalepopulation" : "2892",
  "census_tract_by_year" : "5049 - 1990",
  "year" : "1990",
  "census_tract" : "5049",
  "blackorafricanamericanper" : "23",
  "rentervacancyrateper" : "60",
  "population25andover" : "3054",
  "employedper" : "61",
  "totalpopulation" : "5482",
  "neighborhood" : "Behind the Rocks",
  "femalehouseholderper" : "29",
  "highschoolgraduateorhigherper25plus" : "58",
  "precentbachelorsdegreeorhigherper25plus" : "11",
  "allpeoplewhoseincomeinpast12monthsisbelowpovertylineper" : "22",
  "unemployedper" : "7",
  "population16yearsandoverinlaborforceper" : "68",
  "other" : "935",
  "malepopulation" : "2590",
  "vacanthousingunits" : "109",
  "year_by_census_track" : "1990 - 5049",
  "population18_24" : "671",
  "highschoolgraduateorequivalencyper25plus" : "29",
  "malepopulationper" : "47",
  "otherper" : "17",
  "whitealone" : "3184",
  "homeownervacancyrateper" : "7",
  "femalehouseholder" : "535",
  "graduateorprofessionaldegreeper25plus" : "4"
}
, {
  "somecollegenodegreeper25plus" : "11",
  "blackorafricanamerican" : "1506",
  "bachelorsdegreeper25plus" : "7",
  "whitealoneper" : "44",
  "femalepopulationper" : "54",
  "totalhouseholds" : "1888",
  "femalepopulation" : "3428",
  "census_tract_by_year" : "5247 - 1990",
  "year" : "1990",
  "census_tract" : "5247",
  "blackorafricanamericanper" : "24",
  "rentervacancyrateper" : "59",
  "population25andover" : "3025",
  "employedper" : "46",
  "totalpopulation" : "6327",
  "neighborhood" : "Behind the Rocks /Southwest",
  "femalehouseholderper" : "47",
  "highschoolgraduateorhigherper25plus" : "47",
  "precentbachelorsdegreeorhigherper25plus" : "9",
  "allpeoplewhoseincomeinpast12monthsisbelowpovertylineper" : "38",
  "unemployedper" : "7",
  "population16yearsandoverinlaborforceper" : "53",
  "other" : "1920",
  "malepopulation" : "2899",
  "vacanthousingunits" : "54",
  "year_by_census_track" : "1990 - 5247",
  "population18_24" : "735",
  "highschoolgraduateorequivalencyper25plus" : "28",
  "malepopulationper" : "46",
  "otherper" : "30",
  "whitealone" : "2796",
  "homeownervacancyrateper" : "30",
  "femalehouseholder" : "887",
  "graduateorprofessionaldegreeper25plus" : "2"
}
, {
  "medianhouseholdincome" : "31953",
  "privatewageandsalaryworkersper" : "80",
  "somecollegenodegreeper25plus" : "19",
  "blackorafricanamerican" : "705",
  "percapitaincome" : "13852",
  "bachelorsdegreeper25plus" : "7",
  "whitealoneper" : "13",
  "femalepopulationper" : "52",
  "totalhouseholds" : "1222",
  "femalepopulation" : "1874",
  "occupiedhousingunitsper" : "91",
  "census_tract_by_year" : "5045 - 2000",
  "householdswithsocialsecurityincomeper" : "18",
  "puertorican" : "1896",
  "year" : "2000",
  "selfemployedworkersinownnotincorporatedbusiness" : "1",
  "lessthan9thgradeper25plus" : "18",
  "census_tract" : "5045",
  "blackorafricanamericanper" : "20",
  "rentervacancyrateper" : "9",
  "hispaniclatinopopulation" : "2275",
  "population25andover" : "2057",
  "hispaniclatinopopulationper" : "63",
  "employedper" : "58",
  "totalpopulation" : "3597",
  "mexican" : "28",
  "neighborhood" : "Behind the Rocks",
  "femalehouseholderper" : "31",
  "nothispanicorlatino" : "1322",
  "highschoolgraduateorhigherper25plus" : "63",
  "precentbachelorsdegreeorhigherper25plus" : "11",
  "householdswithearningsper" : "79",
  "allpeoplewhoseincomeinpast12monthsisbelowpovertylineper" : "21",
  "owneroccupiedunitsper" : "32",
  "renteroccupiedunitsper" : "68",
  "medianageyears" : "29",
  "unemployedper" : "5",
  "population16yearsandoverinlaborforceper" : "63",
  "governmentworkersper" : "18",
  "puertoricanper" : "52.7",
  "mexicanper" : "1",
  "vacanthousingunitsper" : "9",
  "renteroccupiedunits" : "826",
  "other" : "1640",
  "householdswithpublicassistanceincomeper" : "14",
  "otherhispanicorlatinoper" : "10",
  "malepopulation" : "1723",
  "highschoolgraduateorequivalencyper18_24" : "49",
  "peopleunder18belowthepovertylevelper" : "29",
  "vacanthousingunits" : "117",
  "year_by_census_track" : "2000 - 5045",
  "otherhispanicorlatino" : "340",
  "occupiedhousingunits" : "1222",
  "population18_24" : "372",
  "nothispanicorlatinoper" : "37",
  "highschoolgraduateorequivalencyper25plus" : "31",
  "somecollegeorassociatesdegreeper18_24" : "49",
  "femaleheadedfamilieswhoseincomeinpast12monthsisbelowpovertylineper" : "30",
  "malepopulationper" : "48",
  "_9th_12thgradenodiplomaper25plus" : "19",
  "otherper" : "46",
  "familieswhoseincomeinpast12monthsisbelowpovertylineper" : "20",
  "whitealone" : "476",
  "homeownervacancyrateper" : "2",
  "femalehouseholder" : "387",
  "associatesdegreeper25plus" : "2",
  "lessthanhighschoolgraduateper18_24" : "49",
  "graduateorprofessionaldegreeper25plus" : "4",
  "owneroccupiedunits" : "396",
  "bachelorsdegreeorhigherper18_24" : "49"
}
, {
  "medianhouseholdincome" : "37855",
  "privatewageandsalaryworkersper" : "79",
  "somecollegenodegreeper25plus" : "18",
  "blackorafricanamerican" : "702",
  "percapitaincome" : "16797",
  "bachelorsdegreeper25plus" : "11",
  "whitealoneper" : "45",
  "femalepopulationper" : "55",
  "totalhouseholds" : "1694",
  "femalepopulation" : "2616",
  "occupiedhousingunitsper" : "97",
  "census_tract_by_year" : "5048 - 2000",
  "householdswithsocialsecurityincomeper" : "32",
  "puertorican" : "1315",
  "year" : "2000",
  "selfemployedworkersinownnotincorporatedbusiness" : "4",
  "lessthan9thgradeper25plus" : "13",
  "census_tract" : "5048",
  "blackorafricanamericanper" : "15",
  "rentervacancyrateper" : "5",
  "hispaniclatinopopulation" : "1731",
  "population25andover" : "3324",
  "hispaniclatinopopulationper" : "36",
  "employedper" : "51",
  "totalpopulation" : "4750",
  "mexican" : "10",
  "neighborhood" : "Southwest",
  "femalehouseholderper" : "17",
  "nothispanicorlatino" : "3019",
  "highschoolgraduateorhigherper25plus" : "69",
  "precentbachelorsdegreeorhigherper25plus" : "15",
  "householdswithearningsper" : "74",
  "allpeoplewhoseincomeinpast12monthsisbelowpovertylineper" : "6",
  "owneroccupiedunitsper" : "65",
  "renteroccupiedunitsper" : "35",
  "medianageyears" : "40",
  "unemployedper" : "3",
  "population16yearsandoverinlaborforceper" : "54",
  "governmentworkersper" : "17",
  "puertoricanper" : "28",
  "mexicanper" : "0.2",
  "vacanthousingunitsper" : "3",
  "renteroccupiedunits" : "588",
  "other" : "1115",
  "householdswithpublicassistanceincomeper" : "8",
  "otherhispanicorlatinoper" : "8",
  "malepopulation" : "2134",
  "highschoolgraduateorequivalencyper18_24" : "37",
  "peopleunder18belowthepovertylevelper" : "6",
  "vacanthousingunits" : "57",
  "year_by_census_track" : "2000 - 5048",
  "otherhispanicorlatino" : "370",
  "occupiedhousingunits" : "1694",
  "population18_24" : "321",
  "nothispanicorlatinoper" : "64",
  "highschoolgraduateorequivalencyper25plus" : "34",
  "somecollegeorassociatesdegreeper18_24" : "26",
  "femaleheadedfamilieswhoseincomeinpast12monthsisbelowpovertylineper" : "9",
  "malepopulationper" : "45",
  "_9th_12thgradenodiplomaper25plus" : "18",
  "otherper" : "24",
  "familieswhoseincomeinpast12monthsisbelowpovertylineper" : "6",
  "whitealone" : "2118",
  "homeownervacancyrateper" : "0.4",
  "femalehouseholder" : "288",
  "associatesdegreeper25plus" : "2",
  "lessthanhighschoolgraduateper18_24" : "33",
  "graduateorprofessionaldegreeper25plus" : "5",
  "owneroccupiedunits" : "1106",
  "bachelorsdegreeorhigherper18_24" : "4"
}
, {
  "medianhouseholdincome" : "29758",
  "privatewageandsalaryworkersper" : "79",
  "somecollegenodegreeper25plus" : "13",
  "blackorafricanamerican" : "713",
  "percapitaincome" : "16797",
  "bachelorsdegreeper25plus" : "2",
  "whitealoneper" : "14",
  "femalepopulationper" : "52",
  "totalhouseholds" : "1411",
  "femalepopulation" : "2282",
  "occupiedhousingunitsper" : "94",
  "census_tract_by_year" : "5049 - 2000",
  "householdswithsocialsecurityincomeper" : "32",
  "puertorican" : "2534",
  "year" : "2000",
  "selfemployedworkersinownnotincorporatedbusiness" : "4",
  "lessthan9thgradeper25plus" : "37",
  "census_tract" : "5049",
  "blackorafricanamericanper" : "16",
  "rentervacancyrateper" : "7",
  "hispaniclatinopopulation" : "2901",
  "population25andover" : "2491",
  "hispaniclatinopopulationper" : "66",
  "employedper" : "51",
  "totalpopulation" : "4415",
  "mexican" : "28",
  "neighborhood" : "Behind the Rocks",
  "femalehouseholderper" : "32",
  "nothispanicorlatino" : "1514",
  "highschoolgraduateorhigherper25plus" : "53",
  "precentbachelorsdegreeorhigherper25plus" : "4",
  "householdswithearningsper" : "74",
  "allpeoplewhoseincomeinpast12monthsisbelowpovertylineper" : "26",
  "owneroccupiedunitsper" : "37",
  "renteroccupiedunitsper" : "63",
  "medianageyears" : "30",
  "unemployedper" : "3",
  "population16yearsandoverinlaborforceper" : "54",
  "governmentworkersper" : "17",
  "puertoricanper" : "57",
  "mexicanper" : "1",
  "vacanthousingunitsper" : "6",
  "renteroccupiedunits" : "883",
  "other" : "1971",
  "householdswithpublicassistanceincomeper" : "8",
  "otherhispanicorlatinoper" : "7",
  "malepopulation" : "2133",
  "highschoolgraduateorequivalencyper18_24" : "47",
  "peopleunder18belowthepovertylevelper" : "33",
  "vacanthousingunits" : "96",
  "year_by_census_track" : "2000 - 5049",
  "otherhispanicorlatino" : "321",
  "occupiedhousingunits" : "1411",
  "population18_24" : "465",
  "nothispanicorlatinoper" : "34",
  "highschoolgraduateorequivalencyper25plus" : "33",
  "somecollegeorassociatesdegreeper18_24" : "11",
  "femaleheadedfamilieswhoseincomeinpast12monthsisbelowpovertylineper" : "30",
  "malepopulationper" : "48",
  "_9th_12thgradenodiplomaper25plus" : "21",
  "otherper" : "45",
  "familieswhoseincomeinpast12monthsisbelowpovertylineper" : "24",
  "whitealone" : "619",
  "homeownervacancyrateper" : "1",
  "femalehouseholder" : "454",
  "associatesdegreeper25plus" : "3",
  "lessthanhighschoolgraduateper18_24" : "39",
  "graduateorprofessionaldegreeper25plus" : "2",
  "owneroccupiedunits" : "528",
  "bachelorsdegreeorhigherper18_24" : "3"
}
, {
  "privatewageandsalaryworkersper" : "81",
  "somecollegenodegreeper25plus" : "18",
  "blackorafricanamerican" : "667",
  "percapitaincome" : "14833",
  "bachelorsdegreeper25plus" : "8",
  "whitealoneper" : "28",
  "femalepopulationper" : "54",
  "totalhouseholds" : "1106",
  "femalepopulation" : "1713",
  "occupiedhousingunitsper" : "93",
  "census_tract_by_year" : "5247 - 2000",
  "householdswithsocialsecurityincomeper" : "33",
  "puertorican" : "1210",
  "year" : "2000",
  "selfemployedworkersinownnotincorporatedbusiness" : "6",
  "lessthan9thgradeper25plus" : "16",
  "census_tract" : "5247",
  "blackorafricanamericanper" : "21",
  "rentervacancyrateper" : "9",
  "hispaniclatinopopulation" : "1506",
  "population25andover" : "1961",
  "hispaniclatinopopulationper" : "48",
  "employedper" : "54",
  "totalpopulation" : "3168",
  "mexican" : "5",
  "neighborhood" : "Behind the Rocks /Southwest",
  "femalehouseholderper" : "28",
  "nothispanicorlatino" : "1635",
  "highschoolgraduateorhigherper25plus" : "0.1",
  "precentbachelorsdegreeorhigherper25plus" : "0",
  "householdswithearningsper" : "72",
  "allpeoplewhoseincomeinpast12monthsisbelowpovertylineper" : "19",
  "owneroccupiedunitsper" : "54",
  "renteroccupiedunitsper" : "46",
  "medianageyears" : "34",
  "unemployedper" : "5",
  "population16yearsandoverinlaborforceper" : "59",
  "governmentworkersper" : "13",
  "puertoricanper" : "38",
  "mexicanper" : "0.1",
  "vacanthousingunitsper" : "7",
  "renteroccupiedunits" : "504",
  "other" : "705",
  "householdswithpublicassistanceincomeper" : "12",
  "otherhispanicorlatinoper" : "8",
  "malepopulation" : "1455",
  "highschoolgraduateorequivalencyper18_24" : "37",
  "peopleunder18belowthepovertylevelper" : "31",
  "vacanthousingunits" : "84",
  "year_by_census_track" : "2000 - 5247",
  "otherhispanicorlatino" : "268",
  "occupiedhousingunits" : "1106",
  "population18_24" : "278",
  "nothispanicorlatinoper" : "52",
  "highschoolgraduateorequivalencyper25plus" : "24",
  "somecollegeorassociatesdegreeper18_24" : "21",
  "femaleheadedfamilieswhoseincomeinpast12monthsisbelowpovertylineper" : "37",
  "malepopulationper" : "46",
  "_9th_12thgradenodiplomaper25plus" : "25",
  "otherper" : "22",
  "familieswhoseincomeinpast12monthsisbelowpovertylineper" : "20",
  "whitealone" : "886",
  "homeownervacancyrateper" : "2",
  "femalehouseholder" : "313",
  "associatesdegreeper25plus" : "5",
  "lessthanhighschoolgraduateper18_24" : "38",
  "graduateorprofessionaldegreeper25plus" : "5",
  "owneroccupiedunits" : "602",
  "bachelorsdegreeorhigherper18_24" : "4"
}
, {
  "medianhouseholdincome" : "34494",
  "privatewageandsalaryworkersper" : "85",
  "somecollegenodegreeper25plus" : "17",
  "blackorafricanamerican" : "774",
  "percapitaincome" : "19876",
  "bachelorsdegreeper25plus" : "6",
  "whitealoneper" : "26",
  "femalepopulationper" : "53",
  "totalhouseholds" : "1299",
  "femalepopulation" : "1956",
  "occupiedhousingunitsper" : "93",
  "census_tract_by_year" : "5045 - 2010",
  "householdswithsocialsecurityincomeper" : "23",
  "puertorican" : "2088",
  "year" : "2010",
  "selfemployedworkersinownnotincorporatedbusiness" : "7",
  "lessthan9thgradeper25plus" : "16",
  "census_tract" : "5045",
  "blackorafricanamericanper" : "21",
  "rentervacancyrateper" : "6",
  "hispaniclatinopopulation" : "2649",
  "population25andover" : "2364",
  "hispaniclatinopopulationper" : "72",
  "employedper" : "56",
  "totalpopulation" : "3701",
  "mexican" : "47",
  "neighborhood" : "Behind the Rocks",
  "femalehouseholderper" : "35",
  "nothispanicorlatino" : "1052",
  "highschoolgraduateorhigherper25plus" : "67",
  "precentbachelorsdegreeorhigherper25plus" : "7",
  "nothispanicorlatinootherper" : "1",
  "withfoodstampsnapbenefitsinpast12monthsperofhouseholds" : "26",
  "householdswithearningsper" : "77",
  "allpeoplewhoseincomeinpast12monthsisbelowpovertylineper" : "19",
  "owneroccupiedunitsper" : "32",
  "renteroccupiedunitsper" : "68",
  "medianageyears" : "31",
  "unemployedper" : "20",
  "population16yearsandoverinlaborforceper" : "76",
  "governmentworkersper" : "9",
  "puertoricanper" : "56",
  "mexicanper" : "1",
  "vacanthousingunitsper" : "7",
  "renteroccupiedunits" : "887",
  "nothispanicorlatinoother" : "31",
  "other" : "1380",
  "householdswithpublicassistanceincomeper" : "6",
  "otherhispanicorlatinoper" : "13",
  "malepopulation" : "1745",
  "highschoolgraduateorequivalencyper18_24" : "44",
  "peopleunder18belowthepovertylevelper" : "22",
  "vacanthousingunits" : "99",
  "year_by_census_track" : "2010 - 5045",
  "otherhispanicorlatino" : "492",
  "occupiedhousingunits" : "1299",
  "population18_24" : "232",
  "nothispanicorlatinoper" : "28",
  "highschoolgraduateorequivalencyper25plus" : "40",
  "somecollegeorassociatesdegreeper18_24" : "31",
  "femaleheadedfamilieswhoseincomeinpast12monthsisbelowpovertylineper" : "30",
  "malepopulationper" : "47",
  "_9th_12thgradenodiplomaper25plus" : "17",
  "otherper" : "37",
  "familieswhoseincomeinpast12monthsisbelowpovertylineper" : "16",
  "whitealone" : "964",
  "homeownervacancyrateper" : "1",
  "femalehouseholder" : "458",
  "associatesdegreeper25plus" : "3",
  "lessthanhighschoolgraduateper18_24" : "26",
  "graduateorprofessionaldegreeper25plus" : "1",
  "owneroccupiedunits" : "412",
  "bachelorsdegreeorhigherper18_24" : "0"
}
, {
  "medianhouseholdincome" : "57207",
  "privatewageandsalaryworkersper" : "81",
  "somecollegenodegreeper25plus" : "20",
  "blackorafricanamerican" : "957",
  "percapitaincome" : "25721",
  "bachelorsdegreeper25plus" : "10",
  "whitealoneper" : "25",
  "femalepopulationper" : "52",
  "totalhouseholds" : "1597",
  "femalepopulation" : "2380",
  "occupiedhousingunitsper" : "94",
  "census_tract_by_year" : "5048 - 2010",
  "householdswithsocialsecurityincomeper" : "29",
  "puertorican" : "1947",
  "year" : "2010",
  "selfemployedworkersinownnotincorporatedbusiness" : "2",
  "lessthan9thgradeper25plus" : "12",
  "census_tract" : "5048",
  "blackorafricanamericanper" : "21",
  "rentervacancyrateper" : "7",
  "hispaniclatinopopulation" : "2582",
  "population25andover" : "3503",
  "hispaniclatinopopulationper" : "57",
  "employedper" : "64",
  "totalpopulation" : "4560",
  "mexican" : "37",
  "neighborhood" : "Southwest",
  "femalehouseholderper" : "24",
  "nothispanicorlatino" : "1978",
  "highschoolgraduateorhigherper25plus" : "79",
  "precentbachelorsdegreeorhigherper25plus" : "16",
  "nothispanicorlatinootherper" : "1",
  "withfoodstampsnapbenefitsinpast12monthsperofhouseholds" : "10",
  "householdswithearningsper" : "79",
  "allpeoplewhoseincomeinpast12monthsisbelowpovertylineper" : "9",
  "owneroccupiedunitsper" : "67",
  "renteroccupiedunitsper" : "33",
  "medianageyears" : "37",
  "unemployedper" : "3",
  "population16yearsandoverinlaborforceper" : "67",
  "governmentworkersper" : "17",
  "puertoricanper" : "43",
  "mexicanper" : "1",
  "vacanthousingunitsper" : "6",
  "renteroccupiedunits" : "529",
  "nothispanicorlatinoother" : "49",
  "other" : "1182",
  "householdswithpublicassistanceincomeper" : "5",
  "otherhispanicorlatinoper" : "12",
  "malepopulation" : "2180",
  "highschoolgraduateorequivalencyper18_24" : "46",
  "peopleunder18belowthepovertylevelper" : "14",
  "vacanthousingunits" : "97",
  "year_by_census_track" : "2010 - 5048",
  "otherhispanicorlatino" : "567",
  "occupiedhousingunits" : "1597",
  "population18_24" : "447",
  "nothispanicorlatinoper" : "43",
  "highschoolgraduateorequivalencyper25plus" : "38",
  "somecollegeorassociatesdegreeper18_24" : "22",
  "femaleheadedfamilieswhoseincomeinpast12monthsisbelowpovertylineper" : "4",
  "malepopulationper" : "48",
  "_9th_12thgradenodiplomaper25plus" : "9",
  "otherper" : "26",
  "familieswhoseincomeinpast12monthsisbelowpovertylineper" : "6",
  "whitealone" : "1150",
  "homeownervacancyrateper" : "1",
  "femalehouseholder" : "385",
  "associatesdegreeper25plus" : "6",
  "lessthanhighschoolgraduateper18_24" : "26",
  "graduateorprofessionaldegreeper25plus" : "6",
  "owneroccupiedunits" : "1068",
  "bachelorsdegreeorhigherper18_24" : "6"
}
, {
  "medianhouseholdincome" : "32465",
  "privatewageandsalaryworkersper" : "82",
  "somecollegenodegreeper25plus" : "18",
  "blackorafricanamerican" : "925",
  "percapitaincome" : "14431",
  "bachelorsdegreeper25plus" : "6",
  "whitealoneper" : "27",
  "femalepopulationper" : "51",
  "totalhouseholds" : "1489",
  "femalepopulation" : "2319",
  "occupiedhousingunitsper" : "93",
  "census_tract_by_year" : "5049 - 2010",
  "householdswithsocialsecurityincomeper" : "25",
  "puertorican" : "2708",
  "year" : "2010",
  "selfemployedworkersinownnotincorporatedbusiness" : "5",
  "lessthan9thgradeper25plus" : "18",
  "census_tract" : "5049",
  "blackorafricanamericanper" : "20",
  "rentervacancyrateper" : "7",
  "hispaniclatinopopulation" : "3193",
  "population25andover" : "2791",
  "hispaniclatinopopulationper" : "70",
  "employedper" : "56",
  "totalpopulation" : "4548",
  "mexican" : "70",
  "neighborhood" : "Behind the Rocks",
  "femalehouseholderper" : "34",
  "nothispanicorlatino" : "3255",
  "highschoolgraduateorhigherper25plus" : "62",
  "precentbachelorsdegreeorhigherper25plus" : "6",
  "nothispanicorlatinootherper" : "2",
  "withfoodstampsnapbenefitsinpast12monthsperofhouseholds" : "27",
  "householdswithearningsper" : "84",
  "allpeoplewhoseincomeinpast12monthsisbelowpovertylineper" : "19",
  "owneroccupiedunitsper" : "35",
  "renteroccupiedunitsper" : "65",
  "medianageyears" : "31",
  "unemployedper" : "5",
  "population16yearsandoverinlaborforceper" : "61",
  "governmentworkersper" : "13",
  "puertoricanper" : "60",
  "mexicanper" : "2",
  "vacanthousingunitsper" : "7",
  "renteroccupiedunits" : "970",
  "nothispanicorlatinoother" : "67",
  "other" : "1672",
  "householdswithpublicassistanceincomeper" : "5",
  "otherhispanicorlatinoper" : "9",
  "malepopulation" : "2229",
  "highschoolgraduateorequivalencyper18_24" : "26",
  "peopleunder18belowthepovertylevelper" : "24",
  "vacanthousingunits" : "119",
  "year_by_census_track" : "2010 - 5049",
  "otherhispanicorlatino" : "402",
  "occupiedhousingunits" : "1489",
  "population18_24" : "233",
  "nothispanicorlatinoper" : "30",
  "highschoolgraduateorequivalencyper25plus" : "34",
  "somecollegeorassociatesdegreeper18_24" : "38",
  "femaleheadedfamilieswhoseincomeinpast12monthsisbelowpovertylineper" : "17",
  "malepopulationper" : "49",
  "_9th_12thgradenodiplomaper25plus" : "20",
  "otherper" : "37",
  "familieswhoseincomeinpast12monthsisbelowpovertylineper" : "15",
  "whitealone" : "1230",
  "homeownervacancyrateper" : "3",
  "femalehouseholder" : "512",
  "associatesdegreeper25plus" : "5",
  "lessthanhighschoolgraduateper18_24" : "32",
  "graduateorprofessionaldegreeper25plus" : "0",
  "owneroccupiedunits" : "519",
  "bachelorsdegreeorhigherper18_24" : "4"
}
, {
  "medianhouseholdincome" : "43865",
  "privatewageandsalaryworkersper" : "84",
  "somecollegenodegreeper25plus" : "24",
  "blackorafricanamerican" : "871",
  "percapitaincome" : "22268",
  "bachelorsdegreeper25plus" : "12",
  "whitealoneper" : "20",
  "femalepopulationper" : "54",
  "totalhouseholds" : "1144",
  "femalepopulation" : "1969",
  "occupiedhousingunitsper" : "90",
  "census_tract_by_year" : "5247 - 2010",
  "householdswithsocialsecurityincomeper" : "30",
  "puertorican" : "1528",
  "year" : "2010",
  "selfemployedworkersinownnotincorporatedbusiness" : "1",
  "lessthan9thgradeper25plus" : "7",
  "census_tract" : "5247",
  "blackorafricanamericanper" : "24",
  "rentervacancyrateper" : "17",
  "hispaniclatinopopulation" : "1998",
  "population25andover" : "2239",
  "hispaniclatinopopulationper" : "55",
  "employedper" : "58",
  "totalpopulation" : "3624",
  "mexican" : "60",
  "neighborhood" : "Behind the Rocks /Southwest",
  "femalehouseholderper" : "31",
  "nothispanicorlatino" : "1626",
  "highschoolgraduateorhigherper25plus" : "81",
  "precentbachelorsdegreeorhigherper25plus" : "18",
  "nothispanicorlatinootherper" : "1",
  "withfoodstampsnapbenefitsinpast12monthsperofhouseholds" : "11",
  "householdswithearningsper" : "78",
  "allpeoplewhoseincomeinpast12monthsisbelowpovertylineper" : "7",
  "owneroccupiedunitsper" : "59",
  "renteroccupiedunitsper" : "41",
  "medianageyears" : "36",
  "unemployedper" : "11",
  "population16yearsandoverinlaborforceper" : "69",
  "governmentworkersper" : "16",
  "puertoricanper" : "42",
  "mexicanper" : "2",
  "vacanthousingunitsper" : "10",
  "renteroccupiedunits" : "466",
  "nothispanicorlatinoother" : "51",
  "other" : "1094",
  "householdswithpublicassistanceincomeper" : "7",
  "otherhispanicorlatinoper" : "11",
  "malepopulation" : "1655",
  "highschoolgraduateorequivalencyper18_24" : "39",
  "peopleunder18belowthepovertylevelper" : "8",
  "vacanthousingunits" : "123",
  "year_by_census_track" : "2010 - 5247",
  "otherhispanicorlatino" : "383",
  "occupiedhousingunits" : "1144",
  "population18_24" : "196",
  "nothispanicorlatinoper" : "45",
  "highschoolgraduateorequivalencyper25plus" : "36",
  "somecollegeorassociatesdegreeper18_24" : "56",
  "femaleheadedfamilieswhoseincomeinpast12monthsisbelowpovertylineper" : "5",
  "malepopulationper" : "46",
  "_9th_12thgradenodiplomaper25plus" : "12",
  "otherper" : "30",
  "familieswhoseincomeinpast12monthsisbelowpovertylineper" : "4",
  "whitealone" : "708",
  "homeownervacancyrateper" : "2",
  "femalehouseholder" : "352",
  "associatesdegreeper25plus" : "3",
  "lessthanhighschoolgraduateper18_24" : "8",
  "graduateorprofessionaldegreeper25plus" : "6",
  "owneroccupiedunits" : "678",
  "bachelorsdegreeorhigherper18_24" : "0"
}
 ]