[ {
  "october_2014" : "80545958.32",
  "february_2015" : "67,138,644.13",
  "march_2015" : "63,265,333.36",
  "december_2014" : "65004738.29",
  "august_2014" : "63496897.51",
  "april_2015" : "75,169,608.55",
  "september_2014" : "70204507.26",
  "may_2015" : "65,771,332.71",
  "june_2015" : "62,065,457.00",
  "november_2014" : "69400649.46",
  "ytd_totalmedical_expenditures" : "829467387.80",
  "july_2014" : "76447455.26",
  "january_2015" : "70,956,805.95",
  "provider_code" : "Hospital  Inpatient"
}
, {
  "october_2014" : "76185804.40",
  "february_2015" : "41,877,419.46",
  "march_2015" : "36,717,685.28",
  "december_2014" : "58374247.37",
  "august_2014" : "62642769.15",
  "april_2015" : "51,709,176.34",
  "september_2014" : "62463313.76",
  "may_2015" : "59,336,041.23",
  "june_2015" : "58,223,776.65",
  "november_2014" : "64158821.90",
  "ytd_totalmedical_expenditures" : "706823261.38",
  "july_2014" : "66057771.40",
  "january_2015" : "69,076,434.44",
  "provider_code" : "Hospital  Outpatient"
}
, {
  "october_2014" : "0.00",
  "february_2015" : "23,900,000.00",
  "march_2015" : "610,748.00",
  "december_2014" : "23900000.00",
  "august_2014" : "0.00",
  "april_2015" : "0.00",
  "september_2014" : "23900000.00",
  "may_2015" : "23,289,252.00",
  "june_2015" : "0.00",
  "november_2014" : "0.00",
  "ytd_totalmedical_expenditures" : "95600000.00",
  "july_2014" : "0.00",
  "january_2015" : "0.00",
  "provider_code" : "Hospital Supplemental Payment"
}
, {
  "october_2014" : "42865008.00",
  "february_2015" : "0.00",
  "march_2015" : "0.00",
  "december_2014" : "0.00",
  "august_2014" : "-166381.00",
  "april_2015" : "0.00",
  "september_2014" : "0.00",
  "may_2015" : "0.00",
  "june_2015" : "43,205,873.16",
  "november_2014" : "0.00",
  "ytd_totalmedical_expenditures" : "85904500.16",
  "july_2014" : "0.00",
  "january_2015" : "0.00",
  "provider_code" : "Hospital  Retro"
}
, {
  "october_2014" : "37804013.88",
  "february_2015" : "27,533,521.65",
  "march_2015" : "30,051,949.82",
  "december_2014" : "26960151.81",
  "august_2014" : "28121552.55",
  "april_2015" : "36,368,154.33",
  "september_2014" : "28251577.73",
  "may_2015" : "28,661,854.39",
  "june_2015" : "28,273,016.04",
  "november_2014" : "30192315.03",
  "ytd_totalmedical_expenditures" : "369404070.46",
  "july_2014" : "34705668.13",
  "january_2015" : "32,480,295.10",
  "provider_code" : "Physician  Services            "
}
, {
  "october_2014" : "7596148.83",
  "february_2015" : "4,389,345.59",
  "march_2015" : "4,666,216.89",
  "december_2014" : "5562827.77",
  "august_2014" : "5289342.82",
  "april_2015" : "5,715,185.97",
  "september_2014" : "5463199.21",
  "may_2015" : "4,801,546.48",
  "june_2015" : "4,472,861.58",
  "november_2014" : "5958478.22",
  "ytd_totalmedical_expenditures" : "66185989.14",
  "july_2014" : "6141350.47",
  "january_2015" : "6,129,485.31",
  "provider_code" : "Physician ACA Services"
}
, {
  "october_2014" : "34688520.85",
  "february_2015" : "24,976,756.06",
  "march_2015" : "28,582,946.79",
  "december_2014" : "26970097.60",
  "august_2014" : "25444201.72",
  "april_2015" : "34,106,573.46",
  "september_2014" : "25684998.01",
  "may_2015" : "30,019,099.27",
  "june_2015" : "28,656,309.21",
  "november_2014" : "29493381.78",
  "ytd_totalmedical_expenditures" : "350304135.70",
  "july_2014" : "31331903.70",
  "january_2015" : "30,349,347.25",
  "provider_code" : "Clinic  Services"
}
, {
  "october_2014" : "21003862.16",
  "february_2015" : "14,146,571.12",
  "march_2015" : "16,538,563.11",
  "december_2014" : "15380476.98",
  "august_2014" : "17143051.39",
  "april_2015" : "20,872,240.89",
  "september_2014" : "15770889.00",
  "may_2015" : "16,974,023.14",
  "june_2015" : "15,843,810.51",
  "november_2014" : "17491298.25",
  "ytd_totalmedical_expenditures" : "207936564.87",
  "july_2014" : "19291826.45",
  "january_2015" : "17,479,951.87",
  "provider_code" : "Dental  Services"
}
, {
  "october_2014" : "3832088.74",
  "february_2015" : "2,521,904.06",
  "march_2015" : "2,874,931.24",
  "december_2014" : "2921720.54",
  "august_2014" : "2744897.05",
  "april_2015" : "3,786,290.58",
  "september_2014" : "2865742.41",
  "may_2015" : "2,943,532.65",
  "june_2015" : "2,830,421.84",
  "november_2014" : "2956173.20",
  "ytd_totalmedical_expenditures" : "36370203.09",
  "july_2014" : "3103214.36",
  "january_2015" : "2,989,286.42",
  "provider_code" : "Vision  Care  Services"
}
, {
  "october_2014" : "0.00",
  "february_2015" : "0.00",
  "march_2015" : "0.00",
  "december_2014" : "0.00",
  "august_2014" : "0.00",
  "april_2015" : "0.00",
  "september_2014" : "0.00",
  "may_2015" : "0.00",
  "june_2015" : "0.00",
  "november_2014" : "0.00",
  "ytd_totalmedical_expenditures" : "0.00",
  "july_2014" : "0.00",
  "january_2015" : "0.00",
  "provider_code" : "Family Planning"
}
, {
  "october_2014" : "7873433.73",
  "february_2015" : "6,465,765.38",
  "march_2015" : "7,273,878.28",
  "december_2014" : "3905588.76",
  "august_2014" : "5756817.35",
  "april_2015" : "8,708,392.38",
  "september_2014" : "5787987.62",
  "may_2015" : "7,656,026.56",
  "june_2015" : "3,138,716.73",
  "november_2014" : "7147378.77",
  "ytd_totalmedical_expenditures" : "78428069.32",
  "july_2014" : "6861921.52",
  "january_2015" : "7,852,162.24",
  "provider_code" : "Other  Practitioner                          "
}
, {
  "october_2014" : "557464.56",
  "february_2015" : "332,010.95",
  "march_2015" : "434,636.17",
  "december_2014" : "392967.98",
  "august_2014" : "279041.00",
  "april_2015" : "511,114.05",
  "september_2014" : "316289.35",
  "may_2015" : "413,741.20",
  "june_2015" : "414,228.21",
  "november_2014" : "395865.09",
  "ytd_totalmedical_expenditures" : "4865777.60",
  "july_2014" : "373178.81",
  "january_2015" : "445,240.23",
  "provider_code" : "Other Practitioner ACA Services"
}
, {
  "october_2014" : "92875568.20",
  "february_2015" : "82,664,519.49",
  "march_2015" : "90,158,240.96",
  "december_2014" : "81014327.53",
  "august_2014" : "74243957.82",
  "april_2015" : "113,918,880.73",
  "september_2014" : "77358285.67",
  "may_2015" : "97,407,586.92",
  "june_2015" : "88,342,545.67",
  "november_2014" : "79927607.52",
  "ytd_totalmedical_expenditures" : "1071729223.82",
  "july_2014" : "91980970.20",
  "january_2015" : "101,836,733.11",
  "provider_code" : "Pharmacy"
}
, {
  "october_2014" : "11461294.60",
  "february_2015" : "11,571,316.08",
  "march_2015" : "11,673,760.85",
  "december_2014" : "11902467.56",
  "august_2014" : "11388076.13",
  "april_2015" : "11,493,498.79",
  "september_2014" : "11539921.55",
  "may_2015" : "11,742,948.47",
  "june_2015" : "11,711,822.32",
  "november_2014" : "11512562.18",
  "ytd_totalmedical_expenditures" : "139004702.91",
  "july_2014" : "11473225.62",
  "january_2015" : "11,533,808.76",
  "provider_code" : "Medicare Part D - Premium"
}
, {
  "october_2014" : "-26999722.51",
  "february_2015" : "(12,154,142.31)",
  "march_2015" : "(52,097,602.71)",
  "december_2014" : "-66227594.43",
  "august_2014" : "-2040283.98",
  "april_2015" : "(91,405,565.42)",
  "september_2014" : "-83844627.49",
  "may_2015" : "(5,926,785.00)",
  "june_2015" : "(110,458,993.81)",
  "november_2014" : "-10894163.88",
  "ytd_totalmedical_expenditures" : "-529399552.75",
  "july_2014" : "-11554250.20",
  "january_2015" : "(55,795,821.01)",
  "provider_code" : "Medicaid Drug Rebates "
}
, {
  "october_2014" : "3396210.18",
  "february_2015" : "3,529,422.40",
  "march_2015" : "3,644,195.75",
  "december_2014" : "3610207.93",
  "august_2014" : "3957625.28",
  "april_2015" : "4,015,926.76",
  "september_2014" : "3801226.98",
  "may_2015" : "4,291,606.21",
  "june_2015" : "4,229,077.18",
  "november_2014" : "5609489.78",
  "ytd_totalmedical_expenditures" : "48300176.53",
  "july_2014" : "4475901.33",
  "january_2015" : "3,739,286.75",
  "provider_code" : "Lab & X-Ray"
}
, {
  "october_2014" : "1943776.21",
  "february_2015" : "1,180,543.74",
  "march_2015" : "1,414,195.16",
  "december_2014" : "1326807.41",
  "august_2014" : "1096986.15",
  "april_2015" : "1,360,434.51",
  "september_2014" : "1298864.89",
  "may_2015" : "1,392,403.50",
  "june_2015" : "1,297,565.70",
  "november_2014" : "1148136.44",
  "ytd_totalmedical_expenditures" : "16769211.92",
  "july_2014" : "1822653.38",
  "january_2015" : "1,486,844.83",
  "provider_code" : "Alcohol  &  Drug  Services"
}
, {
  "october_2014" : "5652230.62",
  "february_2015" : "2,964,203.31",
  "march_2015" : "2,934,476.38",
  "december_2014" : "2218007.46",
  "august_2014" : "3119180.70",
  "april_2015" : "3,433,627.17",
  "september_2014" : "2778250.97",
  "may_2015" : "2,767,328.46",
  "june_2015" : "2,950,254.62",
  "november_2014" : "671566.56",
  "ytd_totalmedical_expenditures" : "36854200.85",
  "july_2014" : "4260733.94",
  "january_2015" : "3,104,340.66",
  "provider_code" : "Transportation"
}
, {
  "october_2014" : "4662960.42",
  "february_2015" : "4,144,637.43",
  "march_2015" : "5,263,700.56",
  "december_2014" : "2936610.00",
  "august_2014" : "3927834.16",
  "april_2015" : "5,043,367.65",
  "september_2014" : "3819429.58",
  "may_2015" : "4,251,877.92",
  "june_2015" : "6,153,107.30",
  "november_2014" : "6476410.01",
  "ytd_totalmedical_expenditures" : "55854228.54",
  "july_2014" : "4473667.49",
  "january_2015" : "4,700,626.02",
  "provider_code" : "Non - Emergency  Transportation"
}
, {
  "october_2014" : "9073775.95",
  "february_2015" : "6,849,476.14",
  "march_2015" : "7,173,393.60",
  "december_2014" : "6789602.65",
  "august_2014" : "6464990.36",
  "april_2015" : "8,728,811.06",
  "september_2014" : "6418035.43",
  "may_2015" : "6,511,303.06",
  "june_2015" : "7,048,846.40",
  "november_2014" : "6954050.98",
  "ytd_totalmedical_expenditures" : "88242879.90",
  "july_2014" : "8160001.67",
  "january_2015" : "8,070,592.60",
  "provider_code" : "Durable  Medical  Equipment"
}
, {
  "october_2014" : "24468906.05",
  "february_2015" : "19,517,516.74",
  "march_2015" : "20,544,618.03",
  "december_2014" : "21756981.35",
  "august_2014" : "20952145.66",
  "april_2015" : "24,654,640.35",
  "september_2014" : "20280405.46",
  "may_2015" : "21,235,488.87",
  "june_2015" : "21,755,522.86",
  "november_2014" : "21109850.46",
  "ytd_totalmedical_expenditures" : "264283770.53",
  "july_2014" : "24334121.50",
  "january_2015" : "23,673,573.20",
  "provider_code" : "Home  Health  Services"
}
, {
  "october_2014" : "121334.15",
  "february_2015" : "77,726.18",
  "march_2015" : "80,453.00",
  "december_2014" : "96154.50",
  "august_2014" : "108289.78",
  "april_2015" : "120,442.24",
  "september_2014" : "67894.53",
  "may_2015" : "187,157.30",
  "june_2015" : "93,753.42",
  "november_2014" : "107510.68",
  "ytd_totalmedical_expenditures" : "1262077.84",
  "july_2014" : "110760.18",
  "january_2015" : "90,601.88",
  "provider_code" : "CT Home Care Admin. Services (Assessment)"
}
, {
  "october_2014" : "3245819.92",
  "february_2015" : "3,683,004.65",
  "march_2015" : "3,229,275.95",
  "december_2014" : "3117365.14",
  "august_2014" : "3630723.95",
  "april_2015" : "3,480,278.03",
  "september_2014" : "2884150.66",
  "may_2015" : "3,254,125.13",
  "june_2015" : "3,211,100.10",
  "november_2014" : "3336993.50",
  "ytd_totalmedical_expenditures" : "39416322.91",
  "july_2014" : "3236732.02",
  "january_2015" : "3,106,753.86",
  "provider_code" : "CT Home Care Waiver  Services"
}
, {
  "october_2014" : "22137335.86",
  "february_2015" : "17,343,138.69",
  "march_2015" : "18,879,973.38",
  "december_2014" : "17372535.60",
  "august_2014" : "15212514.39",
  "april_2015" : "23,019,087.53",
  "september_2014" : "16722592.16",
  "may_2015" : "20,518,186.41",
  "june_2015" : "20,507,908.58",
  "november_2014" : "20504347.64",
  "ytd_totalmedical_expenditures" : "231937785.21",
  "july_2014" : "18999700.37",
  "january_2015" : "20,720,464.60",
  "provider_code" : "CT Home Care Service Provider"
}
, {
  "october_2014" : "4665232.36",
  "february_2015" : "4,245,488.24",
  "march_2015" : "4,090,568.66",
  "december_2014" : "4044102.71",
  "august_2014" : "5040399.93",
  "april_2015" : "5,501,158.11",
  "september_2014" : "3218958.19",
  "may_2015" : "3,925,695.41",
  "june_2015" : "4,050,722.03",
  "november_2014" : "4565009.91",
  "ytd_totalmedical_expenditures" : "51176818.93",
  "july_2014" : "3847856.42",
  "january_2015" : "3,981,626.96",
  "provider_code" : "ABI  Waiver  Services"
}
, {
  "october_2014" : "3079881.99",
  "february_2015" : "2,414,238.85",
  "march_2015" : "2,431,118.94",
  "december_2014" : "2402824.97",
  "august_2014" : "3949558.96",
  "april_2015" : "3,152,707.47",
  "september_2014" : "2273816.09",
  "may_2015" : "2,607,191.54",
  "june_2015" : "2,674,116.18",
  "november_2014" : "2452887.29",
  "ytd_totalmedical_expenditures" : "34003266.24",
  "july_2014" : "3630688.44",
  "january_2015" : "2,934,235.52",
  "provider_code" : "PCA  Waiver  Services"
}
, {
  "october_2014" : "0.00",
  "february_2015" : "94.12",
  "march_2015" : "2,845.50",
  "december_2014" : "0.00",
  "august_2014" : "0.00",
  "april_2015" : "22,286.59",
  "september_2014" : "0.00",
  "may_2015" : "28,230.10",
  "june_2015" : "15,186.63",
  "november_2014" : "0.00",
  "ytd_totalmedical_expenditures" : "68642.94",
  "july_2014" : "0.00",
  "january_2015" : "0.00",
  "provider_code" : "PCA - Admin (Assessment)"
}
, {
  "october_2014" : "3501.83",
  "february_2015" : "5,638.68",
  "march_2015" : "3,078.70",
  "december_2014" : "3784.52",
  "august_2014" : "5233.19",
  "april_2015" : "6,478.22",
  "september_2014" : "3497.10",
  "may_2015" : "7,921.13",
  "june_2015" : "3,607.84",
  "november_2014" : "6136.71",
  "ytd_totalmedical_expenditures" : "57780.45",
  "july_2014" : "4629.71",
  "january_2015" : "4,272.82",
  "provider_code" : "Katie Beckett Case Management"
}
, {
  "october_2014" : "919285.00",
  "february_2015" : "(3,333,390.29)",
  "march_2015" : "767,143.37",
  "december_2014" : "712283.39",
  "august_2014" : "597778.48",
  "april_2015" : "409,961.21",
  "september_2014" : "659013.03",
  "may_2015" : "1,299,188.66",
  "june_2015" : "(3,571,480.16)",
  "november_2014" : "755089.23",
  "ytd_totalmedical_expenditures" : "998809.64",
  "july_2014" : "820094.35",
  "january_2015" : "963,843.37",
  "provider_code" : "Mental Health Waiver"
}
, {
  "october_2014" : "0.00",
  "february_2015" : "0.00",
  "march_2015" : "0.00",
  "december_2014" : "0.00",
  "august_2014" : "0.00",
  "april_2015" : "7,157.20",
  "september_2014" : "0.00",
  "may_2015" : "16,130.31",
  "june_2015" : "26,024.80",
  "november_2014" : "0.00",
  "ytd_totalmedical_expenditures" : "49312.31",
  "july_2014" : "0.00",
  "january_2015" : "0.00",
  "provider_code" : "Autism Behavioral Services"
}
, {
  "october_2014" : "0.00",
  "february_2015" : "0.00",
  "march_2015" : "0.00",
  "december_2014" : "0.00",
  "august_2014" : "0.00",
  "april_2015" : "0.00",
  "september_2014" : "0.00",
  "may_2015" : "240,435.91",
  "june_2015" : "(228,115.81)",
  "november_2014" : "0.00",
  "ytd_totalmedical_expenditures" : "12320.10",
  "july_2014" : "0.00",
  "january_2015" : "0.00",
  "provider_code" : "ABI Waiver II Services"
}
, {
  "october_2014" : "281.99",
  "february_2015" : "220.00",
  "march_2015" : "1,559.22",
  "december_2014" : "1219.42",
  "august_2014" : "786.62",
  "april_2015" : "41.00",
  "september_2014" : "738.56",
  "may_2015" : "0.00",
  "june_2015" : "789.86",
  "november_2014" : "1866.17",
  "ytd_totalmedical_expenditures" : "10332.11",
  "july_2014" : "2569.27",
  "january_2015" : "260.00",
  "provider_code" : "Tuberculosis"
}
, {
  "october_2014" : "232235.36",
  "february_2015" : "241,765.28",
  "march_2015" : "206,922.54",
  "december_2014" : "276865.19",
  "august_2014" : "170211.32",
  "april_2015" : "222,868.00",
  "september_2014" : "191563.55",
  "may_2015" : "173,304.63",
  "june_2015" : "266,056.89",
  "november_2014" : "279205.36",
  "ytd_totalmedical_expenditures" : "2646707.93",
  "july_2014" : "153234.74",
  "january_2015" : "232,475.07",
  "provider_code" : "Hospice Services"
}
, {
  "october_2014" : "102834659.35",
  "february_2015" : "97,761,259.94",
  "march_2015" : "91,492,002.39",
  "december_2014" : "101728035.34",
  "august_2014" : "101122898.86",
  "april_2015" : "102,951,899.42",
  "september_2014" : "99589715.49",
  "may_2015" : "95,771,433.37",
  "june_2015" : "96,468,222.15",
  "november_2014" : "102614881.83",
  "ytd_totalmedical_expenditures" : "1196956240.14",
  "july_2014" : "102281023.93",
  "january_2015" : "102,340,208.07",
  "provider_code" : "Chronic and Convalescent Home"
}
, {
  "october_2014" : "682212.43",
  "february_2015" : "656,289.60",
  "march_2015" : "593,210.64",
  "december_2014" : "627653.45",
  "august_2014" : "732716.98",
  "april_2015" : "648,723.19",
  "september_2014" : "653163.54",
  "may_2015" : "829,875.77",
  "june_2015" : "480,752.46",
  "november_2014" : "674503.62",
  "ytd_totalmedical_expenditures" : "7904828.96",
  "july_2014" : "752192.68",
  "january_2015" : "573,534.60",
  "provider_code" : "Rest Home with Nursing Supervision  "
}
, {
  "october_2014" : "5341390.32",
  "february_2015" : "5,374,153.24",
  "march_2015" : "5,185,340.26",
  "december_2014" : "4786095.39",
  "august_2014" : "5322218.69",
  "april_2015" : "5,833,770.65",
  "september_2014" : "6505658.66",
  "may_2015" : "5,238,008.65",
  "june_2015" : "5,661,801.29",
  "november_2014" : "5493811.67",
  "ytd_totalmedical_expenditures" : "65895756.01",
  "july_2014" : "5406316.91",
  "january_2015" : "5,747,190.28",
  "provider_code" : "Intermediate Care Facilities/ IID"
}
, {
  "october_2014" : "5506426.90",
  "february_2015" : "5,421,288.35",
  "march_2015" : "5,641,273.37",
  "december_2014" : "5807056.29",
  "august_2014" : "5483926.62",
  "april_2015" : "5,911,892.08",
  "september_2014" : "5875687.24",
  "may_2015" : "5,854,563.50",
  "june_2015" : "5,938,072.51",
  "november_2014" : "5710355.00",
  "ytd_totalmedical_expenditures" : "68293221.35",
  "july_2014" : "5337991.11",
  "january_2015" : "5,804,688.38",
  "provider_code" : "Chronic Disease Hospital "
}
, {
  "october_2014" : "2963273.66",
  "february_2015" : "2,493,785.10",
  "march_2015" : "2,500,118.81",
  "december_2014" : "2550721.62",
  "august_2014" : "2802867.92",
  "april_2015" : "3,122,231.71",
  "september_2014" : "2768344.70",
  "may_2015" : "2,848,220.86",
  "june_2015" : "3,087,700.46",
  "november_2014" : "2631360.92",
  "ytd_totalmedical_expenditures" : "33483503.70",
  "july_2014" : "2965161.69",
  "january_2015" : "2,749,716.25",
  "provider_code" : "Hospice LTC Services"
}
, {
  "october_2014" : "0.00",
  "february_2015" : "0.00",
  "march_2015" : "1,091,284.00",
  "december_2014" : "0.00",
  "august_2014" : "116415.00",
  "april_2015" : "0.00",
  "september_2014" : "116415.00",
  "may_2015" : "0.00",
  "june_2015" : "284,563.33",
  "november_2014" : "232830.00",
  "ytd_totalmedical_expenditures" : "1841507.33",
  "july_2014" : "0.00",
  "january_2015" : "0.00",
  "provider_code" : "ABI  Waiver - Administration"
}
, {
  "october_2014" : "0.00",
  "february_2015" : "0.00",
  "march_2015" : "448,013.50",
  "december_2014" : "0.00",
  "august_2014" : "224006.75",
  "april_2015" : "0.00",
  "september_2014" : "141908.50",
  "may_2015" : "0.00",
  "june_2015" : "467,225.50",
  "november_2014" : "530111.73",
  "ytd_totalmedical_expenditures" : "1811265.98",
  "july_2014" : "0.00",
  "january_2015" : "0.00",
  "provider_code" : "PCA Waiver - Administration "
}
, {
  "october_2014" : "-998091.12",
  "february_2015" : "(4,071,458.21)",
  "march_2015" : "(1,336,639.23)",
  "december_2014" : "-324774.95",
  "august_2014" : "-1555224.40",
  "april_2015" : "(1,216,925.80)",
  "september_2014" : "-1845811.46",
  "may_2015" : "(3,246,578.70)",
  "june_2015" : "(692,359.60)",
  "november_2014" : "-4992803.54",
  "ytd_totalmedical_expenditures" : "-22649533.05",
  "july_2014" : "-446057.02",
  "january_2015" : "(1,922,809.01)",
  "provider_code" : "Non-Claim  Spec. Adjustment"
}
, {
  "october_2014" : "0.00",
  "february_2015" : "3,021,740.52",
  "march_2015" : "590,562.50",
  "december_2014" : "0.00",
  "august_2014" : "0.00",
  "april_2015" : "1,582,954.38",
  "september_2014" : "31522.00",
  "may_2015" : "527,651.46",
  "june_2015" : "527,651.46",
  "november_2014" : "0.00",
  "ytd_totalmedical_expenditures" : "6785705.74",
  "july_2014" : "503623.42",
  "january_2015" : "0.00",
  "provider_code" : "NEMT ASO "
}
, {
  "october_2014" : "259434.00",
  "february_2015" : "0.00",
  "march_2015" : "0.00",
  "december_2014" : "353466.00",
  "august_2014" : "0.00",
  "april_2015" : "264,768.00",
  "september_2014" : "259434.00",
  "may_2015" : "0.00",
  "june_2015" : "2,667,336.00",
  "november_2014" : "0.00",
  "ytd_totalmedical_expenditures" : "4363872.00",
  "july_2014" : "0.00",
  "january_2015" : "559,434.00",
  "provider_code" : "Other CORE-CT Medicaid Exps"
}
, {
  "october_2014" : "6279372.16",
  "february_2015" : "0.00",
  "march_2015" : "9,594,182.50",
  "december_2014" : "6605104.50",
  "august_2014" : "12558744.32",
  "april_2015" : "13,210,209.00",
  "september_2014" : "0.00",
  "may_2015" : "6,605,104.50",
  "june_2015" : "5,852,103.50",
  "november_2014" : "12558744.32",
  "ytd_totalmedical_expenditures" : "79868669.30",
  "july_2014" : "0.00",
  "january_2015" : "6,605,104.50",
  "provider_code" : "Medical ASO Contracts"
}
, {
  "october_2014" : "0.00",
  "february_2015" : "4,628,151.50",
  "march_2015" : "66,088.00",
  "december_2014" : "0.00",
  "august_2014" : "4268691.50",
  "april_2015" : "4,147,362.00",
  "september_2014" : "-552347.88",
  "may_2015" : "0.00",
  "june_2015" : "(1,360,495.50)",
  "november_2014" : "4268691.50",
  "ytd_totalmedical_expenditures" : "13369318.24",
  "july_2014" : "-1029650.00",
  "january_2015" : "(1,067,172.88)",
  "provider_code" : "Behavioral Health Partnership - ASO     "
}
, {
  "october_2014" : "0.00",
  "february_2015" : "0.00",
  "march_2015" : "0.00",
  "december_2014" : "0.00",
  "august_2014" : "0.00",
  "april_2015" : "0.00",
  "september_2014" : "0.00",
  "may_2015" : "0.00",
  "june_2015" : "0.00",
  "november_2014" : "0.00",
  "ytd_totalmedical_expenditures" : "0.00",
  "july_2014" : "0.00",
  "january_2015" : "0.00",
  "provider_code" : "Dental Contracts"
}
, {
  "october_2014" : "1198438.47",
  "february_2015" : "0.00",
  "march_2015" : "648,735.88",
  "december_2014" : "1321809.52",
  "august_2014" : "0.00",
  "april_2015" : "1,165,652.14",
  "september_2014" : "604821.20",
  "may_2015" : "585,399.81",
  "june_2015" : "590,573.28",
  "november_2014" : "0.00",
  "ytd_totalmedical_expenditures" : "7918214.66",
  "july_2014" : "568290.48",
  "january_2015" : "1,234,493.88",
  "provider_code" : "Dental ASO"
}
, {
  "october_2014" : "23213.50",
  "february_2015" : "17,529.60",
  "march_2015" : "5,874.40",
  "december_2014" : "9755.70",
  "august_2014" : "11184.30",
  "april_2015" : "9,441.00",
  "september_2014" : "8392.00",
  "may_2015" : "19,993.90",
  "june_2015" : "(2,056.00)",
  "november_2014" : "7343.00",
  "ytd_totalmedical_expenditures" : "39233.10",
  "july_2014" : "-77881.80",
  "january_2015" : "6,443.50",
  "provider_code" : "Medicare  Buy - In"
}
, {
  "october_2014" : "-236098.62",
  "february_2015" : "(864,211.12)",
  "march_2015" : "(1,054,984.93)",
  "december_2014" : "-681023.57",
  "august_2014" : "-942031.74",
  "april_2015" : "(11,913,192.48)",
  "september_2014" : "-343372.75",
  "may_2015" : "(1,574,961.00)",
  "june_2015" : "(994,379.45)",
  "november_2014" : "-598154.06",
  "ytd_totalmedical_expenditures" : "-21139472.10",
  "july_2014" : "-1278065.52",
  "january_2015" : "(658,996.86)",
  "provider_code" : "Schools Based Hlth - Revenue Offset"
}
, {
  "october_2014" : "106000.00",
  "february_2015" : "106,000.00",
  "march_2015" : "106,000.00",
  "december_2014" : "106000.00",
  "august_2014" : "106000.00",
  "april_2015" : "106,000.00",
  "september_2014" : "106000.00",
  "may_2015" : "106,000.00",
  "june_2015" : "106,000.00",
  "november_2014" : "106000.00",
  "ytd_totalmedical_expenditures" : "1272000.00",
  "july_2014" : "106000.00",
  "january_2015" : "106,000.00",
  "provider_code" : "Third Party Liability Admin Fees"
}
, {
  "october_2014" : "456328.80",
  "february_2015" : "432,203.90",
  "march_2015" : "436,192.70",
  "december_2014" : "461841.20",
  "august_2014" : "412914.30",
  "april_2015" : "515,977.60",
  "september_2014" : "391786.80",
  "may_2015" : "438,478.50",
  "june_2015" : "497,770.10",
  "november_2014" : "461091.00",
  "ytd_totalmedical_expenditures" : "5376554.50",
  "july_2014" : "403339.40",
  "january_2015" : "468,630.20",
  "provider_code" : "Medicare Premiums - Qualifying Individuals"
}
, {
  "october_2014" : "16789165.00",
  "february_2015" : "16,456,999.30",
  "march_2015" : "16,563,934.60",
  "december_2014" : "17324244.10",
  "august_2014" : "16432603.90",
  "april_2015" : "16,700,251.00",
  "september_2014" : "15438775.80",
  "may_2015" : "16,596,181.50",
  "june_2015" : "16,845,478.20",
  "november_2014" : "16788490.90",
  "ytd_totalmedical_expenditures" : "197185427.70",
  "july_2014" : "14607204.60",
  "january_2015" : "16,642,098.80",
  "provider_code" : "Medicare Premiums"
}
, {
  "october_2014" : "5804210.55",
  "february_2015" : "1,614,802.50",
  "march_2015" : "77,185.48",
  "december_2014" : "5079969.00",
  "august_2014" : "6567212.32",
  "april_2015" : "7,555,436.50",
  "september_2014" : "6267639.00",
  "may_2015" : "1,300,985.69",
  "june_2015" : "8,049,966.62",
  "november_2014" : "4757876.53",
  "ytd_totalmedical_expenditures" : "60827666.53",
  "july_2014" : "7716785.34",
  "january_2015" : "6,035,597.00",
  "provider_code" : "State  Mental  Hospital"
}
, {
  "october_2014" : "0.00",
  "february_2015" : "0.00",
  "march_2015" : "0.00",
  "december_2014" : "0.00",
  "august_2014" : "0.00",
  "april_2015" : "0.00",
  "september_2014" : "0.00",
  "may_2015" : "0.00",
  "june_2015" : "0.00",
  "november_2014" : "0.00",
  "ytd_totalmedical_expenditures" : "0.00",
  "july_2014" : "0.00",
  "january_2015" : "0.00",
  "provider_code" : "State Alcohol and Drug"
}
, {
  "october_2014" : "1311226.58",
  "february_2015" : "1,317,842.11",
  "march_2015" : "2,432,458.15",
  "december_2014" : "1259282.44",
  "august_2014" : "1377241.89",
  "april_2015" : "1,433,628.41",
  "september_2014" : "1358863.95",
  "may_2015" : "1,581,963.18",
  "june_2015" : "1,606,207.66",
  "november_2014" : "1161541.66",
  "ytd_totalmedical_expenditures" : "16517517.08",
  "july_2014" : "1427176.36",
  "january_2015" : "250,084.69",
  "provider_code" : "State  Chronic  Disease"
}
, {
  "october_2014" : "25108197.82",
  "february_2015" : "14,370,544.94",
  "march_2015" : "12,227,881.21",
  "december_2014" : "14409711.38",
  "august_2014" : "14648555.28",
  "april_2015" : "26,252,698.71",
  "september_2014" : "13793115.93",
  "may_2015" : "14,467,722.14",
  "june_2015" : "7,611,998.18",
  "november_2014" : "16558596.01",
  "ytd_totalmedical_expenditures" : "188928846.25",
  "july_2014" : "14276582.06",
  "january_2015" : "15,203,242.59",
  "provider_code" : "State Intermediate Care Facilities/IID"
}
, {
  "october_2014" : "2373237.41",
  "february_2015" : "3,177,840.45",
  "march_2015" : "900,224.45",
  "december_2014" : "2624316.51",
  "august_2014" : "1360144.83",
  "april_2015" : "6,260,040.15",
  "september_2014" : "940509.13",
  "may_2015" : "3,957,980.23",
  "june_2015" : "4,688,403.37",
  "november_2014" : "2702762.06",
  "ytd_totalmedical_expenditures" : "36167669.86",
  "july_2014" : "3745813.25",
  "january_2015" : "3,436,398.02",
  "provider_code" : "State School Based Child Health"
}
, {
  "october_2014" : "1318900.00",
  "february_2015" : "1,178,865.00",
  "march_2015" : "1,280,145.00",
  "december_2014" : "1178268.00",
  "august_2014" : "1123685.00",
  "april_2015" : "1,238,754.00",
  "september_2014" : "1141095.00",
  "may_2015" : "1,578,488.44",
  "june_2015" : "1,422,135.00",
  "november_2014" : "1191623.00",
  "ytd_totalmedical_expenditures" : "15133242.44",
  "july_2014" : "1482291.00",
  "january_2015" : "998,993.00",
  "provider_code" : "State Birth -To - 3"
}
, {
  "october_2014" : "0.00",
  "february_2015" : "0.00",
  "march_2015" : "0.00",
  "december_2014" : "0.00",
  "august_2014" : "0.00",
  "april_2015" : "0.00",
  "september_2014" : "0.00",
  "may_2015" : "0.00",
  "june_2015" : "0.00",
  "november_2014" : "0.00",
  "ytd_totalmedical_expenditures" : "0.00",
  "july_2014" : "0.00",
  "january_2015" : "0.00",
  "provider_code" : "State Waiver IID"
}
, {
  "october_2014" : "14028316.87",
  "february_2015" : "6,206,905.65",
  "march_2015" : "10,070,566.39",
  "december_2014" : "6259159.56",
  "august_2014" : "7736574.31",
  "april_2015" : "23,838,638.43",
  "september_2014" : "4728820.63",
  "may_2015" : "(189,243.34)",
  "june_2015" : "11,409,314.37",
  "november_2014" : "7840075.11",
  "ytd_totalmedical_expenditures" : "104673846.61",
  "july_2014" : "6375954.98",
  "january_2015" : "6,368,763.65",
  "provider_code" : "DDS Individual and Family Support Waiver "
}
, {
  "october_2014" : "47591835.73",
  "february_2015" : "43,355,789.32",
  "march_2015" : "73,100,955.75",
  "december_2014" : "46726359.11",
  "august_2014" : "46256375.19",
  "april_2015" : "181,053,780.80",
  "september_2014" : "49319722.30",
  "may_2015" : "(57,910,519.60)",
  "june_2015" : "63,624,999.43",
  "november_2014" : "49365921.60",
  "ytd_totalmedical_expenditures" : "634933206.25",
  "july_2014" : "47496555.96",
  "january_2015" : "44,951,430.66",
  "provider_code" : "DDS Comprehensive Support Waivers"
}
, {
  "october_2014" : "0.00",
  "february_2015" : "0.00",
  "march_2015" : "0.00",
  "december_2014" : "0.00",
  "august_2014" : "1277256.70",
  "april_2015" : "0.00",
  "september_2014" : "0.00",
  "may_2015" : "0.00",
  "june_2015" : "8,902,980.00",
  "november_2014" : "278606.31",
  "ytd_totalmedical_expenditures" : "12581107.06",
  "july_2014" : "1170627.55",
  "january_2015" : "951,636.50",
  "provider_code" : "DMHAS Targeted  Case  Mgmt"
}
, {
  "october_2014" : "2071760.00",
  "february_2015" : "1,107,360.00",
  "march_2015" : "2,652,480.35",
  "december_2014" : "1893262.09",
  "august_2014" : "1887780.00",
  "april_2015" : "1,519,820.00",
  "september_2014" : "2154440.00",
  "may_2015" : "8,832,222.20",
  "june_2015" : "(12,515,786.52)",
  "november_2014" : "1769449.22",
  "ytd_totalmedical_expenditures" : "16441393.03",
  "july_2014" : "3078720.00",
  "january_2015" : "1,989,885.69",
  "provider_code" : "DDS Targeted  Case  Mgmt"
}
, {
  "october_2014" : "14166733.56",
  "february_2015" : "828,827.31",
  "march_2015" : "1,437,369.25",
  "december_2014" : "2415512.00",
  "august_2014" : "1362000.00",
  "april_2015" : "11,915,747.17",
  "september_2014" : "1345200.00",
  "may_2015" : "1,087,180.63",
  "june_2015" : "1,116,674.98",
  "november_2014" : "0.00",
  "ytd_totalmedical_expenditures" : "38120933.08",
  "july_2014" : "1360800.00",
  "january_2015" : "1,084,888.18",
  "provider_code" : "Private Non-Medical Institutions"
}
, {
  "october_2014" : "0.00",
  "february_2015" : "0.00",
  "march_2015" : "9,649.30",
  "december_2014" : "0.00",
  "august_2014" : "0.00",
  "april_2015" : "31.46",
  "september_2014" : "0.00",
  "may_2015" : "31,131.93",
  "june_2015" : "2,259.09",
  "november_2014" : "0.00",
  "ytd_totalmedical_expenditures" : "43071.78",
  "july_2014" : "0.00",
  "january_2015" : "0.00",
  "provider_code" : "State Clinic Services - Behavioral Health"
}
, {
  "october_2014" : "803067.55",
  "february_2015" : "632,556.04",
  "march_2015" : "1,331,980.86",
  "december_2014" : "691762.87",
  "august_2014" : "754650.31",
  "april_2015" : "202,746.14",
  "september_2014" : "885681.67",
  "may_2015" : "331,960.42",
  "june_2015" : "2,062,292.49",
  "november_2014" : "974152.58",
  "ytd_totalmedical_expenditures" : "10353046.28",
  "july_2014" : "834297.91",
  "january_2015" : "847,897.44",
  "provider_code" : "DDS Employ Day Support"
}
, {
  "october_2014" : "35183.32",
  "february_2015" : "5,738.00",
  "march_2015" : "312,243.37",
  "december_2014" : "6313.00",
  "august_2014" : "83393.52",
  "april_2015" : "45,467.80",
  "september_2014" : "38736.54",
  "may_2015" : "122,512.86",
  "june_2015" : "71,273.24",
  "november_2014" : "27744.00",
  "ytd_totalmedical_expenditures" : "766342.65",
  "july_2014" : "0.00",
  "january_2015" : "17,737.00",
  "provider_code" : "DDS Home and Community Supports Autism Waiver"
}
, {
  "october_2014" : "0.00",
  "february_2015" : "0.00",
  "march_2015" : "0.00",
  "december_2014" : "0.00",
  "august_2014" : "0.00",
  "april_2015" : "0.00",
  "september_2014" : "0.00",
  "may_2015" : "0.00",
  "june_2015" : "0.00",
  "november_2014" : "0.00",
  "ytd_totalmedical_expenditures" : "0.00",
  "july_2014" : "0.00",
  "january_2015" : "0.00",
  "provider_code" : "DDS Early Childhood Autism Waiver"
}
, {
  "october_2014" : "-121416.05",
  "february_2015" : "(55,514.17)",
  "march_2015" : "(194,955.82)",
  "december_2014" : "-42942.86",
  "august_2014" : "-78644.10",
  "april_2015" : "(139,268.11)",
  "september_2014" : "-81490.49",
  "may_2015" : "(74,620.38)",
  "june_2015" : "(135,908.98)",
  "november_2014" : "-93168.03",
  "ytd_totalmedical_expenditures" : "-1194618.99",
  "july_2014" : "-110072.77",
  "january_2015" : "(66,617.23)",
  "provider_code" : "State Non-Claim Spec.Adj. (State Inst.)"
}
, {
  "october_2014" : "729589189.84",
  "february_2015" : "563,402,644.69",
  "march_2015" : "549,628,179.91",
  "december_2014" : "545904327.69",
  "august_2014" : "594032356.69",
  "april_2015" : "758,351,359.10",
  "september_2014" : "521822947.76",
  "may_2015" : "521,514,911.09",
  "june_2015" : "541,546,658.15",
  "november_2014" : "614741356.18",
  "ytd_totalmedical_expenditures" : "7167438561.85",
  "july_2014" : "633502602.05",
  "january_2015" : "593,402,028.71",
  "provider_code" : "Total"
}
 ]