[ {
  "project_health" : "Yellow",
  "project_name" : "SCORES - Statewide Collaborative Offender Risk Evaluation System",
  "date_information_is_being_provided" : "2015-06-23T13:16:00",
  "level" : "1",
  "it_capital_investment_fund" : "0",
  "project_start_date" : "2012-01-01T00:00:00",
  "project_phase" : "Testing",
  "total_budget" : "160000",
  "planned_project_end_date" : "2015-06-23T00:00:00",
  "agency_name" : "Board Of Pardons and Paroles"
}
, {
  "project_health" : "Green",
  "project_name" : "Virtual Desktops",
  "date_information_is_being_provided" : "2015-04-10T14:40:00",
  "level" : "1",
  "it_capital_investment_fund" : "0",
  "project_start_date" : "2013-03-04T00:00:00",
  "project_phase" : "Business Issues",
  "total_budget" : "500000",
  "planned_project_end_date" : "2014-02-05T00:00:00",
  "agency_name" : "Department of Children and Families"
}
, {
  "project_health" : "Green",
  "project_name" : "Cheshire Campus Network Upgrade",
  "date_information_is_being_provided" : "2015-02-26T11:50:00",
  "level" : "1",
  "it_capital_investment_fund" : "0",
  "project_start_date" : "2013-06-01T00:00:00",
  "project_phase" : "Post Implementation",
  "total_budget" : "250000",
  "planned_project_end_date" : "2015-01-30T00:00:00",
  "agency_name" : "Department of Correction"
}
, {
  "project_health" : "Green",
  "project_name" : "Blackberry to iPhone Exchange",
  "date_information_is_being_provided" : "2015-02-26T11:54:00",
  "level" : "1",
  "it_capital_investment_fund" : "0",
  "project_start_date" : "2014-11-04T00:00:00",
  "project_phase" : "Post Implementation",
  "total_budget" : "35000",
  "planned_project_end_date" : "2015-01-16T00:00:00",
  "agency_name" : "Department of Correction"
}
, {
  "project_health" : "Green",
  "project_name" : "Inmate Visiting Procedures",
  "date_information_is_being_provided" : "2015-03-23T14:10:00",
  "level" : "1",
  "it_capital_investment_fund" : "0",
  "project_start_date" : "2014-09-26T00:00:00",
  "project_phase" : "Business Requirements",
  "total_budget" : "0",
  "planned_project_end_date" : "2015-09-30T00:00:00",
  "agency_name" : "Department of Correction"
}
, {
  "project_health" : "Red",
  "project_name" : "Enfield Campus Network Upgrade",
  "date_information_is_being_provided" : "2015-04-17T09:21:00",
  "level" : "1",
  "it_capital_investment_fund" : "0",
  "project_start_date" : "2013-06-01T00:00:00",
  "project_phase" : "Design",
  "total_budget" : "100000",
  "planned_project_end_date" : "2015-12-31T00:00:00",
  "agency_name" : "Department of Correction"
}
, {
  "project_health" : "Green",
  "project_name" : "Distance Learning",
  "date_information_is_being_provided" : "2015-05-18T14:55:00",
  "level" : "1",
  "it_capital_investment_fund" : "0",
  "project_start_date" : "2012-07-01T00:00:00",
  "project_phase" : "Post Implementation",
  "total_budget" : "65000",
  "planned_project_end_date" : "2015-05-01T00:00:00",
  "agency_name" : "Department of Correction"
}
, {
  "project_health" : "Green",
  "project_name" : "MFP Scanning",
  "date_information_is_being_provided" : "2015-05-18T14:59:00",
  "level" : "1",
  "it_capital_investment_fund" : "0",
  "project_start_date" : "2014-06-02T00:00:00",
  "project_phase" : "Post Implementation",
  "total_budget" : "10000",
  "planned_project_end_date" : "2016-01-01T00:00:00",
  "agency_name" : "Department of Correction"
}
, {
  "project_health" : "Green",
  "project_name" : "24 x 7 Scheduling System - Phase 2",
  "date_information_is_being_provided" : "2015-06-24T12:49:00",
  "level" : "1",
  "it_capital_investment_fund" : "0",
  "project_start_date" : "2015-08-01T00:00:00",
  "project_phase" : "Business Issues",
  "total_budget" : "0",
  "planned_project_end_date" : "2017-12-31T00:00:00",
  "agency_name" : "Department of Correction"
}
, {
  "project_health" : "Green",
  "project_name" : "DUI Home Confinement Data System",
  "date_information_is_being_provided" : "2015-06-25T09:38:00",
  "level" : "1",
  "it_capital_investment_fund" : "0",
  "project_start_date" : "2014-10-07T00:00:00",
  "project_phase" : "Construction",
  "total_budget" : "40000",
  "planned_project_end_date" : "2015-10-30T00:00:00",
  "agency_name" : "Department of Correction"
}
, {
  "project_health" : "Yellow",
  "project_name" : "Operations Database",
  "date_information_is_being_provided" : "2015-06-25T11:13:00",
  "level" : "1",
  "it_capital_investment_fund" : "0",
  "project_start_date" : "2014-09-15T00:00:00",
  "project_phase" : "Testing",
  "total_budget" : "0",
  "planned_project_end_date" : "2016-06-30T00:00:00",
  "agency_name" : "Department of Correction"
}
, {
  "project_health" : "Red",
  "project_name" : "Wireless Access at Department of Correction",
  "date_information_is_being_provided" : "2015-06-25T11:50:00",
  "level" : "1",
  "it_capital_investment_fund" : "0",
  "project_start_date" : "2013-03-01T00:00:00",
  "project_phase" : "Design",
  "total_budget" : "35000",
  "planned_project_end_date" : "2015-12-31T00:00:00",
  "agency_name" : "Department of Correction"
}
, {
  "project_health" : "Green",
  "project_name" : "Global Reporting",
  "date_information_is_being_provided" : "2015-05-20T10:37:00",
  "level" : "1",
  "it_capital_investment_fund" : "0",
  "project_start_date" : "2012-08-02T00:00:00",
  "project_phase" : "Post Implementation",
  "total_budget" : "249500",
  "planned_project_end_date" : "2013-08-31T00:00:00",
  "agency_name" : "Department of Developmental Services"
}
, {
  "project_health" : "Green",
  "project_name" : "DDS Eligibility Determination Intake Collection",
  "date_information_is_being_provided" : "2015-05-21T07:42:00",
  "level" : "1",
  "it_capital_investment_fund" : "0",
  "project_start_date" : "2012-12-03T00:00:00",
  "project_phase" : "Business Requirements",
  "total_budget" : "50000",
  "planned_project_end_date" : "2016-06-30T00:00:00",
  "agency_name" : "Department of Developmental Services"
}
, {
  "project_health" : "Red",
  "project_name" : "DDS Quality of Services Review Transformation",
  "date_information_is_being_provided" : "2015-05-21T07:47:00",
  "level" : "1",
  "it_capital_investment_fund" : "1",
  "project_start_date" : "2013-03-15T00:00:00",
  "project_phase" : "Business Requirements",
  "total_budget" : "363180",
  "planned_project_end_date" : "2018-12-31T00:00:00",
  "agency_name" : "Department of Developmental Services"
}
, {
  "project_health" : "Green",
  "project_name" : "Agency Helpdesk Platform Upgrade",
  "date_information_is_being_provided" : "2015-03-30T12:31:00",
  "level" : "1",
  "it_capital_investment_fund" : "0",
  "project_start_date" : "2012-10-01T00:00:00",
  "project_phase" : "Post Implementation",
  "total_budget" : "185000",
  "planned_project_end_date" : "2015-06-01T00:00:00",
  "agency_name" : "Department of Emergency Services and Public Protection"
}
, {
  "project_health" : "Yellow",
  "project_name" : "Special Licensing and Weapons Registration System (SLWRS)",
  "date_information_is_being_provided" : "2015-03-30T13:04:00",
  "level" : "1",
  "it_capital_investment_fund" : "1",
  "project_start_date" : "2014-01-02T00:00:00",
  "project_phase" : "Business Requirements",
  "total_budget" : "556820",
  "planned_project_end_date" : "2016-06-30T00:00:00",
  "agency_name" : "Department of Emergency Services and Public Protection"
}
, {
  "project_health" : "Green",
  "project_name" : "Real-time Air Quality Website",
  "date_information_is_being_provided" : "2015-02-26T00:25:00",
  "level" : "1",
  "it_capital_investment_fund" : "0",
  "project_start_date" : "2011-06-01T00:00:00",
  "project_phase" : "Post Implementation",
  "total_budget" : "200000",
  "planned_project_end_date" : "2013-08-30T00:00:00",
  "agency_name" : "Department of Energy and Environmental Protection"
}
, {
  "project_health" : "Green",
  "project_name" : "eFishing Derby (eFTD)",
  "date_information_is_being_provided" : "2015-03-23T08:39:00",
  "level" : "1",
  "it_capital_investment_fund" : "1",
  "project_start_date" : "2013-06-03T00:00:00",
  "project_phase" : "Post Implementation",
  "total_budget" : "515000",
  "planned_project_end_date" : "2015-01-16T00:00:00",
  "agency_name" : "Department of Energy and Environmental Protection"
}
, {
  "project_health" : "Red",
  "project_name" : "Municipal Solid Waste and Recycling",
  "date_information_is_being_provided" : "2015-03-23T08:40:00",
  "level" : "1",
  "it_capital_investment_fund" : "0",
  "project_start_date" : "2011-07-01T00:00:00",
  "project_phase" : "Design",
  "total_budget" : "450000",
  "planned_project_end_date" : "2015-06-30T00:00:00",
  "agency_name" : "Department of Energy and Environmental Protection"
}
, {
  "project_health" : "Green",
  "project_name" : "Maximo",
  "date_information_is_being_provided" : "2015-06-05T10:51:00",
  "level" : "1",
  "it_capital_investment_fund" : "0",
  "project_start_date" : "2015-02-01T00:00:00",
  "project_phase" : "Business Requirements",
  "total_budget" : "100000",
  "planned_project_end_date" : "2015-12-31T00:00:00",
  "agency_name" : "Department of Energy and Environmental Protection"
}
, {
  "project_health" : "Yellow",
  "project_name" : "Radiation eFiling and Case Management",
  "date_information_is_being_provided" : "2015-06-22T08:32:00",
  "level" : "1",
  "it_capital_investment_fund" : "1",
  "project_start_date" : "2013-04-01T00:00:00",
  "project_phase" : "Post Implementation",
  "total_budget" : "646824",
  "planned_project_end_date" : "2015-03-31T00:00:00",
  "agency_name" : "Department of Energy and Environmental Protection"
}
, {
  "project_health" : "Yellow",
  "project_name" : "Sewage Right to Know ",
  "date_information_is_being_provided" : "2015-06-22T08:33:00",
  "level" : "1",
  "it_capital_investment_fund" : "0",
  "project_start_date" : "2014-04-02T00:00:00",
  "project_phase" : "Business Requirements",
  "total_budget" : "0",
  "planned_project_end_date" : "2015-12-31T00:00:00",
  "agency_name" : "Department of Energy and Environmental Protection"
}
, {
  "project_health" : "Green",
  "project_name" : "Employer Electronic Filing (EEF) ",
  "date_information_is_being_provided" : "2015-06-12T10:12:00",
  "level" : "1",
  "it_capital_investment_fund" : "0",
  "project_start_date" : "2013-08-01T00:00:00",
  "project_phase" : "Design",
  "total_budget" : "1125315",
  "planned_project_end_date" : "2016-10-31T00:00:00",
  "agency_name" : "Department of Labor"
}
, {
  "project_health" : "Green",
  "project_name" : "UC Fraud Penalty Project (02-12) - Phase II Part 1",
  "date_information_is_being_provided" : "2015-06-12T10:38:00",
  "level" : "1",
  "it_capital_investment_fund" : "0",
  "project_start_date" : "2012-11-19T00:00:00",
  "project_phase" : "Testing",
  "total_budget" : "1000000",
  "planned_project_end_date" : "2015-07-24T00:00:00",
  "agency_name" : "Department of Labor"
}
, {
  "project_health" : "Green",
  "project_name" : "UI Modernization - Phase 1 (Business Requirements - To-Be ) ",
  "date_information_is_being_provided" : "2015-06-12T10:42:00",
  "level" : "1",
  "it_capital_investment_fund" : "0",
  "project_start_date" : "2013-10-01T00:00:00",
  "project_phase" : "Business Requirements",
  "total_budget" : "3000000",
  "planned_project_end_date" : "2015-06-30T00:00:00",
  "agency_name" : "Department of Labor"
}
, {
  "project_health" : "Green",
  "project_name" : "Provider Quality Report",
  "date_information_is_being_provided" : "2015-02-26T00:25:00",
  "level" : "1",
  "it_capital_investment_fund" : "0",
  "project_start_date" : "2011-06-01T00:00:00",
  "project_phase" : "Post Implementation",
  "total_budget" : "200000",
  "planned_project_end_date" : "2014-03-31T00:00:00",
  "agency_name" : "Department of Mental Health and Addiction Services"
}
, {
  "project_health" : "Green",
  "project_name" : "Vacancy Management System\\Mental Health Assistant Transfer List",
  "date_information_is_being_provided" : "2015-02-26T00:25:00",
  "level" : "1",
  "it_capital_investment_fund" : "0",
  "project_start_date" : "2012-03-01T00:00:00",
  "project_phase" : "Post Implementation",
  "total_budget" : "250000",
  "planned_project_end_date" : "2014-03-31T00:00:00",
  "agency_name" : "Department of Mental Health and Addiction Services"
}
, {
  "project_health" : "Green",
  "project_name" : "MS Office 2010 Project",
  "date_information_is_being_provided" : "2015-02-26T00:25:00",
  "level" : "1",
  "it_capital_investment_fund" : "0",
  "project_start_date" : "2013-02-01T00:00:00",
  "project_phase" : "Post Implementation",
  "total_budget" : "1309000",
  "planned_project_end_date" : "2014-04-30T00:00:00",
  "agency_name" : "Department of Mental Health and Addiction Services"
}
, {
  "project_health" : "Green",
  "project_name" : "Critical Incident",
  "date_information_is_being_provided" : "2015-02-26T00:25:00",
  "level" : "1",
  "it_capital_investment_fund" : "0",
  "project_start_date" : "2013-04-01T00:00:00",
  "project_phase" : "Post Implementation",
  "total_budget" : "200000",
  "planned_project_end_date" : "2014-10-01T00:00:00",
  "agency_name" : "Department of Mental Health and Addiction Services"
}
, {
  "project_health" : "Green",
  "project_name" : "VMWare \\ Mobile Storage Devices",
  "date_information_is_being_provided" : "2015-06-24T10:57:00",
  "level" : "1",
  "it_capital_investment_fund" : "0",
  "project_start_date" : "2013-12-13T00:00:00",
  "project_phase" : "Post Implementation",
  "total_budget" : "107175",
  "planned_project_end_date" : "2014-11-21T00:00:00",
  "agency_name" : "Department of Mental Health and Addiction Services"
}
, {
  "project_health" : "Green",
  "project_name" : "CVH Campus Infrastructure",
  "date_information_is_being_provided" : "2015-06-24T11:01:00",
  "level" : "1",
  "it_capital_investment_fund" : "0",
  "project_start_date" : "2012-06-01T00:00:00",
  "project_phase" : "Design",
  "total_budget" : "2000000",
  "planned_project_end_date" : "2016-12-30T00:00:00",
  "agency_name" : "Department of Mental Health and Addiction Services"
}
, {
  "project_health" : "Green",
  "project_name" : "Real Time Insurance Verification",
  "date_information_is_being_provided" : "2015-02-26T00:25:00",
  "level" : "1",
  "it_capital_investment_fund" : "1",
  "project_start_date" : "2012-12-04T00:00:00",
  "project_phase" : "Business Requirements",
  "total_budget" : "600000",
  "planned_project_end_date" : "2014-12-31T00:00:00",
  "agency_name" : "Department of Motor Vehicles"
}
, {
  "project_health" : "Green",
  "project_name" : "THE DLID system upgrade - Central Issuance",
  "date_information_is_being_provided" : "2015-02-26T00:25:00",
  "level" : "1",
  "it_capital_investment_fund" : "0",
  "project_start_date" : "2013-09-15T00:00:00",
  "project_phase" : "Business Requirements",
  "total_budget" : "1000000",
  "planned_project_end_date" : "2016-01-01T00:00:00",
  "agency_name" : "Department of Motor Vehicles"
}
, {
  "project_health" : "Green",
  "project_name" : "CVIEW Modernization",
  "date_information_is_being_provided" : "2015-02-26T00:25:00",
  "level" : "1",
  "it_capital_investment_fund" : "0",
  "project_start_date" : "2014-09-01T00:00:00",
  "project_phase" : "Construction",
  "total_budget" : "486000",
  "planned_project_end_date" : "2015-07-01T00:00:00",
  "agency_name" : "Department of Motor Vehicles"
}
, {
  "project_health" : "Green",
  "project_name" : "Replacement of aging network infrastructure",
  "date_information_is_being_provided" : "2015-02-26T00:25:00",
  "level" : "1",
  "it_capital_investment_fund" : "0",
  "project_start_date" : "2013-02-04T00:00:00",
  "project_phase" : "Post Implementation",
  "total_budget" : "600000",
  "planned_project_end_date" : "2013-07-26T00:00:00",
  "agency_name" : "Department of Public Health"
}
, {
  "project_health" : "Green",
  "project_name" : "WIC MIS modernization project",
  "date_information_is_being_provided" : "2015-02-26T00:25:00",
  "level" : "1",
  "it_capital_investment_fund" : "0",
  "project_start_date" : "2013-06-01T00:00:00",
  "project_phase" : "Design",
  "total_budget" : "4641434",
  "planned_project_end_date" : "2016-08-31T00:00:00",
  "agency_name" : "Department of Public Health"
}
, {
  "project_health" : "Yellow",
  "project_name" : "Virtual Desktop",
  "date_information_is_being_provided" : "2015-02-26T00:25:00",
  "level" : "1",
  "it_capital_investment_fund" : "0",
  "project_start_date" : "2013-06-03T00:00:00",
  "project_phase" : "Testing",
  "total_budget" : "100000",
  "planned_project_end_date" : "2015-12-31T00:00:00",
  "agency_name" : "Department of Public Health"
}
, {
  "project_health" : "Yellow",
  "project_name" : "Windows 7 upgrade",
  "date_information_is_being_provided" : "2015-02-26T00:26:00",
  "level" : "1",
  "it_capital_investment_fund" : "0",
  "project_start_date" : "2013-12-01T00:00:00",
  "project_phase" : "Post Implementation",
  "total_budget" : "180000",
  "planned_project_end_date" : "2014-04-04T00:00:00",
  "agency_name" : "Department of Public Health"
}
, {
  "project_health" : "Green",
  "project_name" : "Vital Records Death Registry",
  "date_information_is_being_provided" : "2015-02-26T00:26:00",
  "level" : "1",
  "it_capital_investment_fund" : "0",
  "project_start_date" : "2015-04-01T00:00:00",
  "project_phase" : "Design",
  "total_budget" : "2412224",
  "planned_project_end_date" : "2017-10-01T00:00:00",
  "agency_name" : "Department of Public Health"
}
, {
  "project_health" : "Green",
  "project_name" : "Sexually Transmitted Disease Reporting Portal ",
  "date_information_is_being_provided" : "2015-03-12T12:30:00",
  "level" : "1",
  "it_capital_investment_fund" : "1",
  "project_start_date" : "2013-08-30T00:00:00",
  "project_phase" : "Construction",
  "total_budget" : "874400",
  "planned_project_end_date" : "2016-09-30T00:00:00",
  "agency_name" : "Department of Public Health"
}
, {
  "project_health" : "Red",
  "project_name" : "Vital Records  -- State and Territorial Exchange of Vital Events (STEVE)",
  "date_information_is_being_provided" : "2015-04-13T08:57:00",
  "level" : "1",
  "it_capital_investment_fund" : "0",
  "project_start_date" : "2013-07-01T00:00:00",
  "project_phase" : "Post Implementation",
  "total_budget" : "25000",
  "planned_project_end_date" : "2013-10-25T00:00:00",
  "agency_name" : "Department of Public Health"
}
, {
  "project_health" : "Yellow",
  "project_name" : "Mobile Computing  -  Nursing Home Complaints Automation and Inspection ",
  "date_information_is_being_provided" : "2015-04-13T09:34:00",
  "level" : "1",
  "it_capital_investment_fund" : "1",
  "project_start_date" : "2014-11-01T00:00:00",
  "project_phase" : "Design",
  "total_budget" : "198289",
  "planned_project_end_date" : "2015-08-31T00:00:00",
  "agency_name" : "Department of Public Health"
}
, {
  "project_health" : "Green",
  "project_name" : "Integrated Consumer Service and Reporting System",
  "date_information_is_being_provided" : "2015-06-29T10:25:00",
  "level" : "1",
  "it_capital_investment_fund" : "1",
  "project_start_date" : "2013-07-01T00:00:00",
  "project_phase" : "Business Issues",
  "total_budget" : "5315595",
  "planned_project_end_date" : "2018-04-30T00:00:00",
  "agency_name" : "Department of Rehabilitation Services"
}
, {
  "project_health" : "Green",
  "project_name" : "Agency Server / Storage replacement project",
  "date_information_is_being_provided" : "2015-02-26T00:26:00",
  "level" : "1",
  "it_capital_investment_fund" : "0",
  "project_start_date" : "2013-03-01T00:00:00",
  "project_phase" : "Implementation",
  "total_budget" : "736285",
  "planned_project_end_date" : "2015-03-31T00:00:00",
  "agency_name" : "Department of Revenue Services"
}
, {
  "project_health" : "Green",
  "project_name" : "Telecommunication Equipment upgrades",
  "date_information_is_being_provided" : "2015-02-26T00:26:00",
  "level" : "1",
  "it_capital_investment_fund" : "0",
  "project_start_date" : "2013-05-01T00:00:00",
  "project_phase" : "Post Implementation",
  "total_budget" : "639000",
  "planned_project_end_date" : "2013-11-29T00:00:00",
  "agency_name" : "Department of Revenue Services"
}
, {
  "project_health" : "Green",
  "project_name" : "Telephone System Replacement",
  "date_information_is_being_provided" : "2015-03-27T14:10:00",
  "level" : "1",
  "it_capital_investment_fund" : "1",
  "project_start_date" : "2014-08-01T00:00:00",
  "project_phase" : "Implementation",
  "total_budget" : "1900000",
  "planned_project_end_date" : "2016-06-01T00:00:00",
  "agency_name" : "Department of Transportation"
}
, {
  "project_health" : "Green",
  "project_name" : "Exor",
  "date_information_is_being_provided" : "2015-03-27T14:16:00",
  "level" : "1",
  "it_capital_investment_fund" : "0",
  "project_start_date" : "2012-06-15T00:00:00",
  "project_phase" : "Construction",
  "total_budget" : "2000000",
  "planned_project_end_date" : "2015-06-15T00:00:00",
  "agency_name" : "Department of Transportation"
}
, {
  "project_health" : "Green",
  "project_name" : "eCRIS",
  "date_information_is_being_provided" : "2015-02-26T00:26:00",
  "level" : "1",
  "it_capital_investment_fund" : "0",
  "project_start_date" : "2006-06-01T00:00:00",
  "project_phase" : "Post Implementation",
  "total_budget" : "900000",
  "planned_project_end_date" : "2008-01-01T00:00:00",
  "agency_name" : "Office of Governmental Accountability"
}
, {
  "project_health" : "Green",
  "project_name" : "Legal Files Case Management",
  "date_information_is_being_provided" : "2015-06-29T16:21:00",
  "level" : "1",
  "it_capital_investment_fund" : "0",
  "project_start_date" : "2014-04-01T00:00:00",
  "project_phase" : "Post Implementation",
  "total_budget" : "79000",
  "planned_project_end_date" : "2014-09-01T00:00:00",
  "agency_name" : "Office of Governmental Accountability"
}
, {
  "project_health" : "Green",
  "project_name" : "Uniform Chart of Accounts(UCOA) Benchmarking tool",
  "date_information_is_being_provided" : "2015-06-24T14:33:00",
  "level" : "1",
  "it_capital_investment_fund" : "0",
  "project_start_date" : "2014-04-30T00:00:00",
  "project_phase" : "Construction",
  "total_budget" : "2225000",
  "planned_project_end_date" : "2017-12-31T00:00:00",
  "agency_name" : "Office of Policy and Management"
}
, {
  "project_health" : "Green",
  "project_name" : "Criminal Justice Lifecycle Grants Management System",
  "date_information_is_being_provided" : "2015-06-24T14:34:00",
  "level" : "1",
  "it_capital_investment_fund" : "1",
  "project_start_date" : "2013-01-01T00:00:00",
  "project_phase" : "Implementation",
  "total_budget" : "773285",
  "planned_project_end_date" : "2013-10-30T00:00:00",
  "agency_name" : "Office of Policy and Management"
}
, {
  "project_health" : "Green",
  "project_name" : "P20W Information System pilot",
  "date_information_is_being_provided" : "2015-02-26T00:26:00",
  "level" : "1",
  "it_capital_investment_fund" : "0",
  "project_start_date" : "2009-07-01T00:00:00",
  "project_phase" : "Testing",
  "total_budget" : "500000",
  "planned_project_end_date" : "2015-07-01T00:00:00",
  "agency_name" : "State Department of Education"
}
, {
  "project_health" : "Green",
  "project_name" : "Direct Certification",
  "date_information_is_being_provided" : "2015-02-26T00:26:00",
  "level" : "1",
  "it_capital_investment_fund" : "0",
  "project_start_date" : "2012-07-02T00:00:00",
  "project_phase" : "Implementation",
  "total_budget" : "1000000",
  "planned_project_end_date" : "2015-07-02T00:00:00",
  "agency_name" : "State Department of Education"
}
, {
  "project_health" : "Green",
  "project_name" : "DCF Data Exchange",
  "date_information_is_being_provided" : "2015-02-26T00:26:00",
  "level" : "1",
  "it_capital_investment_fund" : "0",
  "project_start_date" : "2012-09-03T00:00:00",
  "project_phase" : "Implementation",
  "total_budget" : "250000",
  "planned_project_end_date" : "2013-07-01T00:00:00",
  "agency_name" : "State Department of Education"
}
, {
  "project_health" : "Yellow",
  "project_name" : "Smarter Balanced Online Assessment Testing",
  "date_information_is_being_provided" : "2015-02-26T00:26:00",
  "level" : "1",
  "it_capital_investment_fund" : "0",
  "project_start_date" : "2012-11-05T00:00:00",
  "project_phase" : "Testing",
  "total_budget" : "400000",
  "planned_project_end_date" : "2015-03-31T00:00:00",
  "agency_name" : "State Department of Education"
}
, {
  "project_health" : "Green",
  "project_name" : "School Interoperability Framework",
  "date_information_is_being_provided" : "2015-02-26T00:26:00",
  "level" : "1",
  "it_capital_investment_fund" : "0",
  "project_start_date" : "2012-11-05T00:00:00",
  "project_phase" : "Implementation",
  "total_budget" : "700000",
  "planned_project_end_date" : "2015-12-31T00:00:00",
  "agency_name" : "State Department of Education"
}
, {
  "project_health" : "Red",
  "project_name" : "CSDE Network Environment Refresh",
  "date_information_is_being_provided" : "2015-02-26T00:26:00",
  "level" : "1",
  "it_capital_investment_fund" : "0",
  "project_start_date" : "2014-01-01T00:00:00",
  "project_phase" : "Construction",
  "total_budget" : "500000",
  "planned_project_end_date" : "2015-03-31T00:00:00",
  "agency_name" : "State Department of Education"
}
, {
  "project_health" : "Green",
  "project_name" : "eFile",
  "date_information_is_being_provided" : "2015-06-30T08:55:00",
  "level" : "1",
  "it_capital_investment_fund" : "0",
  "project_start_date" : "2013-09-03T00:00:00",
  "project_phase" : "Business Issues",
  "total_budget" : "5500000",
  "planned_project_end_date" : "2019-12-31T00:00:00",
  "agency_name" : "Workers Compensation Commission"
}
, {
  "project_health" : "Green",
  "project_name" : "VDI Solution for Service Center Training Labs",
  "date_information_is_being_provided" : "2015-02-26T00:23:00",
  "level" : "1",
  "it_capital_investment_fund" : "0",
  "project_start_date" : "2015-01-07T00:00:00",
  "project_phase" : "Design",
  "total_budget" : "50000",
  "planned_project_end_date" : "2015-12-31T00:00:00",
  "agency_name" : "Connecticut State Library"
}
, {
  "project_health" : "Green",
  "project_name" : "Library Mgmt. Software System Replacement",
  "date_information_is_being_provided" : "2015-03-27T10:01:00",
  "level" : "1",
  "it_capital_investment_fund" : "0",
  "project_start_date" : "2015-01-07T00:00:00",
  "project_phase" : "Business Requirements",
  "total_budget" : "50000",
  "planned_project_end_date" : "2015-07-01T00:00:00",
  "agency_name" : "Connecticut State Library"
}
, {
  "project_health" : "Green",
  "project_name" : "NAS Back Up Solution",
  "date_information_is_being_provided" : "2015-03-27T10:41:00",
  "level" : "1",
  "it_capital_investment_fund" : "0",
  "project_start_date" : "2015-01-07T00:00:00",
  "project_phase" : "Post Implementation",
  "total_budget" : "15000",
  "planned_project_end_date" : "2015-03-02T00:00:00",
  "agency_name" : "Connecticut State Library"
}
, {
  "project_health" : "Green",
  "project_name" : "Server Consolidation/Windows Server 2012 Rollout",
  "date_information_is_being_provided" : "2015-04-08T13:57:00",
  "level" : "1",
  "it_capital_investment_fund" : "0",
  "project_start_date" : "2015-01-07T00:00:00",
  "project_phase" : "Design",
  "total_budget" : "50000",
  "planned_project_end_date" : "2015-12-31T00:00:00",
  "agency_name" : "Connecticut State Library"
}
, {
  "project_health" : "Green",
  "project_name" : "Diversity Study Data Collection",
  "date_information_is_being_provided" : "2015-02-26T00:24:00",
  "level" : "1",
  "it_capital_investment_fund" : "0",
  "project_start_date" : "2013-07-01T00:00:00",
  "project_phase" : "Business Requirements",
  "total_budget" : "500000",
  "planned_project_end_date" : "2015-07-01T00:00:00",
  "agency_name" : "Department of Administrative Services"
}
, {
  "project_health" : "Green",
  "project_name" : "Fleet Management Replacement System",
  "date_information_is_being_provided" : "2015-02-26T00:24:00",
  "level" : "1",
  "it_capital_investment_fund" : "0",
  "project_start_date" : "2014-03-03T00:00:00",
  "project_phase" : "Business Requirements",
  "total_budget" : "800000",
  "planned_project_end_date" : "2015-11-30T00:00:00",
  "agency_name" : "Department of Administrative Services"
}
, {
  "project_health" : "Green",
  "project_name" : "Enterprise Licensing Review and Enhancements",
  "date_information_is_being_provided" : "2015-03-24T13:51:00",
  "level" : "1",
  "it_capital_investment_fund" : "1",
  "project_start_date" : "2013-05-01T00:00:00",
  "project_phase" : "Post Implementation",
  "total_budget" : "270000",
  "planned_project_end_date" : "2014-04-30T00:00:00",
  "agency_name" : "Department of Administrative Services"
}
, {
  "project_health" : "Yellow",
  "project_name" : "OSF SCGMS Application Re-write",
  "date_information_is_being_provided" : "2015-06-19T15:40:00",
  "level" : "1",
  "it_capital_investment_fund" : "0",
  "project_start_date" : "2012-09-03T00:00:00",
  "project_phase" : "Testing",
  "total_budget" : "250000",
  "planned_project_end_date" : "2016-04-30T00:00:00",
  "agency_name" : "Department of Administrative Services"
}
, {
  "project_health" : "Red",
  "project_name" : "Disaster Recovery/Alternate Data Center Project",
  "date_information_is_being_provided" : "2015-03-23T13:13:00",
  "level" : "2",
  "it_capital_investment_fund" : "0",
  "project_start_date" : "2008-09-01T00:00:00",
  "project_phase" : "Design",
  "total_budget" : "1000000",
  "planned_project_end_date" : "2015-09-30T00:00:00",
  "agency_name" : "Department of Correction"
}
, {
  "project_health" : "Green",
  "project_name" : "24 x 7 Scheduling System - Phase 1",
  "date_information_is_being_provided" : "2015-06-24T12:35:00",
  "level" : "2",
  "it_capital_investment_fund" : "0",
  "project_start_date" : "2004-05-06T00:00:00",
  "project_phase" : "Implementation",
  "total_budget" : "0",
  "planned_project_end_date" : "2015-08-01T00:00:00",
  "agency_name" : "Department of Correction"
}
, {
  "project_health" : "Yellow",
  "project_name" : "Case Notes",
  "date_information_is_being_provided" : "2015-06-24T12:53:00",
  "level" : "2",
  "it_capital_investment_fund" : "0",
  "project_start_date" : "2009-08-24T00:00:00",
  "project_phase" : "Implementation",
  "total_budget" : "775000",
  "planned_project_end_date" : "2015-08-31T00:00:00",
  "agency_name" : "Department of Correction"
}
, {
  "project_health" : "Green",
  "project_name" : "Department of Correction Electronic Health Records",
  "date_information_is_being_provided" : "2015-06-24T12:58:00",
  "level" : "2",
  "it_capital_investment_fund" : "1",
  "project_start_date" : "2013-07-01T00:00:00",
  "project_phase" : "Business Requirements",
  "total_budget" : "9750000",
  "planned_project_end_date" : "2016-07-01T00:00:00",
  "agency_name" : "Department of Correction"
}
, {
  "project_health" : "Yellow",
  "project_name" : "HIPAA",
  "date_information_is_being_provided" : "2015-06-25T10:32:00",
  "level" : "2",
  "it_capital_investment_fund" : "0",
  "project_start_date" : "2014-03-03T00:00:00",
  "project_phase" : "Business Requirements",
  "total_budget" : "1000000",
  "planned_project_end_date" : "2016-06-30T00:00:00",
  "agency_name" : "Department of Correction"
}
, {
  "project_health" : "Green",
  "project_name" : "Electronic GED Processing",
  "date_information_is_being_provided" : "2015-06-25T10:35:00",
  "level" : "2",
  "it_capital_investment_fund" : "0",
  "project_start_date" : "2012-07-01T00:00:00",
  "project_phase" : "Implementation",
  "total_budget" : "30000",
  "planned_project_end_date" : "2015-12-31T00:00:00",
  "agency_name" : "Department of Correction"
}
, {
  "project_health" : "Green",
  "project_name" : "TAG 11 Commissary/Inmate Banking System Upgrade",
  "date_information_is_being_provided" : "2015-06-25T11:48:00",
  "level" : "2",
  "it_capital_investment_fund" : "0",
  "project_start_date" : "2014-02-03T00:00:00",
  "project_phase" : "Testing",
  "total_budget" : "750000",
  "planned_project_end_date" : "2015-08-31T00:00:00",
  "agency_name" : "Department of Correction"
}
, {
  "project_health" : "Yellow",
  "project_name" : "Automated Fingerprints Identification System (AFIS) Upgrade",
  "date_information_is_being_provided" : "2015-03-30T12:58:00",
  "level" : "2",
  "it_capital_investment_fund" : "1",
  "project_start_date" : "2014-02-01T00:00:00",
  "project_phase" : "Design",
  "total_budget" : "5000000",
  "planned_project_end_date" : "2016-09-30T00:00:00",
  "agency_name" : "Department of Emergency Services and Public Protection"
}
, {
  "project_health" : "Yellow",
  "project_name" : "Criminal History Modernization Project (MNI/CCH)",
  "date_information_is_being_provided" : "2015-03-30T13:01:00",
  "level" : "2",
  "it_capital_investment_fund" : "1",
  "project_start_date" : "2014-01-02T00:00:00",
  "project_phase" : "Business Requirements",
  "total_budget" : "2011060",
  "planned_project_end_date" : "2016-09-30T00:00:00",
  "agency_name" : "Department of Emergency Services and Public Protection"
}
, {
  "project_health" : "Green",
  "project_name" : "e-Permitting - Underground Storage Tanks",
  "date_information_is_being_provided" : "2015-02-26T00:25:00",
  "level" : "2",
  "it_capital_investment_fund" : "1",
  "project_start_date" : "2011-02-24T00:00:00",
  "project_phase" : "Post Implementation",
  "total_budget" : "2937438",
  "planned_project_end_date" : "2013-11-29T00:00:00",
  "agency_name" : "Department of Energy and Environmental Protection"
}
, {
  "project_health" : "Yellow",
  "project_name" : "e-Permitting - Stormwater Construction",
  "date_information_is_being_provided" : "2015-02-26T00:25:00",
  "level" : "2",
  "it_capital_investment_fund" : "1",
  "project_start_date" : "2011-02-24T00:00:00",
  "project_phase" : "Post Implementation",
  "total_budget" : "2937438",
  "planned_project_end_date" : "2014-03-10T00:00:00",
  "agency_name" : "Department of Energy and Environmental Protection"
}
, {
  "project_health" : "Yellow",
  "project_name" : "e-Permitting - Stormwater Industrial & No Exposure",
  "date_information_is_being_provided" : "2015-02-26T00:25:00",
  "level" : "2",
  "it_capital_investment_fund" : "1",
  "project_start_date" : "2011-02-24T00:00:00",
  "project_phase" : "Post Implementation",
  "total_budget" : "2937438",
  "planned_project_end_date" : "2014-03-16T00:00:00",
  "agency_name" : "Department of Energy and Environmental Protection"
}
, {
  "project_health" : "Yellow",
  "project_name" : "National Diversity Database (NDDB)",
  "date_information_is_being_provided" : "2015-03-23T08:41:00",
  "level" : "2",
  "it_capital_investment_fund" : "1",
  "project_start_date" : "2013-11-18T00:00:00",
  "project_phase" : "Business Requirements",
  "total_budget" : "750000",
  "planned_project_end_date" : "2016-06-30T00:00:00",
  "agency_name" : "Department of Energy and Environmental Protection"
}
, {
  "project_health" : "Red",
  "project_name" : "PURA E-Filing System",
  "date_information_is_being_provided" : "2015-06-05T08:50:00",
  "level" : "2",
  "it_capital_investment_fund" : "1",
  "project_start_date" : "2012-08-16T00:00:00",
  "project_phase" : "Construction",
  "total_budget" : "2770077",
  "planned_project_end_date" : "2016-07-01T00:00:00",
  "agency_name" : "Department of Energy and Environmental Protection"
}
, {
  "project_health" : "Yellow",
  "project_name" : "VOIP (Voice over IP telephony) implementation at DEEP",
  "date_information_is_being_provided" : "2015-06-19T15:59:00",
  "level" : "2",
  "it_capital_investment_fund" : "1",
  "project_start_date" : "2013-01-01T00:00:00",
  "project_phase" : "Post Implementation",
  "total_budget" : "1500000",
  "planned_project_end_date" : "2013-12-31T00:00:00",
  "agency_name" : "Department of Energy and Environmental Protection"
}
, {
  "project_health" : "Yellow",
  "project_name" : "Sites Case Management System",
  "date_information_is_being_provided" : "2015-06-22T08:34:00",
  "level" : "2",
  "it_capital_investment_fund" : "1",
  "project_start_date" : "2013-06-01T00:00:00",
  "project_phase" : "Business Requirements",
  "total_budget" : "3000000",
  "planned_project_end_date" : "2017-03-31T00:00:00",
  "agency_name" : "Department of Energy and Environmental Protection"
}
, {
  "project_health" : "Yellow",
  "project_name" : "Re-Employment and Eligibility Assessment Program (REA)",
  "date_information_is_being_provided" : "2015-06-12T09:59:00",
  "level" : "2",
  "it_capital_investment_fund" : "0",
  "project_start_date" : "2014-10-01T00:00:00",
  "project_phase" : "Design",
  "total_budget" : "2000000",
  "planned_project_end_date" : "2015-09-12T00:00:00",
  "agency_name" : "Department of Labor"
}
, {
  "project_health" : "Yellow",
  "project_name" : "CThires",
  "date_information_is_being_provided" : "2015-06-12T10:00:00",
  "level" : "2",
  "it_capital_investment_fund" : "0",
  "project_start_date" : "2011-05-02T00:00:00",
  "project_phase" : "Construction",
  "total_budget" : "2500000",
  "planned_project_end_date" : "2015-11-16T00:00:00",
  "agency_name" : "Department of Labor"
}
, {
  "project_health" : "Green",
  "project_name" : "State Information Data Exchange (SIDES)",
  "date_information_is_being_provided" : "2015-06-12T10:36:00",
  "level" : "2",
  "it_capital_investment_fund" : "0",
  "project_start_date" : "2015-01-05T00:00:00",
  "project_phase" : "Business Requirements",
  "total_budget" : "1170000",
  "planned_project_end_date" : "2016-09-30T00:00:00",
  "agency_name" : "Department of Labor"
}
, {
  "project_health" : "Green",
  "project_name" : "DOJ - Department of Justice",
  "date_information_is_being_provided" : "2015-06-24T11:41:00",
  "level" : "2",
  "it_capital_investment_fund" : "0",
  "project_start_date" : "2009-08-01T00:00:00",
  "project_phase" : "Construction",
  "total_budget" : "2000000",
  "planned_project_end_date" : "2015-12-31T00:00:00",
  "agency_name" : "Department of Mental Health and Addiction Services"
}
, {
  "project_health" : "Green",
  "project_name" : "HIT\\EMR - Health Information Technology\\Electronic Medical Record",
  "date_information_is_being_provided" : "2015-06-24T12:46:00",
  "level" : "2",
  "it_capital_investment_fund" : "0",
  "project_start_date" : "2012-04-12T00:00:00",
  "project_phase" : "Construction",
  "total_budget" : "4200000",
  "planned_project_end_date" : "2017-04-01T00:00:00",
  "agency_name" : "Department of Mental Health and Addiction Services"
}
, {
  "project_health" : "Green",
  "project_name" : "Quick Service Center",
  "date_information_is_being_provided" : "2015-02-26T00:25:00",
  "level" : "2",
  "it_capital_investment_fund" : "0",
  "project_start_date" : "2011-11-01T00:00:00",
  "project_phase" : "Testing",
  "total_budget" : "700000",
  "planned_project_end_date" : "2015-01-01T00:00:00",
  "agency_name" : "Department of Motor Vehicles"
}
, {
  "project_health" : "Green",
  "project_name" : "Health Information Exchange",
  "date_information_is_being_provided" : "2015-02-26T00:25:00",
  "level" : "2",
  "it_capital_investment_fund" : "1",
  "project_start_date" : "2010-03-01T00:00:00",
  "project_phase" : "Post Implementation",
  "total_budget" : "7200000",
  "planned_project_end_date" : "2014-03-30T00:00:00",
  "agency_name" : "Department of Public Health"
}
, {
  "project_health" : "Green",
  "project_name" : "Vital Records Birth Registry System",
  "date_information_is_being_provided" : "2015-02-26T00:25:00",
  "level" : "2",
  "it_capital_investment_fund" : "0",
  "project_start_date" : "2010-04-01T00:00:00",
  "project_phase" : "Construction",
  "total_budget" : "1092000",
  "planned_project_end_date" : "2015-06-01T00:00:00",
  "agency_name" : "Department of Public Health"
}
, {
  "project_health" : "Green",
  "project_name" : "WIC - EBT integration Program",
  "date_information_is_being_provided" : "2015-02-26T00:26:00",
  "level" : "2",
  "it_capital_investment_fund" : "0",
  "project_start_date" : "2013-10-16T00:00:00",
  "project_phase" : "Construction",
  "total_budget" : "3609749",
  "planned_project_end_date" : "2016-04-01T00:00:00",
  "agency_name" : "Department of Public Health"
}
, {
  "project_health" : "Green",
  "project_name" : "ABCMS -  Long Term Care Applicant Background Check Management System",
  "date_information_is_being_provided" : "2015-04-13T08:54:00",
  "level" : "2",
  "it_capital_investment_fund" : "0",
  "project_start_date" : "2011-10-01T00:00:00",
  "project_phase" : "Implementation",
  "total_budget" : "2812066",
  "planned_project_end_date" : "2015-09-30T00:00:00",
  "agency_name" : "Department of Public Health"
}
, {
  "project_health" : "Green",
  "project_name" : "Windows 7 & Office 2013 upgrade",
  "date_information_is_being_provided" : "2015-02-26T00:26:00",
  "level" : "2",
  "it_capital_investment_fund" : "0",
  "project_start_date" : "2012-04-30T00:00:00",
  "project_phase" : "Post Implementation",
  "total_budget" : "550000",
  "planned_project_end_date" : "2013-11-29T00:00:00",
  "agency_name" : "Department of Revenue Services"
}
, {
  "project_health" : "Green",
  "project_name" : "Scanning, Imaging, Workflow, & Document Management",
  "date_information_is_being_provided" : "2015-03-19T09:00:00",
  "level" : "2",
  "it_capital_investment_fund" : "1",
  "project_start_date" : "2013-07-01T00:00:00",
  "project_phase" : "Business Requirements",
  "total_budget" : "10865000",
  "planned_project_end_date" : "2018-06-30T00:00:00",
  "agency_name" : "Department of Revenue Services"
}
, {
  "project_health" : "Red",
  "project_name" : "Case Management Project",
  "date_information_is_being_provided" : "2015-06-19T15:36:00",
  "level" : "2",
  "it_capital_investment_fund" : "0",
  "project_start_date" : "2013-05-01T00:00:00",
  "project_phase" : "Business Requirements",
  "total_budget" : "10000000",
  "planned_project_end_date" : "2016-10-30T00:00:00",
  "agency_name" : "Division of Criminal Justice"
}
, {
  "project_health" : "Green",
  "project_name" : "CISS Readiness/Case Management Project",
  "date_information_is_being_provided" : "2015-02-26T00:26:00",
  "level" : "2",
  "it_capital_investment_fund" : "1",
  "project_start_date" : "2012-10-01T00:00:00",
  "project_phase" : "Business Requirements",
  "total_budget" : "3938771",
  "planned_project_end_date" : "2017-06-30T00:00:00",
  "agency_name" : "Division of Public Defender Services"
}
, {
  "project_health" : "Green",
  "project_name" : "Statement of Financial Interest",
  "date_information_is_being_provided" : "2015-02-26T00:26:00",
  "level" : "2",
  "it_capital_investment_fund" : "0",
  "project_start_date" : "2008-06-01T00:00:00",
  "project_phase" : "Post Implementation",
  "total_budget" : "120000",
  "planned_project_end_date" : "2009-06-01T00:00:00",
  "agency_name" : "Office of Governmental Accountability"
}
, {
  "project_health" : "Green",
  "project_name" : "Lobbyist Online Filing",
  "date_information_is_being_provided" : "2015-02-26T00:26:00",
  "level" : "2",
  "it_capital_investment_fund" : "0",
  "project_start_date" : "2008-06-01T00:00:00",
  "project_phase" : "Post Implementation",
  "total_budget" : "400000",
  "planned_project_end_date" : "2009-06-01T00:00:00",
  "agency_name" : "Office of Governmental Accountability"
}
, {
  "project_health" : "Green",
  "project_name" : "OBIEE Analytic and Reporting Implementation",
  "date_information_is_being_provided" : "2015-06-24T14:34:00",
  "level" : "2",
  "it_capital_investment_fund" : "0",
  "project_start_date" : "2013-09-09T00:00:00",
  "project_phase" : "Design",
  "total_budget" : "6500000",
  "planned_project_end_date" : "2016-08-31T00:00:00",
  "agency_name" : "Office of Policy and Management"
}
, {
  "project_health" : "Red",
  "project_name" : "State Longitudinal Data System (SLDS)",
  "date_information_is_being_provided" : "2015-02-26T00:26:00",
  "level" : "2",
  "it_capital_investment_fund" : "0",
  "project_start_date" : "2013-07-01T00:00:00",
  "project_phase" : "Construction",
  "total_budget" : "4000000",
  "planned_project_end_date" : "2015-03-31T00:00:00",
  "agency_name" : "State Department of Education"
}
, {
  "project_health" : "Green",
  "project_name" : "Move website to new Ektron CT.GOV portal",
  "date_information_is_being_provided" : "2015-04-06T14:51:00",
  "level" : "2",
  "it_capital_investment_fund" : "0",
  "project_start_date" : "2015-01-07T00:00:00",
  "project_phase" : "Design",
  "total_budget" : "5000",
  "planned_project_end_date" : "2015-12-31T00:00:00",
  "agency_name" : "Connecticut State Library"
}
, {
  "project_health" : "Green",
  "project_name" : "Enterprise ITSM BMC Numara Footprints - Service Core",
  "date_information_is_being_provided" : "2015-02-26T00:23:00",
  "level" : "2",
  "it_capital_investment_fund" : "0",
  "project_start_date" : "2012-08-27T00:00:00",
  "project_phase" : "Post Implementation",
  "total_budget" : "0",
  "planned_project_end_date" : "2013-11-22T00:00:00",
  "agency_name" : "Department of Administrative Services"
}
, {
  "project_health" : "Yellow",
  "project_name" : "Municipal Expansion of Nutmeg Network",
  "date_information_is_being_provided" : "2015-02-26T00:24:00",
  "level" : "2",
  "it_capital_investment_fund" : "0",
  "project_start_date" : "2013-10-01T00:00:00",
  "project_phase" : "Design",
  "total_budget" : "7000000",
  "planned_project_end_date" : "2015-10-01T00:00:00",
  "agency_name" : "Department of Administrative Services"
}
, {
  "project_health" : "Yellow",
  "project_name" : "Unified Communications - Enterprise VoIP Project",
  "date_information_is_being_provided" : "2015-02-26T00:24:00",
  "level" : "2",
  "it_capital_investment_fund" : "1",
  "project_start_date" : "2013-10-03T00:00:00",
  "project_phase" : "Implementation",
  "total_budget" : "13000000",
  "planned_project_end_date" : "2016-01-01T00:00:00",
  "agency_name" : "Department of Administrative Services"
}
, {
  "project_health" : "Green",
  "project_name" : "ECM Service Development and Infrastructure Enhancements",
  "date_information_is_being_provided" : "2015-03-24T13:47:00",
  "level" : "2",
  "it_capital_investment_fund" : "1",
  "project_start_date" : "2014-03-01T00:00:00",
  "project_phase" : "Construction",
  "total_budget" : "5388291",
  "planned_project_end_date" : "2016-06-30T00:00:00",
  "agency_name" : "Department of Administrative Services"
}
, {
  "project_health" : "Green",
  "project_name" : "Enterprise Licensing Replacement",
  "date_information_is_being_provided" : "2015-03-24T13:50:00",
  "level" : "2",
  "it_capital_investment_fund" : "1",
  "project_start_date" : "2015-01-31T00:00:00",
  "project_phase" : "Business Requirements",
  "total_budget" : "265000",
  "planned_project_end_date" : "2016-01-31T00:00:00",
  "agency_name" : "Department of Administrative Services"
}
, {
  "project_health" : "Red",
  "project_name" : "Regulations Modernization",
  "date_information_is_being_provided" : "2015-03-24T13:54:00",
  "level" : "2",
  "it_capital_investment_fund" : "1",
  "project_start_date" : "2013-07-15T00:00:00",
  "project_phase" : "Implementation",
  "total_budget" : "1700000",
  "planned_project_end_date" : "2014-12-31T00:00:00",
  "agency_name" : "Department of Administrative Services"
}
, {
  "project_health" : "Red",
  "project_name" : "Self Funded E-Government",
  "date_information_is_being_provided" : "2015-03-24T13:57:00",
  "level" : "2",
  "it_capital_investment_fund" : "0",
  "project_start_date" : "2013-07-31T00:00:00",
  "project_phase" : "Testing",
  "total_budget" : "0",
  "planned_project_end_date" : "2015-07-01T00:00:00",
  "agency_name" : "Department of Administrative Services"
}
, {
  "project_health" : "Green",
  "project_name" : "Office of Early Childhood - QRIS",
  "date_information_is_being_provided" : "2015-03-20T11:53:00",
  "level" : "2",
  "it_capital_investment_fund" : "1",
  "project_start_date" : "2013-11-01T00:00:00",
  "project_phase" : "Construction",
  "total_budget" : "6000000",
  "planned_project_end_date" : "2017-07-01T00:00:00",
  "agency_name" : "Office of Early Childhood"
}
, {
  "project_health" : "Yellow",
  "project_name" : "DVA Electronic Health Record (EHR) System",
  "date_information_is_being_provided" : "2015-05-27T11:05:00",
  "level" : "2",
  "it_capital_investment_fund" : "1",
  "project_start_date" : "2014-01-02T00:00:00",
  "project_phase" : "Design",
  "total_budget" : "818956",
  "planned_project_end_date" : "2016-04-30T00:00:00",
  "agency_name" : "Department of Veterans Affairs"
}
, {
  "project_health" : "Green",
  "project_name" : "Replacement of SACWIS System - the case managment application",
  "date_information_is_being_provided" : "2015-04-10T14:40:00",
  "level" : "3",
  "it_capital_investment_fund" : "0",
  "project_start_date" : "2014-01-02T00:00:00",
  "project_phase" : "Business Issues",
  "total_budget" : "75000000",
  "planned_project_end_date" : "2016-06-30T00:00:00",
  "agency_name" : "Department of Children and Families"
}
, {
  "project_health" : "Green",
  "project_name" : "SACWIS",
  "date_information_is_being_provided" : "2015-04-10T14:40:00",
  "level" : "3",
  "it_capital_investment_fund" : "0",
  "project_start_date" : "1996-01-01T00:00:00",
  "project_phase" : "Implementation",
  "total_budget" : "3000000",
  "planned_project_end_date" : "2016-01-01T00:00:00",
  "agency_name" : "Department of Children and Families"
}
, {
  "project_health" : "Green",
  "project_name" : "CISS - CT Information Sharing System",
  "date_information_is_being_provided" : "2015-06-24T13:02:00",
  "level" : "3",
  "it_capital_investment_fund" : "0",
  "project_start_date" : "2010-03-05T00:00:00",
  "project_phase" : "Construction",
  "total_budget" : "0",
  "planned_project_end_date" : "2017-06-30T00:00:00",
  "agency_name" : "Department of Correction"
}
, {
  "project_health" : "Green",
  "project_name" : "Offender Management Information System (OMIS)",
  "date_information_is_being_provided" : "2015-06-25T10:40:00",
  "level" : "3",
  "it_capital_investment_fund" : "1",
  "project_start_date" : "2007-02-05T00:00:00",
  "project_phase" : "Design",
  "total_budget" : "20000000",
  "planned_project_end_date" : "2018-12-31T00:00:00",
  "agency_name" : "Department of Correction"
}
, {
  "project_health" : "Red",
  "project_name" : "DDS HCBS Waiver Case Management System",
  "date_information_is_being_provided" : "2015-05-21T07:45:00",
  "level" : "3",
  "it_capital_investment_fund" : "1",
  "project_start_date" : "2012-10-01T00:00:00",
  "project_phase" : "Business Requirements",
  "total_budget" : "26283364",
  "planned_project_end_date" : "2018-12-31T00:00:00",
  "agency_name" : "Department of Developmental Services"
}
, {
  "project_health" : "Yellow",
  "project_name" : "CIVLS",
  "date_information_is_being_provided" : "2015-02-26T00:25:00",
  "level" : "3",
  "it_capital_investment_fund" : "0",
  "project_start_date" : "2009-09-01T00:00:00",
  "project_phase" : "Testing",
  "total_budget" : "26000000",
  "planned_project_end_date" : "2015-04-15T00:00:00",
  "agency_name" : "Department of Motor Vehicles"
}
, {
  "project_health" : "Green",
  "project_name" : "ConneCT",
  "date_information_is_being_provided" : "2015-06-22T07:20:00",
  "level" : "3",
  "it_capital_investment_fund" : "1",
  "project_start_date" : "2011-11-28T00:00:00",
  "project_phase" : "Post Implementation",
  "total_budget" : "27000000",
  "planned_project_end_date" : "2013-10-01T00:00:00",
  "agency_name" : "Department of Social Services"
}
, {
  "project_health" : "Green",
  "project_name" : "Integrated Eligibility Project - Tiers II & III - ImpaCT System",
  "date_information_is_being_provided" : "2015-06-23T13:15:00",
  "level" : "3",
  "it_capital_investment_fund" : "1",
  "project_start_date" : "2012-04-01T00:00:00",
  "project_phase" : "Construction",
  "total_budget" : "194000000",
  "planned_project_end_date" : "2016-08-31T00:00:00",
  "agency_name" : "Department of Social Services"
}
, {
  "project_health" : "Green",
  "project_name" : "Integrated Eligibility Project - Tier 1 - AccessHealthCT",
  "date_information_is_being_provided" : "2015-06-23T13:16:00",
  "level" : "3",
  "it_capital_investment_fund" : "1",
  "project_start_date" : "2012-04-01T00:00:00",
  "project_phase" : "Post Implementation",
  "total_budget" : "160000000",
  "planned_project_end_date" : "2013-10-01T00:00:00",
  "agency_name" : "Department of Social Services"
}
, {
  "project_health" : "Green",
  "project_name" : "Balanced Incentive Program (BIP)",
  "date_information_is_being_provided" : "2015-06-23T13:17:00",
  "level" : "3",
  "it_capital_investment_fund" : "1",
  "project_start_date" : "2014-04-01T00:00:00",
  "project_phase" : "Design",
  "total_budget" : "25000000",
  "planned_project_end_date" : "2016-12-31T00:00:00",
  "agency_name" : "Department of Social Services"
}
, {
  "project_health" : "Green",
  "project_name" : "Connecticut Information Sharing System (CISS)",
  "date_information_is_being_provided" : "2015-06-25T10:58:00",
  "level" : "3",
  "it_capital_investment_fund" : "0",
  "project_start_date" : "2011-01-11T00:00:00",
  "project_phase" : "Construction",
  "total_budget" : "51564297.29",
  "planned_project_end_date" : "2017-08-31T00:00:00",
  "agency_name" : "Office of Policy and Management"
}
, {
  "project_health" : "Green",
  "project_name" : "Data Center Consolidation",
  "date_information_is_being_provided" : "2015-02-26T00:24:00",
  "level" : "3",
  "it_capital_investment_fund" : "0",
  "project_start_date" : "2013-10-03T00:00:00",
  "project_phase" : "Testing",
  "total_budget" : "26000000",
  "planned_project_end_date" : "2016-06-30T00:00:00",
  "agency_name" : "Department of Administrative Services"
}
 ]