[ {
  "sum_dcf_highmeadows" : "35",
  "sum_therapeutic_foster_care" : "640",
  "sum_shelter" : "83",
  "sum_independent_living" : "117",
  "sum_foster_care" : "2429",
  "sum_relative_care" : "1316",
  "sum_dcf_cjts" : "34",
  "month_in_care" : "2004-07-01T00:00:00",
  "sum_special_study" : "213",
  "sum_dcf_solnit" : "71",
  "sum_residential" : "1175",
  "sum_medical" : "23",
  "sum_group_home" : "262",
  "sum_pdc_safe_home" : "197"
}
, {
  "sum_dcf_highmeadows" : "38",
  "sum_therapeutic_foster_care" : "841",
  "sum_shelter" : "102",
  "sum_independent_living" : "124",
  "sum_foster_care" : "2064",
  "sum_relative_care" : "1311",
  "sum_dcf_cjts" : "80",
  "month_in_care" : "2005-07-01T00:00:00",
  "sum_special_study" : "235",
  "sum_dcf_solnit" : "81",
  "sum_residential" : "1001",
  "sum_medical" : "28",
  "sum_group_home" : "316",
  "sum_pdc_safe_home" : "175"
}
, {
  "sum_dcf_highmeadows" : "36",
  "sum_therapeutic_foster_care" : "864",
  "sum_shelter" : "88",
  "sum_independent_living" : "139",
  "sum_foster_care" : "2054",
  "sum_relative_care" : "1322",
  "sum_dcf_cjts" : "103",
  "month_in_care" : "2006-07-01T00:00:00",
  "sum_special_study" : "303",
  "sum_dcf_solnit" : "79",
  "sum_residential" : "874",
  "sum_medical" : "30",
  "sum_group_home" : "346",
  "sum_pdc_safe_home" : "182"
}
, {
  "sum_dcf_highmeadows" : "34",
  "sum_therapeutic_foster_care" : "921",
  "sum_shelter" : "94",
  "sum_independent_living" : "128",
  "sum_foster_care" : "1933",
  "sum_relative_care" : "1162",
  "sum_dcf_cjts" : "101",
  "month_in_care" : "2007-07-01T00:00:00",
  "sum_special_study" : "278",
  "sum_dcf_solnit" : "77",
  "sum_residential" : "816",
  "sum_medical" : "33",
  "sum_group_home" : "396",
  "sum_pdc_safe_home" : "172"
}
, {
  "sum_dcf_highmeadows" : "28",
  "sum_therapeutic_foster_care" : "827",
  "sum_shelter" : "87",
  "sum_independent_living" : "146",
  "sum_foster_care" : "1773",
  "sum_relative_care" : "1066",
  "sum_dcf_cjts" : "74",
  "month_in_care" : "2008-07-01T00:00:00",
  "sum_special_study" : "305",
  "sum_dcf_solnit" : "64",
  "sum_residential" : "754",
  "sum_medical" : "36",
  "sum_group_home" : "436",
  "sum_pdc_safe_home" : "183"
}
, {
  "sum_dcf_highmeadows" : "31",
  "sum_therapeutic_foster_care" : "828",
  "sum_shelter" : "100",
  "sum_independent_living" : "154",
  "sum_foster_care" : "1697",
  "sum_relative_care" : "853",
  "sum_dcf_cjts" : "102",
  "month_in_care" : "2009-07-01T00:00:00",
  "sum_special_study" : "258",
  "sum_dcf_solnit" : "79",
  "sum_residential" : "634",
  "sum_medical" : "41",
  "sum_group_home" : "483",
  "sum_pdc_safe_home" : "159"
}
, {
  "sum_dcf_highmeadows" : "0",
  "sum_therapeutic_foster_care" : "788",
  "sum_shelter" : "85",
  "sum_independent_living" : "125",
  "sum_foster_care" : "1534",
  "sum_relative_care" : "733",
  "sum_dcf_cjts" : "101",
  "month_in_care" : "2010-07-01T00:00:00",
  "sum_special_study" : "199",
  "sum_dcf_solnit" : "55",
  "sum_residential" : "607",
  "sum_medical" : "42",
  "sum_group_home" : "458",
  "sum_pdc_safe_home" : "137"
}
, {
  "sum_dcf_highmeadows" : "0",
  "sum_therapeutic_foster_care" : "779",
  "sum_shelter" : "87",
  "sum_independent_living" : "110",
  "sum_foster_care" : "1408",
  "sum_relative_care" : "912",
  "sum_dcf_cjts" : "108",
  "month_in_care" : "2011-07-01T00:00:00",
  "sum_special_study" : "188",
  "sum_dcf_solnit" : "39",
  "sum_residential" : "598",
  "sum_medical" : "30",
  "sum_group_home" : "433",
  "sum_pdc_safe_home" : "76"
}
, {
  "sum_dcf_highmeadows" : "0",
  "sum_therapeutic_foster_care" : "741",
  "sum_shelter" : "82",
  "sum_independent_living" : "121",
  "sum_foster_care" : "1205",
  "sum_relative_care" : "966",
  "sum_dcf_cjts" : "61",
  "month_in_care" : "2012-07-01T00:00:00",
  "sum_special_study" : "209",
  "sum_dcf_solnit" : "49",
  "sum_residential" : "368",
  "sum_medical" : "32",
  "sum_group_home" : "393",
  "sum_pdc_safe_home" : "51"
}
, {
  "sum_dcf_highmeadows" : "0",
  "sum_therapeutic_foster_care" : "686",
  "sum_shelter" : "82",
  "sum_independent_living" : "155",
  "sum_foster_care" : "1099",
  "sum_relative_care" : "926",
  "sum_dcf_cjts" : "115",
  "month_in_care" : "2013-07-01T00:00:00",
  "sum_special_study" : "215",
  "sum_dcf_solnit" : "41",
  "sum_residential" : "224",
  "sum_medical" : "21",
  "sum_group_home" : "384",
  "sum_pdc_safe_home" : "37"
}
 ]