[ {
  "status_of_ihz" : "*  All the municipalities except identified below are at various stages starting from RFP for hiring consultants to conducting public informational meetings to drafting of IHZ regulations and design standards"
}
, {
  "amount_approved" : "50000",
  "municipality" : "Beacon Falls"
}
, {
  "amount_approved" : "20000",
  "municipality" : "Berlin"
}
, {
  "amount_approved" : "20000",
  "municipality" : "Bolton"
}
, {
  "amount_approved" : "50000",
  "municipality" : "Branford"
}
, {
  "amount_approved" : "35000",
  "municipality" : "Bridgeport"
}
, {
  "amount_approved" : "20000",
  "municipality" : "Bristol"
}
, {
  "amount_approved" : "43000",
  "status_of_ihz" : "DOH provided final approval of their adopted IHZ",
  "municipality" : "Cannan (Falls Village)"
}
, {
  "amount_approved" : "50000",
  "municipality" : "Canterbury"
}
, {
  "amount_approved" : "50000",
  "municipality" : "Colchester"
}
, {
  "amount_approved" : "43000",
  "municipality" : "Cornwall"
}
, {
  "amount_approved" : "50000",
  "municipality" : "Coventry"
}
, {
  "amount_approved" : "20000",
  "municipality" : "Cromwell"
}
, {
  "amount_approved" : "45900",
  "municipality" : "Darien"
}
, {
  "amount_approved" : "50000",
  "municipality" : "East Hampton"
}
, {
  "amount_approved" : "50000",
  "municipality" : "East Hartford"
}
, {
  "amount_approved" : "50000",
  "status_of_ihz" : "DOH provided final approval of their adopted IHZ",
  "municipality" : "East Lyme"
}
, {
  "amount_approved" : "20000",
  "municipality" : "East Windsor"
}
, {
  "amount_approved" : "45000",
  "municipality" : "Ellington"
}
, {
  "amount_approved" : "45000",
  "municipality" : "Essex"
}
, {
  "amount_approved" : "43000",
  "municipality" : "Goshen"
}
, {
  "amount_approved" : "20000",
  "municipality" : "Hamden"
}
, {
  "amount_approved" : "20000",
  "municipality" : "Hebron"
}
, {
  "amount_approved" : "50000",
  "municipality" : "Ledyard"
}
, {
  "amount_approved" : "20000",
  "municipality" : "Middletown"
}
, {
  "amount_approved" : "50000",
  "municipality" : "New Britain"
}
, {
  "amount_approved" : "20000",
  "municipality" : "New Canaan"
}
, {
  "amount_approved" : "20000",
  "municipality" : "New Haven"
}
, {
  "amount_approved" : "50000",
  "status_of_ihz" : "DOH provided final approval of their adopted IHZ",
  "municipality" : "New London"
}
, {
  "amount_approved" : "50000",
  "municipality" : "Newtown"
}
, {
  "amount_approved" : "32300",
  "municipality" : "Norfolk"
}
, {
  "amount_approved" : "20000",
  "municipality" : "Norwalk"
}
, {
  "amount_approved" : "50000",
  "status_of_ihz" : "DOH provided final approval of their adopted IHZ",
  "municipality" : "Old Saybrook"
}
, {
  "amount_approved" : "50000",
  "municipality" : "Oxford"
}
, {
  "amount_approved" : "50000",
  "municipality" : "Plainville"
}
, {
  "amount_approved" : "50000",
  "municipality" : "Plymouth"
}
, {
  "amount_approved" : "50000",
  "municipality" : "Portland"
}
, {
  "amount_approved" : "20000",
  "municipality" : "Putnam"
}
, {
  "amount_approved" : "20000",
  "status_of_ihz" : "DOH Provided preliminary determination of eligibility",
  "municipality" : "Redding"
}
, {
  "amount_approved" : "39860",
  "municipality" : "Salisbury"
}
, {
  "amount_approved" : "34300",
  "status_of_ihz" : "DOH provided final approval of their adopted IHZ",
  "municipality" : "Sharon"
}
, {
  "amount_approved" : "49900",
  "municipality" : "Simsbury"
}
, {
  "amount_approved" : "45000",
  "municipality" : "Thomston"
}
, {
  "amount_approved" : "50000",
  "municipality" : "Tolland"
}
, {
  "amount_approved" : "50000",
  "status_of_ihz" : "DOH provided final approval of their adopted IHZ",
  "municipality" : "Torrington"
}
, {
  "amount_approved" : "50000",
  "status_of_ihz" : "Town submitted application for preliminary approval of IHZ",
  "municipality" : "Wallingford"
}
, {
  "amount_approved" : "20000",
  "status_of_ihz" : "DOH Provided preliminary determination of eligibility",
  "municipality" : "Watertown"
}
, {
  "amount_approved" : "50000",
  "municipality" : "West Haven"
}
, {
  "amount_approved" : "50000",
  "status_of_ihz" : "DOH provided final approval of their adopted IHZ",
  "municipality" : "Westbrook"
}
, {
  "amount_approved" : "20000",
  "municipality" : "Winchester"
}
, {
  "amount_approved" : "50000",
  "status_of_ihz" : "DOH provided final approval of their adopted IHZ",
  "municipality" : "Windham"
}
, {
  "amount_approved" : "1951260"
}
, {
  "status_of_ihz" : "Status",
  "municipality" : "Municipality "
}
, {
  "amount_approved" : "20000",
  "status_of_ihz" : "conducting planning studies",
  "municipality" : "Brookfield"
}
, {
  "amount_approved" : "17800",
  "status_of_ihz" : "conducting planning studies",
  "municipality" : "Burlington"
}
, {
  "amount_approved" : "20000",
  "status_of_ihz" : "conducting planning studies",
  "municipality" : "Canton"
}
, {
  "amount_approved" : "20000",
  "status_of_ihz" : "conducting planning studies",
  "municipality" : "Durham"
}
, {
  "amount_approved" : "20000",
  "status_of_ihz" : "conducting planning studies",
  "municipality" : "Fairfield"
}
, {
  "amount_approved" : "20000",
  "status_of_ihz" : "conducting planning studies",
  "municipality" : "Haddam"
}
, {
  "amount_approved" : "20000",
  "status_of_ihz" : "conducting planning studies",
  "municipality" : "Milford"
}
, {
  "amount_approved" : "20000",
  "status_of_ihz" : "conducting planning studies",
  "municipality" : "North Stonington"
}
, {
  "amount_approved" : "20000",
  "status_of_ihz" : "conducting planning studies",
  "municipality" : "Ridgefield"
}
, {
  "amount_approved" : "20000",
  "status_of_ihz" : "conducting planning studies",
  "municipality" : "Stonington"
}
, {
  "amount_approved" : "197800",
  "status_of_ihz" : "Municipality"
}
, {
  "amount_approved" : "20000",
  "status_of_ihz" : "Under contract phase w/ DOH",
  "municipality" : "Andover"
}
, {
  "amount_approved" : "20000",
  "status_of_ihz" : "Under contract phase w/ DOH",
  "municipality" : "Barkhamsted"
}
, {
  "amount_approved" : "50000",
  "status_of_ihz" : "Under contract phase w/ DOH",
  "municipality" : "Canaan (Falls Village)"
}
, {
  "amount_approved" : "20000",
  "status_of_ihz" : "Under contract phase w/ DOH",
  "municipality" : "Clinton"
}
, {
  "amount_approved" : "20000",
  "status_of_ihz" : "Under contract phase w/ DOH",
  "municipality" : "Enfield"
}
, {
  "amount_approved" : "20000",
  "status_of_ihz" : "Under contract phase w/ DOH",
  "municipality" : "Guilford"
}
, {
  "amount_approved" : "20000",
  "status_of_ihz" : "Under contract phase w/ DOH",
  "municipality" : "Madison"
}
, {
  "amount_approved" : "20000",
  "status_of_ihz" : "Under contract phase w/ DOH",
  "municipality" : "Trumbull"
}
, {
  "amount_approved" : "20000",
  "status_of_ihz" : "Under contract phase w/ DOH",
  "municipality" : "Windsor Locks"
}
, {
  "amount_approved" : "210000"
}
 ]