[ {
  "tfa_regular_cases" : "5",
  "tfa_two_parent_cases" : "0",
  "town_code" : "1",
  "snap_cases" : "9",
  "snap_recipients" : "16",
  "town_name" : "Andover",
  "tfa_regular_recipients" : "8",
  "saga_med_cases" : "4",
  "saga_med_recipients" : "4",
  "tfa_total_cases" : "5",
  "state_supplement_disabled" : "8",
  "tfa_two_parent_recipients" : "2",
  "state_supplement_aged" : "2",
  "state_supplement_blind" : "0",
  "total_medicaid_cases" : "72",
  "tfa_total_recipients" : "10",
  "total_medicaid_recipients" : "119",
  "state_supplement_total" : "10"
}
, {
  "tfa_regular_cases" : "173",
  "tfa_two_parent_cases" : "11",
  "town_code" : "2",
  "snap_cases" : "661",
  "snap_recipients" : "1329",
  "saga_cash_cases" : "40",
  "town_name" : "Ansonia",
  "tfa_regular_recipients" : "408",
  "saga_med_cases" : "157",
  "saga_med_recipients" : "157",
  "saga_cash_recipients" : "40",
  "tfa_total_cases" : "184",
  "state_supplement_disabled" : "57",
  "tfa_two_parent_recipients" : "44",
  "state_supplement_aged" : "17",
  "total_medicaid_cases" : "1501",
  "tfa_total_recipients" : "452",
  "total_medicaid_recipients" : "2784",
  "state_supplement_total" : "75"
}
, {
  "tfa_regular_cases" : "14",
  "town_code" : "3",
  "snap_cases" : "43",
  "snap_recipients" : "87",
  "saga_cash_cases" : "2",
  "town_name" : "Ashford",
  "tfa_regular_recipients" : "28",
  "saga_med_cases" : "10",
  "saga_med_recipients" : "10",
  "saga_cash_recipients" : "2",
  "tfa_total_cases" : "14",
  "state_supplement_disabled" : "12",
  "state_supplement_aged" : "15",
  "total_medicaid_cases" : "197",
  "tfa_total_recipients" : "28",
  "total_medicaid_recipients" : "387",
  "state_supplement_total" : "27"
}
, {
  "tfa_regular_cases" : "4",
  "tfa_two_parent_cases" : "0",
  "town_code" : "4",
  "snap_cases" : "33",
  "snap_recipients" : "57",
  "saga_cash_cases" : "5",
  "town_name" : "Avon",
  "tfa_regular_recipients" : "7",
  "saga_med_cases" : "23",
  "saga_med_recipients" : "23",
  "saga_cash_recipients" : "5",
  "tfa_total_cases" : "4",
  "state_supplement_disabled" : "14",
  "tfa_two_parent_recipients" : "1",
  "state_supplement_aged" : "8",
  "total_medicaid_cases" : "242",
  "tfa_total_recipients" : "8",
  "total_medicaid_recipients" : "335",
  "state_supplement_total" : "22"
}
, {
  "tfa_regular_cases" : "7",
  "town_code" : "5",
  "snap_cases" : "13",
  "snap_recipients" : "34",
  "saga_cash_cases" : "0",
  "town_name" : "Barkhamsted",
  "tfa_regular_recipients" : "16",
  "saga_med_cases" : "6",
  "saga_med_recipients" : "6",
  "saga_cash_recipients" : "0",
  "tfa_total_cases" : "7",
  "state_supplement_disabled" : "2",
  "total_medicaid_cases" : "86",
  "tfa_total_recipients" : "16",
  "total_medicaid_recipients" : "181",
  "state_supplement_total" : "2"
}
, {
  "tfa_regular_cases" : "8",
  "town_code" : "6",
  "snap_cases" : "32",
  "snap_recipients" : "53",
  "saga_cash_cases" : "1",
  "town_name" : "Beacon Falls",
  "tfa_regular_recipients" : "12",
  "saga_med_cases" : "15",
  "saga_med_recipients" : "15",
  "saga_cash_recipients" : "1",
  "tfa_total_cases" : "8",
  "state_supplement_disabled" : "7",
  "tfa_two_parent_recipients" : "3",
  "state_supplement_aged" : "2",
  "total_medicaid_cases" : "127",
  "tfa_total_recipients" : "15",
  "total_medicaid_recipients" : "236",
  "state_supplement_total" : "10"
}
, {
  "tfa_regular_cases" : "17",
  "tfa_two_parent_cases" : "1",
  "town_code" : "7",
  "snap_cases" : "85",
  "snap_recipients" : "115",
  "saga_cash_cases" : "12",
  "town_name" : "Berlin",
  "tfa_regular_recipients" : "29",
  "saga_med_cases" : "39",
  "saga_med_recipients" : "39",
  "saga_cash_recipients" : "12",
  "tfa_total_cases" : "18",
  "state_supplement_disabled" : "38",
  "tfa_two_parent_recipients" : "2",
  "state_supplement_aged" : "33",
  "total_medicaid_cases" : "401",
  "tfa_total_recipients" : "31",
  "total_medicaid_recipients" : "663",
  "state_supplement_total" : "71"
}
, {
  "tfa_regular_cases" : "4",
  "town_code" : "8",
  "snap_cases" : "10",
  "snap_recipients" : "17",
  "saga_cash_cases" : "1",
  "town_name" : "Bethany",
  "tfa_regular_recipients" : "7",
  "saga_med_cases" : "8",
  "saga_med_recipients" : "8",
  "saga_cash_recipients" : "3",
  "tfa_total_cases" : "4",
  "state_supplement_disabled" : "9",
  "state_supplement_aged" : "1",
  "total_medicaid_cases" : "82",
  "tfa_total_recipients" : "7",
  "total_medicaid_recipients" : "138",
  "state_supplement_total" : "10"
}
, {
  "tfa_regular_cases" : "14",
  "tfa_two_parent_cases" : "0",
  "town_code" : "9",
  "snap_cases" : "94",
  "snap_recipients" : "140",
  "saga_cash_cases" : "8",
  "town_name" : "Bethel",
  "tfa_regular_recipients" : "27",
  "saga_med_cases" : "33",
  "saga_med_recipients" : "33",
  "saga_cash_recipients" : "8",
  "tfa_total_cases" : "14",
  "state_supplement_disabled" : "17",
  "tfa_two_parent_recipients" : "1",
  "state_supplement_aged" : "10",
  "total_medicaid_cases" : "540",
  "tfa_total_recipients" : "28",
  "total_medicaid_recipients" : "864",
  "state_supplement_total" : "28"
}
, {
  "tfa_regular_cases" : "2",
  "town_code" : "10",
  "snap_cases" : "12",
  "snap_recipients" : "16",
  "town_name" : "Bethlehem",
  "tfa_regular_recipients" : "2",
  "saga_med_cases" : "2",
  "saga_med_recipients" : "2",
  "tfa_total_cases" : "2",
  "state_supplement_disabled" : "3",
  "state_supplement_aged" : "1",
  "total_medicaid_cases" : "92",
  "tfa_total_recipients" : "2",
  "total_medicaid_recipients" : "171",
  "state_supplement_total" : "4"
}
, {
  "tfa_regular_cases" : "127",
  "tfa_two_parent_cases" : "2",
  "town_code" : "11",
  "snap_cases" : "412",
  "snap_recipients" : "702",
  "saga_cash_cases" : "23",
  "town_name" : "Bloomfield",
  "tfa_regular_recipients" : "223",
  "saga_med_cases" : "140",
  "saga_med_recipients" : "140",
  "saga_cash_recipients" : "24",
  "tfa_total_cases" : "129",
  "state_supplement_disabled" : "82",
  "tfa_two_parent_recipients" : "8",
  "state_supplement_aged" : "44",
  "state_supplement_blind" : "4",
  "total_medicaid_cases" : "1521",
  "tfa_total_recipients" : "231",
  "total_medicaid_recipients" : "2258",
  "state_supplement_total" : "131"
}
, {
  "tfa_regular_cases" : "6",
  "town_code" : "12",
  "snap_cases" : "11",
  "snap_recipients" : "20",
  "saga_cash_cases" : "0",
  "town_name" : "Bolton",
  "tfa_regular_recipients" : "14",
  "saga_med_cases" : "7",
  "saga_med_recipients" : "7",
  "saga_cash_recipients" : "0",
  "tfa_total_cases" : "6",
  "state_supplement_disabled" : "9",
  "total_medicaid_cases" : "90",
  "tfa_total_recipients" : "14",
  "total_medicaid_recipients" : "165",
  "state_supplement_total" : "9"
}
, {
  "tfa_regular_cases" : "7",
  "town_code" : "13",
  "snap_cases" : "37",
  "snap_recipients" : "54",
  "saga_cash_cases" : "0",
  "town_name" : "Bozrah",
  "tfa_regular_recipients" : "12",
  "saga_med_cases" : "23",
  "saga_med_recipients" : "23",
  "saga_cash_recipients" : "0",
  "tfa_total_cases" : "7",
  "state_supplement_disabled" : "19",
  "tfa_two_parent_recipients" : "2",
  "state_supplement_aged" : "16",
  "total_medicaid_cases" : "102",
  "tfa_total_recipients" : "14",
  "total_medicaid_recipients" : "146",
  "state_supplement_total" : "36"
}
, {
  "tfa_regular_cases" : "70",
  "tfa_two_parent_cases" : "2",
  "town_code" : "14",
  "snap_cases" : "343",
  "snap_recipients" : "522",
  "saga_cash_cases" : "28",
  "town_name" : "Branford",
  "tfa_regular_recipients" : "135",
  "saga_med_cases" : "125",
  "saga_med_recipients" : "125",
  "saga_cash_recipients" : "28",
  "tfa_total_cases" : "72",
  "state_supplement_disabled" : "94",
  "tfa_two_parent_recipients" : "10",
  "state_supplement_aged" : "20",
  "total_medicaid_cases" : "1095",
  "tfa_total_recipients" : "145",
  "total_medicaid_recipients" : "1702",
  "state_supplement_total" : "115"
}
, {
  "tfa_regular_cases" : "2172",
  "tfa_two_parent_cases" : "156",
  "town_code" : "15",
  "snap_cases" : "8874",
  "snap_recipients" : "18104",
  "saga_cash_cases" : "430",
  "town_name" : "Bridgeport",
  "tfa_regular_recipients" : "4685",
  "saga_med_cases" : "2457",
  "saga_med_recipients" : "2458",
  "saga_cash_recipients" : "452",
  "tfa_total_cases" : "2328",
  "state_supplement_disabled" : "932",
  "tfa_two_parent_recipients" : "595",
  "state_supplement_aged" : "462",
  "state_supplement_blind" : "6",
  "total_medicaid_cases" : "19980",
  "tfa_total_recipients" : "5280",
  "total_medicaid_recipients" : "36187",
  "state_supplement_total" : "1400"
}
, {
  "town_code" : "16",
  "snap_cases" : "2",
  "snap_recipients" : "3",
  "town_name" : "Bridgewater",
  "saga_med_cases" : "3",
  "saga_med_recipients" : "3",
  "tfa_total_cases" : "0",
  "total_medicaid_cases" : "17",
  "tfa_total_recipients" : "0",
  "total_medicaid_recipients" : "34"
}
, {
  "tfa_regular_cases" : "366",
  "tfa_two_parent_cases" : "34",
  "town_code" : "17",
  "snap_cases" : "1479",
  "snap_recipients" : "2920",
  "saga_cash_cases" : "98",
  "town_name" : "Bristol",
  "tfa_regular_recipients" : "826",
  "saga_med_cases" : "512",
  "saga_med_recipients" : "512",
  "saga_cash_recipients" : "101",
  "tfa_total_cases" : "400",
  "state_supplement_disabled" : "186",
  "tfa_two_parent_recipients" : "122",
  "state_supplement_aged" : "48",
  "total_medicaid_cases" : "3960",
  "tfa_total_recipients" : "948",
  "total_medicaid_recipients" : "7150",
  "state_supplement_total" : "234"
}
, {
  "tfa_regular_cases" : "12",
  "town_code" : "18",
  "snap_cases" : "35",
  "snap_recipients" : "65",
  "saga_cash_cases" : "1",
  "town_name" : "Brookfield",
  "tfa_regular_recipients" : "24",
  "saga_med_cases" : "20",
  "saga_med_recipients" : "20",
  "saga_cash_recipients" : "1",
  "tfa_total_cases" : "12",
  "state_supplement_disabled" : "7",
  "tfa_two_parent_recipients" : "3",
  "state_supplement_aged" : "4",
  "total_medicaid_cases" : "262",
  "tfa_total_recipients" : "27",
  "total_medicaid_recipients" : "433",
  "state_supplement_total" : "12"
}
, {
  "tfa_regular_cases" : "9",
  "town_code" : "19",
  "snap_cases" : "44",
  "snap_recipients" : "94",
  "saga_cash_cases" : "1",
  "town_name" : "Brooklyn",
  "tfa_regular_recipients" : "17",
  "saga_med_cases" : "17",
  "saga_med_recipients" : "17",
  "saga_cash_recipients" : "1",
  "tfa_total_cases" : "9",
  "state_supplement_disabled" : "35",
  "tfa_two_parent_recipients" : "1",
  "state_supplement_aged" : "15",
  "state_supplement_blind" : "1",
  "total_medicaid_cases" : "310",
  "tfa_total_recipients" : "18",
  "total_medicaid_recipients" : "501",
  "state_supplement_total" : "51"
}
, {
  "tfa_regular_cases" : "7",
  "tfa_two_parent_cases" : "1",
  "town_code" : "20",
  "snap_cases" : "25",
  "snap_recipients" : "54",
  "saga_cash_cases" : "3",
  "town_name" : "Burlington",
  "tfa_regular_recipients" : "13",
  "saga_med_cases" : "12",
  "saga_med_recipients" : "12",
  "saga_cash_recipients" : "4",
  "tfa_total_cases" : "8",
  "state_supplement_disabled" : "12",
  "tfa_two_parent_recipients" : "7",
  "state_supplement_aged" : "2",
  "state_supplement_blind" : "2",
  "total_medicaid_cases" : "125",
  "tfa_total_recipients" : "20",
  "total_medicaid_recipients" : "247",
  "state_supplement_total" : "17"
}
, {
  "tfa_regular_cases" : "2",
  "town_code" : "21",
  "snap_cases" : "10",
  "snap_recipients" : "19",
  "town_name" : "Canaan*",
  "tfa_regular_recipients" : "4",
  "saga_med_cases" : "3",
  "saga_med_recipients" : "3",
  "tfa_total_cases" : "2",
  "state_supplement_disabled" : "2",
  "total_medicaid_cases" : "64",
  "tfa_total_recipients" : "4",
  "total_medicaid_recipients" : "113",
  "state_supplement_total" : "2"
}
, {
  "tfa_regular_cases" : "15",
  "town_code" : "22",
  "snap_cases" : "42",
  "snap_recipients" : "77",
  "saga_cash_cases" : "3",
  "town_name" : "Canterbury",
  "tfa_regular_recipients" : "24",
  "saga_med_cases" : "9",
  "saga_med_recipients" : "9",
  "saga_cash_recipients" : "3",
  "tfa_total_cases" : "15",
  "state_supplement_disabled" : "11",
  "tfa_two_parent_recipients" : "1",
  "state_supplement_aged" : "1",
  "total_medicaid_cases" : "210",
  "tfa_total_recipients" : "25",
  "total_medicaid_recipients" : "385",
  "state_supplement_total" : "12"
}
, {
  "tfa_regular_cases" : "6",
  "town_code" : "23",
  "snap_cases" : "32",
  "snap_recipients" : "48",
  "saga_cash_cases" : "3",
  "town_name" : "Canton",
  "tfa_regular_recipients" : "12",
  "saga_med_cases" : "14",
  "saga_med_recipients" : "14",
  "saga_cash_recipients" : "3",
  "tfa_total_cases" : "6",
  "state_supplement_disabled" : "9",
  "state_supplement_aged" : "1",
  "state_supplement_blind" : "2",
  "total_medicaid_cases" : "212",
  "tfa_total_recipients" : "12",
  "total_medicaid_recipients" : "331",
  "state_supplement_total" : "12"
}
, {
  "tfa_regular_cases" : "10",
  "town_code" : "24",
  "snap_cases" : "19",
  "snap_recipients" : "53",
  "saga_cash_cases" : "1",
  "town_name" : "Chaplin",
  "tfa_regular_recipients" : "19",
  "saga_med_cases" : "7",
  "saga_med_recipients" : "7",
  "saga_cash_recipients" : "1",
  "tfa_total_cases" : "10",
  "tfa_two_parent_recipients" : "2",
  "total_medicaid_cases" : "70",
  "tfa_total_recipients" : "21",
  "total_medicaid_recipients" : "145"
}
, {
  "tfa_regular_cases" : "9",
  "town_code" : "25",
  "snap_cases" : "70",
  "snap_recipients" : "102",
  "saga_cash_cases" : "5",
  "town_name" : "Cheshire",
  "tfa_regular_recipients" : "18",
  "saga_med_cases" : "16",
  "saga_med_recipients" : "16",
  "saga_cash_recipients" : "5",
  "tfa_total_cases" : "9",
  "state_supplement_disabled" : "47",
  "state_supplement_aged" : "50",
  "total_medicaid_cases" : "583",
  "tfa_total_recipients" : "18",
  "total_medicaid_recipients" : "799",
  "state_supplement_total" : "98"
}
, {
  "tfa_regular_cases" : "6",
  "town_code" : "26",
  "snap_cases" : "18",
  "snap_recipients" : "34",
  "saga_cash_cases" : "0",
  "town_name" : "Chester",
  "tfa_regular_recipients" : "19",
  "saga_med_cases" : "5",
  "saga_med_recipients" : "5",
  "saga_cash_recipients" : "0",
  "tfa_total_cases" : "6",
  "state_supplement_disabled" : "30",
  "state_supplement_aged" : "10",
  "total_medicaid_cases" : "207",
  "tfa_total_recipients" : "19",
  "total_medicaid_recipients" : "281",
  "state_supplement_total" : "41"
}
, {
  "tfa_regular_cases" : "25",
  "tfa_two_parent_cases" : "1",
  "town_code" : "27",
  "snap_cases" : "113",
  "snap_recipients" : "178",
  "saga_cash_cases" : "12",
  "town_name" : "Clinton",
  "tfa_regular_recipients" : "59",
  "saga_med_cases" : "26",
  "saga_med_recipients" : "26",
  "saga_cash_recipients" : "12",
  "tfa_total_cases" : "26",
  "state_supplement_disabled" : "47",
  "tfa_two_parent_recipients" : "8",
  "state_supplement_aged" : "5",
  "state_supplement_blind" : "1",
  "total_medicaid_cases" : "431",
  "tfa_total_recipients" : "67",
  "total_medicaid_recipients" : "788",
  "state_supplement_total" : "53"
}
, {
  "tfa_regular_cases" : "21",
  "tfa_two_parent_cases" : "1",
  "town_code" : "28",
  "snap_cases" : "128",
  "snap_recipients" : "223",
  "saga_cash_cases" : "17",
  "town_name" : "Colchester",
  "tfa_regular_recipients" : "44",
  "saga_med_cases" : "37",
  "saga_med_recipients" : "37",
  "saga_cash_recipients" : "17",
  "tfa_total_cases" : "22",
  "state_supplement_disabled" : "28",
  "tfa_two_parent_recipients" : "6",
  "state_supplement_aged" : "8",
  "total_medicaid_cases" : "616",
  "tfa_total_recipients" : "50",
  "total_medicaid_recipients" : "1077",
  "state_supplement_total" : "37"
}
, {
  "town_code" : "29",
  "snap_cases" : "1",
  "snap_recipients" : "3",
  "town_name" : "Colebrook",
  "tfa_regular_recipients" : "2",
  "tfa_total_cases" : "0",
  "state_supplement_disabled" : "2",
  "total_medicaid_cases" : "11",
  "tfa_total_recipients" : "2",
  "total_medicaid_recipients" : "22",
  "state_supplement_total" : "2"
}
, {
  "tfa_regular_cases" : "5",
  "town_code" : "30",
  "snap_cases" : "23",
  "snap_recipients" : "35",
  "saga_cash_cases" : "1",
  "town_name" : "Columbia",
  "tfa_regular_recipients" : "8",
  "saga_med_cases" : "11",
  "saga_med_recipients" : "11",
  "saga_cash_recipients" : "1",
  "tfa_total_cases" : "5",
  "state_supplement_disabled" : "18",
  "state_supplement_aged" : "4",
  "state_supplement_blind" : "1",
  "total_medicaid_cases" : "127",
  "tfa_total_recipients" : "8",
  "total_medicaid_recipients" : "217",
  "state_supplement_total" : "24"
}
, {
  "tfa_regular_cases" : "1",
  "town_code" : "31",
  "snap_cases" : "8",
  "snap_recipients" : "9",
  "town_name" : "Cornwall",
  "tfa_regular_recipients" : "2",
  "saga_med_cases" : "3",
  "saga_med_recipients" : "3",
  "tfa_total_cases" : "1",
  "state_supplement_disabled" : "1",
  "total_medicaid_cases" : "47",
  "tfa_total_recipients" : "2",
  "total_medicaid_recipients" : "100",
  "state_supplement_total" : "1"
}
, {
  "tfa_regular_cases" : "19",
  "town_code" : "32",
  "snap_cases" : "76",
  "snap_recipients" : "131",
  "saga_cash_cases" : "2",
  "town_name" : "Coventry",
  "tfa_regular_recipients" : "35",
  "saga_med_cases" : "28",
  "saga_med_recipients" : "28",
  "saga_cash_recipients" : "2",
  "tfa_total_cases" : "19",
  "state_supplement_disabled" : "24",
  "state_supplement_aged" : "1",
  "state_supplement_blind" : "1",
  "total_medicaid_cases" : "363",
  "tfa_total_recipients" : "35",
  "total_medicaid_recipients" : "673",
  "state_supplement_total" : "26"
}
, {
  "tfa_regular_cases" : "13",
  "town_code" : "33",
  "snap_cases" : "91",
  "snap_recipients" : "150",
  "saga_cash_cases" : "11",
  "town_name" : "Cromwell",
  "tfa_regular_recipients" : "21",
  "saga_med_cases" : "32",
  "saga_med_recipients" : "32",
  "saga_cash_recipients" : "11",
  "tfa_total_cases" : "13",
  "state_supplement_disabled" : "16",
  "state_supplement_aged" : "13",
  "total_medicaid_cases" : "583",
  "tfa_total_recipients" : "21",
  "total_medicaid_recipients" : "831",
  "state_supplement_total" : "29"
}
, {
  "tfa_regular_cases" : "216",
  "tfa_two_parent_cases" : "12",
  "town_code" : "34",
  "snap_cases" : "1192",
  "snap_recipients" : "2017",
  "saga_cash_cases" : "67",
  "town_name" : "Danbury",
  "tfa_regular_recipients" : "429",
  "saga_med_cases" : "415",
  "saga_med_recipients" : "415",
  "saga_cash_recipients" : "67",
  "tfa_total_cases" : "228",
  "state_supplement_disabled" : "203",
  "tfa_two_parent_recipients" : "41",
  "state_supplement_aged" : "121",
  "total_medicaid_cases" : "4844",
  "tfa_total_recipients" : "470",
  "total_medicaid_recipients" : "7457",
  "state_supplement_total" : "325"
}
, {
  "tfa_regular_cases" : "3",
  "town_code" : "35",
  "snap_cases" : "18",
  "snap_recipients" : "26",
  "town_name" : "Darien",
  "tfa_regular_recipients" : "5",
  "saga_med_cases" : "7",
  "saga_med_recipients" : "7",
  "tfa_total_cases" : "3",
  "state_supplement_disabled" : "10",
  "state_supplement_aged" : "1",
  "total_medicaid_cases" : "187",
  "tfa_total_recipients" : "5",
  "total_medicaid_recipients" : "276",
  "state_supplement_total" : "12"
}
, {
  "tfa_regular_cases" : "6",
  "tfa_two_parent_cases" : "1",
  "town_code" : "36",
  "snap_cases" : "35",
  "snap_recipients" : "79",
  "saga_cash_cases" : "2",
  "town_name" : "Deep River",
  "tfa_regular_recipients" : "17",
  "saga_med_cases" : "13",
  "saga_med_recipients" : "13",
  "saga_cash_recipients" : "2",
  "tfa_total_cases" : "7",
  "state_supplement_disabled" : "39",
  "tfa_two_parent_recipients" : "9",
  "state_supplement_aged" : "5",
  "total_medicaid_cases" : "234",
  "tfa_total_recipients" : "26",
  "total_medicaid_recipients" : "393",
  "state_supplement_total" : "45"
}
, {
  "tfa_regular_cases" : "73",
  "tfa_two_parent_cases" : "6",
  "town_code" : "37",
  "snap_cases" : "337",
  "snap_recipients" : "649",
  "saga_cash_cases" : "21",
  "town_name" : "Derby",
  "tfa_regular_recipients" : "152",
  "saga_med_cases" : "112",
  "saga_med_recipients" : "112",
  "saga_cash_recipients" : "21",
  "tfa_total_cases" : "79",
  "state_supplement_disabled" : "29",
  "tfa_two_parent_recipients" : "23",
  "state_supplement_aged" : "13",
  "total_medicaid_cases" : "935",
  "tfa_total_recipients" : "175",
  "total_medicaid_recipients" : "1576",
  "state_supplement_total" : "42"
}
, {
  "tfa_regular_cases" : "7",
  "town_code" : "38",
  "snap_cases" : "16",
  "snap_recipients" : "35",
  "town_name" : "Durham",
  "tfa_regular_recipients" : "17",
  "saga_med_cases" : "9",
  "saga_med_recipients" : "9",
  "tfa_total_cases" : "7",
  "state_supplement_disabled" : "9",
  "state_supplement_aged" : "1",
  "total_medicaid_cases" : "184",
  "tfa_total_recipients" : "17",
  "total_medicaid_recipients" : "272",
  "state_supplement_total" : "10"
}
, {
  "town_code" : "39",
  "snap_cases" : "9",
  "snap_recipients" : "16",
  "town_name" : "Eastford",
  "saga_med_cases" : "4",
  "saga_med_recipients" : "4",
  "tfa_total_cases" : "0",
  "state_supplement_disabled" : "1",
  "total_medicaid_cases" : "30",
  "tfa_total_recipients" : "0",
  "total_medicaid_recipients" : "70",
  "state_supplement_total" : "1"
}
, {
  "tfa_regular_cases" : "8",
  "town_code" : "40",
  "snap_cases" : "27",
  "snap_recipients" : "50",
  "saga_cash_cases" : "3",
  "town_name" : "East Granby",
  "tfa_regular_recipients" : "18",
  "saga_med_cases" : "6",
  "saga_med_recipients" : "6",
  "saga_cash_recipients" : "3",
  "tfa_total_cases" : "8",
  "state_supplement_disabled" : "3",
  "tfa_two_parent_recipients" : "2",
  "state_supplement_aged" : "2",
  "total_medicaid_cases" : "93",
  "tfa_total_recipients" : "20",
  "total_medicaid_recipients" : "196",
  "state_supplement_total" : "5"
}
, {
  "tfa_regular_cases" : "12",
  "town_code" : "41",
  "snap_cases" : "36",
  "snap_recipients" : "65",
  "saga_cash_cases" : "2",
  "town_name" : "East Haddam",
  "tfa_regular_recipients" : "21",
  "saga_med_cases" : "12",
  "saga_med_recipients" : "12",
  "saga_cash_recipients" : "2",
  "tfa_total_cases" : "12",
  "state_supplement_disabled" : "16",
  "tfa_two_parent_recipients" : "2",
  "state_supplement_aged" : "2",
  "state_supplement_blind" : "1",
  "total_medicaid_cases" : "235",
  "tfa_total_recipients" : "23",
  "total_medicaid_recipients" : "433",
  "state_supplement_total" : "20"
}
, {
  "tfa_regular_cases" : "16",
  "tfa_two_parent_cases" : "1",
  "town_code" : "42",
  "snap_cases" : "63",
  "snap_recipients" : "111",
  "saga_cash_cases" : "7",
  "town_name" : "East Hampton",
  "tfa_regular_recipients" : "34",
  "saga_med_cases" : "30",
  "saga_med_recipients" : "30",
  "saga_cash_recipients" : "9",
  "tfa_total_cases" : "17",
  "state_supplement_disabled" : "44",
  "tfa_two_parent_recipients" : "4",
  "state_supplement_aged" : "11",
  "state_supplement_blind" : "1",
  "total_medicaid_cases" : "385",
  "tfa_total_recipients" : "38",
  "total_medicaid_recipients" : "680",
  "state_supplement_total" : "57"
}
, {
  "tfa_regular_cases" : "482",
  "tfa_two_parent_cases" : "12",
  "town_code" : "43",
  "snap_cases" : "1735",
  "snap_recipients" : "3272",
  "saga_cash_cases" : "99",
  "town_name" : "East Hartford",
  "tfa_regular_recipients" : "1029",
  "saga_med_cases" : "423",
  "saga_med_recipients" : "423",
  "saga_cash_recipients" : "101",
  "tfa_total_cases" : "494",
  "state_supplement_disabled" : "262",
  "tfa_two_parent_recipients" : "46",
  "state_supplement_aged" : "100",
  "state_supplement_blind" : "3",
  "total_medicaid_cases" : "4802",
  "tfa_total_recipients" : "1075",
  "total_medicaid_recipients" : "8401",
  "state_supplement_total" : "366"
}
, {
  "tfa_regular_cases" : "122",
  "tfa_two_parent_cases" : "7",
  "town_code" : "44",
  "snap_cases" : "584",
  "snap_recipients" : "957",
  "saga_cash_cases" : "29",
  "town_name" : "East Haven",
  "tfa_regular_recipients" : "246",
  "saga_med_cases" : "206",
  "saga_med_recipients" : "206",
  "saga_cash_recipients" : "30",
  "tfa_total_cases" : "129",
  "state_supplement_disabled" : "121",
  "tfa_two_parent_recipients" : "27",
  "state_supplement_aged" : "54",
  "state_supplement_blind" : "1",
  "total_medicaid_cases" : "1636",
  "tfa_total_recipients" : "273",
  "total_medicaid_recipients" : "2728",
  "state_supplement_total" : "176"
}
, {
  "tfa_regular_cases" : "23",
  "town_code" : "45",
  "snap_cases" : "101",
  "snap_recipients" : "180",
  "saga_cash_cases" : "9",
  "town_name" : "East Lyme",
  "tfa_regular_recipients" : "47",
  "saga_med_cases" : "30",
  "saga_med_recipients" : "30",
  "saga_cash_recipients" : "9",
  "tfa_total_cases" : "23",
  "state_supplement_disabled" : "34",
  "tfa_two_parent_recipients" : "4",
  "state_supplement_aged" : "10",
  "total_medicaid_cases" : "502",
  "tfa_total_recipients" : "51",
  "total_medicaid_recipients" : "860",
  "state_supplement_total" : "44"
}
, {
  "tfa_regular_cases" : "1",
  "town_code" : "46",
  "snap_cases" : "10",
  "snap_recipients" : "14",
  "saga_cash_cases" : "2",
  "town_name" : "Easton",
  "tfa_regular_recipients" : "1",
  "saga_med_cases" : "5",
  "saga_med_recipients" : "5",
  "saga_cash_recipients" : "2",
  "tfa_total_cases" : "1",
  "state_supplement_disabled" : "5",
  "state_supplement_aged" : "2",
  "total_medicaid_cases" : "54",
  "tfa_total_recipients" : "1",
  "total_medicaid_recipients" : "86",
  "state_supplement_total" : "7"
}
, {
  "tfa_regular_cases" : "43",
  "tfa_two_parent_cases" : "1",
  "town_code" : "47",
  "snap_cases" : "145",
  "snap_recipients" : "275",
  "saga_cash_cases" : "7",
  "town_name" : "East Windsor",
  "tfa_regular_recipients" : "91",
  "saga_med_cases" : "29",
  "saga_med_recipients" : "29",
  "saga_cash_recipients" : "7",
  "tfa_total_cases" : "44",
  "state_supplement_disabled" : "29",
  "tfa_two_parent_recipients" : "4",
  "state_supplement_aged" : "9",
  "state_supplement_blind" : "1",
  "total_medicaid_cases" : "642",
  "tfa_total_recipients" : "95",
  "total_medicaid_recipients" : "1049",
  "state_supplement_total" : "39"
}
, {
  "tfa_regular_cases" : "10",
  "tfa_two_parent_cases" : "1",
  "town_code" : "48",
  "snap_cases" : "64",
  "snap_recipients" : "107",
  "saga_cash_cases" : "6",
  "town_name" : "Ellington",
  "tfa_regular_recipients" : "25",
  "saga_med_cases" : "28",
  "saga_med_recipients" : "28",
  "saga_cash_recipients" : "7",
  "tfa_total_cases" : "11",
  "state_supplement_disabled" : "19",
  "tfa_two_parent_recipients" : "6",
  "total_medicaid_cases" : "254",
  "tfa_total_recipients" : "31",
  "total_medicaid_recipients" : "459",
  "state_supplement_total" : "19"
}
, {
  "tfa_regular_cases" : "131",
  "tfa_two_parent_cases" : "8",
  "town_code" : "49",
  "snap_cases" : "477",
  "snap_recipients" : "958",
  "saga_cash_cases" : "23",
  "town_name" : "Enfield",
  "tfa_regular_recipients" : "286",
  "saga_med_cases" : "99",
  "saga_med_recipients" : "99",
  "saga_cash_recipients" : "23",
  "tfa_total_cases" : "139",
  "state_supplement_disabled" : "99",
  "tfa_two_parent_recipients" : "33",
  "state_supplement_aged" : "69",
  "total_medicaid_cases" : "1889",
  "tfa_total_recipients" : "319",
  "total_medicaid_recipients" : "3370",
  "state_supplement_total" : "169"
}
, {
  "tfa_regular_cases" : "2",
  "town_code" : "50",
  "snap_cases" : "28",
  "snap_recipients" : "54",
  "saga_cash_cases" : "2",
  "town_name" : "Essex",
  "tfa_regular_recipients" : "6",
  "saga_med_cases" : "12",
  "saga_med_recipients" : "12",
  "saga_cash_recipients" : "2",
  "tfa_total_cases" : "2",
  "state_supplement_disabled" : "66",
  "state_supplement_aged" : "22",
  "total_medicaid_cases" : "189",
  "tfa_total_recipients" : "6",
  "total_medicaid_recipients" : "293",
  "state_supplement_total" : "89"
}
, {
  "tfa_regular_cases" : "32",
  "tfa_two_parent_cases" : "1",
  "town_code" : "51",
  "snap_cases" : "185",
  "snap_recipients" : "291",
  "saga_cash_cases" : "19",
  "town_name" : "Fairfield",
  "tfa_regular_recipients" : "64",
  "saga_med_cases" : "82",
  "saga_med_recipients" : "82",
  "saga_cash_recipients" : "22",
  "tfa_total_cases" : "33",
  "state_supplement_disabled" : "50",
  "tfa_two_parent_recipients" : "4",
  "state_supplement_aged" : "12",
  "total_medicaid_cases" : "1341",
  "tfa_total_recipients" : "68",
  "total_medicaid_recipients" : "1856",
  "state_supplement_total" : "63"
}
, {
  "tfa_regular_cases" : "21",
  "town_code" : "52",
  "snap_cases" : "178",
  "snap_recipients" : "257",
  "saga_cash_cases" : "9",
  "town_name" : "Farmington",
  "tfa_regular_recipients" : "47",
  "saga_med_cases" : "39",
  "saga_med_recipients" : "39",
  "saga_cash_recipients" : "9",
  "tfa_total_cases" : "21",
  "state_supplement_disabled" : "119",
  "tfa_two_parent_recipients" : "1",
  "state_supplement_aged" : "35",
  "state_supplement_blind" : "2",
  "total_medicaid_cases" : "698",
  "tfa_total_recipients" : "48",
  "total_medicaid_recipients" : "981",
  "state_supplement_total" : "157"
}
, {
  "tfa_regular_cases" : "1",
  "town_code" : "53",
  "snap_cases" : "8",
  "snap_recipients" : "13",
  "saga_cash_cases" : "1",
  "town_name" : "Franklin",
  "tfa_regular_recipients" : "4",
  "saga_med_cases" : "3",
  "saga_med_recipients" : "3",
  "saga_cash_recipients" : "1",
  "tfa_total_cases" : "1",
  "state_supplement_disabled" : "5",
  "total_medicaid_cases" : "47",
  "tfa_total_recipients" : "4",
  "total_medicaid_recipients" : "77",
  "state_supplement_total" : "5"
}
, {
  "tfa_regular_cases" : "23",
  "town_code" : "54",
  "snap_cases" : "122",
  "snap_recipients" : "199",
  "saga_cash_cases" : "10",
  "town_name" : "Glastonbury",
  "tfa_regular_recipients" : "45",
  "saga_med_cases" : "54",
  "saga_med_recipients" : "54",
  "saga_cash_recipients" : "10",
  "tfa_total_cases" : "23",
  "state_supplement_disabled" : "46",
  "state_supplement_aged" : "25",
  "state_supplement_blind" : "1",
  "total_medicaid_cases" : "662",
  "tfa_total_recipients" : "45",
  "total_medicaid_recipients" : "1030",
  "state_supplement_total" : "73"
}
, {
  "tfa_regular_cases" : "3",
  "town_code" : "55",
  "snap_cases" : "15",
  "snap_recipients" : "32",
  "saga_cash_cases" : "1",
  "town_name" : "Goshen",
  "tfa_regular_recipients" : "5",
  "saga_med_cases" : "6",
  "saga_med_recipients" : "6",
  "saga_cash_recipients" : "1",
  "tfa_total_cases" : "3",
  "state_supplement_disabled" : "7",
  "state_supplement_aged" : "1",
  "total_medicaid_cases" : "56",
  "tfa_total_recipients" : "5",
  "total_medicaid_recipients" : "116",
  "state_supplement_total" : "9"
}
, {
  "tfa_regular_cases" : "4",
  "town_code" : "56",
  "snap_cases" : "29",
  "snap_recipients" : "43",
  "saga_cash_cases" : "2",
  "town_name" : "Granby",
  "tfa_regular_recipients" : "7",
  "saga_med_cases" : "15",
  "saga_med_recipients" : "15",
  "saga_cash_recipients" : "2",
  "tfa_total_cases" : "4",
  "state_supplement_disabled" : "6",
  "tfa_two_parent_recipients" : "2",
  "state_supplement_blind" : "1",
  "total_medicaid_cases" : "206",
  "tfa_total_recipients" : "9",
  "total_medicaid_recipients" : "333",
  "state_supplement_total" : "7"
}
, {
  "tfa_regular_cases" : "38",
  "tfa_two_parent_cases" : "1",
  "town_code" : "57",
  "snap_cases" : "196",
  "snap_recipients" : "321",
  "saga_cash_cases" : "16",
  "town_name" : "Greenwich",
  "tfa_regular_recipients" : "75",
  "saga_med_cases" : "42",
  "saga_med_recipients" : "42",
  "saga_cash_recipients" : "17",
  "tfa_total_cases" : "39",
  "state_supplement_disabled" : "67",
  "tfa_two_parent_recipients" : "5",
  "state_supplement_aged" : "67",
  "total_medicaid_cases" : "1221",
  "tfa_total_recipients" : "80",
  "total_medicaid_recipients" : "1693",
  "state_supplement_total" : "134"
}
, {
  "tfa_regular_cases" : "39",
  "tfa_two_parent_cases" : "6",
  "town_code" : "58",
  "snap_cases" : "209",
  "snap_recipients" : "371",
  "saga_cash_cases" : "21",
  "town_name" : "Griswold",
  "tfa_regular_recipients" : "66",
  "saga_med_cases" : "47",
  "saga_med_recipients" : "47",
  "saga_cash_recipients" : "21",
  "tfa_total_cases" : "45",
  "state_supplement_disabled" : "38",
  "tfa_two_parent_recipients" : "16",
  "state_supplement_aged" : "11",
  "state_supplement_blind" : "1",
  "total_medicaid_cases" : "632",
  "tfa_total_recipients" : "82",
  "total_medicaid_recipients" : "1114",
  "state_supplement_total" : "51"
}
, {
  "tfa_regular_cases" : "164",
  "tfa_two_parent_cases" : "11",
  "town_code" : "59",
  "snap_cases" : "597",
  "snap_recipients" : "1165",
  "saga_cash_cases" : "21",
  "town_name" : "Groton",
  "tfa_regular_recipients" : "348",
  "saga_med_cases" : "107",
  "saga_med_recipients" : "107",
  "saga_cash_recipients" : "21",
  "tfa_total_cases" : "175",
  "state_supplement_disabled" : "104",
  "tfa_two_parent_recipients" : "38",
  "state_supplement_aged" : "62",
  "state_supplement_blind" : "1",
  "total_medicaid_cases" : "1830",
  "tfa_total_recipients" : "386",
  "total_medicaid_recipients" : "3139",
  "state_supplement_total" : "167"
}
, {
  "tfa_regular_cases" : "19",
  "tfa_two_parent_cases" : "2",
  "town_code" : "60",
  "snap_cases" : "83",
  "snap_recipients" : "127",
  "saga_cash_cases" : "4",
  "town_name" : "Guilford",
  "tfa_regular_recipients" : "41",
  "saga_med_cases" : "30",
  "saga_med_recipients" : "30",
  "saga_cash_recipients" : "5",
  "tfa_total_cases" : "21",
  "state_supplement_disabled" : "28",
  "tfa_two_parent_recipients" : "6",
  "state_supplement_aged" : "13",
  "total_medicaid_cases" : "489",
  "tfa_total_recipients" : "47",
  "total_medicaid_recipients" : "717",
  "state_supplement_total" : "41"
}
, {
  "tfa_regular_cases" : "7",
  "tfa_two_parent_cases" : "1",
  "town_code" : "61",
  "snap_cases" : "33",
  "snap_recipients" : "54",
  "saga_cash_cases" : "4",
  "town_name" : "Haddam",
  "tfa_regular_recipients" : "9",
  "saga_med_cases" : "13",
  "saga_med_recipients" : "13",
  "saga_cash_recipients" : "4",
  "tfa_total_cases" : "8",
  "state_supplement_disabled" : "18",
  "tfa_two_parent_recipients" : "2",
  "state_supplement_aged" : "7",
  "total_medicaid_cases" : "141",
  "tfa_total_recipients" : "11",
  "total_medicaid_recipients" : "249",
  "state_supplement_total" : "25"
}
, {
  "tfa_regular_cases" : "247",
  "tfa_two_parent_cases" : "8",
  "town_code" : "62",
  "snap_cases" : "893",
  "snap_recipients" : "1568",
  "saga_cash_cases" : "44",
  "town_name" : "Hamden",
  "tfa_regular_recipients" : "487",
  "saga_med_cases" : "262",
  "saga_med_recipients" : "263",
  "saga_cash_recipients" : "47",
  "tfa_total_cases" : "255",
  "state_supplement_disabled" : "206",
  "tfa_two_parent_recipients" : "31",
  "state_supplement_aged" : "84",
  "state_supplement_blind" : "2",
  "total_medicaid_cases" : "2978",
  "tfa_total_recipients" : "518",
  "total_medicaid_recipients" : "4639",
  "state_supplement_total" : "293"
}
, {
  "tfa_regular_cases" : "3",
  "town_code" : "63",
  "snap_cases" : "15",
  "snap_recipients" : "25",
  "town_name" : "Hampton",
  "tfa_regular_recipients" : "5",
  "saga_med_cases" : "4",
  "saga_med_recipients" : "4",
  "tfa_total_cases" : "3",
  "state_supplement_disabled" : "6",
  "tfa_two_parent_recipients" : "1",
  "total_medicaid_cases" : "78",
  "tfa_total_recipients" : "6",
  "total_medicaid_recipients" : "168",
  "state_supplement_total" : "6"
}
, {
  "tfa_regular_cases" : "3883",
  "tfa_two_parent_cases" : "203",
  "town_code" : "64",
  "snap_cases" : "16680",
  "snap_recipients" : "32229",
  "saga_cash_cases" : "807",
  "town_name" : "Hartford",
  "tfa_regular_recipients" : "8810",
  "saga_med_cases" : "5200",
  "saga_med_recipients" : "5205",
  "saga_cash_recipients" : "814",
  "tfa_total_cases" : "4086",
  "state_supplement_disabled" : "1677",
  "tfa_two_parent_recipients" : "739",
  "state_supplement_aged" : "717",
  "state_supplement_blind" : "10",
  "total_medicaid_cases" : "24919",
  "tfa_total_recipients" : "9549",
  "total_medicaid_recipients" : "45571",
  "state_supplement_total" : "2405"
}
, {
  "town_code" : "65",
  "snap_cases" : "3",
  "snap_recipients" : "4",
  "saga_cash_cases" : "1",
  "town_name" : "Hartland",
  "saga_med_cases" : "3",
  "saga_med_recipients" : "3",
  "saga_cash_recipients" : "1",
  "tfa_total_cases" : "0",
  "state_supplement_disabled" : "9",
  "total_medicaid_cases" : "45",
  "tfa_total_recipients" : "0",
  "total_medicaid_recipients" : "78",
  "state_supplement_total" : "10"
}
, {
  "tfa_regular_cases" : "5",
  "town_code" : "66",
  "snap_cases" : "14",
  "snap_recipients" : "23",
  "saga_cash_cases" : "1",
  "town_name" : "Harwinton",
  "tfa_regular_recipients" : "8",
  "saga_med_cases" : "6",
  "saga_med_recipients" : "6",
  "saga_cash_recipients" : "1",
  "tfa_total_cases" : "5",
  "state_supplement_disabled" : "15",
  "state_supplement_aged" : "3",
  "total_medicaid_cases" : "104",
  "tfa_total_recipients" : "8",
  "total_medicaid_recipients" : "181",
  "state_supplement_total" : "18"
}
, {
  "tfa_regular_cases" : "5",
  "town_code" : "67",
  "snap_cases" : "13",
  "snap_recipients" : "29",
  "saga_cash_cases" : "2",
  "town_name" : "Hebron",
  "tfa_regular_recipients" : "9",
  "saga_med_cases" : "8",
  "saga_med_recipients" : "8",
  "saga_cash_recipients" : "2",
  "tfa_total_cases" : "5",
  "state_supplement_disabled" : "18",
  "tfa_two_parent_recipients" : "1",
  "state_supplement_aged" : "4",
  "total_medicaid_cases" : "145",
  "tfa_total_recipients" : "10",
  "total_medicaid_recipients" : "281",
  "state_supplement_total" : "22"
}
, {
  "tfa_regular_cases" : "1",
  "town_code" : "68",
  "snap_cases" : "16",
  "snap_recipients" : "20",
  "town_name" : "Kent",
  "tfa_regular_recipients" : "2",
  "saga_med_cases" : "8",
  "saga_med_recipients" : "8",
  "tfa_total_cases" : "1",
  "state_supplement_disabled" : "4",
  "state_supplement_aged" : "5",
  "total_medicaid_cases" : "117",
  "tfa_total_recipients" : "2",
  "total_medicaid_recipients" : "192",
  "state_supplement_total" : "10"
}
, {
  "tfa_regular_cases" : "131",
  "tfa_two_parent_cases" : "9",
  "town_code" : "69",
  "snap_cases" : "603",
  "snap_recipients" : "1162",
  "saga_cash_cases" : "30",
  "town_name" : "Killingly",
  "tfa_regular_recipients" : "260",
  "saga_med_cases" : "117",
  "saga_med_recipients" : "117",
  "saga_cash_recipients" : "32",
  "tfa_total_cases" : "140",
  "state_supplement_disabled" : "108",
  "tfa_two_parent_recipients" : "33",
  "state_supplement_aged" : "26",
  "total_medicaid_cases" : "1751",
  "tfa_total_recipients" : "293",
  "total_medicaid_recipients" : "3119",
  "state_supplement_total" : "135"
}
, {
  "tfa_regular_cases" : "5",
  "town_code" : "70",
  "snap_cases" : "15",
  "snap_recipients" : "24",
  "town_name" : "Killingworth",
  "tfa_regular_recipients" : "7",
  "saga_med_cases" : "4",
  "saga_med_recipients" : "4",
  "tfa_total_cases" : "5",
  "state_supplement_disabled" : "4",
  "state_supplement_aged" : "2",
  "total_medicaid_cases" : "70",
  "tfa_total_recipients" : "7",
  "total_medicaid_recipients" : "152",
  "state_supplement_total" : "6"
}
, {
  "tfa_regular_cases" : "5",
  "tfa_two_parent_cases" : "1",
  "town_code" : "71",
  "snap_cases" : "96",
  "snap_recipients" : "146",
  "saga_cash_cases" : "2",
  "town_name" : "Lebanon",
  "tfa_regular_recipients" : "8",
  "saga_med_cases" : "102",
  "saga_med_recipients" : "102",
  "saga_cash_recipients" : "2",
  "tfa_total_cases" : "6",
  "state_supplement_disabled" : "17",
  "tfa_two_parent_recipients" : "6",
  "state_supplement_aged" : "5",
  "state_supplement_blind" : "3",
  "total_medicaid_cases" : "204",
  "tfa_total_recipients" : "14",
  "total_medicaid_recipients" : "412",
  "state_supplement_total" : "26"
}
, {
  "tfa_regular_cases" : "22",
  "town_code" : "72",
  "snap_cases" : "85",
  "snap_recipients" : "147",
  "saga_cash_cases" : "11",
  "town_name" : "Ledyard",
  "tfa_regular_recipients" : "44",
  "saga_med_cases" : "32",
  "saga_med_recipients" : "32",
  "saga_cash_recipients" : "11",
  "tfa_total_cases" : "22",
  "state_supplement_disabled" : "36",
  "tfa_two_parent_recipients" : "2",
  "state_supplement_aged" : "9",
  "total_medicaid_cases" : "419",
  "tfa_total_recipients" : "46",
  "total_medicaid_recipients" : "777",
  "state_supplement_total" : "45"
}
, {
  "tfa_regular_cases" : "7",
  "town_code" : "73",
  "snap_cases" : "35",
  "snap_recipients" : "71",
  "saga_cash_cases" : "1",
  "town_name" : "Lisbon",
  "tfa_regular_recipients" : "13",
  "saga_med_cases" : "12",
  "saga_med_recipients" : "12",
  "saga_cash_recipients" : "1",
  "tfa_total_cases" : "7",
  "state_supplement_disabled" : "5",
  "state_supplement_aged" : "1",
  "total_medicaid_cases" : "119",
  "tfa_total_recipients" : "13",
  "total_medicaid_recipients" : "214",
  "state_supplement_total" : "7"
}
, {
  "tfa_regular_cases" : "5",
  "town_code" : "74",
  "snap_cases" : "45",
  "snap_recipients" : "71",
  "saga_cash_cases" : "6",
  "town_name" : "Litchfield",
  "tfa_regular_recipients" : "12",
  "saga_med_cases" : "15",
  "saga_med_recipients" : "15",
  "saga_cash_recipients" : "6",
  "tfa_total_cases" : "5",
  "state_supplement_disabled" : "41",
  "state_supplement_aged" : "39",
  "total_medicaid_cases" : "327",
  "tfa_total_recipients" : "12",
  "total_medicaid_recipients" : "487",
  "state_supplement_total" : "80"
}
, {
  "town_code" : "75",
  "snap_cases" : "5",
  "snap_recipients" : "6",
  "town_name" : "Lyme",
  "saga_med_cases" : "2",
  "saga_med_recipients" : "2",
  "tfa_total_cases" : "0",
  "state_supplement_disabled" : "6",
  "total_medicaid_cases" : "33",
  "tfa_total_recipients" : "0",
  "total_medicaid_recipients" : "64",
  "state_supplement_total" : "7"
}
, {
  "tfa_regular_cases" : "7",
  "tfa_two_parent_cases" : "1",
  "town_code" : "76",
  "snap_cases" : "51",
  "snap_recipients" : "75",
  "saga_cash_cases" : "5",
  "town_name" : "Madison",
  "tfa_regular_recipients" : "13",
  "saga_med_cases" : "20",
  "saga_med_recipients" : "20",
  "saga_cash_recipients" : "5",
  "tfa_total_cases" : "8",
  "state_supplement_disabled" : "19",
  "tfa_two_parent_recipients" : "6",
  "state_supplement_aged" : "1",
  "total_medicaid_cases" : "278",
  "tfa_total_recipients" : "19",
  "total_medicaid_recipients" : "428",
  "state_supplement_total" : "21"
}
, {
  "tfa_regular_cases" : "333",
  "tfa_two_parent_cases" : "17",
  "town_code" : "77",
  "snap_cases" : "1131",
  "snap_recipients" : "2230",
  "saga_cash_cases" : "69",
  "town_name" : "Manchester",
  "tfa_regular_recipients" : "721",
  "saga_med_cases" : "327",
  "saga_med_recipients" : "327",
  "saga_cash_recipients" : "69",
  "tfa_total_cases" : "350",
  "state_supplement_disabled" : "289",
  "tfa_two_parent_recipients" : "57",
  "state_supplement_aged" : "87",
  "state_supplement_blind" : "2",
  "total_medicaid_cases" : "3754",
  "tfa_total_recipients" : "778",
  "total_medicaid_recipients" : "6505",
  "state_supplement_total" : "378"
}
, {
  "tfa_regular_cases" : "25",
  "town_code" : "78",
  "snap_cases" : "116",
  "snap_recipients" : "206",
  "saga_cash_cases" : "7",
  "town_name" : "Mansfield",
  "tfa_regular_recipients" : "52",
  "saga_med_cases" : "41",
  "saga_med_recipients" : "41",
  "saga_cash_recipients" : "7",
  "tfa_total_cases" : "25",
  "state_supplement_disabled" : "21",
  "tfa_two_parent_recipients" : "1",
  "state_supplement_aged" : "2",
  "total_medicaid_cases" : "455",
  "tfa_total_recipients" : "53",
  "total_medicaid_recipients" : "800",
  "state_supplement_total" : "24"
}
, {
  "tfa_regular_cases" : "4",
  "town_code" : "79",
  "snap_cases" : "17",
  "snap_recipients" : "25",
  "town_name" : "Marlborough",
  "tfa_regular_recipients" : "5",
  "saga_med_cases" : "2",
  "saga_med_recipients" : "2",
  "tfa_total_cases" : "4",
  "state_supplement_disabled" : "9",
  "state_supplement_aged" : "1",
  "total_medicaid_cases" : "175",
  "tfa_total_recipients" : "5",
  "total_medicaid_recipients" : "267",
  "state_supplement_total" : "11"
}
, {
  "tfa_regular_cases" : "732",
  "tfa_two_parent_cases" : "62",
  "town_code" : "80",
  "snap_cases" : "2419",
  "snap_recipients" : "5326",
  "saga_cash_cases" : "115",
  "town_name" : "Meriden",
  "tfa_regular_recipients" : "1696",
  "saga_med_cases" : "641",
  "saga_med_recipients" : "641",
  "saga_cash_recipients" : "116",
  "tfa_total_cases" : "794",
  "state_supplement_disabled" : "445",
  "tfa_two_parent_recipients" : "234",
  "state_supplement_aged" : "130",
  "state_supplement_blind" : "3",
  "total_medicaid_cases" : "6075",
  "tfa_total_recipients" : "1930",
  "total_medicaid_recipients" : "11222",
  "state_supplement_total" : "579"
}
, {
  "tfa_regular_cases" : "5",
  "tfa_two_parent_cases" : "1",
  "town_code" : "81",
  "snap_cases" : "23",
  "snap_recipients" : "39",
  "saga_cash_cases" : "2",
  "town_name" : "Middlebury",
  "tfa_regular_recipients" : "9",
  "saga_med_cases" : "7",
  "saga_med_recipients" : "7",
  "saga_cash_recipients" : "2",
  "tfa_total_cases" : "6",
  "state_supplement_disabled" : "6",
  "tfa_two_parent_recipients" : "1",
  "total_medicaid_cases" : "136",
  "tfa_total_recipients" : "10",
  "total_medicaid_recipients" : "198",
  "state_supplement_total" : "6"
}
, {
  "tfa_regular_cases" : "3",
  "town_code" : "82",
  "snap_cases" : "19",
  "snap_recipients" : "34",
  "saga_cash_cases" : "3",
  "town_name" : "Middlefield",
  "tfa_regular_recipients" : "6",
  "saga_med_cases" : "7",
  "saga_med_recipients" : "7",
  "saga_cash_recipients" : "3",
  "tfa_total_cases" : "3",
  "state_supplement_disabled" : "6",
  "total_medicaid_cases" : "75",
  "tfa_total_recipients" : "6",
  "total_medicaid_recipients" : "117",
  "state_supplement_total" : "6"
}
, {
  "tfa_regular_cases" : "286",
  "tfa_two_parent_cases" : "19",
  "town_code" : "83",
  "snap_cases" : "1172",
  "snap_recipients" : "2106",
  "saga_cash_cases" : "106",
  "town_name" : "Middletown",
  "tfa_regular_recipients" : "600",
  "saga_med_cases" : "404",
  "saga_med_recipients" : "404",
  "saga_cash_recipients" : "110",
  "tfa_total_cases" : "305",
  "state_supplement_disabled" : "210",
  "tfa_two_parent_recipients" : "59",
  "state_supplement_aged" : "47",
  "state_supplement_blind" : "1",
  "total_medicaid_cases" : "3200",
  "tfa_total_recipients" : "659",
  "total_medicaid_recipients" : "5330",
  "state_supplement_total" : "259"
}
, {
  "tfa_regular_cases" : "103",
  "tfa_two_parent_cases" : "3",
  "town_code" : "84",
  "snap_cases" : "538",
  "snap_recipients" : "885",
  "saga_cash_cases" : "34",
  "town_name" : "Milford",
  "tfa_regular_recipients" : "237",
  "saga_med_cases" : "197",
  "saga_med_recipients" : "197",
  "saga_cash_recipients" : "35",
  "tfa_total_cases" : "106",
  "state_supplement_disabled" : "86",
  "tfa_two_parent_recipients" : "11",
  "state_supplement_aged" : "30",
  "state_supplement_blind" : "1",
  "total_medicaid_cases" : "1835",
  "tfa_total_recipients" : "248",
  "total_medicaid_recipients" : "3061",
  "state_supplement_total" : "117"
}
, {
  "tfa_regular_cases" : "11",
  "town_code" : "85",
  "snap_cases" : "39",
  "snap_recipients" : "57",
  "saga_cash_cases" : "2",
  "town_name" : "Monroe",
  "tfa_regular_recipients" : "17",
  "saga_med_cases" : "18",
  "saga_med_recipients" : "18",
  "saga_cash_recipients" : "2",
  "tfa_total_cases" : "11",
  "state_supplement_disabled" : "30",
  "state_supplement_aged" : "6",
  "state_supplement_blind" : "1",
  "total_medicaid_cases" : "275",
  "tfa_total_recipients" : "17",
  "total_medicaid_recipients" : "479",
  "state_supplement_total" : "37"
}
, {
  "tfa_regular_cases" : "45",
  "tfa_two_parent_cases" : "2",
  "town_code" : "86",
  "snap_cases" : "177",
  "snap_recipients" : "318",
  "saga_cash_cases" : "15",
  "town_name" : "Montville",
  "tfa_regular_recipients" : "79",
  "saga_med_cases" : "44",
  "saga_med_recipients" : "44",
  "saga_cash_recipients" : "15",
  "tfa_total_cases" : "47",
  "state_supplement_disabled" : "92",
  "tfa_two_parent_recipients" : "8",
  "state_supplement_aged" : "12",
  "total_medicaid_cases" : "833",
  "tfa_total_recipients" : "87",
  "total_medicaid_recipients" : "1384",
  "state_supplement_total" : "105"
}
, {
  "tfa_regular_cases" : "5",
  "town_code" : "87",
  "snap_cases" : "8",
  "snap_recipients" : "10",
  "town_name" : "Morris",
  "tfa_regular_recipients" : "11",
  "saga_med_cases" : "3",
  "saga_med_recipients" : "3",
  "tfa_total_cases" : "5",
  "state_supplement_disabled" : "2",
  "total_medicaid_cases" : "68",
  "tfa_total_recipients" : "11",
  "total_medicaid_recipients" : "132",
  "state_supplement_total" : "2"
}
, {
  "tfa_regular_cases" : "139",
  "tfa_two_parent_cases" : "7",
  "town_code" : "88",
  "snap_cases" : "525",
  "snap_recipients" : "1090",
  "saga_cash_cases" : "27",
  "town_name" : "Naugatuck",
  "tfa_regular_recipients" : "295",
  "saga_med_cases" : "132",
  "saga_med_recipients" : "132",
  "saga_cash_recipients" : "27",
  "tfa_total_cases" : "146",
  "state_supplement_disabled" : "67",
  "tfa_two_parent_recipients" : "31",
  "state_supplement_aged" : "23",
  "total_medicaid_cases" : "1778",
  "tfa_total_recipients" : "326",
  "total_medicaid_recipients" : "3347",
  "state_supplement_total" : "90"
}
, {
  "tfa_regular_cases" : "1274",
  "tfa_two_parent_cases" : "103",
  "town_code" : "89",
  "snap_cases" : "4555",
  "snap_recipients" : "9349",
  "saga_cash_cases" : "278",
  "town_name" : "New Britain",
  "tfa_regular_recipients" : "2899",
  "saga_med_cases" : "1222",
  "saga_med_recipients" : "1223",
  "saga_cash_recipients" : "279",
  "tfa_total_cases" : "1377",
  "state_supplement_disabled" : "599",
  "tfa_two_parent_recipients" : "389",
  "state_supplement_aged" : "260",
  "state_supplement_blind" : "1",
  "total_medicaid_cases" : "9288",
  "tfa_total_recipients" : "3288",
  "total_medicaid_recipients" : "17076",
  "state_supplement_total" : "861"
}
, {
  "tfa_regular_cases" : "5",
  "town_code" : "90",
  "snap_cases" : "26",
  "snap_recipients" : "43",
  "saga_cash_cases" : "2",
  "town_name" : "New Canaan",
  "tfa_regular_recipients" : "8",
  "saga_med_cases" : "9",
  "saga_med_recipients" : "9",
  "saga_cash_recipients" : "2",
  "tfa_total_cases" : "5",
  "state_supplement_disabled" : "9",
  "state_supplement_aged" : "3",
  "total_medicaid_cases" : "161",
  "tfa_total_recipients" : "8",
  "total_medicaid_recipients" : "224",
  "state_supplement_total" : "13"
}
, {
  "tfa_regular_cases" : "14",
  "town_code" : "91",
  "snap_cases" : "33",
  "snap_recipients" : "66",
  "saga_cash_cases" : "2",
  "town_name" : "New Fairfield",
  "tfa_regular_recipients" : "28",
  "saga_med_cases" : "16",
  "saga_med_recipients" : "16",
  "saga_cash_recipients" : "2",
  "tfa_total_cases" : "14",
  "state_supplement_disabled" : "6",
  "state_supplement_aged" : "1",
  "total_medicaid_cases" : "246",
  "tfa_total_recipients" : "28",
  "total_medicaid_recipients" : "485",
  "state_supplement_total" : "7"
}
, {
  "tfa_regular_cases" : "7",
  "town_code" : "92",
  "snap_cases" : "20",
  "snap_recipients" : "41",
  "town_name" : "New Hartford",
  "tfa_regular_recipients" : "16",
  "saga_med_cases" : "15",
  "saga_med_recipients" : "15",
  "tfa_total_cases" : "7",
  "state_supplement_disabled" : "10",
  "state_supplement_blind" : "1",
  "total_medicaid_cases" : "130",
  "tfa_total_recipients" : "16",
  "total_medicaid_recipients" : "236",
  "state_supplement_total" : "11"
}
, {
  "tfa_regular_cases" : "3074",
  "tfa_two_parent_cases" : "103",
  "town_code" : "93",
  "snap_cases" : "11527",
  "snap_recipients" : "22618",
  "saga_cash_cases" : "531",
  "town_name" : "New Haven",
  "tfa_regular_recipients" : "7007",
  "saga_med_cases" : "3705",
  "saga_med_recipients" : "3707",
  "saga_cash_recipients" : "543",
  "tfa_total_cases" : "3177",
  "state_supplement_disabled" : "1023",
  "tfa_two_parent_recipients" : "382",
  "state_supplement_aged" : "456",
  "state_supplement_blind" : "4",
  "total_medicaid_cases" : "19199",
  "tfa_total_recipients" : "7389",
  "total_medicaid_recipients" : "34041",
  "state_supplement_total" : "1484"
}
, {
  "tfa_regular_cases" : "48",
  "tfa_two_parent_cases" : "1",
  "town_code" : "94",
  "snap_cases" : "244",
  "snap_recipients" : "403",
  "saga_cash_cases" : "21",
  "town_name" : "Newington",
  "tfa_regular_recipients" : "97",
  "saga_med_cases" : "111",
  "saga_med_recipients" : "111",
  "saga_cash_recipients" : "22",
  "tfa_total_cases" : "49",
  "state_supplement_disabled" : "39",
  "tfa_two_parent_recipients" : "5",
  "state_supplement_aged" : "30",
  "state_supplement_blind" : "4",
  "total_medicaid_cases" : "1128",
  "tfa_total_recipients" : "102",
  "total_medicaid_recipients" : "1761",
  "state_supplement_total" : "74"
}
, {
  "tfa_regular_cases" : "347",
  "tfa_two_parent_cases" : "18",
  "town_code" : "95",
  "snap_cases" : "1458",
  "snap_recipients" : "2936",
  "saga_cash_cases" : "77",
  "town_name" : "New London",
  "tfa_regular_recipients" : "804",
  "saga_med_cases" : "380",
  "saga_med_recipients" : "380",
  "saga_cash_recipients" : "79",
  "tfa_total_cases" : "365",
  "state_supplement_disabled" : "240",
  "tfa_two_parent_recipients" : "65",
  "state_supplement_aged" : "68",
  "total_medicaid_cases" : "3311",
  "tfa_total_recipients" : "869",
  "total_medicaid_recipients" : "6005",
  "state_supplement_total" : "309"
}
, {
  "tfa_regular_cases" : "35",
  "tfa_two_parent_cases" : "3",
  "town_code" : "96",
  "snap_cases" : "217",
  "snap_recipients" : "363",
  "saga_cash_cases" : "20",
  "town_name" : "New Milford",
  "tfa_regular_recipients" : "62",
  "saga_med_cases" : "69",
  "saga_med_recipients" : "69",
  "saga_cash_recipients" : "20",
  "tfa_total_cases" : "38",
  "state_supplement_disabled" : "54",
  "tfa_two_parent_recipients" : "12",
  "state_supplement_aged" : "20",
  "total_medicaid_cases" : "1053",
  "tfa_total_recipients" : "74",
  "total_medicaid_recipients" : "1748",
  "state_supplement_total" : "74"
}
, {
  "tfa_regular_cases" : "11",
  "town_code" : "97",
  "snap_cases" : "58",
  "snap_recipients" : "87",
  "saga_cash_cases" : "7",
  "town_name" : "Newtown",
  "tfa_regular_recipients" : "19",
  "saga_med_cases" : "46",
  "saga_med_recipients" : "46",
  "saga_cash_recipients" : "7",
  "tfa_total_cases" : "11",
  "state_supplement_disabled" : "15",
  "state_supplement_aged" : "4",
  "total_medicaid_cases" : "448",
  "tfa_total_recipients" : "19",
  "total_medicaid_recipients" : "759",
  "state_supplement_total" : "19"
}
, {
  "tfa_regular_cases" : "3",
  "town_code" : "98",
  "snap_cases" : "7",
  "snap_recipients" : "10",
  "town_name" : "Norfolk",
  "tfa_regular_recipients" : "8",
  "saga_med_cases" : "6",
  "saga_med_recipients" : "6",
  "tfa_total_cases" : "3",
  "state_supplement_disabled" : "10",
  "total_medicaid_cases" : "60",
  "tfa_total_recipients" : "8",
  "total_medicaid_recipients" : "118",
  "state_supplement_total" : "11"
}
, {
  "tfa_regular_cases" : "23",
  "town_code" : "99",
  "snap_cases" : "74",
  "snap_recipients" : "115",
  "saga_cash_cases" : "6",
  "town_name" : "North Branford",
  "tfa_regular_recipients" : "42",
  "saga_med_cases" : "35",
  "saga_med_recipients" : "35",
  "saga_cash_recipients" : "6",
  "tfa_total_cases" : "23",
  "state_supplement_disabled" : "15",
  "tfa_two_parent_recipients" : "1",
  "state_supplement_aged" : "4",
  "total_medicaid_cases" : "301",
  "tfa_total_recipients" : "43",
  "total_medicaid_recipients" : "526",
  "state_supplement_total" : "19"
}
, {
  "tfa_regular_cases" : "8",
  "town_code" : "100",
  "snap_cases" : "33",
  "snap_recipients" : "63",
  "saga_cash_cases" : "1",
  "town_name" : "North Canaan*",
  "tfa_regular_recipients" : "15",
  "saga_med_cases" : "9",
  "saga_med_recipients" : "9",
  "saga_cash_recipients" : "1",
  "tfa_total_cases" : "8",
  "state_supplement_disabled" : "7",
  "total_medicaid_cases" : "214",
  "tfa_total_recipients" : "15",
  "total_medicaid_recipients" : "376",
  "state_supplement_total" : "7"
}
, {
  "tfa_regular_cases" : "38",
  "tfa_two_parent_cases" : "1",
  "town_code" : "101",
  "snap_cases" : "135",
  "snap_recipients" : "204",
  "saga_cash_cases" : "11",
  "town_name" : "North Haven",
  "tfa_regular_recipients" : "65",
  "saga_med_cases" : "55",
  "saga_med_recipients" : "55",
  "saga_cash_recipients" : "11",
  "tfa_total_cases" : "39",
  "state_supplement_disabled" : "48",
  "tfa_two_parent_recipients" : "3",
  "state_supplement_aged" : "14",
  "total_medicaid_cases" : "700",
  "tfa_total_recipients" : "68",
  "total_medicaid_recipients" : "1062",
  "state_supplement_total" : "62"
}
, {
  "tfa_regular_cases" : "10",
  "town_code" : "102",
  "snap_cases" : "21",
  "snap_recipients" : "44",
  "town_name" : "North Stonington",
  "tfa_regular_recipients" : "24",
  "saga_med_cases" : "10",
  "saga_med_recipients" : "10",
  "tfa_total_cases" : "10",
  "state_supplement_disabled" : "9",
  "tfa_two_parent_recipients" : "5",
  "state_supplement_blind" : "1",
  "total_medicaid_cases" : "141",
  "tfa_total_recipients" : "29",
  "total_medicaid_recipients" : "265",
  "state_supplement_total" : "10"
}
, {
  "tfa_regular_cases" : "392",
  "tfa_two_parent_cases" : "17",
  "town_code" : "103",
  "snap_cases" : "1478",
  "snap_recipients" : "2625",
  "saga_cash_cases" : "121",
  "town_name" : "Norwalk",
  "tfa_regular_recipients" : "822",
  "saga_med_cases" : "460",
  "saga_med_recipients" : "460",
  "saga_cash_recipients" : "122",
  "tfa_total_cases" : "409",
  "state_supplement_disabled" : "249",
  "tfa_two_parent_recipients" : "61",
  "state_supplement_aged" : "105",
  "state_supplement_blind" : "3",
  "total_medicaid_cases" : "4732",
  "tfa_total_recipients" : "883",
  "total_medicaid_recipients" : "7830",
  "state_supplement_total" : "358"
}
, {
  "tfa_regular_cases" : "299",
  "tfa_two_parent_cases" : "24",
  "town_code" : "104",
  "snap_cases" : "1500",
  "snap_recipients" : "2870",
  "saga_cash_cases" : "41",
  "town_name" : "Norwich",
  "tfa_regular_recipients" : "667",
  "saga_med_cases" : "220",
  "saga_med_recipients" : "220",
  "saga_cash_recipients" : "41",
  "tfa_total_cases" : "323",
  "state_supplement_disabled" : "310",
  "tfa_two_parent_recipients" : "92",
  "state_supplement_aged" : "91",
  "state_supplement_blind" : "1",
  "total_medicaid_cases" : "3676",
  "tfa_total_recipients" : "759",
  "total_medicaid_recipients" : "6391",
  "state_supplement_total" : "403"
}
, {
  "tfa_regular_cases" : "2",
  "town_code" : "105",
  "snap_cases" : "24",
  "snap_recipients" : "33",
  "saga_cash_cases" : "4",
  "town_name" : "Old Lyme",
  "tfa_regular_recipients" : "5",
  "saga_med_cases" : "11",
  "saga_med_recipients" : "11",
  "saga_cash_recipients" : "4",
  "tfa_total_cases" : "2",
  "state_supplement_disabled" : "14",
  "tfa_two_parent_recipients" : "2",
  "state_supplement_aged" : "1",
  "state_supplement_blind" : "1",
  "total_medicaid_cases" : "118",
  "tfa_total_recipients" : "7",
  "total_medicaid_recipients" : "207",
  "state_supplement_total" : "16"
}
, {
  "tfa_regular_cases" : "9",
  "tfa_two_parent_cases" : "2",
  "town_code" : "106",
  "snap_cases" : "52",
  "snap_recipients" : "93",
  "saga_cash_cases" : "5",
  "town_name" : "Old Saybrook",
  "tfa_regular_recipients" : "20",
  "saga_med_cases" : "28",
  "saga_med_recipients" : "28",
  "saga_cash_recipients" : "5",
  "tfa_total_cases" : "11",
  "state_supplement_disabled" : "18",
  "tfa_two_parent_recipients" : "7",
  "state_supplement_aged" : "4",
  "total_medicaid_cases" : "409",
  "tfa_total_recipients" : "27",
  "total_medicaid_recipients" : "630",
  "state_supplement_total" : "22"
}
, {
  "tfa_regular_cases" : "10",
  "town_code" : "107",
  "snap_cases" : "40",
  "snap_recipients" : "58",
  "saga_cash_cases" : "2",
  "town_name" : "Orange",
  "tfa_regular_recipients" : "14",
  "saga_med_cases" : "24",
  "saga_med_recipients" : "24",
  "saga_cash_recipients" : "2",
  "tfa_total_cases" : "10",
  "state_supplement_disabled" : "21",
  "tfa_two_parent_recipients" : "1",
  "state_supplement_aged" : "7",
  "total_medicaid_cases" : "237",
  "tfa_total_recipients" : "15",
  "total_medicaid_recipients" : "348",
  "state_supplement_total" : "28"
}
, {
  "tfa_regular_cases" : "4",
  "town_code" : "108",
  "snap_cases" : "32",
  "snap_recipients" : "50",
  "saga_cash_cases" : "7",
  "town_name" : "Oxford",
  "tfa_regular_recipients" : "11",
  "saga_med_cases" : "18",
  "saga_med_recipients" : "18",
  "saga_cash_recipients" : "7",
  "tfa_total_cases" : "4",
  "state_supplement_disabled" : "12",
  "state_supplement_aged" : "1",
  "total_medicaid_cases" : "198",
  "tfa_total_recipients" : "11",
  "total_medicaid_recipients" : "382",
  "state_supplement_total" : "13"
}
, {
  "tfa_regular_cases" : "68",
  "tfa_two_parent_cases" : "4",
  "town_code" : "109",
  "snap_cases" : "305",
  "snap_recipients" : "622",
  "saga_cash_cases" : "14",
  "town_name" : "Plainfield",
  "tfa_regular_recipients" : "138",
  "saga_med_cases" : "58",
  "saga_med_recipients" : "58",
  "saga_cash_recipients" : "15",
  "tfa_total_cases" : "72",
  "state_supplement_disabled" : "69",
  "tfa_two_parent_recipients" : "18",
  "state_supplement_aged" : "7",
  "state_supplement_blind" : "1",
  "total_medicaid_cases" : "1117",
  "tfa_total_recipients" : "156",
  "total_medicaid_recipients" : "2032",
  "state_supplement_total" : "78"
}
, {
  "tfa_regular_cases" : "50",
  "tfa_two_parent_cases" : "6",
  "town_code" : "110",
  "snap_cases" : "258",
  "snap_recipients" : "434",
  "saga_cash_cases" : "19",
  "town_name" : "Plainville",
  "tfa_regular_recipients" : "103",
  "saga_med_cases" : "93",
  "saga_med_recipients" : "93",
  "saga_cash_recipients" : "19",
  "tfa_total_cases" : "56",
  "state_supplement_disabled" : "63",
  "tfa_two_parent_recipients" : "26",
  "state_supplement_aged" : "18",
  "total_medicaid_cases" : "840",
  "tfa_total_recipients" : "129",
  "total_medicaid_recipients" : "1308",
  "state_supplement_total" : "82"
}
, {
  "tfa_regular_cases" : "47",
  "tfa_two_parent_cases" : "2",
  "town_code" : "111",
  "snap_cases" : "152",
  "snap_recipients" : "299",
  "saga_cash_cases" : "10",
  "town_name" : "Plymouth",
  "tfa_regular_recipients" : "92",
  "saga_med_cases" : "49",
  "saga_med_recipients" : "49",
  "saga_cash_recipients" : "10",
  "tfa_total_cases" : "49",
  "state_supplement_disabled" : "23",
  "tfa_two_parent_recipients" : "9",
  "state_supplement_aged" : "12",
  "total_medicaid_cases" : "553",
  "tfa_total_recipients" : "101",
  "total_medicaid_recipients" : "1080",
  "state_supplement_total" : "35"
}
, {
  "tfa_regular_cases" : "4",
  "tfa_two_parent_cases" : "0",
  "town_code" : "112",
  "snap_cases" : "24",
  "snap_recipients" : "50",
  "saga_cash_cases" : "1",
  "town_name" : "Pomfret",
  "tfa_regular_recipients" : "8",
  "saga_med_cases" : "8",
  "saga_med_recipients" : "8",
  "saga_cash_recipients" : "1",
  "tfa_total_cases" : "4",
  "state_supplement_disabled" : "9",
  "tfa_two_parent_recipients" : "0",
  "state_supplement_aged" : "10",
  "total_medicaid_cases" : "106",
  "tfa_total_recipients" : "8",
  "total_medicaid_recipients" : "200",
  "state_supplement_total" : "19"
}
, {
  "tfa_regular_cases" : "20",
  "town_code" : "113",
  "snap_cases" : "86",
  "snap_recipients" : "169",
  "saga_cash_cases" : "3",
  "town_name" : "Portland",
  "tfa_regular_recipients" : "52",
  "saga_med_cases" : "24",
  "saga_med_recipients" : "24",
  "saga_cash_recipients" : "4",
  "tfa_total_cases" : "20",
  "state_supplement_disabled" : "26",
  "tfa_two_parent_recipients" : "2",
  "state_supplement_aged" : "25",
  "total_medicaid_cases" : "352",
  "tfa_total_recipients" : "54",
  "total_medicaid_recipients" : "612",
  "state_supplement_total" : "51"
}
, {
  "tfa_regular_cases" : "8",
  "town_code" : "114",
  "snap_cases" : "36",
  "snap_recipients" : "55",
  "saga_cash_cases" : "7",
  "town_name" : "Preston",
  "tfa_regular_recipients" : "17",
  "saga_med_cases" : "10",
  "saga_med_recipients" : "10",
  "saga_cash_recipients" : "7",
  "tfa_total_cases" : "8",
  "state_supplement_disabled" : "13",
  "state_supplement_aged" : "1",
  "total_medicaid_cases" : "130",
  "tfa_total_recipients" : "17",
  "total_medicaid_recipients" : "243",
  "state_supplement_total" : "14"
}
, {
  "tfa_regular_cases" : "8",
  "town_code" : "115",
  "snap_cases" : "26",
  "snap_recipients" : "50",
  "saga_cash_cases" : "6",
  "town_name" : "Prospect",
  "tfa_regular_recipients" : "14",
  "saga_med_cases" : "13",
  "saga_med_recipients" : "13",
  "saga_cash_recipients" : "6",
  "tfa_total_cases" : "8",
  "state_supplement_disabled" : "8",
  "state_supplement_aged" : "3",
  "total_medicaid_cases" : "313",
  "tfa_total_recipients" : "14",
  "total_medicaid_recipients" : "489",
  "state_supplement_total" : "11"
}
, {
  "tfa_regular_cases" : "56",
  "tfa_two_parent_cases" : "2",
  "town_code" : "116",
  "snap_cases" : "280",
  "snap_recipients" : "534",
  "saga_cash_cases" : "17",
  "town_name" : "Putnam",
  "tfa_regular_recipients" : "111",
  "saga_med_cases" : "61",
  "saga_med_recipients" : "61",
  "saga_cash_recipients" : "18",
  "tfa_total_cases" : "58",
  "state_supplement_disabled" : "37",
  "tfa_two_parent_recipients" : "9",
  "state_supplement_aged" : "29",
  "total_medicaid_cases" : "854",
  "tfa_total_recipients" : "120",
  "total_medicaid_recipients" : "1492",
  "state_supplement_total" : "66"
}
, {
  "tfa_regular_cases" : "1",
  "town_code" : "117",
  "snap_cases" : "9",
  "snap_recipients" : "15",
  "saga_cash_cases" : "1",
  "town_name" : "Redding",
  "tfa_regular_recipients" : "2",
  "saga_med_cases" : "6",
  "saga_med_recipients" : "6",
  "saga_cash_recipients" : "3",
  "tfa_total_cases" : "1",
  "state_supplement_disabled" : "3",
  "state_supplement_aged" : "1",
  "total_medicaid_cases" : "56",
  "tfa_total_recipients" : "2",
  "total_medicaid_recipients" : "99",
  "state_supplement_total" : "4"
}
, {
  "tfa_regular_cases" : "5",
  "town_code" : "118",
  "snap_cases" : "39",
  "snap_recipients" : "52",
  "saga_cash_cases" : "4",
  "town_name" : "Ridgefield",
  "tfa_regular_recipients" : "11",
  "saga_med_cases" : "18",
  "saga_med_recipients" : "18",
  "saga_cash_recipients" : "4",
  "tfa_total_cases" : "5",
  "state_supplement_disabled" : "6",
  "state_supplement_aged" : "5",
  "total_medicaid_cases" : "292",
  "tfa_total_recipients" : "11",
  "total_medicaid_recipients" : "424",
  "state_supplement_total" : "11"
}
, {
  "tfa_regular_cases" : "11",
  "tfa_two_parent_cases" : "1",
  "town_code" : "119",
  "snap_cases" : "106",
  "snap_recipients" : "163",
  "saga_cash_cases" : "13",
  "town_name" : "Rocky Hill",
  "tfa_regular_recipients" : "22",
  "saga_med_cases" : "38",
  "saga_med_recipients" : "38",
  "saga_cash_recipients" : "13",
  "tfa_total_cases" : "12",
  "state_supplement_disabled" : "36",
  "tfa_two_parent_recipients" : "6",
  "state_supplement_aged" : "19",
  "total_medicaid_cases" : "697",
  "tfa_total_recipients" : "28",
  "total_medicaid_recipients" : "939",
  "state_supplement_total" : "55"
}
, {
  "town_code" : "120",
  "snap_cases" : "3",
  "snap_recipients" : "3",
  "town_name" : "Roxbury",
  "tfa_regular_recipients" : "1",
  "tfa_total_cases" : "0",
  "state_supplement_disabled" : "6",
  "state_supplement_aged" : "3",
  "total_medicaid_cases" : "30",
  "tfa_total_recipients" : "1",
  "total_medicaid_recipients" : "53",
  "state_supplement_total" : "9"
}
, {
  "tfa_regular_cases" : "5",
  "town_code" : "121",
  "snap_cases" : "15",
  "snap_recipients" : "26",
  "town_name" : "Salem",
  "tfa_regular_recipients" : "9",
  "saga_med_cases" : "4",
  "saga_med_recipients" : "4",
  "tfa_total_cases" : "5",
  "state_supplement_disabled" : "8",
  "tfa_two_parent_recipients" : "1",
  "state_supplement_aged" : "1",
  "total_medicaid_cases" : "88",
  "tfa_total_recipients" : "10",
  "total_medicaid_recipients" : "158",
  "state_supplement_total" : "9"
}
, {
  "tfa_regular_cases" : "2",
  "town_code" : "122",
  "snap_cases" : "12",
  "snap_recipients" : "20",
  "town_name" : "Salisbury",
  "tfa_regular_recipients" : "4",
  "saga_med_cases" : "9",
  "saga_med_recipients" : "9",
  "tfa_total_cases" : "2",
  "state_supplement_disabled" : "2",
  "state_supplement_aged" : "5",
  "total_medicaid_cases" : "129",
  "tfa_total_recipients" : "4",
  "total_medicaid_recipients" : "217",
  "state_supplement_total" : "7"
}
, {
  "tfa_regular_cases" : "1",
  "town_code" : "123",
  "snap_cases" : "4",
  "snap_recipients" : "9",
  "town_name" : "Scotland",
  "tfa_regular_recipients" : "2",
  "saga_med_cases" : "2",
  "saga_med_recipients" : "2",
  "tfa_total_cases" : "1",
  "state_supplement_disabled" : "2",
  "total_medicaid_cases" : "37",
  "tfa_total_recipients" : "2",
  "total_medicaid_recipients" : "78",
  "state_supplement_total" : "2"
}
, {
  "tfa_regular_cases" : "42",
  "tfa_two_parent_cases" : "2",
  "town_code" : "124",
  "snap_cases" : "193",
  "snap_recipients" : "345",
  "saga_cash_cases" : "19",
  "town_name" : "Seymour",
  "tfa_regular_recipients" : "95",
  "saga_med_cases" : "52",
  "saga_med_recipients" : "52",
  "saga_cash_recipients" : "19",
  "tfa_total_cases" : "44",
  "state_supplement_disabled" : "34",
  "tfa_two_parent_recipients" : "9",
  "state_supplement_aged" : "5",
  "total_medicaid_cases" : "640",
  "tfa_total_recipients" : "104",
  "total_medicaid_recipients" : "1078",
  "state_supplement_total" : "40"
}
, {
  "tfa_regular_cases" : "1",
  "tfa_two_parent_cases" : "1",
  "town_code" : "125",
  "snap_cases" : "8",
  "snap_recipients" : "11",
  "town_name" : "Sharon",
  "tfa_regular_recipients" : "1",
  "saga_med_cases" : "53",
  "saga_med_recipients" : "53",
  "tfa_total_cases" : "2",
  "tfa_two_parent_recipients" : "1",
  "total_medicaid_cases" : "81",
  "tfa_total_recipients" : "2",
  "total_medicaid_recipients" : "137",
  "state_supplement_total" : "1"
}
, {
  "tfa_regular_cases" : "57",
  "tfa_two_parent_cases" : "3",
  "town_code" : "126",
  "snap_cases" : "283",
  "snap_recipients" : "478",
  "saga_cash_cases" : "16",
  "town_name" : "Shelton",
  "tfa_regular_recipients" : "121",
  "saga_med_cases" : "99",
  "saga_med_recipients" : "99",
  "saga_cash_recipients" : "16",
  "tfa_total_cases" : "60",
  "state_supplement_disabled" : "53",
  "tfa_two_parent_recipients" : "13",
  "state_supplement_aged" : "35",
  "total_medicaid_cases" : "1305",
  "tfa_total_recipients" : "134",
  "total_medicaid_recipients" : "2037",
  "state_supplement_total" : "88"
}
, {
  "tfa_regular_cases" : "1",
  "tfa_two_parent_cases" : "1",
  "town_code" : "127",
  "snap_cases" : "6",
  "snap_recipients" : "14",
  "town_name" : "Sherman",
  "tfa_regular_recipients" : "4",
  "saga_med_cases" : "3",
  "saga_med_recipients" : "3",
  "tfa_total_cases" : "2",
  "tfa_two_parent_recipients" : "4",
  "total_medicaid_cases" : "58",
  "tfa_total_recipients" : "8",
  "total_medicaid_recipients" : "131"
}
, {
  "tfa_regular_cases" : "9",
  "town_code" : "128",
  "snap_cases" : "53",
  "snap_recipients" : "73",
  "saga_cash_cases" : "4",
  "town_name" : "Simsbury",
  "tfa_regular_recipients" : "18",
  "saga_med_cases" : "24",
  "saga_med_recipients" : "24",
  "saga_cash_recipients" : "4",
  "tfa_total_cases" : "9",
  "state_supplement_disabled" : "18",
  "state_supplement_aged" : "12",
  "total_medicaid_cases" : "391",
  "tfa_total_recipients" : "18",
  "total_medicaid_recipients" : "577",
  "state_supplement_total" : "30"
}
, {
  "tfa_regular_cases" : "7",
  "tfa_two_parent_cases" : "1",
  "town_code" : "129",
  "snap_cases" : "35",
  "snap_recipients" : "56",
  "saga_cash_cases" : "1",
  "town_name" : "Somers",
  "tfa_regular_recipients" : "15",
  "saga_med_cases" : "13",
  "saga_med_recipients" : "13",
  "saga_cash_recipients" : "1",
  "tfa_total_cases" : "8",
  "state_supplement_disabled" : "8",
  "tfa_two_parent_recipients" : "5",
  "state_supplement_aged" : "3",
  "total_medicaid_cases" : "148",
  "tfa_total_recipients" : "20",
  "total_medicaid_recipients" : "253",
  "state_supplement_total" : "12"
}
, {
  "tfa_regular_cases" : "11",
  "town_code" : "130",
  "snap_cases" : "44",
  "snap_recipients" : "78",
  "town_name" : "Southbury",
  "tfa_regular_recipients" : "20",
  "saga_med_cases" : "17",
  "saga_med_recipients" : "17",
  "tfa_total_cases" : "11",
  "state_supplement_disabled" : "35",
  "state_supplement_aged" : "13",
  "total_medicaid_cases" : "997",
  "tfa_total_recipients" : "20",
  "total_medicaid_recipients" : "1196",
  "state_supplement_total" : "50"
}
, {
  "tfa_regular_cases" : "75",
  "tfa_two_parent_cases" : "8",
  "town_code" : "131",
  "snap_cases" : "304",
  "snap_recipients" : "546",
  "saga_cash_cases" : "19",
  "town_name" : "Southington",
  "tfa_regular_recipients" : "148",
  "saga_med_cases" : "112",
  "saga_med_recipients" : "112",
  "saga_cash_recipients" : "19",
  "tfa_total_cases" : "83",
  "state_supplement_disabled" : "50",
  "tfa_two_parent_recipients" : "28",
  "state_supplement_aged" : "16",
  "state_supplement_blind" : "2",
  "total_medicaid_cases" : "1255",
  "tfa_total_recipients" : "176",
  "total_medicaid_recipients" : "2074",
  "state_supplement_total" : "69"
}
, {
  "tfa_regular_cases" : "19",
  "town_code" : "132",
  "snap_cases" : "78",
  "snap_recipients" : "116",
  "saga_cash_cases" : "7",
  "town_name" : "South Windsor",
  "tfa_regular_recipients" : "37",
  "saga_med_cases" : "39",
  "saga_med_recipients" : "39",
  "saga_cash_recipients" : "7",
  "tfa_total_cases" : "19",
  "state_supplement_disabled" : "24",
  "tfa_two_parent_recipients" : "2",
  "state_supplement_aged" : "20",
  "state_supplement_blind" : "1",
  "total_medicaid_cases" : "510",
  "tfa_total_recipients" : "39",
  "total_medicaid_recipients" : "791",
  "state_supplement_total" : "45"
}
, {
  "tfa_regular_cases" : "16",
  "tfa_two_parent_cases" : "2",
  "town_code" : "133",
  "snap_cases" : "58",
  "snap_recipients" : "123",
  "town_name" : "Sprague",
  "tfa_regular_recipients" : "29",
  "saga_med_cases" : "16",
  "saga_med_recipients" : "16",
  "tfa_total_cases" : "18",
  "state_supplement_disabled" : "12",
  "tfa_two_parent_recipients" : "11",
  "state_supplement_aged" : "4",
  "total_medicaid_cases" : "182",
  "tfa_total_recipients" : "40",
  "total_medicaid_recipients" : "330",
  "state_supplement_total" : "17"
}
, {
  "tfa_regular_cases" : "39",
  "tfa_two_parent_cases" : "2",
  "town_code" : "134",
  "snap_cases" : "131",
  "snap_recipients" : "233",
  "saga_cash_cases" : "6",
  "town_name" : "Stafford",
  "tfa_regular_recipients" : "75",
  "saga_med_cases" : "38",
  "saga_med_recipients" : "38",
  "saga_cash_recipients" : "6",
  "tfa_total_cases" : "41",
  "state_supplement_disabled" : "22",
  "tfa_two_parent_recipients" : "7",
  "state_supplement_aged" : "5",
  "total_medicaid_cases" : "570",
  "tfa_total_recipients" : "82",
  "total_medicaid_recipients" : "996",
  "state_supplement_total" : "26"
}
, {
  "tfa_regular_cases" : "363",
  "tfa_two_parent_cases" : "12",
  "town_code" : "135",
  "snap_cases" : "1775",
  "snap_recipients" : "2884",
  "saga_cash_cases" : "136",
  "town_name" : "Stamford",
  "tfa_regular_recipients" : "679",
  "saga_med_cases" : "533",
  "saga_med_recipients" : "534",
  "saga_cash_recipients" : "136",
  "tfa_total_cases" : "375",
  "state_supplement_disabled" : "265",
  "tfa_two_parent_recipients" : "45",
  "state_supplement_aged" : "341",
  "state_supplement_blind" : "3",
  "total_medicaid_cases" : "6653",
  "tfa_total_recipients" : "724",
  "total_medicaid_recipients" : "10502",
  "state_supplement_total" : "610"
}
, {
  "tfa_regular_cases" : "15",
  "town_code" : "136",
  "snap_cases" : "47",
  "snap_recipients" : "86",
  "saga_cash_cases" : "1",
  "town_name" : "Sterling",
  "tfa_regular_recipients" : "25",
  "saga_med_cases" : "11",
  "saga_med_recipients" : "11",
  "saga_cash_recipients" : "1",
  "tfa_total_cases" : "15",
  "state_supplement_disabled" : "11",
  "tfa_two_parent_recipients" : "1",
  "total_medicaid_cases" : "154",
  "tfa_total_recipients" : "26",
  "total_medicaid_recipients" : "293",
  "state_supplement_total" : "11"
}
, {
  "tfa_regular_cases" : "48",
  "tfa_two_parent_cases" : "4",
  "town_code" : "137",
  "snap_cases" : "209",
  "snap_recipients" : "379",
  "saga_cash_cases" : "10",
  "town_name" : "Stonington",
  "tfa_regular_recipients" : "106",
  "saga_med_cases" : "59",
  "saga_med_recipients" : "59",
  "saga_cash_recipients" : "12",
  "tfa_total_cases" : "52",
  "state_supplement_disabled" : "71",
  "tfa_two_parent_recipients" : "15",
  "state_supplement_aged" : "8",
  "total_medicaid_cases" : "894",
  "tfa_total_recipients" : "121",
  "total_medicaid_recipients" : "1485",
  "state_supplement_total" : "79"
}
, {
  "tfa_regular_cases" : "172",
  "tfa_two_parent_cases" : "6",
  "town_code" : "138",
  "snap_cases" : "583",
  "snap_recipients" : "1133",
  "saga_cash_cases" : "40",
  "town_name" : "Stratford",
  "tfa_regular_recipients" : "360",
  "saga_med_cases" : "194",
  "saga_med_recipients" : "194",
  "saga_cash_recipients" : "46",
  "tfa_total_cases" : "178",
  "state_supplement_disabled" : "87",
  "tfa_two_parent_recipients" : "25",
  "state_supplement_aged" : "34",
  "total_medicaid_cases" : "2240",
  "tfa_total_recipients" : "385",
  "total_medicaid_recipients" : "3988",
  "state_supplement_total" : "122"
}
, {
  "tfa_regular_cases" : "13",
  "town_code" : "139",
  "snap_cases" : "50",
  "snap_recipients" : "88",
  "saga_cash_cases" : "2",
  "town_name" : "Suffield",
  "tfa_regular_recipients" : "22",
  "saga_med_cases" : "9",
  "saga_med_recipients" : "9",
  "saga_cash_recipients" : "2",
  "tfa_total_cases" : "13",
  "state_supplement_disabled" : "19",
  "tfa_two_parent_recipients" : "2",
  "state_supplement_aged" : "3",
  "total_medicaid_cases" : "277",
  "tfa_total_recipients" : "24",
  "total_medicaid_recipients" : "429",
  "state_supplement_total" : "24"
}
, {
  "tfa_regular_cases" : "13",
  "tfa_two_parent_cases" : "3",
  "town_code" : "140",
  "snap_cases" : "61",
  "snap_recipients" : "119",
  "saga_cash_cases" : "3",
  "town_name" : "Thomaston",
  "tfa_regular_recipients" : "27",
  "saga_med_cases" : "23",
  "saga_med_recipients" : "23",
  "saga_cash_recipients" : "3",
  "tfa_total_cases" : "16",
  "state_supplement_disabled" : "10",
  "tfa_two_parent_recipients" : "12",
  "state_supplement_aged" : "1",
  "state_supplement_blind" : "1",
  "total_medicaid_cases" : "265",
  "tfa_total_recipients" : "39",
  "total_medicaid_recipients" : "512",
  "state_supplement_total" : "12"
}
, {
  "tfa_regular_cases" : "23",
  "tfa_two_parent_cases" : "2",
  "town_code" : "141",
  "snap_cases" : "114",
  "snap_recipients" : "238",
  "saga_cash_cases" : "5",
  "town_name" : "Thompson",
  "tfa_regular_recipients" : "46",
  "saga_med_cases" : "25",
  "saga_med_recipients" : "25",
  "saga_cash_recipients" : "5",
  "tfa_total_cases" : "25",
  "state_supplement_disabled" : "19",
  "tfa_two_parent_recipients" : "11",
  "state_supplement_aged" : "4",
  "state_supplement_blind" : "1",
  "total_medicaid_cases" : "353",
  "tfa_total_recipients" : "57",
  "total_medicaid_recipients" : "679",
  "state_supplement_total" : "24"
}
, {
  "tfa_regular_cases" : "9",
  "town_code" : "142",
  "snap_cases" : "30",
  "snap_recipients" : "42",
  "saga_cash_cases" : "3",
  "town_name" : "Tolland",
  "tfa_regular_recipients" : "16",
  "saga_med_cases" : "15",
  "saga_med_recipients" : "15",
  "saga_cash_recipients" : "4",
  "tfa_total_cases" : "9",
  "state_supplement_disabled" : "13",
  "tfa_two_parent_recipients" : "3",
  "state_supplement_aged" : "5",
  "total_medicaid_cases" : "234",
  "tfa_total_recipients" : "19",
  "total_medicaid_recipients" : "370",
  "state_supplement_total" : "18"
}
, {
  "tfa_regular_cases" : "172",
  "tfa_two_parent_cases" : "17",
  "town_code" : "143",
  "snap_cases" : "881",
  "snap_recipients" : "1553",
  "saga_cash_cases" : "47",
  "town_name" : "Torrington",
  "tfa_regular_recipients" : "374",
  "saga_med_cases" : "313",
  "saga_med_recipients" : "313",
  "saga_cash_recipients" : "47",
  "tfa_total_cases" : "189",
  "state_supplement_disabled" : "236",
  "tfa_two_parent_recipients" : "64",
  "state_supplement_aged" : "30",
  "state_supplement_blind" : "2",
  "total_medicaid_cases" : "2821",
  "tfa_total_recipients" : "438",
  "total_medicaid_recipients" : "4841",
  "state_supplement_total" : "269"
}
, {
  "tfa_regular_cases" : "22",
  "tfa_two_parent_cases" : "1",
  "town_code" : "144",
  "snap_cases" : "120",
  "snap_recipients" : "171",
  "saga_cash_cases" : "8",
  "town_name" : "Trumbull",
  "tfa_regular_recipients" : "40",
  "saga_med_cases" : "53",
  "saga_med_recipients" : "53",
  "saga_cash_recipients" : "8",
  "tfa_total_cases" : "23",
  "state_supplement_disabled" : "60",
  "tfa_two_parent_recipients" : "8",
  "state_supplement_aged" : "34",
  "total_medicaid_cases" : "879",
  "tfa_total_recipients" : "48",
  "total_medicaid_recipients" : "1265",
  "state_supplement_total" : "94"
}
, {
  "town_code" : "145",
  "snap_cases" : "1",
  "snap_recipients" : "2",
  "town_name" : "Union",
  "tfa_regular_recipients" : "1",
  "tfa_total_cases" : "0",
  "state_supplement_aged" : "1",
  "total_medicaid_cases" : "5",
  "tfa_total_recipients" : "1",
  "total_medicaid_recipients" : "18",
  "state_supplement_total" : "1"
}
, {
  "tfa_regular_cases" : "154",
  "tfa_two_parent_cases" : "11",
  "town_code" : "146",
  "snap_cases" : "524",
  "snap_recipients" : "1038",
  "saga_cash_cases" : "34",
  "town_name" : "Vernon",
  "tfa_regular_recipients" : "334",
  "saga_med_cases" : "104",
  "saga_med_recipients" : "104",
  "saga_cash_recipients" : "34",
  "tfa_total_cases" : "165",
  "state_supplement_disabled" : "156",
  "tfa_two_parent_recipients" : "42",
  "state_supplement_aged" : "34",
  "state_supplement_blind" : "4",
  "total_medicaid_cases" : "1745",
  "tfa_total_recipients" : "376",
  "total_medicaid_recipients" : "3030",
  "state_supplement_total" : "195"
}
, {
  "tfa_regular_cases" : "6",
  "town_code" : "147",
  "snap_cases" : "34",
  "snap_recipients" : "48",
  "town_name" : "Voluntown",
  "tfa_regular_recipients" : "12",
  "saga_med_cases" : "9",
  "saga_med_recipients" : "9",
  "tfa_total_cases" : "6",
  "state_supplement_disabled" : "7",
  "state_supplement_aged" : "2",
  "total_medicaid_cases" : "109",
  "tfa_total_recipients" : "12",
  "total_medicaid_recipients" : "191",
  "state_supplement_total" : "9"
}
, {
  "tfa_regular_cases" : "92",
  "tfa_two_parent_cases" : "5",
  "town_code" : "148",
  "snap_cases" : "325",
  "snap_recipients" : "567",
  "saga_cash_cases" : "24",
  "town_name" : "Wallingford",
  "tfa_regular_recipients" : "191",
  "saga_med_cases" : "117",
  "saga_med_recipients" : "117",
  "saga_cash_recipients" : "24",
  "tfa_total_cases" : "97",
  "state_supplement_disabled" : "97",
  "tfa_two_parent_recipients" : "20",
  "state_supplement_aged" : "83",
  "total_medicaid_cases" : "1790",
  "tfa_total_recipients" : "211",
  "total_medicaid_recipients" : "2734",
  "state_supplement_total" : "181"
}
, {
  "tfa_regular_cases" : "1",
  "town_code" : "149",
  "snap_cases" : "2",
  "snap_recipients" : "6",
  "town_name" : "Warren",
  "tfa_regular_recipients" : "2",
  "saga_med_cases" : "1",
  "saga_med_recipients" : "1",
  "tfa_total_cases" : "1",
  "total_medicaid_cases" : "18",
  "tfa_total_recipients" : "2",
  "total_medicaid_recipients" : "46"
}
, {
  "tfa_regular_cases" : "1",
  "town_code" : "150",
  "snap_cases" : "11",
  "snap_recipients" : "17",
  "saga_cash_cases" : "1",
  "town_name" : "Washington",
  "tfa_regular_recipients" : "2",
  "saga_med_cases" : "7",
  "saga_med_recipients" : "7",
  "saga_cash_recipients" : "1",
  "tfa_total_cases" : "1",
  "state_supplement_disabled" : "5",
  "state_supplement_aged" : "10",
  "total_medicaid_cases" : "114",
  "tfa_total_recipients" : "2",
  "total_medicaid_recipients" : "192",
  "state_supplement_total" : "15"
}
, {
  "tfa_regular_cases" : "1826",
  "tfa_two_parent_cases" : "147",
  "town_code" : "151",
  "snap_cases" : "7508",
  "snap_recipients" : "15941",
  "saga_cash_cases" : "289",
  "town_name" : "Waterbury",
  "tfa_regular_recipients" : "4105",
  "saga_med_cases" : "1799",
  "saga_med_recipients" : "1799",
  "saga_cash_recipients" : "299",
  "tfa_total_cases" : "1973",
  "state_supplement_disabled" : "1040",
  "tfa_two_parent_recipients" : "545",
  "state_supplement_aged" : "353",
  "state_supplement_blind" : "2",
  "total_medicaid_cases" : "15032",
  "tfa_total_recipients" : "4650",
  "total_medicaid_recipients" : "28128",
  "state_supplement_total" : "1396"
}
, {
  "tfa_regular_cases" : "20",
  "tfa_two_parent_cases" : "2",
  "town_code" : "152",
  "snap_cases" : "124",
  "snap_recipients" : "201",
  "saga_cash_cases" : "14",
  "town_name" : "Waterford",
  "tfa_regular_recipients" : "34",
  "saga_med_cases" : "37",
  "saga_med_recipients" : "37",
  "saga_cash_recipients" : "14",
  "tfa_total_cases" : "22",
  "state_supplement_disabled" : "41",
  "tfa_two_parent_recipients" : "6",
  "state_supplement_aged" : "13",
  "state_supplement_blind" : "1",
  "total_medicaid_cases" : "857",
  "tfa_total_recipients" : "40",
  "total_medicaid_recipients" : "1237",
  "state_supplement_total" : "55"
}
, {
  "tfa_regular_cases" : "32",
  "tfa_two_parent_cases" : "1",
  "town_code" : "153",
  "snap_cases" : "156",
  "snap_recipients" : "251",
  "saga_cash_cases" : "12",
  "town_name" : "Watertown",
  "tfa_regular_recipients" : "66",
  "saga_med_cases" : "59",
  "saga_med_recipients" : "59",
  "saga_cash_recipients" : "12",
  "tfa_total_cases" : "33",
  "state_supplement_disabled" : "93",
  "tfa_two_parent_recipients" : "6",
  "state_supplement_aged" : "20",
  "state_supplement_blind" : "1",
  "total_medicaid_cases" : "806",
  "tfa_total_recipients" : "72",
  "total_medicaid_recipients" : "1317",
  "state_supplement_total" : "115"
}
, {
  "tfa_regular_cases" : "9",
  "town_code" : "154",
  "snap_cases" : "70",
  "snap_recipients" : "106",
  "saga_cash_cases" : "4",
  "town_name" : "Westbrook",
  "tfa_regular_recipients" : "16",
  "saga_med_cases" : "24",
  "saga_med_recipients" : "24",
  "saga_cash_recipients" : "4",
  "tfa_total_cases" : "9",
  "state_supplement_disabled" : "26",
  "tfa_two_parent_recipients" : "1",
  "state_supplement_aged" : "18",
  "total_medicaid_cases" : "263",
  "tfa_total_recipients" : "17",
  "total_medicaid_recipients" : "424",
  "state_supplement_total" : "46"
}
, {
  "tfa_regular_cases" : "141",
  "tfa_two_parent_cases" : "6",
  "town_code" : "155",
  "snap_cases" : "919",
  "snap_recipients" : "1527",
  "saga_cash_cases" : "48",
  "town_name" : "West Hartford",
  "tfa_regular_recipients" : "273",
  "saga_med_cases" : "202",
  "saga_med_recipients" : "202",
  "saga_cash_recipients" : "48",
  "tfa_total_cases" : "147",
  "state_supplement_disabled" : "238",
  "tfa_two_parent_recipients" : "24",
  "state_supplement_aged" : "394",
  "state_supplement_blind" : "2",
  "total_medicaid_cases" : "3193",
  "tfa_total_recipients" : "297",
  "total_medicaid_recipients" : "4555",
  "state_supplement_total" : "636"
}
, {
  "tfa_regular_cases" : "469",
  "tfa_two_parent_cases" : "21",
  "town_code" : "156",
  "snap_cases" : "1809",
  "snap_recipients" : "3362",
  "saga_cash_cases" : "88",
  "town_name" : "West Haven",
  "tfa_regular_recipients" : "965",
  "saga_med_cases" : "551",
  "saga_med_recipients" : "551",
  "saga_cash_recipients" : "91",
  "tfa_total_cases" : "490",
  "state_supplement_disabled" : "227",
  "tfa_two_parent_recipients" : "82",
  "state_supplement_aged" : "81",
  "total_medicaid_cases" : "4530",
  "tfa_total_recipients" : "1047",
  "total_medicaid_recipients" : "7954",
  "state_supplement_total" : "309"
}
, {
  "tfa_regular_cases" : "5",
  "town_code" : "157",
  "snap_cases" : "3",
  "snap_recipients" : "6",
  "town_name" : "Weston",
  "tfa_regular_recipients" : "9",
  "saga_med_cases" : "4",
  "saga_med_recipients" : "4",
  "tfa_total_cases" : "5",
  "state_supplement_disabled" : "4",
  "state_supplement_aged" : "1",
  "total_medicaid_cases" : "44",
  "tfa_total_recipients" : "9",
  "total_medicaid_recipients" : "73",
  "state_supplement_total" : "6"
}
, {
  "tfa_regular_cases" : "14",
  "town_code" : "158",
  "snap_cases" : "61",
  "snap_recipients" : "98",
  "saga_cash_cases" : "4",
  "town_name" : "Westport",
  "tfa_regular_recipients" : "32",
  "saga_med_cases" : "29",
  "saga_med_recipients" : "29",
  "saga_cash_recipients" : "4",
  "tfa_total_cases" : "14",
  "state_supplement_disabled" : "36",
  "tfa_two_parent_recipients" : "2",
  "state_supplement_aged" : "8",
  "total_medicaid_cases" : "330",
  "tfa_total_recipients" : "34",
  "total_medicaid_recipients" : "475",
  "state_supplement_total" : "45"
}
, {
  "tfa_regular_cases" : "46",
  "tfa_two_parent_cases" : "1",
  "town_code" : "159",
  "snap_cases" : "287",
  "snap_recipients" : "432",
  "saga_cash_cases" : "15",
  "town_name" : "Wethersfield",
  "tfa_regular_recipients" : "94",
  "saga_med_cases" : "66",
  "saga_med_recipients" : "66",
  "saga_cash_recipients" : "15",
  "tfa_total_cases" : "47",
  "state_supplement_disabled" : "56",
  "tfa_two_parent_recipients" : "3",
  "state_supplement_aged" : "32",
  "state_supplement_blind" : "1",
  "total_medicaid_cases" : "977",
  "tfa_total_recipients" : "97",
  "total_medicaid_recipients" : "1475",
  "state_supplement_total" : "90"
}
, {
  "tfa_regular_cases" : "9",
  "town_code" : "160",
  "snap_cases" : "24",
  "snap_recipients" : "42",
  "town_name" : "Willington",
  "tfa_regular_recipients" : "20",
  "saga_med_cases" : "9",
  "saga_med_recipients" : "9",
  "tfa_total_cases" : "9",
  "state_supplement_disabled" : "25",
  "state_supplement_aged" : "9",
  "total_medicaid_cases" : "146",
  "tfa_total_recipients" : "20",
  "total_medicaid_recipients" : "249",
  "state_supplement_total" : "35"
}
, {
  "tfa_regular_cases" : "1",
  "town_code" : "161",
  "snap_cases" : "13",
  "snap_recipients" : "22",
  "saga_cash_cases" : "2",
  "town_name" : "Wilton",
  "tfa_regular_recipients" : "1",
  "saga_med_cases" : "11",
  "saga_med_recipients" : "11",
  "saga_cash_recipients" : "2",
  "tfa_total_cases" : "1",
  "state_supplement_disabled" : "11",
  "tfa_two_parent_recipients" : "1",
  "state_supplement_aged" : "2",
  "total_medicaid_cases" : "294",
  "tfa_total_recipients" : "2",
  "total_medicaid_recipients" : "345",
  "state_supplement_total" : "13"
}
, {
  "tfa_regular_cases" : "68",
  "tfa_two_parent_cases" : "5",
  "town_code" : "162",
  "snap_cases" : "288",
  "snap_recipients" : "564",
  "saga_cash_cases" : "22",
  "town_name" : "Winchester",
  "tfa_regular_recipients" : "153",
  "saga_med_cases" : "90",
  "saga_med_recipients" : "90",
  "saga_cash_recipients" : "22",
  "tfa_total_cases" : "73",
  "state_supplement_disabled" : "74",
  "tfa_two_parent_recipients" : "22",
  "state_supplement_aged" : "7",
  "total_medicaid_cases" : "891",
  "tfa_total_recipients" : "175",
  "total_medicaid_recipients" : "1689",
  "state_supplement_total" : "82"
}
, {
  "tfa_regular_cases" : "301",
  "tfa_two_parent_cases" : "26",
  "town_code" : "163",
  "snap_cases" : "1290",
  "snap_recipients" : "2661",
  "saga_cash_cases" : "39",
  "town_name" : "Windham",
  "tfa_regular_recipients" : "628",
  "saga_med_cases" : "365",
  "saga_med_recipients" : "366",
  "saga_cash_recipients" : "40",
  "tfa_total_cases" : "327",
  "state_supplement_disabled" : "118",
  "tfa_two_parent_recipients" : "82",
  "state_supplement_aged" : "34",
  "state_supplement_blind" : "1",
  "total_medicaid_cases" : "3077",
  "tfa_total_recipients" : "710",
  "total_medicaid_recipients" : "5557",
  "state_supplement_total" : "154"
}
, {
  "tfa_regular_cases" : "117",
  "tfa_two_parent_cases" : "4",
  "town_code" : "164",
  "snap_cases" : "380",
  "snap_recipients" : "644",
  "saga_cash_cases" : "24",
  "town_name" : "Windsor",
  "tfa_regular_recipients" : "218",
  "saga_med_cases" : "132",
  "saga_med_recipients" : "132",
  "saga_cash_recipients" : "26",
  "tfa_total_cases" : "121",
  "state_supplement_disabled" : "92",
  "tfa_two_parent_recipients" : "14",
  "state_supplement_aged" : "56",
  "state_supplement_blind" : "1",
  "total_medicaid_cases" : "1686",
  "tfa_total_recipients" : "232",
  "total_medicaid_recipients" : "2567",
  "state_supplement_total" : "149"
}
, {
  "tfa_regular_cases" : "27",
  "tfa_two_parent_cases" : "4",
  "town_code" : "165",
  "snap_cases" : "142",
  "snap_recipients" : "254",
  "saga_cash_cases" : "10",
  "town_name" : "Windsor Locks",
  "tfa_regular_recipients" : "54",
  "saga_med_cases" : "37",
  "saga_med_recipients" : "37",
  "saga_cash_recipients" : "10",
  "tfa_total_cases" : "31",
  "state_supplement_disabled" : "21",
  "tfa_two_parent_recipients" : "14",
  "state_supplement_aged" : "9",
  "total_medicaid_cases" : "484",
  "tfa_total_recipients" : "68",
  "total_medicaid_recipients" : "911",
  "state_supplement_total" : "30"
}
, {
  "tfa_regular_cases" : "28",
  "town_code" : "166",
  "snap_cases" : "77",
  "snap_recipients" : "152",
  "saga_cash_cases" : "4",
  "town_name" : "Wolcott",
  "tfa_regular_recipients" : "54",
  "saga_med_cases" : "29",
  "saga_med_recipients" : "29",
  "saga_cash_recipients" : "4",
  "tfa_total_cases" : "28",
  "state_supplement_disabled" : "58",
  "tfa_two_parent_recipients" : "2",
  "state_supplement_aged" : "6",
  "total_medicaid_cases" : "572",
  "tfa_total_recipients" : "56",
  "total_medicaid_recipients" : "932",
  "state_supplement_total" : "64"
}
, {
  "tfa_regular_cases" : "7",
  "town_code" : "167",
  "snap_cases" : "30",
  "snap_recipients" : "43",
  "saga_cash_cases" : "1",
  "town_name" : "Woodbridge",
  "tfa_regular_recipients" : "13",
  "saga_med_cases" : "9",
  "saga_med_recipients" : "9",
  "saga_cash_recipients" : "1",
  "tfa_total_cases" : "7",
  "state_supplement_disabled" : "5",
  "tfa_two_parent_recipients" : "1",
  "state_supplement_aged" : "5",
  "total_medicaid_cases" : "159",
  "tfa_total_recipients" : "14",
  "total_medicaid_recipients" : "227",
  "state_supplement_total" : "11"
}
, {
  "tfa_regular_cases" : "2",
  "town_code" : "168",
  "snap_cases" : "20",
  "snap_recipients" : "32",
  "saga_cash_cases" : "1",
  "town_name" : "Woodbury",
  "tfa_regular_recipients" : "5",
  "saga_med_cases" : "10",
  "saga_med_recipients" : "10",
  "saga_cash_recipients" : "1",
  "tfa_total_cases" : "2",
  "state_supplement_disabled" : "21",
  "state_supplement_aged" : "7",
  "total_medicaid_cases" : "195",
  "tfa_total_recipients" : "5",
  "total_medicaid_recipients" : "365",
  "state_supplement_total" : "28"
}
, {
  "tfa_regular_cases" : "10",
  "town_code" : "169",
  "snap_cases" : "33",
  "snap_recipients" : "58",
  "town_name" : "Woodstock",
  "tfa_regular_recipients" : "13",
  "saga_med_cases" : "9",
  "saga_med_recipients" : "9",
  "tfa_total_cases" : "10",
  "state_supplement_disabled" : "3",
  "total_medicaid_cases" : "173",
  "tfa_total_recipients" : "13",
  "total_medicaid_recipients" : "378",
  "state_supplement_total" : "3"
}
, {
  "snap_cases" : "2",
  "snap_recipients" : "2",
  "saga_cash_cases" : "1",
  "town_name" : "Unclassified",
  "saga_med_cases" : "1",
  "saga_med_recipients" : "1",
  "saga_cash_recipients" : "1",
  "tfa_total_cases" : "0",
  "state_supplement_disabled" : "1",
  "total_medicaid_cases" : "372",
  "tfa_total_recipients" : "0",
  "total_medicaid_recipients" : "377",
  "state_supplement_total" : "1"
}
, {
  "tfa_regular_cases" : "21169",
  "tfa_two_parent_cases" : "1258",
  "snap_cases" : "86334",
  "snap_recipients" : "166615",
  "saga_cash_cases" : "4653",
  "town_name" : "STATEWIDE",
  "tfa_regular_recipients" : "46150",
  "saga_med_cases" : "25628",
  "saga_med_recipients" : "25643",
  "saga_cash_recipients" : "4757",
  "tfa_total_cases" : "22427",
  "state_supplement_disabled" : "13289",
  "tfa_two_parent_recipients" : "4596",
  "state_supplement_aged" : "5708",
  "state_supplement_blind" : "114",
  "total_medicaid_cases" : "219252",
  "tfa_total_recipients" : "50746",
  "total_medicaid_recipients" : "379421",
  "state_supplement_total" : "19112"
}
 ]