[ {
  "year" : "2015"
}
, {
  "companion_svcs" : "18.50",
  "home_maker_svcs" : "20.25",
  "agency" : "VNS, Inc. of Southern CT",
  "year" : "2015",
  "town" : "Ansonia",
  "live_in_companion" : "175.00"
}
, {
  "companion_svcs" : "17.50",
  "home_maker_svcs" : "19.50",
  "agency" : "Companions and Homemakers",
  "year" : "2015",
  "town" : "Avon",
  "live_in_companion" : "220.00"
}
, {
  "adult_day_care_full_day" : "71.00",
  "adult_day_care_half_day" : "47.00",
  "agency" : "Friendship Circle Adult Day Center",
  "year" : "2015",
  "town" : "Avon"
}
, {
  "companion_svcs" : "17.50",
  "home_maker_svcs" : "18.50",
  "chore_svcs" : "18.50",
  "agency" : "Help At home, Inc.",
  "year" : "2015",
  "town" : "Avon"
}
, {
  "companion_svcs" : "13.00",
  "home_maker_svcs" : "13.00",
  "agency" : "Tender Heart Homecare, LLC",
  "year" : "2015",
  "town" : "Bantam",
  "live_in_companion" : "150.00"
}
, {
  "companion_svcs" : "17.50",
  "home_maker_svcs" : "19.50",
  "agency" : "Companions and Homemakers",
  "year" : "2015",
  "town" : "Berlin",
  "live_in_companion" : "220.00"
}
, {
  "companion_svcs" : "17.00",
  "home_maker_svcs" : "18.00",
  "chore_svcs" : "20.00",
  "agency" : "Euro-American Connections, LLC",
  "year" : "2015",
  "town" : "Berlin",
  "live_in_companion" : "195.00"
}
, {
  "companion_svcs" : "19.00",
  "home_maker_svcs" : "20.00",
  "agency" : "Euro-American Homecare, LLC",
  "year" : "2015",
  "town" : "Berlin",
  "live_in_companion" : "220.00"
}
, {
  "home_maker_svcs" : "22.00",
  "agency" : "Bethel VNA",
  "year" : "2015",
  "town" : "Bethel"
}
, {
  "companion_svcs" : "18.50",
  "home_maker_svcs" : "18.50",
  "agency" : "Besa Companions and Homemakers",
  "year" : "2015",
  "town" : "Bloomfield"
}
, {
  "companion_svcs" : "23.50",
  "home_maker_svcs" : "23.50",
  "agency" : "Comfort Keepers of Greater Hartford",
  "year" : "2015",
  "town" : "Bloomfield",
  "live_in_companion" : "240.00"
}
, {
  "companion_svcs" : "16.00",
  "home_maker_svcs" : "18.00",
  "agency" : "Global Horizon Home Care",
  "year" : "2015",
  "town" : "Bloomfield",
  "live_in_companion" : "220.00"
}
, {
  "companion_svcs" : "20.00",
  "home_maker_svcs" : "22.00",
  "agency" : "Nurse Next Door of Central CT",
  "year" : "2015",
  "town" : "Bloomfield",
  "live_in_companion" : "250.00"
}
, {
  "adult_day_care_full_day" : "93.00",
  "adult_day_care_half_day" : "56.00",
  "agency" : "Senior Care of Hartford",
  "year" : "2015",
  "town" : "Bloomfield"
}
, {
  "companion_svcs" : "25.00",
  "_2_way_persmonthly_fee" : "54.95",
  "home_maker_svcs" : "30.00",
  "agency" : "Seabury Community Outreach",
  "year" : "2015",
  "town" : "Bloomfield",
  "_2_way_pers_installation_fee" : "12.00"
}
, {
  "companion_svcs" : "26.50",
  "_2_way_persmonthly_fee" : "58.33",
  "home_maker_svcs" : "26.50",
  "chore_svcs" : "45.00",
  "agency" : "Hebrew Health Visiting Nurses",
  "year" : "2015",
  "town" : "Bloomfield",
  "_2_way_pers_installation_fee" : "50.00"
}
, {
  "home_delivered_double_meal" : "6.00",
  "agency" : "Town of Bloomfield, Senior Svcs.",
  "year" : "2015",
  "town" : "Bloomfield"
}
, {
  "companion_svcs" : "35.00",
  "home_maker_svcs" : "35.00",
  "chore_svcs" : "35.00",
  "agency" : "XCEL Care LLC",
  "year" : "2015",
  "town" : "Bloomfield",
  "live_in_companion" : "235.00"
}
, {
  "companion_svcs" : "14.00",
  "home_maker_svcs" : "14.00",
  "chore_svcs" : "14.00",
  "agency" : "Helping Hands Home Care",
  "year" : "2015",
  "town" : "Bolton",
  "live_in_companion" : "125.00"
}
, {
  "_2_way_persmonthly_fee" : "41.00",
  "agency" : "Assured Independence",
  "year" : "2015",
  "town" : "Bothell, WA"
}
, {
  "companion_svcs" : "19.00",
  "home_maker_svcs" : "20.00",
  "chore_svcs" : "25.00",
  "agency" : "QC Home Care Solutions",
  "year" : "2015",
  "town" : "Bozrah"
}
, {
  "companion_svcs" : "15.00",
  "home_maker_svcs" : "17.00",
  "agency" : "Alinas Elder Care LLC",
  "year" : "2015",
  "town" : "Branford",
  "live_in_companion" : "200.00"
}
, {
  "companion_svcs" : "16.00",
  "home_maker_svcs" : "18.00",
  "chore_svcs" : "20.00",
  "agency" : "Branford Hills Homecare Services",
  "year" : "2015",
  "town" : "Branford",
  "live_in_companion" : "200.00"
}
, {
  "companion_svcs" : "21.00",
  "_2_way_persmonthly_fee" : "60.00",
  "home_maker_svcs" : "22.00",
  "agency" : "Compassionate Care At Home",
  "year" : "2015",
  "town" : "Branford",
  "_2_way_pers_installation_fee" : "35.00",
  "live_in_companion" : "220.00"
}
, {
  "adult_day_care_full_day" : "108.00",
  "adult_day_care_half_day" : "54.00",
  "agency" : "East Shore Adult Day/Orchard House",
  "year" : "2015",
  "town" : "Branford"
}
, {
  "companion_svcs" : "19.25",
  "home_maker_svcs" : "19.25",
  "chore_svcs" : "19.25",
  "agency" : "Home Health Care Services, LLC",
  "year" : "2015",
  "town" : "Branford",
  "live_in_companion" : "125.00"
}
, {
  "companion_svcs" : "20.00",
  "_2_way_persmonthly_fee" : "34.00",
  "home_maker_svcs" : "20.00",
  "agency" : "No Place Like Home Care",
  "year" : "2015",
  "town" : "Branford",
  "_2_way_pers_installation_fee" : "34.00",
  "live_in_companion" : "240.00"
}
, {
  "companion_svcs" : "19.00",
  "home_maker_svcs" : "19.00",
  "chore_svcs" : "19.00",
  "agency" : "Arcadia Health Care",
  "year" : "2015",
  "town" : "Bridgeport",
  "live_in_companion" : "250.00"
}
, {
  "companion_svcs" : "15.50",
  "agency" : "Apex Health Services, LLC",
  "year" : "2015",
  "town" : "Bridgeport",
  "live_in_companion" : "159.99"
}
, {
  "companion_svcs" : "17.50",
  "home_maker_svcs" : "18.50",
  "chore_svcs" : "18.50",
  "agency" : "Ellis Homecare LLC",
  "year" : "2015",
  "town" : "Bridgeport",
  "live_in_companion" : "185.00"
}
, {
  "companion_svcs" : "16.00",
  "home_maker_svcs" : "18.00",
  "chore_svcs" : "18.00",
  "agency" : "Nova Home Care",
  "year" : "2015",
  "town" : "Bridgeport",
  "live_in_companion" : "185.00"
}
, {
  "adult_day_care_full_day" : "70.92",
  "adult_day_care_half_day" : "44.99",
  "agency" : "Park City Adult Day Care",
  "year" : "2015",
  "town" : "Bridgeport"
}
, {
  "companion_svcs" : "19.50",
  "home_maker_svcs" : "19.50",
  "chore_svcs" : "19.50",
  "agency" : "Utopia Home Care",
  "year" : "2015",
  "town" : "Bridgeport",
  "live_in_companion" : "225.00"
}
, {
  "companion_svcs" : "18.00",
  "_2_way_persmonthly_fee" : "52.00",
  "home_maker_svcs" : "19.50",
  "chore_svcs" : "18.00",
  "agency" : "Always Best Care Senior Services",
  "year" : "2015",
  "town" : "Bristol",
  "_2_way_pers_installation_fee" : "40.00"
}
, {
  "companion_svcs" : "17.00",
  "home_maker_svcs" : "17.40",
  "chore_svcs" : "25.00",
  "agency" : "M.R. Home Care Inc.",
  "year" : "2015",
  "town" : "Bristol",
  "live_in_companion" : "260.00"
}
, {
  "companion_svcs" : "16.50",
  "home_maker_svcs" : "18.50",
  "agency" : "Bristol Community Organization",
  "year" : "2015",
  "town" : "Bristol"
}
, {
  "companion_svcs" : "17.00",
  "home_maker_svcs" : "18.00",
  "chore_svcs" : "20.00",
  "agency" : "FAV Home Care, LLC",
  "year" : "2015",
  "town" : "Bristol"
}
, {
  "companion_svcs" : "18.00",
  "_2_way_persmonthly_fee" : "40.00",
  "home_maker_svcs" : "18.00",
  "chore_svcs" : "18.00",
  "agency" : "Synergy HomeCare",
  "year" : "2015",
  "town" : "Bristol",
  "live_in_companion" : "280.00"
}
, {
  "adult_day_care_full_day" : "85.00",
  "adult_day_care_half_day" : "55.00",
  "agency" : "Geer Adult Day Center",
  "year" : "2015",
  "town" : "Canaan"
}
, {
  "companion_svcs" : "20.00",
  "home_maker_svcs" : "20.00",
  "agency" : "Lower Valley Care Advocates, LLC",
  "year" : "2015",
  "town" : "Centerbrook"
}
, {
  "companion_svcs" : "20.00",
  "home_maker_svcs" : "25.00",
  "agency" : "All Pointe Home Care, LLC",
  "year" : "2015",
  "town" : "Cheshire",
  "live_in_companion" : "300.00"
}
, {
  "companion_svcs" : "18.50",
  "_2_way_persmonthly_fee" : "29.99",
  "home_maker_svcs" : "18.50",
  "agency" : "Guardian Angels HomeCare, LLC",
  "year" : "2015",
  "town" : "Cheshire",
  "live_in_companion" : "205.00"
}
, {
  "_2_way_persmonthly_fee" : "34.95",
  "home_maker_svcs" : "18.95",
  "agency" : "Assisted Living Services, Inc.",
  "year" : "2015",
  "town" : "Clinton",
  "live_in_companion" : "204.00"
}
, {
  "companion_svcs" : "17.50",
  "home_maker_svcs" : "19.50",
  "agency" : "Companions and Homemakers",
  "year" : "2015",
  "town" : "Clinton",
  "live_in_companion" : "220.00"
}
, {
  "companion_svcs" : "11.00",
  "home_maker_svcs" : "13.00",
  "chore_svcs" : "13.00",
  "agency" : "House Calls Unlimited, LLC",
  "year" : "2015",
  "town" : "Colchester",
  "live_in_companion" : "190.00"
}
, {
  "companion_svcs" : "22.00",
  "home_maker_svcs" : "22.00",
  "chore_svcs" : "22.00",
  "agency" : "Seniors Helping Seniors",
  "year" : "2015",
  "town" : "Colchester",
  "live_in_companion" : "315.00"
}
, {
  "adult_day_care_full_day" : "94.00",
  "agency" : "River House (Greenwich Adult Day Care)",
  "year" : "2015",
  "town" : "Cos Cob"
}
, {
  "companion_svcs" : "19.00",
  "home_maker_svcs" : "19.00",
  "agency" : "New England Home Care",
  "year" : "2015",
  "town" : "Cromwell",
  "live_in_companion" : "240.00"
}
, {
  "companion_svcs" : "18.00",
  "home_maker_svcs" : "20.00",
  "agency" : "Adult Home Care",
  "year" : "2015",
  "town" : "Danbury"
}
, {
  "adult_day_care_full_day" : "89.00",
  "adult_day_care_half_day" : "62.00",
  "agency" : "Almost Home Adult Day Care",
  "year" : "2015",
  "town" : "Danbury"
}
, {
  "home_maker_svcs" : "20.00",
  "agency" : "At-Homecare of CT LLC",
  "year" : "2015",
  "town" : "Danbury",
  "live_in_companion" : "200.00"
}
, {
  "companion_svcs" : "18.00",
  "home_maker_svcs" : "19.50",
  "agency" : "BrightStar of Western Connecticut",
  "year" : "2015",
  "town" : "Danbury",
  "live_in_companion" : "230.00"
}
, {
  "companion_svcs" : "19.88",
  "_2_way_persmonthly_fee" : "30.00",
  "home_maker_svcs" : "19.88",
  "agency" : "Comfort Keepers",
  "year" : "2015",
  "town" : "Danbury",
  "_2_way_pers_installation_fee" : "50.00",
  "live_in_companion" : "240.00"
}
, {
  "companion_svcs" : "19.00",
  "home_maker_svcs" : "19.00",
  "chore_svcs" : "22.00",
  "agency" : "Community Helping Hands, LLC",
  "year" : "2015",
  "town" : "Danbury",
  "live_in_companion" : "408.00"
}
, {
  "companion_svcs" : "23.00",
  "home_maker_svcs" : "23.00",
  "chore_svcs" : "23.00",
  "agency" : "Connecticut Caregiver Connection, Inc.",
  "year" : "2015",
  "town" : "Danbury",
  "live_in_companion" : "225.00"
}
, {
  "agency" : "Elderly Caregivers",
  "year" : "2015",
  "town" : "Danbury",
  "live_in_companion" : "140.00"
}
, {
  "companion_svcs" : "16.25",
  "home_maker_svcs" : "16.25",
  "agency" : "Home Sweet Home Care",
  "year" : "2015",
  "town" : "Danbury",
  "live_in_companion" : "160.00"
}
, {
  "companion_svcs" : "14.68",
  "home_maker_svcs" : "16.48",
  "agency" : "Live-Ins for the Elderly",
  "year" : "2015",
  "town" : "Danbury",
  "live_in_companion" : "125.00"
}
, {
  "companion_svcs" : "19.00",
  "home_maker_svcs" : "20.00",
  "chore_svcs" : "25.00",
  "agency" : "QC Home Care Solutions",
  "year" : "2015",
  "town" : "Danbury"
}
, {
  "companion_svcs" : "16.00",
  "agency" : "Total Assurance Healthcare",
  "year" : "2015",
  "town" : "Danbury",
  "live_in_companion" : "150.00"
}
, {
  "companion_svcs" : "19.00",
  "home_maker_svcs" : "19.00",
  "agency" : "Masonicare Home Health and Hospice",
  "year" : "2015",
  "town" : "Danielson"
}
, {
  "companion_svcs" : "22.50",
  "home_maker_svcs" : "22.50",
  "chore_svcs" : "22.50",
  "agency" : "Brooke's Homecare LLC",
  "year" : "2015",
  "town" : "Darien",
  "live_in_companion" : "245.00"
}
, {
  "home_maker_svcs" : "20.00",
  "agency" : "TEAM Inc.",
  "year" : "2015",
  "home_delivered_single_meal" : "5.00",
  "town" : "Derby"
}
, {
  "companion_svcs" : "16.00",
  "home_maker_svcs" : "18.00",
  "chore_svcs" : "18.00",
  "agency" : "Companions and Home Helpers",
  "year" : "2015",
  "town" : "East Hartford",
  "live_in_companion" : "190.00"
}
, {
  "companion_svcs" : "18.00",
  "home_maker_svcs" : "18.00",
  "agency" : "Friends for Friends",
  "year" : "2015",
  "town" : "East Hartford",
  "live_in_companion" : "167.00"
}
, {
  "companion_svcs" : "18.00",
  "home_maker_svcs" : "18.00",
  "agency" : "Nursing Services/Elderforce,Inc.",
  "year" : "2015",
  "town" : "East Hartford"
}
, {
  "companion_svcs" : "18.94",
  "home_maker_svcs" : "18.94",
  "agency" : "Primary Prevention Homecare, LLC",
  "year" : "2015",
  "town" : "East Hartford"
}
, {
  "adult_day_care_full_day" : "93.00",
  "adult_day_care_half_day" : "56.00",
  "agency" : "Senior Care of East Hartford",
  "year" : "2015",
  "town" : "East Hartford"
}
, {
  "companion_svcs" : "17.00",
  "home_maker_svcs" : "18.00",
  "agency" : "Sovereign Home Healthcare, LLC",
  "year" : "2015",
  "town" : "East Hartford",
  "live_in_companion" : "260.00"
}
, {
  "companion_svcs" : "19.50",
  "home_maker_svcs" : "19.50",
  "chore_svcs" : "19.50",
  "agency" : "Utopia Home Care",
  "year" : "2015",
  "town" : "East Haven",
  "live_in_companion" : "225.00"
}
, {
  "companion_svcs" : "19.00",
  "home_maker_svcs" : "19.00",
  "agency" : "Masonicare Home Health and Hospice",
  "year" : "2015",
  "town" : "East Lyme"
}
, {
  "home_delivered_double_meal" : "9.00",
  "home_maker_svcs" : "36.00",
  "chore_svcs" : "36.00",
  "agency" : "Hartford Health Care at Home",
  "year" : "2015",
  "home_delivered_single_meal" : "7.25",
  "town" : "East Windsor",
  "live_in_companion" : "225.00"
}
, {
  "companion_svcs" : "21.00",
  "home_maker_svcs" : "21.00",
  "agency" : "Caring Solutions, LLC",
  "year" : "2015",
  "town" : "Enfield",
  "live_in_companion" : "300.00"
}
, {
  "companion_svcs" : "17.50",
  "home_maker_svcs" : "19.50",
  "agency" : "Companions and Homemakers",
  "year" : "2015",
  "town" : "Enfield",
  "live_in_companion" : "220.00"
}
, {
  "companion_svcs" : "20.00",
  "_2_way_persmonthly_fee" : "37.75",
  "home_maker_svcs" : "20.00",
  "chore_svcs" : "20.00",
  "agency" : "Comfort Keepers ",
  "year" : "2015",
  "town" : "Enfield",
  "live_in_companion" : "230.00"
}
, {
  "adult_day_care_full_day" : "73.00",
  "adult_day_care_half_day" : "45.00",
  "agency" : "Enfield Adult Day Center",
  "year" : "2015",
  "town" : "Enfield"
}
, {
  "adult_day_care_full_day" : "80.00",
  "agency" : "Felician Adult Day Center",
  "year" : "2015",
  "town" : "Enfield"
}
, {
  "adult_day_care_full_day" : "83.00",
  "agency" : "Grasmere by the Sea-Adult Day Svcs.",
  "year" : "2015",
  "town" : "Fairfield"
}
, {
  "companion_svcs" : "18.50",
  "adult_day_care_full_day" : "83.00",
  "_2_way_persmonthly_fee" : "43.00",
  "home_maker_svcs" : "18.50",
  "chore_svcs" : "18.50",
  "agency" : "Roy&Aline Friedman Home Care Agency",
  "year" : "2015",
  "town" : "Fairfield",
  "live_in_companion" : "205.00"
}
, {
  "companion_svcs" : "17.50",
  "home_maker_svcs" : "19.50",
  "agency" : "Companions and Homemakers",
  "year" : "2015",
  "town" : "Fairfield",
  "live_in_companion" : "220.00"
}
, {
  "companion_svcs" : "18.50",
  "home_maker_svcs" : "18.50",
  "agency" : "Shamrock Home Care",
  "year" : "2015",
  "town" : "Fairfield",
  "live_in_companion" : "240.00"
}
, {
  "companion_svcs" : "21.00",
  "home_maker_svcs" : "21.00",
  "agency" : "Visiting Angels",
  "year" : "2015",
  "town" : "Fairfield",
  "live_in_companion" : "220.00"
}
, {
  "companion_svcs" : "17.50",
  "home_maker_svcs" : "19.50",
  "agency" : "Companions and Homemakers",
  "year" : "2015",
  "town" : "Farmington",
  "live_in_companion" : "220.00"
}
, {
  "adult_day_care_full_day" : "85.00",
  "adult_day_care_half_day" : "65.00",
  "agency" : "Day-Break at Farmington",
  "year" : "2015",
  "town" : "Farmington"
}
, {
  "companion_svcs" : "18.50",
  "_2_way_persmonthly_fee" : "45.00",
  "home_maker_svcs" : "18.50",
  "chore_svcs" : "18.50",
  "agency" : "Interim Healthcare of Hartford",
  "year" : "2015",
  "town" : "Farmington",
  "live_in_companion" : "220.00"
}
, {
  "_2_way_persmonthly_fee" : "29.95",
  "agency" : "Lifeline Systems, Inc.",
  "year" : "2015",
  "town" : "Framingham,MA",
  "_2_way_pers_installation_fee" : "109.95"
}
, {
  "_2_way_persmonthly_fee" : "37.50",
  "agency" : "Valued Relationships, Inc.",
  "year" : "2015",
  "town" : "Franklin, OH",
  "_2_way_pers_installation_fee" : "35.00"
}
, {
  "companion_svcs" : "30.00",
  "home_maker_svcs" : "30.00",
  "chore_svcs" : "30.00",
  "agency" : "Prime Care Services of CT, Inc.",
  "year" : "2015",
  "town" : "Gales Ferry",
  "live_in_companion" : "230.00"
}
, {
  "companion_svcs" : "17.50",
  "home_maker_svcs" : "19.50",
  "agency" : "Companions and Homemakers",
  "year" : "2015",
  "town" : "Glastonbury",
  "live_in_companion" : "220.00"
}
, {
  "companion_svcs" : "19.00",
  "home_maker_svcs" : "20.00",
  "chore_svcs" : "25.00",
  "agency" : "QC Home Care Solutions",
  "year" : "2015",
  "town" : "Glastonbury"
}
, {
  "companion_svcs" : "22.00",
  "home_maker_svcs" : "22.00",
  "chore_svcs" : "22.00",
  "agency" : "Seniors Helping Seniors",
  "year" : "2015",
  "town" : "Glastonbury",
  "live_in_companion" : "315.00"
}
, {
  "companion_svcs" : "18.00",
  "home_maker_svcs" : "18.00",
  "agency" : "Tender Living Care, Inc.",
  "year" : "2015",
  "town" : "Glastonbury",
  "live_in_companion" : "230.00"
}
, {
  "home_delivered_double_meal" : "9.00",
  "home_maker_svcs" : "36.00",
  "chore_svcs" : "36.00",
  "agency" : "Hartford Health Care at Home",
  "year" : "2015",
  "home_delivered_single_meal" : "7.25",
  "town" : "Glastonbury",
  "live_in_companion" : "225.00"
}
, {
  "companion_svcs" : "14.68",
  "home_maker_svcs" : "16.48",
  "agency" : "Greenwich Homemaker Service",
  "year" : "2015",
  "town" : "Greenwich"
}
, {
  "companion_svcs" : "25.00",
  "_2_way_persmonthly_fee" : "45.00",
  "home_maker_svcs" : "25.00",
  "chore_svcs" : "25.00",
  "agency" : "Sterling Care",
  "year" : "2015",
  "town" : "Greenwich",
  "live_in_companion" : "250.00"
}
, {
  "companion_svcs" : "23.00",
  "_2_way_persmonthly_fee" : "40.00",
  "home_maker_svcs" : "23.00",
  "agency" : "Comfort Keepers",
  "year" : "2015",
  "town" : "Guilford",
  "live_in_companion" : "240.00"
}
, {
  "companion_svcs" : "16.00",
  "home_maker_svcs" : "18.00",
  "chore_svcs" : "20.00",
  "agency" : "Homemakers & Companions of Guilford",
  "year" : "2015",
  "town" : "Guilford",
  "live_in_companion" : "200.00"
}
, {
  "companion_svcs" : "24.50",
  "_2_way_persmonthly_fee" : "40.00",
  "home_maker_svcs" : "24.50",
  "chore_svcs" : "24.50",
  "agency" : "Lifetime Care At Home",
  "year" : "2015",
  "town" : "Guilford",
  "live_in_companion" : "240.00"
}
, {
  "adult_day_care_full_day" : "90.00",
  "agency" : "VNA Community Healthcare,Inc.",
  "year" : "2015",
  "town" : "Guilford"
}
, {
  "adult_day_care_full_day" : "80.00",
  "adult_day_care_half_day" : "60.00",
  "agency" : "Clelian Adult Day Center",
  "year" : "2015",
  "town" : "Hamden"
}
, {
  "companion_svcs" : "20.00",
  "home_maker_svcs" : "20.00",
  "agency" : "Home Instead Senior Care",
  "year" : "2015",
  "town" : "Hamden",
  "live_in_companion" : "250.00"
}
, {
  "companion_svcs" : "18.50",
  "home_maker_svcs" : "20.25",
  "agency" : "VNS, Inc. of Southern CT",
  "year" : "2015",
  "town" : "Hamden",
  "live_in_companion" : "175.00"
}
, {
  "companion_svcs" : "18.00",
  "adult_day_care_full_day" : "76.00",
  "home_delivered_double_meal" : "9.00",
  "adult_day_care_half_day" : "46.00",
  "home_maker_svcs" : "18.00",
  "chore_svcs" : "20.00",
  "agency" : "Lina Adult Day Care",
  "year" : "2015",
  "home_delivered_single_meal" : "5.00",
  "town" : "Hamden",
  "live_in_companion" : "225.00"
}
, {
  "adult_day_care_full_day" : "71.00",
  "adult_day_care_half_day" : "45.00",
  "agency" : "Partnership Adult Day Care",
  "year" : "2015",
  "town" : "Hamden"
}
, {
  "companion_svcs" : "19.50",
  "home_maker_svcs" : "18.00",
  "chore_svcs" : "18.00",
  "agency" : "Wellness Home Care",
  "year" : "2015",
  "town" : "Hamden",
  "live_in_companion" : "200.00"
}
, {
  "companion_svcs" : "29.00",
  "adult_day_care_full_day" : "85.00",
  "home_maker_svcs" : "29.00",
  "agency" : "Avery Heights Home Hlth. Agency",
  "year" : "2015",
  "town" : "Hartford"
}
, {
  "home_delivered_double_meal" : "8.76",
  "agency" : "Community Renewal Team",
  "year" : "2015",
  "home_delivered_single_meal" : "4.79",
  "town" : "Hartford"
}
, {
  "adult_day_care_full_day" : "85.00",
  "adult_day_care_half_day" : "65.00",
  "agency" : "Day-Break at Hartford",
  "year" : "2015",
  "town" : "Hartford"
}
, {
  "companion_svcs" : "17.00",
  "home_maker_svcs" : "18.00",
  "chore_svcs" : "19.00",
  "agency" : "Eleonora's Homemaker Companion,LLC",
  "year" : "2015",
  "town" : "Hartford",
  "live_in_companion" : "165.00"
}
, {
  "adult_day_care_full_day" : "75.00",
  "adult_day_care_half_day" : "55.00",
  "agency" : "Juniper House Community Center",
  "year" : "2015",
  "town" : "Hartford"
}
, {
  "adult_day_care_full_day" : "85.00",
  "agency" : "Betty Larus Adult Day Ctr-Avery Heights",
  "year" : "2015",
  "town" : "Hartford"
}
, {
  "home_delivered_double_meal" : "9.00",
  "home_maker_svcs" : "36.00",
  "chore_svcs" : "36.00",
  "agency" : "Hartford Health Care at Home",
  "year" : "2015",
  "home_delivered_single_meal" : "7.25",
  "town" : "Hartford",
  "live_in_companion" : "225.00"
}
, {
  "companion_svcs" : "16.32",
  "home_maker_svcs" : "16.32",
  "agency" : "Staff Mates Homecare",
  "year" : "2015",
  "town" : "Hebron"
}
, {
  "companion_svcs" : "19.00",
  "home_maker_svcs" : "19.00",
  "chore_svcs" : "19.00",
  "agency" : "Polish Caregivers LLC",
  "year" : "2015",
  "town" : "Higganum",
  "live_in_companion" : "190.00"
}
, {
  "home_delivered_double_meal" : "6.00",
  "agency" : "Thames Valley Council ",
  "year" : "2015",
  "home_delivered_single_meal" : "3.00",
  "town" : "Jewett City"
}
, {
  "companion_svcs" : "13.00",
  "home_maker_svcs" : "13.00",
  "chore_svcs" : "13.00",
  "agency" : "Chore Service, Inc.",
  "year" : "2015",
  "town" : "Lakeville"
}
, {
  "companion_svcs" : "17.50",
  "home_maker_svcs" : "19.50",
  "agency" : "Companions and Homemakers",
  "year" : "2015",
  "town" : "Litchfield",
  "live_in_companion" : "220.00"
}
, {
  "companion_svcs" : "12.00",
  "home_maker_svcs" : "12.50",
  "agency" : "Northwest Home Care, Inc.",
  "year" : "2015",
  "town" : "Litchfield",
  "live_in_companion" : "165.00"
}
, {
  "adult_day_care_full_day" : "90.00",
  "agency" : "The Strong House Adult Day Center",
  "year" : "2015",
  "town" : "Madison"
}
, {
  "companion_svcs" : "20.00",
  "home_maker_svcs" : "20.00",
  "chore_svcs" : "20.00",
  "agency" : "Always Best Care Senior Services",
  "year" : "2015",
  "town" : "Manchester",
  "live_in_companion" : "245.00"
}
, {
  "companion_svcs" : "13.50",
  "_2_way_persmonthly_fee" : "49.95",
  "home_maker_svcs" : "15.50",
  "chore_svcs" : "15.50",
  "agency" : "Angelic Nursing & Home Health Services",
  "year" : "2015",
  "town" : "Manchester",
  "_2_way_pers_installation_fee" : "95.00",
  "live_in_companion" : "136.00"
}
, {
  "companion_svcs" : "22.00",
  "adult_day_care_full_day" : "106.50",
  "home_maker_svcs" : "22.00",
  "chore_svcs" : "22.00",
  "agency" : "Elder Care Consulting",
  "year" : "2015",
  "town" : "Manchester",
  "live_in_companion" : "245.00"
}
, {
  "companion_svcs" : "17.75",
  "agency" : "Stay At Home Care, LLC",
  "year" : "2015",
  "town" : "Manchester",
  "live_in_companion" : "190.00"
}
, {
  "companion_svcs" : "19.50",
  "home_maker_svcs" : "18.00",
  "chore_svcs" : "18.00",
  "agency" : "Wellness Home Care",
  "year" : "2015",
  "town" : "Manchester",
  "live_in_companion" : "200.00"
}
, {
  "home_delivered_double_meal" : "9.00",
  "home_maker_svcs" : "36.00",
  "chore_svcs" : "36.00",
  "agency" : "Hartford Health Care at Home",
  "year" : "2015",
  "home_delivered_single_meal" : "7.25",
  "town" : "Mansfield",
  "live_in_companion" : "225.00"
}
, {
  "companion_svcs" : "19.50",
  "home_maker_svcs" : "18.00",
  "chore_svcs" : "18.00",
  "agency" : "Wellness Home Care",
  "year" : "2015",
  "town" : "Marlborough",
  "live_in_companion" : "200.00"
}
, {
  "_2_way_persmonthly_fee" : "34.95",
  "home_maker_svcs" : "18.95",
  "agency" : "Assisted Living Services, Inc.",
  "year" : "2015",
  "town" : "Meriden",
  "live_in_companion" : "204.00"
}
, {
  "companion_svcs" : "11.00",
  "adult_day_care_full_day" : "110.00",
  "adult_day_care_half_day" : "55.00",
  "agency" : "Charisma Homecare & Companion, LLC",
  "year" : "2015",
  "town" : "Meriden",
  "live_in_companion" : "120.00"
}
, {
  "companion_svcs" : "18.50",
  "_2_way_persmonthly_fee" : "34.00",
  "home_maker_svcs" : "18.50",
  "agency" : "Franciscan Ever There Care",
  "year" : "2015",
  "town" : "Meriden",
  "_2_way_pers_installation_fee" : "50.00",
  "live_in_companion" : "223.00"
}
, {
  "companion_svcs" : "18.94",
  "home_maker_svcs" : "18.94",
  "agency" : "Primary Prevention Homecare, LLC",
  "year" : "2015",
  "town" : "Meriden"
}
, {
  "companion_svcs" : "18.50",
  "home_maker_svcs" : "20.25",
  "agency" : "VNS, Inc. of Southern CT",
  "year" : "2015",
  "town" : "Meriden",
  "live_in_companion" : "175.00"
}
, {
  "companion_svcs" : "19.50",
  "home_maker_svcs" : "19.50",
  "chore_svcs" : "19.50",
  "agency" : "Utopia Home Care",
  "year" : "2015",
  "town" : "Meriden",
  "live_in_companion" : "225.00"
}
, {
  "companion_svcs" : "17.50",
  "home_maker_svcs" : "19.50",
  "agency" : "Companions and Homemakers",
  "year" : "2015",
  "town" : "Middlebury",
  "live_in_companion" : "220.00"
}
, {
  "adult_day_care_full_day" : "93.00",
  "adult_day_care_half_day" : "56.00",
  "agency" : "Senior Care of Middlebury",
  "year" : "2015",
  "town" : "Middlebury"
}
, {
  "companion_svcs" : "22.00",
  "home_maker_svcs" : "20.00",
  "chore_svcs" : "20.00",
  "agency" : "Visiting Angels",
  "year" : "2015",
  "town" : "Middlefield",
  "live_in_companion" : "225.00"
}
, {
  "companion_svcs" : "19.00",
  "adult_day_care_full_day" : "75.00",
  "home_maker_svcs" : "21.00",
  "agency" : "The Day Club, ADC Inc.",
  "year" : "2015",
  "town" : "Middletown"
}
, {
  "adult_day_care_full_day" : "80.00",
  "adult_day_care_half_day" : "50.00",
  "agency" : "Daytymers Social Club-Heritage Commons",
  "year" : "2015",
  "town" : "Middletown"
}
, {
  "companion_svcs" : "18.50",
  "home_maker_svcs" : "18.50",
  "agency" : "Gracesands Home Care LLC",
  "year" : "2015",
  "town" : "Middletown",
  "live_in_companion" : "150.00"
}
, {
  "companion_svcs" : "20.00",
  "home_maker_svcs" : "20.00",
  "chore_svcs" : "20.00",
  "agency" : "Home Instead Senior Care",
  "year" : "2015",
  "town" : "Middletown"
}
, {
  "companion_svcs" : "19.00",
  "home_maker_svcs" : "21.00",
  "agency" : "Homecare Connection,LLC",
  "year" : "2015",
  "town" : "Middletown"
}
, {
  "_2_way_persmonthly_fee" : "37.00",
  "agency" : "Home Care Plus, Inc.",
  "year" : "2015",
  "town" : "Milford",
  "_2_way_pers_installation_fee" : "32.00"
}
, {
  "companion_svcs" : "19.00",
  "home_maker_svcs" : "19.00",
  "chore_svcs" : "19.00",
  "agency" : "Right At Home",
  "year" : "2015",
  "town" : "Milford",
  "live_in_companion" : "225.00"
}
, {
  "companion_svcs" : "21.50",
  "agency" : "Always Best Care Senior Services",
  "year" : "2015",
  "town" : "Monroe",
  "live_in_companion" : "230.00"
}
, {
  "adult_day_care_full_day" : "80.00",
  "adult_day_care_half_day" : "55.00",
  "agency" : "Chestelm Adult Day Services",
  "year" : "2015",
  "town" : "Moodus"
}
, {
  "companion_svcs" : "19.50",
  "home_maker_svcs" : "19.50",
  "agency" : "Griswold Home Care",
  "year" : "2015",
  "town" : "Naugatuck",
  "live_in_companion" : "186.00"
}
, {
  "companion_svcs" : "18.00",
  "_2_way_persmonthly_fee" : "26.95",
  "home_maker_svcs" : "18.00",
  "agency" : "Where the Heart Is",
  "year" : "2015",
  "town" : "Naugatuck"
}
, {
  "companion_svcs" : "17.00",
  "home_maker_svcs" : "18.00",
  "chore_svcs" : "19.00",
  "agency" : "Eleonora's Homemaker Companion,LLC",
  "year" : "2015",
  "town" : "New Britain",
  "live_in_companion" : "165.00"
}
, {
  "companion_svcs" : "3.93",
  "home_maker_svcs" : "4.80",
  "chore_svcs" : "4.80",
  "agency" : "Green Home Care, LLC",
  "year" : "2015",
  "town" : "New Britain",
  "live_in_companion" : "230.00"
}
, {
  "companion_svcs" : "22.00",
  "home_maker_svcs" : "23.00",
  "chore_svcs" : "20.00",
  "agency" : "From The Heart Homecare, LLC",
  "year" : "2015",
  "town" : "New Britain",
  "live_in_companion" : "280.00"
}
, {
  "adult_day_care_full_day" : "75.00",
  "adult_day_care_half_day" : "55.00",
  "agency" : "Juniper House Day Center at Regency",
  "year" : "2015",
  "town" : "New Britain"
}
, {
  "companion_svcs" : "17.50",
  "adult_day_care_half_day" : "180.00",
  "home_maker_svcs" : "20.00",
  "chore_svcs" : "18.50",
  "agency" : "Liberty Homecare Options, LLC",
  "year" : "2015",
  "town" : "New Britain",
  "live_in_companion" : "220.00"
}
, {
  "companion_svcs" : "22.00",
  "home_maker_svcs" : "22.00",
  "chore_svcs" : "22.00",
  "agency" : "My Care Comopanion LLC",
  "year" : "2015",
  "town" : "New Britain",
  "live_in_companion" : "210.00"
}
, {
  "adult_day_care_full_day" : "100.00",
  "adult_day_care_half_day" : "65.00",
  "agency" : "Mulberry Gardens Adult Center",
  "year" : "2015",
  "town" : "New Britain"
}
, {
  "companion_svcs" : "17.00",
  "home_maker_svcs" : "17.00",
  "agency" : "Geri-Care Connections",
  "year" : "2015",
  "town" : "New Canaan",
  "live_in_companion" : "145.00"
}
, {
  "home_maker_svcs" : "16.32",
  "agency" : "Continuum Home Health, inc.",
  "year" : "2015",
  "town" : "New Haven"
}
, {
  "companion_svcs" : "19.50",
  "home_maker_svcs" : "19.50",
  "agency" : "Griswold Home Care",
  "year" : "2015",
  "town" : "New Haven",
  "live_in_companion" : "186.00"
}
, {
  "companion_svcs" : "17.50",
  "home_maker_svcs" : "19.50",
  "agency" : "Companions and Homemakers",
  "year" : "2015",
  "town" : "New Haven",
  "live_in_companion" : "220.00"
}
, {
  "adult_day_care_full_day" : "75.00",
  "adult_day_care_half_day" : "50.00",
  "agency" : "Goodwin Levine Adult Day Care",
  "year" : "2015",
  "town" : "New Haven"
}
, {
  "companion_svcs" : "19.00",
  "home_maker_svcs" : "19.00",
  "agency" : "Masonicare Home Health and Hospice",
  "year" : "2015",
  "town" : "New Haven"
}
, {
  "companion_svcs" : "19.00",
  "home_maker_svcs" : "19.00",
  "agency" : "New England Home Care",
  "year" : "2015",
  "town" : "New Haven",
  "live_in_companion" : "240.00"
}
, {
  "companion_svcs" : "16.50",
  "adult_day_care_full_day" : "188.88",
  "adult_day_care_half_day" : "94.44",
  "home_maker_svcs" : "18.25",
  "chore_svcs" : "18.00",
  "agency" : "Newton-Foster home Care Agency",
  "year" : "2015",
  "town" : "New Haven"
}
, {
  "adult_day_care_full_day" : "80.00",
  "adult_day_care_half_day" : "50.00",
  "agency" : "Mary Wade Adult Day Center",
  "year" : "2015",
  "town" : "New Haven"
}
, {
  "companion_svcs" : "18.00",
  "home_maker_svcs" : "18.00",
  "agency" : "VNA South Central Connecticut",
  "year" : "2015",
  "town" : "New Haven",
  "live_in_companion" : "295.00"
}
, {
  "companion_svcs" : "19.50",
  "home_maker_svcs" : "22.00",
  "agency" : "Kare Home Assistance, LLC",
  "year" : "2015",
  "town" : "Newington"
}
, {
  "companion_svcs" : "23.00",
  "home_maker_svcs" : "23.00",
  "chore_svcs" : "23.00",
  "agency" : "Home Care Assistance of Greater Hartford",
  "year" : "2015",
  "town" : "Newington",
  "live_in_companion" : "285.00"
}
, {
  "companion_svcs" : "16.00",
  "home_maker_svcs" : "18.00",
  "chore_svcs" : "18.00",
  "agency" : "Companions and Home Helpers",
  "year" : "2015",
  "town" : "New London",
  "live_in_companion" : "190.00"
}
, {
  "companion_svcs" : "19.50",
  "home_maker_svcs" : "19.50",
  "agency" : "Griswold Home Care",
  "year" : "2015",
  "town" : "New London",
  "live_in_companion" : "186.00"
}
, {
  "companion_svcs" : "19.50",
  "home_maker_svcs" : "19.50",
  "chore_svcs" : "19.50",
  "agency" : "Utopia Home Care",
  "year" : "2015",
  "town" : "New London",
  "live_in_companion" : "225.00"
}
, {
  "companion_svcs" : "25.00",
  "_2_way_persmonthly_fee" : "40.00",
  "home_maker_svcs" : "25.00",
  "agency" : "New Milford VNA and Hospice",
  "year" : "2015",
  "town" : "New Milford",
  "_2_way_pers_installation_fee" : "40.00"
}
, {
  "companion_svcs" : "19.00",
  "home_maker_svcs" : "19.00",
  "agency" : "Masonicare Home Health and Hospice",
  "year" : "2015",
  "town" : "Newtown"
}
, {
  "companion_svcs" : "17.95",
  "home_maker_svcs" : "18.95",
  "chore_svcs" : "18.95",
  "agency" : "HomeCare Services of CT",
  "year" : "2015",
  "town" : "Niantic",
  "live_in_companion" : "212.50"
}
, {
  "companion_svcs" : "16.00",
  "home_maker_svcs" : "18.00",
  "chore_svcs" : "18.00",
  "agency" : "Companions and Home Helpers",
  "year" : "2015",
  "town" : "North Haven",
  "live_in_companion" : "190.00"
}
, {
  "companion_svcs" : "20.00",
  "home_maker_svcs" : "21.00",
  "chore_svcs" : "22.00",
  "agency" : "Key Personnel, Inc.",
  "year" : "2015",
  "town" : "North Haven"
}
, {
  "companion_svcs" : "25.00",
  "agency" : "Continue Living",
  "year" : "2015",
  "town" : "North Stonington"
}
, {
  "companion_svcs" : "25.00",
  "home_maker_svcs" : "25.00",
  "agency" : "Home Instead Senior Care",
  "year" : "2015",
  "town" : "Norwalk"
}
, {
  "companion_svcs" : "19.00",
  "home_maker_svcs" : "19.00",
  "agency" : "Masonicare Home Health and Hospice",
  "year" : "2015",
  "town" : "Norwalk"
}
, {
  "agency" : "Norwalk Senior Center MOW",
  "year" : "2015",
  "home_delivered_single_meal" : "7.00",
  "town" : "Norwalk"
}
, {
  "adult_day_care_full_day" : "70.92",
  "agency" : "Elderhouse Inc.",
  "year" : "2015",
  "town" : "Norwalk"
}
, {
  "companion_svcs" : "20.00",
  "_2_way_persmonthly_fee" : "59.00",
  "home_maker_svcs" : "20.00",
  "chore_svcs" : "25.00",
  "agency" : "Family & Children's Agency, Inc.",
  "year" : "2015",
  "town" : "Norwalk",
  "live_in_companion" : "240.00"
}
, {
  "companion_svcs" : "19.00",
  "home_maker_svcs" : "19.00",
  "chore_svcs" : "45.00",
  "agency" : "4 Nurses at Work, LLC",
  "year" : "2015",
  "town" : "Norwalk",
  "live_in_companion" : "275.00"
}
, {
  "companion_svcs" : "23.50",
  "home_maker_svcs" : "25.00",
  "agency" : "Stellar Home Care",
  "year" : "2015",
  "town" : "Norwalk",
  "live_in_companion" : "260.00"
}
, {
  "companion_svcs" : "26.00",
  "home_maker_svcs" : "26.00",
  "agency" : "Visiting Nurse/Hospice of Fairfield County",
  "year" : "2015",
  "town" : "Norwalk",
  "live_in_companion" : "276.00"
}
, {
  "companion_svcs" : "18.00",
  "_2_way_persmonthly_fee" : "39.95",
  "home_maker_svcs" : "20.50",
  "chore_svcs" : "25.75",
  "agency" : "Interim HealthCare Inc.",
  "year" : "2015",
  "town" : "Norwich",
  "_2_way_pers_installation_fee" : "45.00"
}
, {
  "companion_svcs" : "17.50",
  "home_maker_svcs" : "19.50",
  "agency" : "Companions and Homemakers",
  "year" : "2015",
  "town" : "Norwich",
  "live_in_companion" : "220.00"
}
, {
  "adult_day_care_full_day" : "82.10",
  "agency" : "Ross Adult Day Center",
  "year" : "2015",
  "town" : "Norwich"
}
, {
  "home_delivered_double_meal" : "9.00",
  "home_maker_svcs" : "36.00",
  "chore_svcs" : "36.00",
  "agency" : "Hartford Health Care at Home",
  "year" : "2015",
  "home_delivered_single_meal" : "7.25",
  "town" : "Norwich",
  "live_in_companion" : "225.00"
}
, {
  "companion_svcs" : "17.50",
  "_2_way_persmonthly_fee" : "60.00",
  "home_maker_svcs" : "17.50",
  "chore_svcs" : "21.00",
  "agency" : "Help Unlimited, Inc.",
  "year" : "2015",
  "town" : "Oakville",
  "_2_way_pers_installation_fee" : "35.50"
}
, {
  "home_delivered_double_meal" : "8.79",
  "agency" : "Estuary Council of Seniors Inc",
  "year" : "2015",
  "home_delivered_single_meal" : "4.79",
  "town" : "Old Saybrook"
}
, {
  "companion_svcs" : "19.45",
  "home_maker_svcs" : "19.95",
  "agency" : "Golden Horizons Elder Care Svcs., Inc.",
  "year" : "2015",
  "town" : "Old Saybrook",
  "live_in_companion" : "195.00"
}
, {
  "home_maker_svcs" : "19.00",
  "agency" : "Orange VNA",
  "year" : "2015",
  "town" : "Orange"
}
, {
  "companion_svcs" : "17.50",
  "home_maker_svcs" : "19.75",
  "chore_svcs" : "20.75",
  "agency" : "Connecticut Home Care Solutions",
  "year" : "2015",
  "town" : "Plainfield"
}
, {
  "companion_svcs" : "15.10",
  "home_maker_svcs" : "17.00",
  "chore_svcs" : "19.00",
  "agency" : "Quality Homemakers, Inc.",
  "year" : "2015",
  "town" : "Plainfield"
}
, {
  "companion_svcs" : "18.50",
  "home_maker_svcs" : "18.50",
  "agency" : "Euro HomeCare, LLC",
  "year" : "2015",
  "town" : "Plainville",
  "live_in_companion" : "215.00"
}
, {
  "companion_svcs" : "14.00",
  "home_maker_svcs" : "14.00",
  "agency" : "EH Care Referrals, LLC",
  "year" : "2015",
  "town" : "Plainville",
  "live_in_companion" : "160.00"
}
, {
  "companion_svcs" : "18.00",
  "home_maker_svcs" : "18.00",
  "agency" : "Infinity Homecare Services, LLC",
  "year" : "2015",
  "town" : "Plantsville",
  "live_in_companion" : "200.00"
}
, {
  "adult_day_care_full_day" : "100.00",
  "adult_day_care_half_day" : "65.00",
  "agency" : "Mulberry Gardens of Southington",
  "year" : "2015",
  "town" : "Plantsville"
}
, {
  "companion_svcs" : "18.50",
  "_2_way_persmonthly_fee" : "25.99",
  "home_maker_svcs" : "18.50",
  "chore_svcs" : "18.50",
  "agency" : "Compassion N Care",
  "year" : "2015",
  "town" : "Prospect",
  "live_in_companion" : "195.00"
}
, {
  "companion_svcs" : "21.00",
  "home_maker_svcs" : "21.00",
  "chore_svcs" : "24.00",
  "agency" : "Day Kimball Homemakers",
  "year" : "2015",
  "town" : "Putnam",
  "live_in_companion" : "235.00"
}
, {
  "companion_svcs" : "13.00",
  "home_maker_svcs" : "21.00",
  "chore_svcs" : "13.00",
  "agency" : "Sharing Hands Homemaker/Companions",
  "year" : "2015",
  "town" : "Putnam"
}
, {
  "companion_svcs" : "23.00",
  "_2_way_persmonthly_fee" : "34.95",
  "home_maker_svcs" : "23.00",
  "chore_svcs" : "23.00",
  "agency" : "Home Care by RVNA",
  "year" : "2015",
  "town" : "Ridgefield",
  "live_in_companion" : "225.00"
}
, {
  "companion_svcs" : "30.00",
  "_2_way_persmonthly_fee" : "34.95",
  "home_maker_svcs" : "30.00",
  "chore_svcs" : "30.00",
  "agency" : "VNA of Ridgefield",
  "year" : "2015",
  "town" : "Ridgefield",
  "live_in_companion" : "225.00"
}
, {
  "companion_svcs" : "16.50",
  "home_maker_svcs" : "18.00",
  "chore_svcs" : "30.00",
  "agency" : "Charter Oak Home Care Corp.",
  "year" : "2015",
  "town" : "Salisbury"
}
, {
  "companion_svcs" : "24.00",
  "home_maker_svcs" : "24.00",
  "agency" : "Salisbury VNA",
  "year" : "2015",
  "town" : "Salisbury",
  "live_in_companion" : "290.00"
}
, {
  "companion_svcs" : "22.50",
  "home_maker_svcs" : "22.50",
  "agency" : "Geron Nursing Registry NW",
  "year" : "2015",
  "town" : "Sharon"
}
, {
  "companion_svcs" : "19.00",
  "home_maker_svcs" : "19.00",
  "agency" : "New England Home Care",
  "year" : "2015",
  "town" : "Shelton",
  "live_in_companion" : "240.00"
}
, {
  "home_maker_svcs" : "25.00",
  "agency" : "VNA Valley Care Inc. ",
  "year" : "2015",
  "town" : "Simsbury"
}
, {
  "home_delivered_double_meal" : "9.50",
  "_2_way_persmonthly_fee" : "48.00",
  "agency" : "McLean Home Care and Hospice",
  "year" : "2015",
  "town" : "Simsbury",
  "_2_way_pers_installation_fee" : "50.00"
}
, {
  "companion_svcs" : "21.00",
  "home_maker_svcs" : "21.00",
  "chore_svcs" : "21.00",
  "agency" : "Seniors Helping Seniors",
  "year" : "2015",
  "town" : "Simsbury"
}
, {
  "companion_svcs" : "21.00",
  "home_maker_svcs" : "21.00",
  "chore_svcs" : "21.00",
  "agency" : "Always Best Care Senior Services",
  "year" : "2015",
  "town" : "Southbury",
  "live_in_companion" : "230.00"
}
, {
  "companion_svcs" : "17.00",
  "home_maker_svcs" : "19.00",
  "chore_svcs" : "19.00",
  "agency" : "Prestige Companions & Homemakers",
  "year" : "2015",
  "town" : "Southbury",
  "live_in_companion" : "180.00"
}
, {
  "companion_svcs" : "24.00",
  "agency" : "Always There Home Care",
  "year" : "2015",
  "town" : "Southington",
  "live_in_companion" : "235.00"
}
, {
  "home_delivered_double_meal" : "9.00",
  "home_maker_svcs" : "36.00",
  "chore_svcs" : "36.00",
  "agency" : "Hartford Health Care at Home",
  "year" : "2015",
  "home_delivered_single_meal" : "7.25",
  "town" : "Southington",
  "live_in_companion" : "225.00"
}
, {
  "companion_svcs" : "20.00",
  "home_maker_svcs" : "22.00",
  "chore_svcs" : "22.00",
  "agency" : "American European Senior Care",
  "year" : "2015",
  "town" : "Southport",
  "live_in_companion" : "220.00"
}
, {
  "companion_svcs" : "20.00",
  "home_maker_svcs" : "20.00",
  "agency" : "Care For Me At Home, LLC",
  "year" : "2015",
  "town" : "South Windsor",
  "live_in_companion" : "225.00"
}
, {
  "companion_svcs" : "18.50",
  "_2_way_persmonthly_fee" : "45.00",
  "home_maker_svcs" : "18.50",
  "chore_svcs" : "18.50",
  "agency" : "Interim Health Care of Hartford",
  "year" : "2015",
  "town" : "South Windsor",
  "live_in_companion" : "220.00"
}
, {
  "companion_svcs" : "20.00",
  "home_maker_svcs" : "21.00",
  "chore_svcs" : "21.00",
  "agency" : "ComForCare Home Care",
  "year" : "2015",
  "town" : "Stamford",
  "live_in_companion" : "260.00"
}
, {
  "companion_svcs" : "21.00",
  "_2_way_persmonthly_fee" : "24.95",
  "home_maker_svcs" : "21.00",
  "chore_svcs" : "21.00",
  "agency" : "Fairfield Family Care",
  "year" : "2015",
  "town" : "Stamford",
  "_2_way_pers_installation_fee" : "21.00",
  "live_in_companion" : "250.00"
}
, {
  "companion_svcs" : "24.00",
  "_2_way_persmonthly_fee" : "30.00",
  "home_maker_svcs" : "25.50",
  "agency" : "Interim Health Care",
  "year" : "2015",
  "town" : "Stamford",
  "live_in_companion" : "500.00"
}
, {
  "companion_svcs" : "15.25",
  "home_maker_svcs" : "15.25",
  "chore_svcs" : "15.25",
  "agency" : "Jewish Family Services",
  "year" : "2015",
  "town" : "Stamford",
  "live_in_companion" : "142.50"
}
, {
  "companion_svcs" : "19.50",
  "home_maker_svcs" : "19.50",
  "chore_svcs" : "19.50",
  "agency" : "Premier Home Health Care Services",
  "year" : "2015",
  "town" : "Stamford",
  "live_in_companion" : "230.00"
}
, {
  "companion_svcs" : "20.00",
  "home_maker_svcs" : "21.00",
  "chore_svcs" : "20.00",
  "agency" : "Synergy HomeCare of CT",
  "year" : "2015",
  "town" : "Stamford",
  "live_in_companion" : "240.00"
}
, {
  "home_maker_svcs" : "22.00",
  "agency" : "Home Care Choice",
  "year" : "2015",
  "town" : "Stonington",
  "live_in_companion" : "220.00"
}
, {
  "companion_svcs" : "10.00",
  "adult_day_care_full_day" : "195.00",
  "home_maker_svcs" : "10.00",
  "agency" : "Executive Home Care",
  "year" : "2015",
  "town" : "Stratford",
  "live_in_companion" : "195.00"
}
, {
  "companion_svcs" : "18.00",
  "home_maker_svcs" : "18.00",
  "chore_svcs" : "18.00",
  "agency" : "Griswold Special Care",
  "year" : "2015",
  "town" : "Stratford",
  "live_in_companion" : "182.00"
}
, {
  "companion_svcs" : "17.00",
  "home_maker_svcs" : "18.00",
  "agency" : "Equinox Home Care",
  "year" : "2015",
  "town" : "Stratford",
  "live_in_companion" : "190.00"
}
, {
  "agency" : "Family Care Plus",
  "year" : "2015",
  "town" : "Stratford",
  "live_in_companion" : "189.00"
}
, {
  "companion_svcs" : "20.00",
  "home_maker_svcs" : "20.00",
  "chore_svcs" : "20.00",
  "agency" : "Caregiver's Home Solutions, LLC",
  "year" : "2015",
  "town" : "Stratford",
  "live_in_companion" : "225.00"
}
, {
  "companion_svcs" : "21.00",
  "home_maker_svcs" : "21.00",
  "chore_svcs" : "21.00",
  "agency" : "Home Instead Senior Care",
  "year" : "2015",
  "town" : "Tolland"
}
, {
  "companion_svcs" : "19.00",
  "home_maker_svcs" : "20.00",
  "agency" : "Visiting Angels",
  "year" : "2015",
  "town" : "Tolland"
}
, {
  "companion_svcs" : "15.00",
  "adult_day_care_full_day" : "85.00",
  "adult_day_care_half_day" : "54.00",
  "home_maker_svcs" : "16.00",
  "chore_svcs" : "20.00",
  "agency" : "Bicky Companion & Homemaker",
  "year" : "2015",
  "town" : "Torrington",
  "live_in_companion" : "200.00"
}
, {
  "_2_way_persmonthly_fee" : "40.00",
  "agency" : "Charlotte Hungerford Hospital",
  "year" : "2015",
  "town" : "Torrington"
}
, {
  "home_maker_svcs" : "18.50",
  "chore_svcs" : "30.00",
  "agency" : "Charter Oak Home Care",
  "year" : "2015",
  "town" : "Torrington"
}
, {
  "home_delivered_double_meal" : "10.82",
  "agency" : "City of Torrington Nutrition Program",
  "year" : "2015",
  "town" : "Torrington"
}
, {
  "companion_svcs" : "18.50",
  "home_maker_svcs" : "20.00",
  "chore_svcs" : "25.00",
  "agency" : "Connecticut In-Home Assistance",
  "year" : "2015",
  "town" : "Trumbull",
  "live_in_companion" : "180.00"
}
, {
  "companion_svcs" : "22.00",
  "home_maker_svcs" : "22.00",
  "agency" : "Home Instead Senior Care",
  "year" : "2015",
  "town" : "Trumbull",
  "live_in_companion" : "240.00"
}
, {
  "companion_svcs" : "16.25",
  "home_maker_svcs" : "16.25",
  "agency" : "Loving Care, Inc.",
  "year" : "2015",
  "town" : "Trumbull",
  "live_in_companion" : "160.00"
}
, {
  "agency" : "Partners-In-Care Inc.",
  "year" : "2015",
  "town" : "Trumbull",
  "live_in_companion" : "225.00"
}
, {
  "companion_svcs" : "25.00",
  "home_maker_svcs" : "19.00",
  "chore_svcs" : "21.00",
  "agency" : "CT Home Health Care d.b.a. Willcare",
  "year" : "2015",
  "town" : "Trumbull",
  "live_in_companion" : "223.00"
}
, {
  "adult_day_care_full_day" : "72.00",
  "adult_day_care_half_day" : "47.00",
  "agency" : "St. Joseph's Adult Day Center",
  "year" : "2015",
  "town" : "Trumbull"
}
, {
  "home_delivered_double_meal" : "8.76",
  "agency" : "Services for the Elderly of Farmington",
  "year" : "2015",
  "town" : "Unionville"
}
, {
  "companion_svcs" : "19.00",
  "_2_way_persmonthly_fee" : "37.00",
  "home_maker_svcs" : "20.50",
  "agency" : "A Caring Hand",
  "year" : "2015",
  "town" : "Vernon",
  "_2_way_pers_installation_fee" : "35.00",
  "live_in_companion" : "175.00"
}
, {
  "companion_svcs" : "19.00",
  "home_delivered_double_meal" : "10.00",
  "_2_way_persmonthly_fee" : "52.00",
  "home_maker_svcs" : "20.50",
  "agency" : "Visiting Nurse & Health Svcs. Of CT",
  "year" : "2015",
  "home_delivered_single_meal" : "6.25",
  "town" : "Vernon",
  "_2_way_pers_installation_fee" : "35.00",
  "live_in_companion" : "245.00"
}
, {
  "companion_svcs" : "20.00",
  "home_maker_svcs" : "20.00",
  "agency" : "Your Family Home Care, LLC",
  "year" : "2015",
  "town" : "Vernon",
  "live_in_companion" : "240.00"
}
, {
  "companion_svcs" : "23.50",
  "_2_way_persmonthly_fee" : "30.00",
  "home_maker_svcs" : "23.50",
  "chore_svcs" : "23.50",
  "agency" : "Comfort Keepers",
  "year" : "2015",
  "town" : "Wallingford",
  "live_in_companion" : "245.00"
}
, {
  "companion_svcs" : "20.00",
  "adult_day_care_full_day" : "168.00",
  "adult_day_care_half_day" : "88.00",
  "_2_way_persmonthly_fee" : "35.00",
  "home_maker_svcs" : "20.00",
  "agency" : "Home Helpers and Direct Link",
  "year" : "2015",
  "town" : "Wallingford",
  "_2_way_pers_installation_fee" : "25.00",
  "live_in_companion" : "235.00"
}
, {
  "companion_svcs" : "19.00",
  "home_maker_svcs" : "19.00",
  "agency" : "Masonicare Home Health and Hospice",
  "year" : "2015",
  "town" : "Wallingford"
}
, {
  "agency" : "Wallingford Senior Center",
  "year" : "2015",
  "town" : "Wallingford"
}
, {
  "adult_day_care_full_day" : "68.00",
  "agency" : "Abbott Terrace Adult Day Center",
  "year" : "2015",
  "town" : "Waterbury"
}
, {
  "adult_day_care_full_day" : "85.00",
  "adult_day_care_half_day" : "65.00",
  "agency" : "Day-Break at Waterbury",
  "year" : "2015",
  "town" : "Waterbury"
}
, {
  "companion_svcs" : "19.00",
  "home_maker_svcs" : "19.00",
  "agency" : "New England Home Care",
  "year" : "2015",
  "town" : "Waterbury",
  "live_in_companion" : "240.00"
}
, {
  "companion_svcs" : "20.00",
  "home_delivered_double_meal" : "9.00",
  "_2_way_persmonthly_fee" : "32.00",
  "home_maker_svcs" : "20.00",
  "chore_svcs" : "20.00",
  "agency" : "NOW Inc./New Opportunities",
  "year" : "2015",
  "home_delivered_single_meal" : "6.25",
  "town" : "Waterbury",
  "_2_way_pers_installation_fee" : "50.00"
}
, {
  "companion_svcs" : "16.50",
  "home_maker_svcs" : "16.50",
  "chore_svcs" : "15.00",
  "agency" : "Precious Touch Home Healthcare",
  "year" : "2015",
  "town" : "Waterbury",
  "live_in_companion" : "190.00"
}
, {
  "companion_svcs" : "17.00",
  "home_maker_svcs" : "18.00",
  "chore_svcs" : "20.00",
  "agency" : "Quality Home Care",
  "year" : "2015",
  "town" : "Waterbury"
}
, {
  "home_delivered_double_meal" : "9.00",
  "home_maker_svcs" : "36.00",
  "chore_svcs" : "36.00",
  "agency" : "Hartford Health Care at Home",
  "year" : "2015",
  "home_delivered_single_meal" : "7.25",
  "town" : "Waterbury",
  "live_in_companion" : "225.00"
}
, {
  "companion_svcs" : "22.00",
  "home_maker_svcs" : "22.00",
  "chore_svcs" : "22.00",
  "agency" : "Seniors Helping Seniors",
  "year" : "2015",
  "town" : "Waterford",
  "live_in_companion" : "315.00"
}
, {
  "companion_svcs" : "17.50",
  "_2_way_persmonthly_fee" : "39.95",
  "home_maker_svcs" : "17.50",
  "chore_svcs" : "21.00",
  "agency" : "Help Unlimited",
  "year" : "2015",
  "town" : "Watertown",
  "_2_way_pers_installation_fee" : "35.50"
}
, {
  "_2_way_persmonthly_fee" : "50.87",
  "agency" : "Care Connection LLC",
  "year" : "2015",
  "town" : "Watertown",
  "_2_way_pers_installation_fee" : "65.00"
}
, {
  "companion_svcs" : "25.00",
  "home_maker_svcs" : "30.00",
  "agency" : "VNA of  Southern Worcester County",
  "year" : "2015",
  "town" : "Webster, MA"
}
, {
  "adult_day_care_full_day" : "80.00",
  "agency" : "Adult Day Center of Westerly and PACE",
  "year" : "2015",
  "town" : "Westerly,RI"
}
, {
  "companion_svcs" : "25.00",
  "home_maker_svcs" : "28.60",
  "agency" : "Advanced Home Health Care Agency",
  "year" : "2015",
  "town" : "West Hartford"
}
, {
  "companion_svcs" : "18.00",
  "home_maker_svcs" : "18.00",
  "agency" : "Angel Touch Care",
  "year" : "2015",
  "town" : "West Hartford",
  "live_in_companion" : "220.00"
}
, {
  "companion_svcs" : "16.00",
  "home_maker_svcs" : "20.00",
  "chore_svcs" : "16.00",
  "agency" : "American Home Health, Inc.",
  "year" : "2015",
  "town" : "West Hartford",
  "live_in_companion" : "200.00"
}
, {
  "companion_svcs" : "20.00",
  "home_maker_svcs" : "20.00",
  "agency" : "Companions for Living",
  "year" : "2015",
  "town" : "West Hartford",
  "live_in_companion" : "225.00"
}
, {
  "companion_svcs" : "17.00",
  "home_maker_svcs" : "18.00",
  "agency" : "Care Given At Home",
  "year" : "2015",
  "town" : "West Hartford",
  "live_in_companion" : "180.00"
}
, {
  "companion_svcs" : "18.00",
  "home_maker_svcs" : "21.00",
  "agency" : "Family Home Services, LLC",
  "year" : "2015",
  "town" : "West Hartford"
}
, {
  "companion_svcs" : "19.50",
  "home_maker_svcs" : "19.50",
  "agency" : "Griswold Home Care",
  "year" : "2015",
  "town" : "West Hartford",
  "live_in_companion" : "186.00"
}
, {
  "companion_svcs" : "26.50",
  "adult_day_care_full_day" : "85.00",
  "home_delivered_double_meal" : "15.00",
  "adult_day_care_half_day" : "61.00",
  "_2_way_persmonthly_fee" : "58.33",
  "home_maker_svcs" : "26.50",
  "chore_svcs" : "45.00",
  "agency" : "Hebrew Health Care",
  "year" : "2015",
  "home_delivered_single_meal" : "9.30",
  "town" : "West Hartford",
  "_2_way_pers_installation_fee" : "50.00"
}
, {
  "companion_svcs" : "20.00",
  "home_maker_svcs" : "20.00",
  "agency" : "Home Instead Senior Care",
  "year" : "2015",
  "town" : "West Hartford"
}
, {
  "companion_svcs" : "20.00",
  "home_maker_svcs" : "20.00",
  "chore_svcs" : "20.00",
  "agency" : "JFS Care at Home, LLC",
  "year" : "2015",
  "town" : "West Hartford",
  "live_in_companion" : "230.00"
}
, {
  "adult_day_care_full_day" : "86.00",
  "adult_day_care_half_day" : "44.00",
  "agency" : "St. Mary Adult Day Care",
  "year" : "2015",
  "town" : "West Hartford"
}
, {
  "companion_svcs" : "20.00",
  "adult_day_care_full_day" : "75.00",
  "home_delivered_double_meal" : "10.00",
  "adult_day_care_half_day" : "55.00",
  "home_maker_svcs" : "20.00",
  "chore_svcs" : "22.00",
  "agency" : "Juniper House Homecare",
  "year" : "2015",
  "home_delivered_single_meal" : "7.75",
  "town" : "West Hartford"
}
, {
  "adult_day_care_full_day" : "77.00",
  "adult_day_care_half_day" : "50.00",
  "agency" : "West Haven Adult Day Center",
  "year" : "2015",
  "town" : "West Haven"
}
, {
  "companion_svcs" : "21.00",
  "home_maker_svcs" : "21.00",
  "agency" : "Home Choice Senior Care, Inc.",
  "year" : "2015",
  "town" : "Westport",
  "live_in_companion" : "220.00"
}
, {
  "companion_svcs" : "23.00",
  "home_maker_svcs" : "23.00",
  "chore_svcs" : "23.00",
  "agency" : "Quality Care Services, LLC",
  "year" : "2015",
  "town" : "Westport",
  "live_in_companion" : "200.00"
}
, {
  "companion_svcs" : "25.00",
  "home_maker_svcs" : "25.00",
  "agency" : "Medical Management Plus",
  "year" : "2015",
  "town" : "Wethersfield"
}
, {
  "companion_svcs" : "19.50",
  "home_maker_svcs" : "18.00",
  "chore_svcs" : "18.00",
  "agency" : "Wellness Home Care",
  "year" : "2015",
  "town" : "Wethersfield",
  "live_in_companion" : "200.00"
}
, {
  "companion_svcs" : "16.00",
  "home_maker_svcs" : "18.00",
  "agency" : "Community Companion & Homemaking ",
  "year" : "2015",
  "town" : "Willimantic"
}
, {
  "adult_day_care_full_day" : "81.60",
  "adult_day_care_half_day" : "50.00",
  "agency" : "Caring Connection Adult Day Health",
  "year" : "2015",
  "town" : "Windsor"
}
, {
  "companion_svcs" : "19.50",
  "home_maker_svcs" : "19.50",
  "chore_svcs" : "18.00",
  "agency" : "KSY Home LLC",
  "year" : "2015",
  "town" : "Windsor"
}
, {
  "companion_svcs" : "19.00",
  "home_maker_svcs" : "19.00",
  "agency" : "New England Home Care",
  "year" : "2015",
  "town" : "Windsor",
  "live_in_companion" : "240.00"
}
, {
  "companion_svcs" : "25.00",
  "home_maker_svcs" : "25.00",
  "agency" : "BrightStar Care of Hartford",
  "year" : "2015",
  "town" : "Windsor Locks"
}
, {
  "companion_svcs" : "20.00",
  "home_maker_svcs" : "20.00",
  "chore_svcs" : "20.00",
  "agency" : "Helping Hands Chore Service",
  "year" : "2015",
  "town" : "Winsted"
}
, {
  "companion_svcs" : "13.00",
  "home_maker_svcs" : "13.00",
  "agency" : "Winsted Nursing Care Service",
  "year" : "2015",
  "town" : "Winsted",
  "live_in_companion" : "128.57"
}
, {
  "companion_svcs" : "17.00",
  "home_maker_svcs" : "18.50",
  "agency" : "Aging Better at Home LLC",
  "year" : "2015",
  "town" : "Wolcott",
  "live_in_companion" : "180.00"
}
, {
  "companion_svcs" : "16.00",
  "home_maker_svcs" : "16.95",
  "chore_svcs" : "16.00",
  "agency" : "Konedu Home Care",
  "year" : "2015",
  "town" : "Woodbridge",
  "live_in_companion" : "197.50"
}
, {
  "companion_svcs" : "18.00",
  "home_maker_svcs" : "17.16",
  "chore_svcs" : "15.31",
  "agency" : "Quality Staffing home Care Agency LLC",
  "year" : "2015",
  "town" : "Woodbridge",
  "live_in_companion" : "200.00"
}
, {
  "companion_svcs" : "20.00",
  "agency" : "Visiting Angels of Woodbridge",
  "year" : "2015",
  "town" : "Woodbridge",
  "live_in_companion" : "225.00"
}
 ]