[ {
  "companion_svcs" : "$17.00",
  "home_maker_svcs" : "$18.50",
  "agency" : "VNS, Inc. of Southern CT",
  "town" : "Ansonia"
}
, {
  "companion_svcs" : "$16.50",
  "home_maker_svcs" : "$18.50",
  "agency" : "Companions and Homemakers",
  "town" : "Avon",
  "live_in_companion" : "$200.00"
}
, {
  "adult_day_care_full_day" : "$71.00",
  "adult_day_care_half_day" : "$47.00",
  "agency" : "Friendship Circle Adult Day Center",
  "town" : "Avon"
}
, {
  "companion_svcs" : "$17.50",
  "home_maker_svcs" : "$18.50",
  "chore_svcs" : "$18.50",
  "agency" : "Help At home, Inc.",
  "town" : "Avon"
}
, {
  "companion_svcs" : "$16.00",
  "home_maker_svcs" : "$17.00",
  "chore_svcs" : "$18.00",
  "agency" : "Euro-American Connections, LLC",
  "town" : "Berlin",
  "live_in_companion" : "$175.00"
}
, {
  "companion_svcs" : "$19.00",
  "home_maker_svcs" : "$20.00",
  "agency" : "Euro-American Homecare, LLC",
  "town" : "Berlin",
  "live_in_companion" : "$210.00"
}
, {
  "home_maker_svcs" : "$45.00",
  "agency" : "Berlin VNA",
  "town" : "Berlin"
}
, {
  "companion_svcs" : "$16.50",
  "home_maker_svcs" : "$18.50",
  "agency" : "Companions and Homemakers",
  "town" : "Berlin",
  "live_in_companion" : "$200.00"
}
, {
  "home_maker_svcs" : "$22.00",
  "agency" : "Bethel VNA",
  "town" : "Bethel"
}
, {
  "companion_svcs" : "$18.50",
  "home_maker_svcs" : "$18.50",
  "agency" : "Besa Companions and Homemakers",
  "town" : "Bloomfield"
}
, {
  "companion_svcs" : "$19.00",
  "_2_way_pers_monthly_fee" : "$39.99",
  "home_maker_svcs" : "$20.00",
  "agency" : "Comfort Keepers of Greater Hartford",
  "town" : "Bloomfield",
  "live_in_companion" : "$210.00"
}
, {
  "companion_svcs" : "$20.00",
  "home_maker_svcs" : "$20.00",
  "agency" : "Global Horizon Home Care",
  "town" : "Bloomfield",
  "live_in_companion" : "$210.00"
}
, {
  "adult_day_care_full_day" : "$90.00",
  "adult_day_care_half_day" : "$56.00",
  "agency" : "Senior Care of Hartford",
  "town" : "Bloomfield"
}
, {
  "companion_svcs" : "$25.00",
  "_2_way_pers_monthly_fee" : "$54.95",
  "home_maker_svcs" : "$30.00",
  "agency" : "Seabury Community Outreach",
  "town" : "Bloomfield",
  "_2_way_pers_installation_fee" : "12.00"
}
, {
  "companion_svcs" : "$26.50",
  "_2_way_pers_monthly_fee" : "$58.33",
  "home_maker_svcs" : "$26.50",
  "chore_svcs" : "$45.00",
  "agency" : "Hebrew Health Visiting Nurses",
  "town" : "Bloomfield",
  "_2_way_pers_installation_fee" : "50.00"
}
, {
  "home_delivered_double_meal" : "$6.00",
  "agency" : "Town of Bloomfield, Senior Svcs.",
  "town" : "Bloomfield"
}
, {
  "companion_svcs" : "$14.00",
  "home_maker_svcs" : "$14.00",
  "agency" : "Helping Hands Home Care",
  "town" : "Boton",
  "live_in_companion" : "$139.00"
}
, {
  "companion_svcs" : "$15.00",
  "home_maker_svcs" : "$16.00",
  "agency" : "Reliable Home Care, LLC",
  "town" : "Botsford",
  "live_in_companion" : "$160.00"
}
, {
  "companion_svcs" : "$18.00",
  "home_maker_svcs" : "$19.00",
  "chore_svcs" : "$21.00",
  "agency" : "QC Home Care Solutions",
  "town" : "Bozrah",
  "live_in_companion" : "$325.00"
}
, {
  "companion_svcs" : "$16.00",
  "home_maker_svcs" : "$18.00",
  "chore_svcs" : "$18.00",
  "agency" : "Branford Hills Homecare Services",
  "town" : "Branford",
  "live_in_companion" : "$200.00"
}
, {
  "adult_day_care_full_day" : "$108.00",
  "adult_day_care_half_day" : "$54.00",
  "agency" : "East Shore Adult Day/Orchard House",
  "town" : "Branford"
}
, {
  "companion_svcs" : "$18.75",
  "home_maker_svcs" : "$25.00",
  "chore_svcs" : "$25.00",
  "agency" : "Home Health Care Services, LLC",
  "town" : "Branford",
  "live_in_companion" : "$227.50"
}
, {
  "companion_svcs" : "$19.00",
  "_2_way_pers_monthly_fee" : "$34.00",
  "home_maker_svcs" : "$19.00",
  "chore_svcs" : "$19.00",
  "agency" : "No Place Like Home Care",
  "town" : "Branford",
  "_2_way_pers_installation_fee" : "34.00",
  "live_in_companion" : "$240.00"
}
, {
  "companion_svcs" : "$16.00",
  "home_maker_svcs" : "$17.00",
  "chore_svcs" : "$18.00",
  "agency" : "Almost Family",
  "town" : "Bridgeport",
  "live_in_companion" : "$180.00"
}
, {
  "companion_svcs" : "$17.00",
  "home_maker_svcs" : "$18.00",
  "chore_svcs" : " ",
  "agency" : "Arcadia Health Care",
  "town" : "Bridgeport",
  "live_in_companion" : "$175.00"
}
, {
  "companion_svcs" : "$15.00",
  "home_maker_svcs" : "$15.00",
  "agency" : "Apex Health Services, LLC",
  "town" : "Bridgeport",
  "live_in_companion" : "$122.00"
}
, {
  "companion_svcs" : "$17.50",
  "home_maker_svcs" : "$17.50",
  "chore_svcs" : "$18.50",
  "agency" : "Ellis Homecare LLC",
  "town" : "Bridgeport",
  "live_in_companion" : "$165.00"
}
, {
  "companion_svcs" : "$17.00",
  "home_maker_svcs" : "$18.00",
  "chore_svcs" : "$18.00",
  "agency" : "Nova Home Care",
  "town" : "Bridgeport",
  "live_in_companion" : "$192.50"
}
, {
  "adult_day_care_full_day" : "$70.22",
  "adult_day_care_half_day" : "$35.11",
  "agency" : "Park City Adult Day Care",
  "town" : "Bridgeport"
}
, {
  "companion_svcs" : "$21.00",
  "home_maker_svcs" : "$23.00",
  "agency" : "Personalized Home Care LTD of CT",
  "town" : "Bridgeport"
}
, {
  "companion_svcs" : "$19.50",
  "home_maker_svcs" : "$19.50",
  "chore_svcs" : "$19.50",
  "agency" : "Utopia Home Care",
  "town" : "Bridgeport",
  "live_in_companion" : "$225.00"
}
, {
  "companion_svcs" : "$18.25",
  "_2_way_pers_monthly_fee" : "$52.00",
  "home_maker_svcs" : "$18.25",
  "chore_svcs" : "$18.25",
  "agency" : "Always Best Care Senior Services",
  "town" : "Bristol",
  "_2_way_pers_installation_fee" : "40.00",
  "live_in_companion" : "$215.00"
}
, {
  "companion_svcs" : "$17.00",
  "home_maker_svcs" : "$17.40",
  "chore_svcs" : "$25.00",
  "agency" : "M.R. Home Care Inc.",
  "town" : "Bristol",
  "live_in_companion" : "$294.00"
}
, {
  "companion_svcs" : "$16.00",
  "home_maker_svcs" : "$18.00",
  "agency" : "Bristol Community Organization",
  "town" : "Bristol"
}
, {
  "companion_svcs" : "$17.00",
  "home_maker_svcs" : "$18.00",
  "chore_svcs" : "$20.00",
  "agency" : "FAV Home Care, LLC",
  "town" : "Bristol"
}
, {
  "companion_svcs" : "$18.00",
  "_2_way_pers_monthly_fee" : "$35.00",
  "home_maker_svcs" : "$18.00",
  "chore_svcs" : "$18.00",
  "agency" : "Synergy HomeCare",
  "town" : "Bristol",
  "live_in_companion" : "$280.00"
}
, {
  "adult_day_care_full_day" : "$80.00",
  "adult_day_care_half_day" : "$50.00",
  "agency" : "Geer Adult Day Center",
  "town" : "Canaan"
}
, {
  "companion_svcs" : "$20.00",
  "home_maker_svcs" : "$20.00",
  "agency" : "Lower Valley Care Advocates, LLC",
  "town" : "Centerbrook"
}
, {
  "companion_svcs" : "$17.00",
  "home_maker_svcs" : "$20.00",
  "agency" : "All Pointe Home Care, LLC",
  "town" : "Cheshire",
  "live_in_companion" : "$300.00"
}
, {
  "companion_svcs" : "$20.00",
  "_2_way_pers_monthly_fee" : "$29.99",
  "home_maker_svcs" : "$20.00",
  "agency" : "Guardian Angels HomeCare, LLC",
  "town" : "Cheshire",
  "live_in_companion" : "$200.00"
}
, {
  "_2_way_pers_monthly_fee" : "$29.95",
  "home_maker_svcs" : "$18.95",
  "agency" : "Assisted Living Services, Inc.",
  "town" : "Clinton",
  "live_in_companion" : "$189.00"
}
, {
  "companion_svcs" : "$22.00",
  "home_maker_svcs" : "$22.00",
  "chore_svcs" : "$22.00",
  "agency" : "Seniors Helping Seniors",
  "town" : "Colchester",
  "live_in_companion" : "$277.50"
}
, {
  "adult_day_care_full_day" : "$92.00",
  "agency" : "River House",
  "town" : "Cos Cob"
}
, {
  "companion_svcs" : "$19.00",
  "_2_way_pers_monthly_fee" : "$45.00",
  "home_maker_svcs" : "$19.00",
  "agency" : "New England Home Care",
  "town" : "Cromwell",
  "_2_way_pers_installation_fee" : "50.00",
  "live_in_companion" : "$240.00"
}
, {
  "companion_svcs" : "$18.00",
  "home_maker_svcs" : "$20.00",
  "agency" : "Adult Home Care",
  "town" : "Danbury"
}
, {
  "companion_svcs" : "$16.00",
  "home_maker_svcs" : "$17.00",
  "chore_svcs" : "$18.00",
  "agency" : "Almost Family",
  "town" : "Danbury",
  "live_in_companion" : "$180.00"
}
, {
  "adult_day_care_full_day" : "$89.00",
  "adult_day_care_half_day" : "$62.00",
  "agency" : "Almost Home Adult Day Care",
  "town" : "Danbury"
}
, {
  "companion_svcs" : "$19.88",
  "_2_way_pers_monthly_fee" : "$30.00",
  "home_maker_svcs" : "$19.88",
  "agency" : "Comfort Keepers",
  "town" : "Danbury",
  "_2_way_pers_installation_fee" : "50.00",
  "live_in_companion" : "$240.00"
}
, {
  "companion_svcs" : "$17.00",
  "home_maker_svcs" : "$19.00",
  "chore_svcs" : "$20.00",
  "agency" : "Community Helping Hands, LLC",
  "town" : "Danbury",
  "live_in_companion" : "$408.00"
}
, {
  "companion_svcs" : "$21.25",
  "home_maker_svcs" : "$21.25",
  "chore_svcs" : "$21.25",
  "agency" : "Connecticut Caregiver Connection, Inc.",
  "town" : "Danbury",
  "live_in_companion" : "$220.00"
}
, {
  "companion_svcs" : "$16.25",
  "home_maker_svcs" : "$16.25",
  "agency" : "Home Sweet Home Care",
  "town" : "Danbury",
  "live_in_companion" : "$160.00"
}
, {
  "agency" : "Live-Ins for the Elderly",
  "town" : "Danbury",
  "live_in_companion" : "$120.00"
}
, {
  "companion_svcs" : "$16.00",
  "agency" : "Ttotal Assurance Healthcare",
  "town" : "Danbury",
  "live_in_companion" : "$150.00"
}
, {
  "companion_svcs" : "$19.00",
  "home_maker_svcs" : "$19.00",
  "agency" : "Masonicare Home Health and Hospice",
  "town" : "Danielson"
}
, {
  "companion_svcs" : "$17.00",
  "home_maker_svcs" : "$18.50",
  "chore_svcs" : "$19.50",
  "agency" : "Companions and Home Helpers",
  "town" : "East Hartford",
  "live_in_companion" : "$220.00"
}
, {
  "companion_svcs" : "$18.00",
  "home_maker_svcs" : "$18.00",
  "chore_svcs" : "$33.00",
  "agency" : "Friends for Friends",
  "town" : "East Hartford",
  "live_in_companion" : "$162.00"
}
, {
  "companion_svcs" : "$19.00",
  "home_delivered_double_meal" : "$9.00",
  "home_maker_svcs" : "$19.00",
  "chore_svcs" : "$19.00",
  "agency" : "Masonicare Partners Home Hlth&Hospice",
  "town" : "East Hartford"
}
, {
  "companion_svcs" : "$16.00",
  "home_maker_svcs" : "$17.50",
  "chore_svcs" : "$20.00",
  "agency" : "Nursing Services/Elderforce,Inc.",
  "town" : "East Hartford",
  "live_in_companion" : "$200.00"
}
, {
  "companion_svcs" : "$18.94",
  "home_maker_svcs" : "$18.94",
  "agency" : "Primary Prevention Homecare, LLC",
  "town" : "East Hartford"
}
, {
  "adult_day_care_full_day" : "$90.00",
  "adult_day_care_half_day" : "$56.00",
  "agency" : "Senior Care of East Hartford",
  "town" : "East Hartford"
}
, {
  "companion_svcs" : "$19.00",
  "home_maker_svcs" : "$21.00",
  "agency" : "All About you Home Care Services",
  "town" : "East Haven"
}
, {
  "companion_svcs" : "$19.50",
  "home_maker_svcs" : "$19.50",
  "chore_svcs" : "$19.50",
  "agency" : "Utopia Home Care",
  "town" : "East Haven",
  "live_in_companion" : "$225.00"
}
, {
  "companion_svcs" : "$19.00",
  "home_maker_svcs" : "$19.00",
  "agency" : "Masonicare Home Health and Hospice",
  "town" : "East Lyme"
}
, {
  "companion_svcs" : "$19.00",
  "home_delivered_double_meal" : "$11.00",
  "_2_way_pers_monthly_fee" : "$67.00",
  "home_maker_svcs" : "$19.00",
  "agency" : "VNA Health Care, Inc.",
  "home_delivered_single_meal" : "$7.50",
  "town" : "East Windsor",
  "_2_way_pers_installation_fee" : "59.00",
  "live_in_companion" : "$175.00"
}
, {
  "companion_svcs" : "$16.50",
  "home_maker_svcs" : "$18.50",
  "agency" : "Companions and Homemakers",
  "town" : "Enfield",
  "live_in_companion" : "$200.00"
}
, {
  "companion_svcs" : "$20.00",
  "_2_way_pers_monthly_fee" : "$40.95",
  "home_maker_svcs" : "$20.00",
  "chore_svcs" : "$20.00",
  "agency" : "Comfort Keepers ",
  "town" : "Enfield",
  "live_in_companion" : "$240.00"
}
, {
  "adult_day_care_full_day" : "$71.00",
  "adult_day_care_half_day" : "$49.00",
  "agency" : "Enfield Adult Day Center",
  "town" : "Enfield"
}
, {
  "adult_day_care_full_day" : "$85.00",
  "agency" : "Felician Adult Day Center",
  "town" : "Enfield"
}
, {
  "adult_day_care_full_day" : "$83.00",
  "agency" : "Grasmere by the Sea-Adult Day Svcs.",
  "town" : "Fairfield"
}
, {
  "companion_svcs" : "$18.50",
  "_2_way_pers_monthly_fee" : "$43.00",
  "agency" : "Roy&Aline Friedman Home Care Agency",
  "town" : "Fairfield",
  "live_in_companion" : "$185.00"
}
, {
  "companion_svcs" : "$16.50",
  "home_maker_svcs" : "$18.50",
  "agency" : "Companions and Homemakers",
  "town" : "Fairfield",
  "live_in_companion" : "$200.00"
}
, {
  "companion_svcs" : "$18.50",
  "home_maker_svcs" : "$18.50",
  "agency" : "Shamrock Home Care",
  "town" : "Fairfield",
  "live_in_companion" : "$200.00"
}
, {
  "companion_svcs" : "$16.50",
  "home_maker_svcs" : "$18.50",
  "agency" : "Companions and Homemakers",
  "town" : "Farmington",
  "live_in_companion" : "$200.00"
}
, {
  "companion_svcs" : "$18.50",
  "_2_way_pers_monthly_fee" : "$39.50",
  "home_maker_svcs" : "$18.50",
  "agency" : "Interim Healthcare of Hartford",
  "town" : "Farmington",
  "live_in_companion" : "$220.00"
}
, {
  "companion_svcs" : "$21.00",
  "home_maker_svcs" : "$21.00",
  "agency" : "New England Nightingales",
  "town" : "Farmington",
  "live_in_companion" : "$240.00"
}
, {
  "_2_way_pers_monthly_fee" : "$29.95",
  "agency" : "Lifeline Systems, Inc.",
  "town" : "Framingham,MA",
  "_2_way_pers_installation_fee" : "109.95"
}
, {
  "_2_way_pers_monthly_fee" : "$47.17",
  "agency" : "Valued Relationships, Inc.",
  "town" : "Franklin, OH",
  "_2_way_pers_installation_fee" : "35.00"
}
, {
  "_2_way_pers_monthly_fee" : "$29.95",
  "home_maker_svcs" : "$18.95",
  "agency" : "Assisted Living Services, Inc.",
  "town" : "Glastonbury",
  "live_in_companion" : "$189.00"
}
, {
  "companion_svcs" : "$16.50",
  "home_maker_svcs" : "$18.50",
  "agency" : "Companions and Homemakers",
  "town" : "Glastonbury",
  "live_in_companion" : "$200.00"
}
, {
  "companion_svcs" : "$22.00",
  "home_maker_svcs" : "$22.00",
  "chore_svcs" : "$22.00",
  "agency" : "Seniors Helping Seniors",
  "town" : "Glastonbury",
  "live_in_companion" : "$277.50"
}
, {
  "companion_svcs" : "$17.50",
  "home_maker_svcs" : "$17.50",
  "agency" : "Tender Living Care, Inc.",
  "town" : "Glastonbury",
  "live_in_companion" : "$215.00"
}
, {
  "companion_svcs" : "$19.00",
  "home_delivered_double_meal" : "$11.00",
  "_2_way_pers_monthly_fee" : "$67.00",
  "home_maker_svcs" : "$19.00",
  "agency" : "VNA Health Care, Inc.",
  "home_delivered_single_meal" : "$7.50",
  "town" : "Glastonbury",
  "_2_way_pers_installation_fee" : "59.00",
  "live_in_companion" : "$175.00"
}
, {
  "companion_svcs" : "$21.00",
  "home_maker_svcs" : "$21.00",
  "chore_svcs" : "$21.00",
  "agency" : "Seniors Helping Seniors",
  "town" : "Granby",
  "live_in_companion" : "$375.00"
}
, {
  "companion_svcs" : "$22.00",
  "home_maker_svcs" : "$22.00",
  "chore_svcs" : "$22.00",
  "agency" : "Always Best Care Senior Services",
  "town" : "Greenwich",
  "live_in_companion" : "$240.00"
}
, {
  "companion_svcs" : "$12.00",
  "home_maker_svcs" : "$7.50",
  "agency" : "Greenwich Homemaker Service",
  "town" : "Greenwich"
}
, {
  "companion_svcs" : "$25.00",
  "_2_way_pers_monthly_fee" : "$45.00",
  "home_maker_svcs" : "$25.00",
  "chore_svcs" : "$25.00",
  "agency" : "Sterling Care",
  "town" : "Greenwich",
  "live_in_companion" : "$250.00"
}
, {
  "companion_svcs" : "$21.95",
  "home_maker_svcs" : "$22.95",
  "agency" : "Visiting Angels of Southeastern CT",
  "town" : "Groton",
  "live_in_companion" : "$240.00"
}
, {
  "companion_svcs" : "$21.00",
  "home_maker_svcs" : "$21.00",
  "agency" : "Home Instead Senior Care",
  "town" : "Guilford",
  "live_in_companion" : "$225.00"
}
, {
  "companion_svcs" : "$22.00",
  "_2_way_pers_monthly_fee" : "$35.00",
  "home_maker_svcs" : "$22.00",
  "agency" : "Comfort Keepers",
  "town" : "Guilford",
  "live_in_companion" : "$232.50"
}
, {
  "companion_svcs" : "$16.00",
  "home_maker_svcs" : "$18.00",
  "chore_svcs" : "$18.00",
  "agency" : "Homemakers & Companions of Guilford",
  "town" : "Guilford",
  "live_in_companion" : "$200.00"
}
, {
  "companion_svcs" : "$21.00",
  "_2_way_pers_monthly_fee" : "$40.00",
  "home_maker_svcs" : "$21.00",
  "chore_svcs" : "$21.00",
  "agency" : "Lifetime Care At Home",
  "town" : "Guilford",
  "live_in_companion" : "$230.00"
}
, {
  "adult_day_care_full_day" : "$90.00",
  "agency" : "VNA Community Healthcare,Inc.",
  "town" : "Guilford"
}
, {
  "companion_svcs" : "$16.00",
  "home_maker_svcs" : "$17.00",
  "chore_svcs" : "$18.00",
  "agency" : "Almost Family",
  "town" : "Hamden",
  "live_in_companion" : "$180.00"
}
, {
  "adult_day_care_full_day" : "$80.00",
  "adult_day_care_half_day" : "$60.00",
  "agency" : "Clelian Adult Day Center",
  "town" : "Hamden"
}
, {
  "companion_svcs" : "$20.00",
  "home_maker_svcs" : "$20.00",
  "agency" : "Home Instead Senior Care",
  "town" : "Hamden",
  "live_in_companion" : "$225.00"
}
, {
  "companion_svcs" : "$17.00",
  "home_maker_svcs" : "$18.50",
  "agency" : "VNS, Inc. of Southern CT",
  "town" : "Hamden"
}
, {
  "companion_svcs" : "$18.00",
  "adult_day_care_full_day" : "$76.00",
  "home_delivered_double_meal" : "$9.00",
  "adult_day_care_half_day" : "$46.00",
  "home_maker_svcs" : "$19.00",
  "agency" : "Lina Adult Day Care",
  "home_delivered_single_meal" : "$5.00",
  "town" : "Hamden",
  "live_in_companion" : "$220.00"
}
, {
  "adult_day_care_full_day" : "$71.00",
  "adult_day_care_half_day" : "$45.00",
  "agency" : "Partnership Adult Day Care",
  "town" : "Hamden"
}
, {
  "companion_svcs" : "$21.00",
  "adult_day_care_full_day" : "$168.00",
  "adult_day_care_half_day" : "$84.00",
  "home_maker_svcs" : "$21.00",
  "chore_svcs" : "$21.00",
  "agency" : "Seniors Helping Seniors",
  "town" : "Hamden"
}
, {
  "companion_svcs" : "$29.00",
  "adult_day_care_full_day" : "$84.00",
  "home_maker_svcs" : "$29.00",
  "chore_svcs" : "$29.00",
  "agency" : "Avery Heights Home Hlth. Agency",
  "town" : "Hartford"
}
, {
  "home_delivered_double_meal" : "$13.34",
  "agency" : "Community Renewal Team",
  "home_delivered_single_meal" : "$6.67",
  "town" : "Hartford"
}
, {
  "companion_svcs" : "$18.00",
  "home_maker_svcs" : "$19.00",
  "chore_svcs" : "$25.00",
  "agency" : "Eleonora's Homemaker Companion,LLC",
  "town" : "Hartford"
}
, {
  "companion_svcs" : "$19.00",
  "home_maker_svcs" : "$19.00",
  "chore_svcs" : "$21.00",
  "agency" : "Horizon Homemakers & Companions",
  "town" : "Hartford",
  "live_in_companion" : "$250.00"
}
, {
  "adult_day_care_full_day" : "$75.00",
  "adult_day_care_half_day" : "$55.00",
  "agency" : "Juniper House Community Center",
  "town" : "Hartford"
}
, {
  "adult_day_care_full_day" : "$84.00",
  "agency" : "Betty Larus Adult Day Ctr-Avery Heights",
  "town" : "Hartford"
}
, {
  "companion_svcs" : "$19.00",
  "home_delivered_double_meal" : "$11.00",
  "_2_way_pers_monthly_fee" : "$67.00",
  "home_maker_svcs" : "$19.00",
  "agency" : "VNA Health Care, Inc.",
  "home_delivered_single_meal" : "$7.50",
  "town" : "Hartford",
  "_2_way_pers_installation_fee" : "59.00",
  "live_in_companion" : "$175.00"
}
, {
  "companion_svcs" : "$16.32",
  "home_maker_svcs" : "$16.32",
  "agency" : "Staff Mates Homecare",
  "town" : "Hebron"
}
, {
  "home_delivered_double_meal" : "$16.26",
  "agency" : "Thames Valley Council ",
  "home_delivered_single_meal" : "$8.13",
  "town" : "Jewett City"
}
, {
  "companion_svcs" : " ",
  "home_maker_svcs" : "$14.00",
  "chore_svcs" : "$14.00",
  "agency" : "Chore Service, inc.",
  "town" : "Lakeville"
}
, {
  "companion_svcs" : "$16.50",
  "home_maker_svcs" : "$18.50",
  "agency" : "Companions and Homemakers",
  "town" : "Litchfield",
  "live_in_companion" : "$200.00"
}
, {
  "home_maker_svcs" : "$24.00",
  "chore_svcs" : "$24.00",
  "agency" : "Litchfield Hills Chore Service",
  "town" : "Litchfield"
}
, {
  "companion_svcs" : "$13.00",
  "_2_way_pers_monthly_fee" : "$29.00",
  "home_maker_svcs" : "$13.00",
  "agency" : "Northwest Home Care, Inc.",
  "town" : "Litchfield",
  "live_in_companion" : "$160.00"
}
, {
  "adult_day_care_full_day" : "$90.00",
  "agency" : "The Strong House Adult Day Center",
  "town" : "Madison"
}
, {
  "companion_svcs" : "$20.00",
  "_2_way_pers_monthly_fee" : "$45.00",
  "home_maker_svcs" : "$19.00",
  "chore_svcs" : "$19.00",
  "agency" : "Always Best Care Senior Services",
  "town" : "Manchester",
  "_2_way_pers_installation_fee" : "35.00",
  "live_in_companion" : "$240.00"
}
, {
  "companion_svcs" : "$22.00",
  "adult_day_care_full_day" : "$100.00",
  "adult_day_care_half_day" : "$80.00",
  "agency" : "Elder Care Consulting",
  "town" : "Manchester",
  "live_in_companion" : "$225.00"
}
, {
  "companion_svcs" : "$19.50",
  "agency" : "Stay At Home Care, LLC",
  "town" : "Manchester",
  "live_in_companion" : "$195.00"
}
, {
  "companion_svcs" : "$19.00",
  "home_delivered_double_meal" : "$11.00",
  "_2_way_pers_monthly_fee" : "$67.00",
  "home_maker_svcs" : "$19.00",
  "agency" : "VNA East Inc.",
  "home_delivered_single_meal" : "$7.50",
  "town" : "Mansfield Ctr",
  "_2_way_pers_installation_fee" : "59.00",
  "live_in_companion" : "$175.00"
}
, {
  "home_delivered_double_meal" : "$5.00",
  "agency" : "Meriden Senior Citizens Center",
  "home_delivered_single_meal" : "$4.00",
  "town" : "Meriden"
}
, {
  "_2_way_pers_monthly_fee" : "$29.95",
  "home_maker_svcs" : "$18.95",
  "agency" : "Assisted Living Services, Inc.",
  "town" : "Meriden",
  "live_in_companion" : "$189.00"
}
, {
  "companion_svcs" : "$17.00",
  "home_maker_svcs" : "$18.50",
  "agency" : "VNS, Inc. of Southern CT",
  "town" : "Meriden"
}
, {
  "companion_svcs" : "$19.50",
  "home_maker_svcs" : "$19.50",
  "chore_svcs" : "$19.50",
  "agency" : "Utopia Home Care",
  "town" : "Meriden",
  "live_in_companion" : "$225.00"
}
, {
  "companion_svcs" : "$16.50",
  "home_maker_svcs" : "$18.50",
  "agency" : "Companions and Homemakers",
  "town" : "Middlebury",
  "live_in_companion" : "$200.00"
}
, {
  "adult_day_care_full_day" : "$90.00",
  "adult_day_care_half_day" : "$56.00",
  "agency" : "Senior Care of Middlebury",
  "town" : "Middlebury"
}
, {
  "companion_svcs" : "$14.52",
  "home_maker_svcs" : "$16.32",
  "chore_svcs" : "$16.32",
  "agency" : "Visiting Angels",
  "town" : "Middlefield",
  "live_in_companion" : "$180.00"
}
, {
  "adult_day_care_full_day" : "$75.00",
  "agency" : "The Day Club, ADC Inc.",
  "town" : "Middletown"
}
, {
  "adult_day_care_full_day" : "$80.00",
  "adult_day_care_half_day" : "$50.00",
  "agency" : "Daytymers Social Club-Heritage Commons",
  "town" : "Middletown"
}
, {
  "companion_svcs" : "$20.00",
  "home_maker_svcs" : "$20.00",
  "agency" : "Home Instead Senior Care",
  "town" : "Middletown"
}
, {
  "companion_svcs" : "$21.00",
  "home_maker_svcs" : "$21.00",
  "agency" : "Homecare Connection,LLC",
  "town" : "Middletown"
}
, {
  "_2_way_pers_monthly_fee" : "$40.00",
  "agency" : "Middlesex Hospital Homecare",
  "town" : "Middletown",
  "_2_way_pers_installation_fee" : "32.67"
}
, {
  "companion_svcs" : "$18.00",
  "home_maker_svcs" : "$18.00",
  "agency" : "Comfort Caregivers, LLC",
  "town" : "Miford",
  "live_in_companion" : "$185.00"
}
, {
  "_2_way_pers_monthly_fee" : "$37.00",
  "agency" : "Home Care Plus, Inc.",
  "town" : "Milford",
  "_2_way_pers_installation_fee" : "37.00"
}
, {
  "companion_svcs" : "$20.00",
  "home_maker_svcs" : "$20.00",
  "agency" : "Home Instead Senior Care",
  "town" : "Milford",
  "live_in_companion" : "$225.00"
}
, {
  "companion_svcs" : "$21.50",
  "agency" : "Always Best Care Senior Services",
  "town" : "Monroe",
  "live_in_companion" : "$230.00"
}
, {
  "companion_svcs" : "$18.00",
  "_2_way_pers_monthly_fee" : "$45.00",
  "home_maker_svcs" : "$18.00",
  "chore_svcs" : "$18.00",
  "agency" : "Greater Fairfield County Senior Care Svcs",
  "town" : "Monroe",
  "live_in_companion" : "$210.00"
}
, {
  "adult_day_care_full_day" : "$80.00",
  "adult_day_care_half_day" : "$55.00",
  "agency" : "Chestelm Adult Day Services",
  "town" : "Moodus"
}
, {
  "companion_svcs" : "$19.00",
  "home_maker_svcs" : "$21.00",
  "agency" : "All About you Home Care Services",
  "town" : "Naugatuck"
}
, {
  "companion_svcs" : "$19.50",
  "home_maker_svcs" : "$19.50",
  "agency" : "Griswold Home Care",
  "town" : "Naugatuck",
  "live_in_companion" : "$186.00"
}
, {
  "companion_svcs" : "$17.00",
  "_2_way_pers_monthly_fee" : "$25.95",
  "home_maker_svcs" : "$18.00",
  "agency" : "Where the Heart Is",
  "town" : "Naugatuck"
}
, {
  "companion_svcs" : "$16.00",
  "home_maker_svcs" : "$16.00",
  "chore_svcs" : "$18.00",
  "agency" : "From The Heart Homecare, LLC",
  "town" : "New Britain",
  "live_in_companion" : "$225.00"
}
, {
  "adult_day_care_full_day" : "$75.00",
  "adult_day_care_half_day" : "$55.00",
  "agency" : "Juniper House Day Center at Regency",
  "town" : "New Britain"
}
, {
  "adult_day_care_full_day" : "$100.00",
  "adult_day_care_half_day" : "$65.00",
  "agency" : "Mulberry Gardens Adult Center",
  "town" : "New Britain"
}
, {
  "companion_svcs" : "$17.00",
  "_2_way_pers_monthly_fee" : "39.95",
  "home_maker_svcs" : "$17.00",
  "chore_svcs" : "$17.25",
  "agency" : "Geri-Care Connections",
  "town" : "New Canaan",
  "live_in_companion" : "$165.00"
}
, {
  "companion_svcs" : "$16.00",
  "home_maker_svcs" : "$17.00",
  "chore_svcs" : "$18.00",
  "agency" : "Almost Family",
  "town" : "New Haven",
  "live_in_companion" : "$180.00"
}
, {
  "home_maker_svcs" : "$16.32",
  "agency" : "Continuum Home Health, inc.",
  "town" : "New Haven"
}
, {
  "companion_svcs" : "$19.50",
  "home_maker_svcs" : "$19.50",
  "agency" : "Griswold Home Care",
  "town" : "New Haven",
  "live_in_companion" : "$186.00"
}
, {
  "companion_svcs" : "$16.50",
  "home_maker_svcs" : "$18.50",
  "agency" : "Companions and Homemakers",
  "town" : "New Haven",
  "live_in_companion" : "$200.00"
}
, {
  "adult_day_care_full_day" : "$85.00",
  "adult_day_care_half_day" : "$50.00",
  "agency" : "Goodwin Levine Adult Day Care",
  "town" : "New Haven"
}
, {
  "companion_svcs" : "$19.00",
  "home_maker_svcs" : "$19.00",
  "agency" : "Masonicare Home Health and Hospice",
  "town" : "New Haven"
}
, {
  "companion_svcs" : "$19.00",
  "_2_way_pers_monthly_fee" : "$45.00",
  "home_maker_svcs" : "$19.00",
  "agency" : "New England Home Care",
  "town" : "New Haven",
  "_2_way_pers_installation_fee" : "50.00",
  "live_in_companion" : "$240.00"
}
, {
  "adult_day_care_full_day" : "$80.00",
  "adult_day_care_half_day" : "$50.00",
  "agency" : "Mary Wade Adult Day Center",
  "town" : "New Haven"
}
, {
  "companion_svcs" : "$22.00",
  "home_maker_svcs" : "$24.00",
  "agency" : "Kare Home Assistance, LLC",
  "town" : "Newington"
}
, {
  "companion_svcs" : "$23.00",
  "home_maker_svcs" : "$23.00",
  "chore_svcs" : "$23.00",
  "agency" : "Home Care Assistance of Greater Hartford",
  "town" : "Newington",
  "live_in_companion" : "$260.00"
}
, {
  "companion_svcs" : "$18.75",
  "home_maker_svcs" : "$20.75",
  "agency" : "South Cross, Inc.",
  "town" : "Newington",
  "live_in_companion" : "$220.00"
}
, {
  "companion_svcs" : "$16.00",
  "home_maker_svcs" : "$17.00",
  "chore_svcs" : "$18.00",
  "agency" : "Almost Family",
  "town" : "New London",
  "live_in_companion" : "$180.00"
}
, {
  "companion_svcs" : "$17.00",
  "home_maker_svcs" : "$18.50",
  "chore_svcs" : "$19.50",
  "agency" : "Companions and Home Helpers",
  "town" : "New London",
  "live_in_companion" : "$220.00"
}
, {
  "companion_svcs" : "$19.50",
  "home_maker_svcs" : "$19.50",
  "chore_svcs" : "$19.50",
  "agency" : "Utopia Home Care",
  "town" : "New London",
  "live_in_companion" : "$225.00"
}
, {
  "companion_svcs" : "$14.52",
  "home_maker_svcs" : "$16.32",
  "chore_svcs" : "$16.32",
  "agency" : "Geron Nursing and Respite Care, Inc.",
  "town" : "New Milford"
}
, {
  "companion_svcs" : "$22.00",
  "_2_way_pers_monthly_fee" : "$40.00",
  "home_maker_svcs" : "$22.00",
  "agency" : "New Milford VNA",
  "town" : "New Milford",
  "_2_way_pers_installation_fee" : "40.00"
}
, {
  "companion_svcs" : "$19.00",
  "home_maker_svcs" : "$19.00",
  "agency" : "Masonicare Home Health and Hospice",
  "town" : "Newtown"
}
, {
  "companion_svcs" : "$16.95",
  "home_maker_svcs" : "$17.95",
  "chore_svcs" : "$17.95",
  "agency" : "HomeCare Services of CT",
  "town" : "Niantic",
  "live_in_companion" : "$197.50"
}
, {
  "companion_svcs" : "$18.00",
  "home_maker_svcs" : "$18.00",
  "agency" : "Interim Healthcare of North Haven, Inc.",
  "town" : "North Haven"
}
, {
  "companion_svcs" : "$17.00",
  "home_maker_svcs" : "$18.50",
  "chore_svcs" : "$19.50",
  "agency" : "Companions and Home Helpers",
  "town" : "North Haven",
  "live_in_companion" : "$220.00"
}
, {
  "companion_svcs" : "$20.00",
  "home_maker_svcs" : "$22.00",
  "chore_svcs" : "$24.00",
  "agency" : "Key Personnel, Inc.",
  "town" : "North Haven"
}
, {
  "companion_svcs" : "$25.00",
  "home_maker_svcs" : "$25.00",
  "chore_svcs" : "$25.00",
  "agency" : "Continue Living",
  "town" : "North Stonington"
}
, {
  "companion_svcs" : "$16.00",
  "home_maker_svcs" : "$17.00",
  "chore_svcs" : "$18.00",
  "agency" : "Almost Family",
  "town" : "Norwalk",
  "live_in_companion" : "$180.00"
}
, {
  "companion_svcs" : "$23.50",
  "home_maker_svcs" : "$23.50",
  "agency" : "BrightStar Healthcare of Fairfield",
  "town" : "Norwalk",
  "live_in_companion" : "$235.00"
}
, {
  "companion_svcs" : "$25.00",
  "home_maker_svcs" : "$25.00",
  "chore_svcs" : "$25.00",
  "agency" : "Home Instead Senior Care",
  "town" : "Norwalk"
}
, {
  "companion_svcs" : "$19.00",
  "home_maker_svcs" : "$19.00",
  "agency" : "Masonicare Home Health and Hospice",
  "town" : "Norwalk"
}
, {
  "agency" : "Norwalk Senior Center MOW",
  "home_delivered_single_meal" : "$6.00",
  "town" : "Norwalk"
}
, {
  "adult_day_care_full_day" : "$82.00",
  "adult_day_care_half_day" : "$58.00",
  "agency" : "Elderhouse Inc.",
  "town" : "Norwalk"
}
, {
  "companion_svcs" : "$20.00",
  "_2_way_pers_monthly_fee" : "$59.00",
  "home_maker_svcs" : "$20.00",
  "chore_svcs" : "$25.00",
  "agency" : "Family & Children's Agency, Inc.",
  "town" : "Norwalk",
  "live_in_companion" : "$210.00"
}
, {
  "companion_svcs" : "$20.00",
  "home_maker_svcs" : "$24.00",
  "agency" : "Stellar Home Care",
  "town" : "Norwalk",
  "live_in_companion" : "$225.00"
}
, {
  "companion_svcs" : "$26.00",
  "home_maker_svcs" : "$26.00",
  "agency" : "Visiting Nurse/Hospice of Fairfield County",
  "town" : "Norwalk",
  "live_in_companion" : "$252.00"
}
, {
  "companion_svcs" : "$18.00",
  "_2_way_pers_monthly_fee" : "$39.95",
  "home_maker_svcs" : "$20.50",
  "chore_svcs" : "$25.75",
  "agency" : "Interim HealthCare Inc.",
  "town" : "Norwich",
  "_2_way_pers_installation_fee" : "45.00"
}
, {
  "companion_svcs" : "$16.50",
  "home_maker_svcs" : "$18.50",
  "agency" : "Companions and Homemakers",
  "town" : "Norwich",
  "live_in_companion" : "$200.00"
}
, {
  "adult_day_care_full_day" : "$80.00",
  "agency" : "Ross Adult Day Center",
  "town" : "Norwich"
}
, {
  "companion_svcs" : "$16.50",
  "_2_way_pers_monthly_fee" : "$60.00",
  "home_maker_svcs" : "$16.50",
  "chore_svcs" : "$20.00",
  "agency" : "Help Unlimited, Inc.",
  "town" : "Oakville",
  "_2_way_pers_installation_fee" : "25.50"
}
, {
  "companion_svcs" : "$16.50",
  "home_maker_svcs" : "$18.50",
  "agency" : "Companions and Homemakers",
  "town" : "Old Saybrook",
  "live_in_companion" : "$200.00"
}
, {
  "home_delivered_double_meal" : "$8.76",
  "agency" : "Estuary Council of Seniors Inc",
  "home_delivered_single_meal" : "$5.40",
  "town" : "Old Saybrook"
}
, {
  "companion_svcs" : "$19.45",
  "home_maker_svcs" : "$19.45",
  "agency" : "Golden Horizons Elder Care Svcs., Inc.",
  "town" : "Old Saybrook",
  "live_in_companion" : "$195.00"
}
, {
  "companion_svcs" : "$18.95",
  "home_maker_svcs" : "$18.95",
  "agency" : "Lighthouse Home Care",
  "town" : "Old Saybrook",
  "live_in_companion" : "$210.00"
}
, {
  "companion_svcs" : "$22.00",
  "home_maker_svcs" : "$22.00",
  "agency" : "ElderCare Services, LLC",
  "town" : "Orange",
  "live_in_companion" : "$175.00"
}
, {
  "home_maker_svcs" : "$19.00",
  "agency" : "Orange VNA",
  "town" : "Orange"
}
, {
  "companion_svcs" : "$17.50",
  "home_maker_svcs" : "$19.75",
  "chore_svcs" : "$20.75",
  "agency" : "Connecticut Home Care Solutions",
  "town" : "Plainfield"
}
, {
  "companion_svcs" : "$15.10",
  "home_maker_svcs" : "$17.00",
  "chore_svcs" : "$19.00",
  "agency" : "Quality Homemakers, Inc.",
  "town" : "Plainfield"
}
, {
  "companion_svcs" : "$18.00",
  "home_maker_svcs" : "$18.00",
  "chore_svcs" : "$18.00",
  "agency" : "Infinity Homecare Services, LLC",
  "town" : "Plantsville",
  "live_in_companion" : "$175.00"
}
, {
  "adult_day_care_full_day" : "$100.00",
  "adult_day_care_half_day" : "$65.00",
  "agency" : "Mulberry Gardens of Southington",
  "town" : "Plantsville"
}
, {
  "companion_svcs" : "$18.50",
  "home_maker_svcs" : "$19.50",
  "chore_svcs" : "$19.50",
  "agency" : "Compassion N Care",
  "town" : "Prospect",
  "live_in_companion" : "$199.90"
}
, {
  "companion_svcs" : "$17.00",
  "home_maker_svcs" : "$19.00",
  "agency" : "Extra Hand, Inc.",
  "town" : "Prospect"
}
, {
  "companion_svcs" : "$21.00",
  "home_maker_svcs" : "$21.00",
  "chore_svcs" : "$23.00",
  "agency" : "Day Kimball Homemakers",
  "town" : "Putnam",
  "live_in_companion" : "$200.00"
}
, {
  "companion_svcs" : "$28.00",
  "_2_way_pers_monthly_fee" : "$44.95",
  "home_maker_svcs" : "$28.00",
  "agency" : "VNA of Ridgefield",
  "town" : "Ridgefield",
  "_2_way_pers_installation_fee" : "50.00",
  "live_in_companion" : "$208.00"
}
, {
  "companion_svcs" : "$16.00",
  "home_maker_svcs" : "$17.00",
  "chore_svcs" : "$18.00",
  "agency" : "Almost Family",
  "town" : "Rocky Hill",
  "live_in_companion" : "$180.00"
}
, {
  "home_maker_svcs" : "$19.00",
  "chore_svcs" : "$28.00",
  "agency" : "Charter Oak Home Care Corp.",
  "town" : "Salisbury"
}
, {
  "companion_svcs" : "$24.00",
  "home_maker_svcs" : "$24.00",
  "chore_svcs" : "$24.00",
  "agency" : "Salisbury VNA",
  "town" : "Salisbury",
  "live_in_companion" : "$275.00"
}
, {
  "home_maker_svcs" : "$22.50",
  "agency" : "Geron Nursing Registry NW",
  "town" : "Sharon"
}
, {
  "companion_svcs" : "$17.00",
  "home_maker_svcs" : "$18.00",
  "chore_svcs" : "$18.00",
  "agency" : "Good Samaritan Home Care Solutions",
  "town" : "Shelton",
  "live_in_companion" : "$200.00"
}
, {
  "companion_svcs" : "$19.00",
  "_2_way_pers_monthly_fee" : "$45.00",
  "home_maker_svcs" : "$19.00",
  "agency" : "New England Home Care",
  "town" : "Shelton",
  "_2_way_pers_installation_fee" : "50.00",
  "live_in_companion" : "$240.00"
}
, {
  "companion_svcs" : "$25.00",
  "home_maker_svcs" : "$25.00",
  "agency" : "VNA Valley Care Inc. ",
  "town" : "Simsbury"
}
, {
  "adult_day_care_full_day" : "$80.00",
  "home_delivered_double_meal" : "$9.50",
  "adult_day_care_half_day" : "$45.00",
  "_2_way_pers_monthly_fee" : "$45.00",
  "agency" : "McLean Home Care and Hospice",
  "town" : "Simsbury",
  "_2_way_pers_installation_fee" : "50.00"
}
, {
  "companion_svcs" : "$20.00",
  "home_maker_svcs" : "$20.00",
  "agency" : "Always Best Care Senior Services",
  "town" : "Southbury",
  "live_in_companion" : "$240.00"
}
, {
  "companion_svcs" : "$24.00",
  "agency" : "Always There Home Care",
  "town" : "Southington",
  "live_in_companion" : "$235.00"
}
, {
  "companion_svcs" : "$19.00",
  "home_delivered_double_meal" : "$11.00",
  "_2_way_pers_monthly_fee" : "$67.00",
  "home_maker_svcs" : "$19.00",
  "agency" : "VNA Health Care, Inc.",
  "home_delivered_single_meal" : "$7.50",
  "town" : "Southington",
  "_2_way_pers_installation_fee" : "59.00",
  "live_in_companion" : "$175.00"
}
, {
  "companion_svcs" : "$18.50",
  "_2_way_pers_monthly_fee" : "$39.50",
  "home_maker_svcs" : "$18.50",
  "agency" : "Interim Health Care of Hartford",
  "town" : "South Windsor",
  "live_in_companion" : "$220.00"
}
, {
  "companion_svcs" : "$16.00",
  "home_maker_svcs" : "$17.00",
  "chore_svcs" : "$18.00",
  "agency" : "Almost Family",
  "town" : "Stamford",
  "live_in_companion" : "$180.00"
}
, {
  "companion_svcs" : "$20.00",
  "_2_way_pers_monthly_fee" : "$24.95",
  "home_maker_svcs" : "$20.00",
  "chore_svcs" : "$20.00",
  "agency" : "Fairfield Family Care",
  "town" : "Stamford",
  "_2_way_pers_installation_fee" : "24.95",
  "live_in_companion" : "$250.00"
}
, {
  "companion_svcs" : "$22.00",
  "_2_way_pers_monthly_fee" : "$40.00",
  "home_maker_svcs" : "$25.00",
  "agency" : "Interim Health Care",
  "town" : "Stamford",
  "_2_way_pers_installation_fee" : "50.00",
  "live_in_companion" : "$400.00"
}
, {
  "companion_svcs" : "$15.25",
  "home_maker_svcs" : "$15.25",
  "chore_svcs" : "$15.25",
  "agency" : "Jewish Family Services",
  "town" : "Stamford",
  "live_in_companion" : "$142.50"
}
, {
  "companion_svcs" : "$17.50",
  "home_maker_svcs" : "$17.50",
  "agency" : "Premier Home Health Care Services",
  "town" : "Stamford",
  "live_in_companion" : "$212.50"
}
, {
  "companion_svcs" : "$21.00",
  "home_maker_svcs" : "$21.00",
  "chore_svcs" : "$21.00",
  "agency" : "Synergy HomeCare of CT",
  "town" : "Stamford",
  "live_in_companion" : "$240.00"
}
, {
  "companion_svcs" : "$20.00",
  "home_maker_svcs" : "$20.00",
  "agency" : "Home Care Choice",
  "town" : "Stonington",
  "live_in_companion" : "$200.00"
}
, {
  "companion_svcs" : "$19.00",
  "home_maker_svcs" : "$19.00",
  "agency" : "AAA Nursing Care, LLC",
  "town" : "Stratford",
  "live_in_companion" : "$220.00"
}
, {
  "companion_svcs" : "$20.00",
  "home_maker_svcs" : "$20.00",
  "chore_svcs" : "$20.00",
  "agency" : "Caregiver's Home Solutions, LLC",
  "town" : "Stratford"
}
, {
  "companion_svcs" : "$18.00",
  "home_maker_svcs" : "$18.00",
  "chore_svcs" : "$18.00",
  "agency" : "Griswold Special Care",
  "town" : "Stratford",
  "live_in_companion" : "$165.00"
}
, {
  "companion_svcs" : "$17.00",
  "home_maker_svcs" : "$18.00",
  "agency" : "Equinox Home Care",
  "town" : "Stratford",
  "live_in_companion" : "$160.00"
}
, {
  "agency" : "Family Care Plus",
  "town" : "Stratford",
  "live_in_companion" : "$179.00"
}
, {
  "home_maker_svcs" : "$35.00",
  "agency" : "Stratford VNA",
  "town" : "Stratford"
}
, {
  "companion_svcs" : "$18.50",
  "home_maker_svcs" : "$20.00",
  "agency" : "Home Instead Senior Care",
  "town" : "Tolland"
}
, {
  "companion_svcs" : "$18.50",
  "home_maker_svcs" : "$19.50",
  "agency" : "Visiting Angels",
  "town" : "Tolland",
  "live_in_companion" : "$230.00"
}
, {
  "companion_svcs" : "$15.00",
  "home_maker_svcs" : "$15.00",
  "chore_svcs" : "$23.00",
  "agency" : "Acorn Home Care, LLC",
  "town" : "Torrington",
  "live_in_companion" : "$180.00"
}
, {
  "companion_svcs" : "$19.00",
  "home_maker_svcs" : "$21.00",
  "agency" : "All About you Home Care Services",
  "town" : "Torrington"
}
, {
  "_2_way_pers_monthly_fee" : "$40.00",
  "agency" : "Charlotte Hungerford Hospital",
  "town" : "Torrington"
}
, {
  "home_maker_svcs" : "$19.25",
  "chore_svcs" : "$27.50",
  "agency" : "Charter Oak Home Care",
  "town" : "Torrington"
}
, {
  "home_delivered_double_meal" : "$10.50",
  "agency" : "City of Torrington Nutrition Program",
  "town" : "Torrington"
}
, {
  "companion_svcs" : "$17.00",
  "home_maker_svcs" : "$18.50",
  "agency" : "Connecticut In-Home Assistance",
  "town" : "Trumbull",
  "live_in_companion" : "$160.00"
}
, {
  "companion_svcs" : "$16.25",
  "home_maker_svcs" : "$16.25",
  "agency" : "Loving Care, Inc.",
  "town" : "Trumbull",
  "live_in_companion" : "$160.00"
}
, {
  "_2_way_pers_monthly_fee" : "$34.95",
  "agency" : "Partners-In-Care Inc.",
  "town" : "Trumbull",
  "_2_way_pers_installation_fee" : "50.00",
  "live_in_companion" : "$225.00"
}
, {
  "companion_svcs" : "$19.00",
  "home_maker_svcs" : "$19.00",
  "chore_svcs" : "$21.00",
  "agency" : "CT Home Health Care d.b.a. Willcare",
  "town" : "Trumbull",
  "live_in_companion" : "$215.00"
}
, {
  "adult_day_care_full_day" : "$72.00",
  "adult_day_care_half_day" : "$47.00",
  "agency" : "St. Joseph's Adult Day Center",
  "town" : "Trumbull"
}
, {
  "home_delivered_double_meal" : "$8.76",
  "agency" : "Services for the Elderly of Farmington",
  "town" : "Unionville"
}
, {
  "companion_svcs" : "$18.60",
  "_2_way_pers_monthly_fee" : "$37.00",
  "home_maker_svcs" : "$20.00",
  "agency" : "A Caring Hand",
  "town" : "Vernon",
  "_2_way_pers_installation_fee" : "35.00",
  "live_in_companion" : "$175.00"
}
, {
  "companion_svcs" : "$20.00",
  "_2_way_pers_monthly_fee" : "$45.00",
  "home_maker_svcs" : "$19.00",
  "chore_svcs" : "$19.00",
  "agency" : "Always Best Care Senior Services",
  "town" : "Vernon",
  "_2_way_pers_installation_fee" : "35.00",
  "live_in_companion" : "$240.00"
}
, {
  "companion_svcs" : "$18.60",
  "home_delivered_double_meal" : "$10.00",
  "_2_way_pers_monthly_fee" : "$37.00",
  "home_maker_svcs" : "$20.00",
  "agency" : "Visiting Nurse Servivces/A Caring Hand",
  "home_delivered_single_meal" : "$6.25",
  "town" : "Vernon",
  "_2_way_pers_installation_fee" : "35.00",
  "live_in_companion" : "$235.00"
}
, {
  "companion_svcs" : "$22.00",
  "_2_way_pers_monthly_fee" : "$30.00",
  "home_maker_svcs" : "$22.00",
  "chore_svcs" : "$22.00",
  "agency" : "Comfort Keepers",
  "town" : "Wallingford",
  "live_in_companion" : "$235.00"
}
, {
  "companion_svcs" : "$19.00",
  "home_maker_svcs" : "$19.00",
  "agency" : "Masonicare Home Health and Hospice",
  "town" : "Wallingford"
}
, {
  "adult_day_care_full_day" : "30.00*",
  "agency" : "Wallingford Senior Center",
  "town" : "Wallingford"
}
, {
  "adult_day_care_full_day" : "$68.00",
  "agency" : "Abbott Terrace Adult Day Center",
  "town" : "Waterbury"
}
, {
  "companion_svcs" : "$16.00",
  "home_maker_svcs" : "$17.00",
  "chore_svcs" : "$18.00",
  "agency" : "Almost Family",
  "town" : "Waterbury",
  "live_in_companion" : "$180.00"
}
, {
  "adult_day_care_full_day" : "$85.00",
  "adult_day_care_half_day" : "$65.00",
  "agency" : "Day-Break at Waterbury",
  "town" : "Waterbury"
}
, {
  "companion_svcs" : "$19.00",
  "home_maker_svcs" : "$19.00",
  "chore_svcs" : "$21.00",
  "agency" : "Horizon Homemakers & Companions",
  "town" : "Waterbury",
  "live_in_companion" : "$250.00"
}
, {
  "companion_svcs" : "$19.00",
  "_2_way_pers_monthly_fee" : "$45.00",
  "home_maker_svcs" : "$19.00",
  "agency" : "New England Home Care",
  "town" : "Waterbury",
  "_2_way_pers_installation_fee" : "50.00",
  "live_in_companion" : "$240.00"
}
, {
  "companion_svcs" : "$15.50",
  "home_delivered_double_meal" : "$9.00",
  "_2_way_pers_monthly_fee" : "$32.00",
  "home_maker_svcs" : "$16.50",
  "chore_svcs" : "$16.50",
  "agency" : "NOW Inc./New Opportunities",
  "home_delivered_single_meal" : "$6.25",
  "town" : "Waterbury",
  "_2_way_pers_installation_fee" : "50.00"
}
, {
  "companion_svcs" : "$18.00",
  "home_maker_svcs" : "$18.00",
  "agency" : "Interim Healthcare of North Haven, Inc. ",
  "town" : "Waterbury"
}
, {
  "companion_svcs" : "$16.50",
  "home_maker_svcs" : "$18.00",
  "chore_svcs" : "$17.00",
  "agency" : "Prestige Companion & homemakers",
  "town" : "Waterbury",
  "live_in_companion" : "$170.00"
}
, {
  "companion_svcs" : "$19.00",
  "home_delivered_double_meal" : "$11.00",
  "_2_way_pers_monthly_fee" : "$67.00",
  "home_maker_svcs" : "$19.00",
  "agency" : "VNA Health Care, Inc.",
  "home_delivered_single_meal" : "$7.50",
  "town" : "Waterbury",
  "_2_way_pers_installation_fee" : "59.00",
  "live_in_companion" : "$175.00"
}
, {
  "companion_svcs" : "$22.00",
  "home_maker_svcs" : "$22.00",
  "chore_svcs" : "$22.00",
  "agency" : "Seniors Helping Seniors",
  "town" : "Waterford",
  "live_in_companion" : "$277.50"
}
, {
  "companion_svcs" : "$16.50",
  "_2_way_pers_monthly_fee" : "$60.00",
  "home_maker_svcs" : "$16.50",
  "agency" : "Help Unlimited",
  "town" : "Watertown",
  "_2_way_pers_installation_fee" : "35.50"
}
, {
  "_2_way_pers_monthly_fee" : "$50.87",
  "agency" : "Care Connection LLC",
  "town" : "Watertown",
  "_2_way_pers_installation_fee" : "65.00"
}
, {
  "companion_svcs" : "$30.00",
  "home_maker_svcs" : "$30.00",
  "agency" : "VNA of  S. Worcester County",
  "town" : "Webster, MA"
}
, {
  "adult_day_care_full_day" : "$80.00",
  "agency" : "Adult Day Center of Westerly and PACE",
  "town" : "Westerly,RI"
}
, {
  "companion_svcs" : "$25.00",
  "home_maker_svcs" : "$28.60",
  "agency" : "Advanced Home Health Care Agency",
  "town" : "West Hartford"
}
, {
  "companion_svcs" : "$18.00",
  "home_maker_svcs" : "$18.00",
  "agency" : "Angel Touch care",
  "town" : "West Hartford",
  "live_in_companion" : "$210.00"
}
, {
  "companion_svcs" : "$16.00",
  "home_maker_svcs" : "$20.00",
  "agency" : "American Home Health, Inc.",
  "town" : "West Hartford",
  "live_in_companion" : "$250.00"
}
, {
  "companion_svcs" : "$21.50",
  "home_maker_svcs" : "$21.50",
  "agency" : "Companions for Living",
  "town" : "West Hartford",
  "live_in_companion" : "$225.00"
}
, {
  "companion_svcs" : "$16.00",
  "home_maker_svcs" : "$18.00",
  "agency" : "Care Given At Home",
  "town" : "West Hartford",
  "live_in_companion" : "$180.00"
}
, {
  "companion_svcs" : "$18.00",
  "home_maker_svcs" : "$21.00",
  "agency" : "Family Home Services, LLC",
  "town" : "West Hartford"
}
, {
  "companion_svcs" : "$19.50",
  "home_maker_svcs" : "$19.50",
  "agency" : "Griswold Home Care",
  "town" : "West Hartford",
  "live_in_companion" : "$186.00"
}
, {
  "companion_svcs" : "$26.50",
  "adult_day_care_full_day" : "$82.00",
  "home_delivered_double_meal" : "$15.00",
  "adult_day_care_half_day" : "$56.00",
  "_2_way_pers_monthly_fee" : "$58.33",
  "home_maker_svcs" : "$26.50",
  "chore_svcs" : "$45.00",
  "agency" : "Hebrew Health Care",
  "home_delivered_single_meal" : "$9.30",
  "town" : "West Hartford",
  "_2_way_pers_installation_fee" : "50.00"
}
, {
  "companion_svcs" : "$18.50",
  "home_maker_svcs" : "$18.50",
  "chore_svcs" : "$18.50",
  "agency" : "Home Instead Senior Care",
  "town" : "West Hartford"
}
, {
  "companion_svcs" : "$18.00",
  "home_maker_svcs" : "$18.00",
  "agency" : "JFS Care at Home, LLC",
  "town" : "West Hartford",
  "live_in_companion" : "$213.00"
}
, {
  "adult_day_care_full_day" : "$85.00",
  "adult_day_care_half_day" : "$45.00",
  "agency" : "St. Mary Adult Day Care",
  "town" : "West Hartford"
}
, {
  "companion_svcs" : "$20.00",
  "adult_day_care_full_day" : "$75.00",
  "home_delivered_double_meal" : "$10.00",
  "adult_day_care_half_day" : "$55.00",
  "home_maker_svcs" : "$20.00",
  "chore_svcs" : "$25.00",
  "agency" : "Juniper House Homecare",
  "home_delivered_single_meal" : "$7.75",
  "town" : "West Hartford",
  "live_in_companion" : "$220.00"
}
, {
  "adult_day_care_full_day" : "$76.00",
  "adult_day_care_half_day" : "$50.00",
  "agency" : "West Haven Adult Day Center",
  "town" : "West Haven"
}
, {
  "companion_svcs" : "$23.00",
  "home_maker_svcs" : "$18.50",
  "chore_svcs" : "$18.50",
  "agency" : "Quality Care Services, LLC",
  "town" : "Westport",
  "live_in_companion" : "$200.00"
}
, {
  "companion_svcs" : "$16.00",
  "home_maker_svcs" : "$17.00",
  "chore_svcs" : "$18.00",
  "agency" : "Almost Family",
  "town" : "Wethersfield",
  "live_in_companion" : "$180.00"
}
, {
  "companion_svcs" : "$25.00",
  "home_maker_svcs" : "$25.00",
  "agency" : "Medical Management Plus",
  "town" : "Wethersfield"
}
, {
  "companion_svcs" : "$19.00",
  "home_delivered_double_meal" : "$11.00",
  "_2_way_pers_monthly_fee" : "$67.00",
  "home_maker_svcs" : "$19.00",
  "agency" : "VNA Health Care, Inc.",
  "home_delivered_single_meal" : "$7.50",
  "town" : "Wethersfield",
  "_2_way_pers_installation_fee" : "59.00",
  "live_in_companion" : "$175.00"
}
, {
  "companion_svcs" : "$15.00",
  "home_maker_svcs" : "$17.00",
  "agency" : "Community Companion & Homemaking ",
  "town" : "Willimantic"
}
, {
  "adult_day_care_full_day" : "$81.60",
  "adult_day_care_half_day" : "$50.00",
  "agency" : "Caring Connection Adult Day Health",
  "town" : "Windsor"
}
, {
  "companion_svcs" : "$18.50",
  "home_maker_svcs" : "$18.50",
  "agency" : "Homewatch CareGivers",
  "town" : "Windsor",
  "live_in_companion" : "$207.50"
}
, {
  "companion_svcs" : "$19.00",
  "_2_way_pers_monthly_fee" : "$45.00",
  "home_maker_svcs" : "$19.00",
  "agency" : "New England Home Care",
  "town" : "Windsor",
  "_2_way_pers_installation_fee" : "50.00",
  "live_in_companion" : "$240.00"
}
, {
  "companion_svcs" : "$24.00",
  "home_maker_svcs" : "$20.00",
  "chore_svcs" : "$20.00",
  "agency" : "BrightStar Care of Hartford",
  "town" : "Windsor Locks",
  "live_in_companion" : "$245.00"
}
, {
  "companion_svcs" : "$20.00",
  "home_maker_svcs" : "$20.00",
  "chore_svcs" : "$20.00",
  "agency" : "Helping Hands Chore Service",
  "town" : "Winsted"
}
, {
  "companion_svcs" : "$13.00",
  "home_maker_svcs" : "$13.00",
  "agency" : "Winsted Nursing Care Service",
  "town" : "Winsted",
  "live_in_companion" : "$128.57"
}
, {
  "adult_day_care_full_day" : "$80.00",
  "adult_day_care_half_day" : "$45.00",
  "agency" : "Winsted YMCA Adult Day Center",
  "town" : "Winsted"
}
, {
  "companion_svcs" : "$16.00",
  "home_maker_svcs" : "$16.95",
  "chore_svcs" : "$17.50",
  "agency" : "Konedu Home Care",
  "town" : "Woodbridge",
  "live_in_companion" : "$180.00"
}
, {
  "companion_svcs" : "$18.87",
  "adult_day_care_full_day" : "$84.62",
  "home_delivered_double_meal" : "$10.34",
  "adult_day_care_half_day" : "$54.41",
  "_2_way_pers_monthly_fee" : "$44.19",
  "home_maker_svcs" : "$19.65",
  "chore_svcs" : "$20.93",
  "agency" : "Average for 2014",
  "home_delivered_single_meal" : "$6.90",
  "live_in_companion" : "$210.93"
}
, {
  "adult_day_care_full_day" : "*Social Model Only"
}
, {
  "companion_svcs" : "18.87",
  "adult_day_care_full_day" : "84.62",
  "home_delivered_double_meal" : "10.34",
  "adult_day_care_half_day" : "54.41",
  "_2_way_pers_monthly_fee" : "44.19",
  "home_maker_svcs" : "19.65",
  "chore_svcs" : "20.93",
  "agency" : "Average for 2014",
  "home_delivered_single_meal" : "6.90",
  "_2_way_pers_installation_fee" : "47.02",
  "live_in_companion" : "210.93"
}
, {
  "companion_svcs" : "18.54",
  "adult_day_care_full_day" : "81.17",
  "home_delivered_double_meal" : "9.70",
  "adult_day_care_half_day" : "51.42",
  "_2_way_pers_monthly_fee" : "44.51",
  "home_maker_svcs" : "19.26",
  "chore_svcs" : "21.53",
  "agency" : "Average for 2013",
  "home_delivered_single_meal" : "6.62",
  "_2_way_pers_installation_fee" : "48.51",
  "live_in_companion" : "209.75"
}
, {
  "companion_svcs" : "18.47",
  "adult_day_care_full_day" : "80.30",
  "home_delivered_double_meal" : "9.30",
  "adult_day_care_half_day" : "50.00",
  "_2_way_pers_monthly_fee" : "46.00",
  "home_maker_svcs" : "19.65",
  "chore_svcs" : "20.82",
  "agency" : "Average for 2012",
  "home_delivered_single_meal" : "6.36",
  "_2_way_pers_installation_fee" : "46.96",
  "live_in_companion" : "204.03"
}
, {
  "companion_svcs" : "18.38",
  "adult_day_care_full_day" : "77.86",
  "home_delivered_double_meal" : "8.84",
  "adult_day_care_half_day" : "47.63",
  "_2_way_pers_monthly_fee" : "47.57",
  "home_maker_svcs" : "19.48",
  "chore_svcs" : "20.85",
  "agency" : "Average for 2011",
  "home_delivered_single_meal" : "6.16",
  "_2_way_pers_installation_fee" : "44.84",
  "live_in_companion" : "200.71"
}
, {
  "companion_svcs" : "18.15",
  "adult_day_care_full_day" : "77.42",
  "home_delivered_double_meal" : "9.28",
  "adult_day_care_half_day" : "49.88",
  "_2_way_pers_monthly_fee" : "44.88",
  "home_maker_svcs" : "19.73",
  "chore_svcs" : "21.83",
  "agency" : "Average for 2010",
  "home_delivered_single_meal" : "6.74",
  "_2_way_pers_installation_fee" : "47.74",
  "live_in_companion" : "197.80"
}
, {
  "companion_svcs" : "18.07",
  "adult_day_care_full_day" : "75.23",
  "home_delivered_double_meal" : "9.32",
  "adult_day_care_half_day" : "47.17",
  "_2_way_pers_monthly_fee" : "44.61",
  "home_maker_svcs" : "19.26",
  "chore_svcs" : "21.18",
  "agency" : "Average for 2009",
  "home_delivered_single_meal" : "6.67",
  "_2_way_pers_installation_fee" : "48.32",
  "live_in_companion" : "201.35"
}
, {
  "companion_svcs" : "17.68",
  "adult_day_care_full_day" : "75.65",
  "home_delivered_double_meal" : "9.01",
  "adult_day_care_half_day" : "49.99",
  "_2_way_pers_monthly_fee" : "45.85",
  "home_maker_svcs" : "19.22",
  "chore_svcs" : "21.45",
  "agency" : "Average for 2008",
  "home_delivered_single_meal" : "5.89",
  "_2_way_pers_installation_fee" : "49.22",
  "live_in_companion" : "196.66"
}
, {
  "companion_svcs" : "17.39",
  "adult_day_care_full_day" : "71.77",
  "home_delivered_double_meal" : "8.57",
  "adult_day_care_half_day" : "45.64",
  "_2_way_pers_monthly_fee" : "47.41",
  "home_maker_svcs" : "19.00",
  "chore_svcs" : "21.03",
  "agency" : "Average for 2007",
  "home_delivered_single_meal" : "5.56",
  "_2_way_pers_installation_fee" : "47.30",
  "live_in_companion" : "198.70"
}
, {
  "companion_svcs" : "16.82",
  "adult_day_care_full_day" : "69.23",
  "home_delivered_double_meal" : "8.46",
  "adult_day_care_half_day" : "44.60",
  "_2_way_pers_monthly_fee" : "47.07",
  "home_maker_svcs" : "18.24",
  "chore_svcs" : "20.45",
  "agency" : "Average for 2006",
  "home_delivered_single_meal" : "5.59",
  "_2_way_pers_installation_fee" : "47.14",
  "live_in_companion" : "198.94"
}
, {
  "companion_svcs" : "16.58",
  "adult_day_care_full_day" : "66.04",
  "home_delivered_double_meal" : "7.89",
  "adult_day_care_half_day" : "41.48",
  "_2_way_pers_monthly_fee" : "45.32",
  "home_maker_svcs" : "18.09",
  "chore_svcs" : "19.43",
  "agency" : "Average for 2005",
  "home_delivered_single_meal" : "5.46",
  "_2_way_pers_installation_fee" : "50.16",
  "live_in_companion" : "188.37"
}
, {
  "companion_svcs" : "16.17",
  "adult_day_care_full_day" : "64.43",
  "home_delivered_double_meal" : "8.02",
  "adult_day_care_half_day" : "41.28",
  "_2_way_pers_monthly_fee" : "46.25",
  "home_maker_svcs" : "17.66",
  "chore_svcs" : "19.42",
  "agency" : "Average for 2004",
  "home_delivered_single_meal" : "5.24",
  "_2_way_pers_installation_fee" : "47.46",
  "live_in_companion" : "198.05"
}
, {
  "companion_svcs" : "15.51",
  "adult_day_care_full_day" : "62.76",
  "home_delivered_double_meal" : "8.02",
  "adult_day_care_half_day" : "41.45",
  "_2_way_pers_monthly_fee" : "46.07",
  "home_maker_svcs" : "17.68",
  "chore_svcs" : "17.45",
  "agency" : "Average for 2003",
  "home_delivered_single_meal" : "5.00",
  "_2_way_pers_installation_fee" : "48.68",
  "live_in_companion" : "191.71"
}
, {
  "companion_svcs" : "14.96",
  "adult_day_care_full_day" : "60.06",
  "home_delivered_double_meal" : "7.79",
  "adult_day_care_half_day" : "38.91",
  "_2_way_pers_monthly_fee" : "42.95",
  "home_maker_svcs" : "16.57",
  "chore_svcs" : "16.87",
  "agency" : "Average for 2002",
  "home_delivered_single_meal" : "4.54",
  "_2_way_pers_installation_fee" : "48.48",
  "live_in_companion" : "173.48"
}
, {
  "companion_svcs" : "14.86",
  "adult_day_care_full_day" : "57.58",
  "home_delivered_double_meal" : "7.50",
  "adult_day_care_half_day" : "35.05",
  "_2_way_pers_monthly_fee" : "41.07",
  "home_maker_svcs" : "15.80",
  "chore_svcs" : "16.85",
  "agency" : "Average for 2001",
  "home_delivered_single_meal" : "4.32",
  "_2_way_pers_installation_fee" : "48.02",
  "live_in_companion" : "170.87"
}
, {
  "companion_svcs" : "1.8%",
  "adult_day_care_full_day" : "4.3%",
  "home_delivered_double_meal" : "6.6%",
  "adult_day_care_half_day" : "5.8%",
  "_2_way_pers_monthly_fee" : "-0.7%",
  "home_maker_svcs" : "2.0%",
  "chore_svcs" : "-2.8%",
  "agency" : "Change from 2013 to 2014",
  "home_delivered_single_meal" : "4.2%",
  "_2_way_pers_installation_fee" : "-3.1",
  "live_in_companion" : "0.6%"
}
, {
  "companion_svcs" : "0.4%",
  "adult_day_care_full_day" : "1.1%",
  "home_delivered_double_meal" : "4.3%",
  "adult_day_care_half_day" : "2.8%",
  "_2_way_pers_monthly_fee" : "-3.2%",
  "home_maker_svcs" : "-2.0%",
  "chore_svcs" : "3.4%",
  "agency" : "Change from 2012 to 2013",
  "home_delivered_single_meal" : "4.1%",
  "_2_way_pers_installation_fee" : "3.3",
  "live_in_companion" : "2.8%"
}
, {
  "companion_svcs" : "0.5%",
  "adult_day_care_full_day" : "3.1%",
  "home_delivered_double_meal" : "5.2%",
  "adult_day_care_half_day" : "5.0%",
  "_2_way_pers_monthly_fee" : "-3.3%",
  "home_maker_svcs" : "0.9%",
  "chore_svcs" : "-0.1%",
  "agency" : "Change from 2011 to 2012",
  "home_delivered_single_meal" : "3.2%",
  "_2_way_pers_installation_fee" : "4.7",
  "live_in_companion" : "1.7%"
}
, {
  "companion_svcs" : "1.3%",
  "adult_day_care_full_day" : "0.6%",
  "home_delivered_double_meal" : "-4.7%",
  "adult_day_care_half_day" : "-4.5%",
  "_2_way_pers_monthly_fee" : "6.0%",
  "home_maker_svcs" : "-1.3%",
  "chore_svcs" : "-4.5%",
  "agency" : "Change from 2010 to 2011",
  "home_delivered_single_meal" : "-8.6%",
  "_2_way_pers_installation_fee" : "-0.06",
  "live_in_companion" : "1.5%"
}
, {
  "companion_svcs" : "0.4%",
  "adult_day_care_full_day" : "2.9%",
  "home_delivered_double_meal" : "-0.4%",
  "adult_day_care_half_day" : "5.7%",
  "_2_way_pers_monthly_fee" : "0.6%",
  "home_maker_svcs" : "2.4%",
  "chore_svcs" : "3.1%",
  "agency" : "Change from 2009 to 2010",
  "home_delivered_single_meal" : "1.0%",
  "_2_way_pers_installation_fee" : "-0.01",
  "live_in_companion" : "-1.8%"
}
, {
  "companion_svcs" : "2.2%",
  "adult_day_care_full_day" : "-0.6%",
  "home_delivered_double_meal" : "3.4%",
  "adult_day_care_half_day" : "-5.6%",
  "_2_way_pers_monthly_fee" : "-2.7%",
  "home_maker_svcs" : "0.2%",
  "chore_svcs" : "-1.3%",
  "agency" : "Change from 2008 to 2009",
  "home_delivered_single_meal" : "13.2%",
  "_2_way_pers_installation_fee" : "-0.02",
  "live_in_companion" : "2.4%"
}
, {
  "companion_svcs" : "1.7%",
  "adult_day_care_full_day" : "5.4%",
  "home_delivered_double_meal" : "5.1%",
  "adult_day_care_half_day" : "9.5%",
  "_2_way_pers_monthly_fee" : "-3.3%",
  "home_maker_svcs" : "1.2%",
  "chore_svcs" : "2.0%",
  "agency" : "Change from 2007 to 2008",
  "home_delivered_single_meal" : "5.9%",
  "_2_way_pers_installation_fee" : "0.04",
  "live_in_companion" : "-1.0%"
}
, {
  "companion_svcs" : "3.4%",
  "adult_day_care_full_day" : "3.7%",
  "home_delivered_double_meal" : "1.3%",
  "adult_day_care_half_day" : "2.3%",
  "_2_way_pers_monthly_fee" : "0.7%",
  "home_maker_svcs" : "4.2%",
  "chore_svcs" : "2.8%",
  "agency" : "Change from 2006 to 2007",
  "home_delivered_single_meal" : "-0.5%",
  "_2_way_pers_installation_fee" : "0.00",
  "live_in_companion" : "-0.1%"
}
, {
  "companion_svcs" : "1.4%",
  "adult_day_care_full_day" : "4.8%",
  "home_delivered_double_meal" : "7.2%",
  "adult_day_care_half_day" : "7.5%",
  "_2_way_pers_monthly_fee" : "3.9%",
  "home_maker_svcs" : "0.8%",
  "chore_svcs" : "5.2%",
  "agency" : "Change from 2005 to 2006",
  "home_delivered_single_meal" : "2.4%",
  "_2_way_pers_installation_fee" : "-0.06",
  "live_in_companion" : "5.6%"
}
, {
  "companion_svcs" : "2.5%",
  "adult_day_care_full_day" : "2.5%",
  "home_delivered_double_meal" : "-1.6%",
  "adult_day_care_half_day" : "0.5%",
  "_2_way_pers_monthly_fee" : "-2.0%",
  "home_maker_svcs" : "2.4%",
  "chore_svcs" : "0.1%",
  "agency" : "Change from 2004 to 2005",
  "home_delivered_single_meal" : "4.2%",
  "_2_way_pers_installation_fee" : "0.06",
  "live_in_companion" : "-4.9%"
}
, {
  "companion_svcs" : "4.3%",
  "adult_day_care_full_day" : "2.7%",
  "home_delivered_double_meal" : "0.0%",
  "adult_day_care_half_day" : "-0.4%",
  "_2_way_pers_monthly_fee" : "0.4%",
  "home_maker_svcs" : "-0.1%",
  "chore_svcs" : "11.3%",
  "agency" : "Change from 2003 to 2004",
  "home_delivered_single_meal" : "4.8%",
  "_2_way_pers_installation_fee" : "-0.03",
  "live_in_companion" : "3.3%"
}
, {
  "companion_svcs" : "3.7%",
  "adult_day_care_full_day" : "4.5%",
  "home_delivered_double_meal" : "3.0%",
  "adult_day_care_half_day" : "6.5%",
  "_2_way_pers_monthly_fee" : "7.3%",
  "home_maker_svcs" : "6.7%",
  "chore_svcs" : "3.4%",
  "agency" : "Change from 2002 to 2003",
  "home_delivered_single_meal" : "10.1%",
  "_2_way_pers_installation_fee" : "0.00",
  "live_in_companion" : "10.5%"
}
, {
  "companion_svcs" : "0.7%",
  "adult_day_care_full_day" : "4.3%",
  "home_delivered_double_meal" : "3.9%",
  "adult_day_care_half_day" : "11.0%",
  "_2_way_pers_monthly_fee" : "4.6%",
  "home_maker_svcs" : "4.9%",
  "chore_svcs" : "0.1%",
  "agency" : "Change from 2001 to 2002",
  "home_delivered_single_meal" : "5.1%",
  "_2_way_pers_installation_fee" : "0.01",
  "live_in_companion" : "1.5%"
}
 ]