[ {
  "weighted_average_of_machines" : "* 5,435",
  "handle" : "1320486772",
  "ebonus_credits_redeemed_at_slot_machines_2" : "11440482",
  "slot_machine_contributions_to_state_of_connecticut_1_6" : "27213516",
  "ebonus_contribution_3" : "54819",
  "hold" : "8.24",
  "total_contributions_1" : "27268335",
  "win" : "108854064",
  "fiscal_year_month" : "Total FY 2014/2015",
  "payout" : "91.76"
}
, {
  "weighted_average_of_machines" : "* 5,425",
  "handle" : "674287041",
  "ebonus_credits_redeemed_at_slot_machines_2" : "5429910",
  "slot_machine_contributions_to_state_of_connecticut_1_6" : "14051477",
  "ebonus_contribution_3" : "0",
  "hold" : "8.34",
  "total_contributions_1" : "14051477",
  "win" : "56205909",
  "fiscal_year_month" : "August (2) (3)",
  "payout" : "91.66"
}
, {
  "weighted_average_of_machines" : "* 5,447",
  "handle" : "646199731",
  "ebonus_credits_redeemed_at_slot_machines_2" : "6010572",
  "slot_machine_contributions_to_state_of_connecticut_1_6" : "13162039",
  "ebonus_contribution_3" : "54819",
  "hold" : "8.15",
  "total_contributions_1" : "13216858",
  "win" : "52648155",
  "fiscal_year_month" : "July 2014 (2) (3)",
  "payout" : "91.85"
}
, {
  "weighted_average_of_machines" : "* 5,495",
  "handle" : "7263510771",
  "ebonus_credits_redeemed_at_slot_machines_2" : "68958321",
  "slot_machine_contributions_to_state_of_connecticut_1_6" : "146919816",
  "ebonus_contribution_3" : "1426086",
  "hold" : "8.09",
  "total_contributions_1" : "148345903",
  "win" : "587679266",
  "fiscal_year_month" : "Total FY 2013/2014",
  "payout" : "91.91"
}
, {
  "weighted_average_of_machines" : "* 5,449",
  "handle" : "574876188",
  "ebonus_credits_redeemed_at_slot_machines_2" : "6520857",
  "slot_machine_contributions_to_state_of_connecticut_1_6" : "11329376",
  "ebonus_contribution_3" : "383983",
  "hold" : "7.88",
  "total_contributions_1" : "11713359",
  "win" : "45317506",
  "fiscal_year_month" : "June (2) (3)",
  "payout" : "92.12"
}
, {
  "weighted_average_of_machines" : "* 5,447",
  "handle" : "637076648",
  "ebonus_credits_redeemed_at_slot_machines_2" : "6231239",
  "slot_machine_contributions_to_state_of_connecticut_1_6" : "12926327",
  "ebonus_contribution_3" : "135914",
  "hold" : "8.12",
  "total_contributions_1" : "13062241",
  "win" : "51705309",
  "fiscal_year_month" : "May (2) (3)",
  "payout" : "91.88"
}
, {
  "weighted_average_of_machines" : "* 5,447",
  "handle" : "571232803",
  "ebonus_credits_redeemed_at_slot_machines_2" : "5526525",
  "slot_machine_contributions_to_state_of_connecticut_1_6" : "11668823",
  "ebonus_contribution_3" : "98061",
  "hold" : "8.17",
  "total_contributions_1" : "11766884",
  "win" : "46675291",
  "fiscal_year_month" : "April (2) (3)",
  "payout" : "91.83"
}
, {
  "weighted_average_of_machines" : "* 5,447",
  "handle" : "625581095",
  "ebonus_credits_redeemed_at_slot_machines_2" : "5443750",
  "slot_machine_contributions_to_state_of_connecticut_1_6" : "12971832",
  "ebonus_contribution_3" : "0",
  "hold" : "8.29",
  "total_contributions_1" : "12971832",
  "win" : "51887328",
  "fiscal_year_month" : "March (2) (3)",
  "payout" : "91.71"
}
, {
  "weighted_average_of_machines" : "* 5,468",
  "handle" : "525763484",
  "ebonus_credits_redeemed_at_slot_machines_2" : "4579199",
  "slot_machine_contributions_to_state_of_connecticut_1_6" : "10964105",
  "ebonus_contribution_3" : "0",
  "hold" : "8.34",
  "total_contributions_1" : "10964105",
  "win" : "43856419",
  "fiscal_year_month" : "February (2) (3)",
  "payout" : "91.66"
}
, {
  "weighted_average_of_machines" : "* 5,503",
  "handle" : "542590542",
  "ebonus_credits_redeemed_at_slot_machines_2" : "4854825",
  "slot_machine_contributions_to_state_of_connecticut_1_6" : "10793487",
  "ebonus_contribution_3" : "26423",
  "hold" : "7.96",
  "total_contributions_1" : "10819910",
  "win" : "43173948",
  "fiscal_year_month" : "January 2014 (2) (3)",
  "payout" : "92.04"
}
, {
  "weighted_average_of_machines" : "* 5,525",
  "handle" : "570616991",
  "ebonus_credits_redeemed_at_slot_machines_2" : "4528615",
  "slot_machine_contributions_to_state_of_connecticut_1_6" : "11474420",
  "ebonus_contribution_3" : "0",
  "hold" : "8.04",
  "total_contributions_1" : "11474420",
  "win" : "45897679",
  "fiscal_year_month" : "December (2) (3)",
  "payout" : "91.96"
}
, {
  "weighted_average_of_machines" : "* 5,530",
  "handle" : "627548160",
  "ebonus_credits_redeemed_at_slot_machines_2" : "6406808",
  "slot_machine_contributions_to_state_of_connecticut_1_6" : "12325706",
  "ebonus_contribution_3" : "245874",
  "hold" : "7.86",
  "total_contributions_1" : "12571580",
  "win" : "49302824",
  "fiscal_year_month" : "November (2) (3)",
  "payout" : "92.14"
}
, {
  "weighted_average_of_machines" : "* 5,530",
  "handle" : "592664968",
  "ebonus_credits_redeemed_at_slot_machines_2" : "5024105",
  "slot_machine_contributions_to_state_of_connecticut_1_6" : "12240581",
  "ebonus_contribution_3" : "0",
  "hold" : "8.26",
  "total_contributions_1" : "12240581",
  "win" : "48962324",
  "fiscal_year_month" : "October (2) (3)",
  "payout" : "91.74"
}
, {
  "weighted_average_of_machines" : "* 5,530",
  "handle" : "621504821",
  "ebonus_credits_redeemed_at_slot_machines_2" : "6329467",
  "slot_machine_contributions_to_state_of_connecticut_1_6" : "12481363",
  "ebonus_contribution_3" : "209417",
  "hold" : "8.03",
  "total_contributions_1" : "12690780",
  "win" : "49925453",
  "fiscal_year_month" : "September (2) (3)",
  "payout" : "91.97"
}
, {
  "weighted_average_of_machines" : "* 5,528",
  "handle" : "700399159",
  "ebonus_credits_redeemed_at_slot_machines_2" : "7285724",
  "slot_machine_contributions_to_state_of_connecticut_1_6" : "14088354",
  "ebonus_contribution_3" : "271712",
  "hold" : "8.05",
  "total_contributions_1" : "14360066",
  "win" : "56353417",
  "fiscal_year_month" : "August (2) (3)",
  "payout" : "91.95"
}
, {
  "weighted_average_of_machines" : "* 5,541",
  "handle" : "673655913",
  "ebonus_credits_redeemed_at_slot_machines_2" : "6227207",
  "slot_machine_contributions_to_state_of_connecticut_1_6" : "13655442",
  "ebonus_contribution_3" : "54703",
  "hold" : "8.11",
  "total_contributions_1" : "13710145",
  "win" : "54621767",
  "fiscal_year_month" : "July 2013 (2) (3)",
  "payout" : "91.89"
}
, {
  "weighted_average_of_machines" : "* 5,656",
  "handle" : "7628348768",
  "ebonus_credits_redeemed_at_slot_machines_2" : "64539401",
  "slot_machine_contributions_to_state_of_connecticut_1_6" : "157200358",
  "ebonus_contribution_3" : "663591",
  "hold" : "8.24",
  "total_contributions_1" : "157863949",
  "win" : "628801430",
  "fiscal_year_month" : "Total FY 2012/2013",
  "payout" : "91.76"
}
, {
  "weighted_average_of_machines" : "* 5,530",
  "handle" : "640366639",
  "ebonus_credits_redeemed_at_slot_machines_2" : "8055011",
  "slot_machine_contributions_to_state_of_connecticut_1_6" : "12625422",
  "ebonus_contribution_3" : "624956",
  "hold" : "7.89",
  "total_contributions_1" : "13250378",
  "win" : "50501686",
  "fiscal_year_month" : "June (2) (3)",
  "payout" : "92.11"
}
, {
  "weighted_average_of_machines" : "* 5,527",
  "handle" : "655412962",
  "ebonus_credits_redeemed_at_slot_machines_2" : "4812070",
  "slot_machine_contributions_to_state_of_connecticut_1_6" : "13745078",
  "ebonus_contribution_3" : "0",
  "hold" : "8.39",
  "total_contributions_1" : "13745078",
  "win" : "54980310",
  "fiscal_year_month" : "May (2) (3)",
  "payout" : "91.61"
}
, {
  "weighted_average_of_machines" : "* 5,533",
  "handle" : "627501963",
  "ebonus_credits_redeemed_at_slot_machines_2" : "4756538",
  "slot_machine_contributions_to_state_of_connecticut_1_6" : "13161657",
  "ebonus_contribution_3" : "0",
  "hold" : "8.39",
  "total_contributions_1" : "13161657",
  "win" : "52646629",
  "fiscal_year_month" : "April (2) (3)",
  "payout" : "91.61"
}
, {
  "weighted_average_of_machines" : "* 5,542",
  "handle" : "700669432",
  "ebonus_credits_redeemed_at_slot_machines_2" : "5950843",
  "slot_machine_contributions_to_state_of_connecticut_1_6" : "14669338",
  "ebonus_contribution_3" : "0",
  "hold" : "8.37",
  "total_contributions_1" : "14669338",
  "win" : "58677350",
  "fiscal_year_month" : "March (2) (3)",
  "payout" : "91.63"
}
, {
  "weighted_average_of_machines" : "* 5,532",
  "handle" : "550181968",
  "ebonus_credits_redeemed_at_slot_machines_2" : "4911842",
  "slot_machine_contributions_to_state_of_connecticut_1_6" : "11353754",
  "ebonus_contribution_3" : "0",
  "hold" : "8.25",
  "total_contributions_1" : "11353754",
  "win" : "45415017",
  "fiscal_year_month" : "February (2) (3)",
  "payout" : "91.75"
}
, {
  "weighted_average_of_machines" : "* 5,550",
  "handle" : "573125293",
  "ebonus_credits_redeemed_at_slot_machines_2" : "4112692",
  "slot_machine_contributions_to_state_of_connecticut_1_6" : "11769985",
  "ebonus_contribution_3" : "0",
  "hold" : "8.21",
  "total_contributions_1" : "11769985",
  "win" : "47079938",
  "fiscal_year_month" : "January 2013 (2) (3)",
  "payout" : "91.79"
}
, {
  "weighted_average_of_machines" : "* 5,559",
  "handle" : "616075473",
  "ebonus_credits_redeemed_at_slot_machines_2" : "4848386",
  "slot_machine_contributions_to_state_of_connecticut_1_6" : "12510215",
  "ebonus_contribution_3" : "0",
  "hold" : "8.12",
  "total_contributions_1" : "12510215",
  "win" : "50040861",
  "fiscal_year_month" : "December (2) (3)",
  "payout" : "91.88"
}
, {
  "weighted_average_of_machines" : "* 5,569",
  "handle" : "592387490",
  "ebonus_credits_redeemed_at_slot_machines_2" : "4661637",
  "slot_machine_contributions_to_state_of_connecticut_1_6" : "12495910",
  "ebonus_contribution_3" : "0",
  "hold" : "8.44",
  "total_contributions_1" : "12495910",
  "win" : "49983641",
  "fiscal_year_month" : "November (2) (3)",
  "payout" : "91.56"
}
, {
  "weighted_average_of_machines" : "* 5,695",
  "handle" : "576540936",
  "ebonus_credits_redeemed_at_slot_machines_2" : "4310104",
  "slot_machine_contributions_to_state_of_connecticut_1_6" : "12113391",
  "ebonus_contribution_3" : "0",
  "hold" : "8.40",
  "total_contributions_1" : "12113391",
  "win" : "48453564",
  "fiscal_year_month" : "October (2) (3)",
  "payout" : "91.60"
}
, {
  "weighted_average_of_machines" : "* 5,872",
  "handle" : "670908879",
  "ebonus_credits_redeemed_at_slot_machines_2" : "5508208",
  "slot_machine_contributions_to_state_of_connecticut_1_6" : "13680081",
  "ebonus_contribution_3" : "0",
  "hold" : "8.16",
  "total_contributions_1" : "13680081",
  "win" : "54720324",
  "fiscal_year_month" : "September (2) (3)",
  "payout" : "91.84"
}
, {
  "weighted_average_of_machines" : "* 5,900",
  "handle" : "687178647",
  "ebonus_credits_redeemed_at_slot_machines_2" : "5861186",
  "slot_machine_contributions_to_state_of_connecticut_1_6" : "14083839",
  "ebonus_contribution_3" : "0",
  "hold" : "8.20",
  "total_contributions_1" : "14083839",
  "win" : "56335356",
  "fiscal_year_month" : "August (2) (3)",
  "payout" : "91.80"
}
, {
  "weighted_average_of_machines" : "* 5,917",
  "handle" : "737999086",
  "ebonus_credits_redeemed_at_slot_machines_2" : "6750884",
  "slot_machine_contributions_to_state_of_connecticut_1_6" : "14991688",
  "ebonus_contribution_3" : "38635",
  "hold" : "8.13",
  "total_contributions_1" : "15030323",
  "win" : "59966753",
  "fiscal_year_month" : "July 2012 (2) (3)",
  "payout" : "91.87"
}
, {
  "weighted_average_of_machines" : "* 6,141",
  "handle" : "8369405825",
  "ebonus_credits_redeemed_at_slot_machines_2" : "63836705",
  "slot_machine_contributions_to_state_of_connecticut_1_6" : "172321814",
  "ebonus_contribution_3" : "6461507",
  "hold" : "8.24",
  "total_contributions_1" : "178783321",
  "win" : "689287257",
  "fiscal_year_month" : "Total FY 2011/2012",
  "payout" : "91.76"
}
, {
  "weighted_average_of_machines" : "* 5,923",
  "handle" : "679291248",
  "ebonus_credits_redeemed_at_slot_machines_2" : "6622315",
  "slot_machine_contributions_to_state_of_connecticut_1_6" : "13712063",
  "ebonus_contribution_3" : "901415",
  "hold" : "8.07",
  "total_contributions_1" : "14613478",
  "win" : "54848250",
  "fiscal_year_month" : "June (2) (3)",
  "payout" : "91.93"
}
, {
  "weighted_average_of_machines" : "* 5,965",
  "handle" : "672882527",
  "ebonus_credits_redeemed_at_slot_machines_2" : "6155980",
  "slot_machine_contributions_to_state_of_connecticut_1_6" : "13857987",
  "ebonus_contribution_3" : "776806",
  "hold" : "8.24",
  "total_contributions_1" : "14634793",
  "win" : "55431949",
  "fiscal_year_month" : "May (2) (3)",
  "payout" : "91.76"
}
, {
  "weighted_average_of_machines" : "* 5,972",
  "handle" : "657864028",
  "ebonus_credits_redeemed_at_slot_machines_2" : "5458237",
  "slot_machine_contributions_to_state_of_connecticut_1_6" : "13735754",
  "ebonus_contribution_3" : "609093",
  "hold" : "8.35",
  "total_contributions_1" : "14344847",
  "win" : "54943016",
  "fiscal_year_month" : "April (2) (3)",
  "payout" : "91.65"
}
, {
  "weighted_average_of_machines" : "* 5,977",
  "handle" : "710860682",
  "ebonus_credits_redeemed_at_slot_machines_2" : "5343553",
  "slot_machine_contributions_to_state_of_connecticut_1_6" : "14820566",
  "ebonus_contribution_3" : "520757",
  "hold" : "8.34",
  "total_contributions_1" : "15341323",
  "win" : "59282262",
  "fiscal_year_month" : "March (2) (3)",
  "payout" : "91.66"
}
, {
  "weighted_average_of_machines" : "* 6,098",
  "handle" : "667382479",
  "ebonus_credits_redeemed_at_slot_machines_2" : "4397445",
  "slot_machine_contributions_to_state_of_connecticut_1_6" : "13947172",
  "ebonus_contribution_3" : "332267",
  "hold" : "8.36",
  "total_contributions_1" : "14279439",
  "win" : "55788688",
  "fiscal_year_month" : "February (2) (3)",
  "payout" : "91.64"
}
, {
  "weighted_average_of_machines" : "* 6,116",
  "handle" : "633439032",
  "ebonus_credits_redeemed_at_slot_machines_2" : "4692200",
  "slot_machine_contributions_to_state_of_connecticut_1_6" : "13246428",
  "ebonus_contribution_3" : "444496",
  "hold" : "8.36",
  "total_contributions_1" : "13690925",
  "win" : "52985713",
  "fiscal_year_month" : "January 2012 (2) (3)",
  "payout" : "91.64"
}
, {
  "weighted_average_of_machines" : "* 6,134",
  "handle" : "695067804",
  "ebonus_credits_redeemed_at_slot_machines_2" : "4460331",
  "slot_machine_contributions_to_state_of_connecticut_1_6" : "14252131",
  "ebonus_contribution_3" : "331216",
  "hold" : "8.20",
  "total_contributions_1" : "14583346",
  "win" : "57008522",
  "fiscal_year_month" : "December (2) (3)",
  "payout" : "91.80"
}
, {
  "weighted_average_of_machines" : "* 6,264",
  "handle" : "669005138",
  "ebonus_credits_redeemed_at_slot_machines_2" : "4526155",
  "slot_machine_contributions_to_state_of_connecticut_1_6" : "13747436",
  "ebonus_contribution_3" : "375430",
  "hold" : "8.22",
  "total_contributions_1" : "14122866",
  "win" : "54989744",
  "fiscal_year_month" : "November (2) (3)",
  "payout" : "91.78"
}
, {
  "slot_machine_contributions_to_state_of_connecticut_1_6" : "-363085",
  "total_contributions_1" : "-363085",
  "win" : "-1452341",
  "fiscal_year_month" : "Prior period adj. (9)"
}
, {
  "weighted_average_of_machines" : "* 6,315",
  "handle" : "700297584",
  "ebonus_credits_redeemed_at_slot_machines_2" : "4820114",
  "slot_machine_contributions_to_state_of_connecticut_1_6" : "14704029",
  "ebonus_contribution_3" : "396307",
  "hold" : "8.40",
  "total_contributions_1" : "15100336",
  "win" : "58816118",
  "fiscal_year_month" : "October (2) (3)",
  "payout" : "91.60"
}
, {
  "weighted_average_of_machines" : "* 6,322",
  "handle" : "709958508",
  "ebonus_credits_redeemed_at_slot_machines_2" : "4678514",
  "slot_machine_contributions_to_state_of_connecticut_1_6" : "14957064",
  "ebonus_contribution_3" : "346990",
  "hold" : "8.43",
  "total_contributions_1" : "15304054",
  "win" : "59828255",
  "fiscal_year_month" : "September (2) (3)",
  "payout" : "91.57"
}
, {
  "weighted_average_of_machines" : "* 6,304",
  "handle" : "724181387",
  "ebonus_credits_redeemed_at_slot_machines_2" : "6178860",
  "slot_machine_contributions_to_state_of_connecticut_1_6" : "14978292",
  "ebonus_contribution_3" : "720909",
  "hold" : "8.27",
  "total_contributions_1" : "15699200",
  "win" : "59913166",
  "fiscal_year_month" : "August (2) (3)",
  "payout" : "91.73"
}
, {
  "weighted_average_of_machines" : "* 6,300",
  "handle" : "849175409",
  "ebonus_credits_redeemed_at_slot_machines_2" : "6503001",
  "slot_machine_contributions_to_state_of_connecticut_1_6" : "16725978",
  "ebonus_contribution_3" : "705821",
  "hold" : "7.88",
  "total_contributions_1" : "17431800",
  "win" : "66903914",
  "fiscal_year_month" : "July 2011 (2) (3)",
  "payout" : "92.12"
}
, {
  "weighted_average_of_machines" : "* 6,383",
  "handle" : "9011005939",
  "ebonus_credits_redeemed_at_slot_machines_2" : "62289565",
  "slot_machine_contributions_to_state_of_connecticut_1_6" : "179805630",
  "ebonus_contribution_3" : "5683082",
  "hold" : "7.98",
  "total_contributions_1" : "185488712",
  "win" : "719222522",
  "fiscal_year_month" : "Total FY 2010/2011",
  "payout" : "92.02"
}
, {
  "weighted_average_of_machines" : "* 6,340",
  "handle" : "727934511",
  "ebonus_credits_redeemed_at_slot_machines_2" : "6454276",
  "slot_machine_contributions_to_state_of_connecticut_1_6" : "14241164",
  "ebonus_contribution_3" : "830305",
  "hold" : "7.83",
  "total_contributions_1" : "15071469",
  "win" : "56964656",
  "fiscal_year_month" : "June (2) (3)",
  "payout" : "92.17"
}
, {
  "weighted_average_of_machines" : "* 6,368",
  "handle" : "748638218",
  "ebonus_credits_redeemed_at_slot_machines_2" : "5868350",
  "slot_machine_contributions_to_state_of_connecticut_1_6" : "15250908",
  "ebonus_contribution_3" : "628288",
  "hold" : "8.15",
  "total_contributions_1" : "15879195",
  "win" : "61003631",
  "fiscal_year_month" : "May (2) (3)",
  "payout" : "91.85"
}
, {
  "weighted_average_of_machines" : "* 6,367",
  "handle" : "749996387",
  "ebonus_credits_redeemed_at_slot_machines_2" : "5089569",
  "slot_machine_contributions_to_state_of_connecticut_1_6" : "15402013",
  "ebonus_contribution_3" : "425282",
  "hold" : "8.21",
  "total_contributions_1" : "15827295",
  "win" : "61608053",
  "fiscal_year_month" : "April (2) (3)",
  "payout" : "91.79"
}
, {
  "weighted_average_of_machines" : "* 6,364",
  "handle" : "776944438",
  "ebonus_credits_redeemed_at_slot_machines_2" : "5030530",
  "slot_machine_contributions_to_state_of_connecticut_1_6" : "15680269",
  "ebonus_contribution_3" : "395218",
  "hold" : "8.07",
  "total_contributions_1" : "16075487",
  "win" : "62721077",
  "fiscal_year_month" : "March (2) (3)",
  "payout" : "91.93"
}
, {
  "weighted_average_of_machines" : "* 6,367",
  "handle" : "716293719",
  "ebonus_credits_redeemed_at_slot_machines_2" : "5550499",
  "slot_machine_contributions_to_state_of_connecticut_1_6" : "14511935",
  "ebonus_contribution_3" : "589468",
  "hold" : "8.10",
  "total_contributions_1" : "15101403",
  "win" : "58047738",
  "fiscal_year_month" : "February (2) (3)",
  "payout" : "91.90"
}
, {
  "weighted_average_of_machines" : "* 6,372",
  "handle" : "689190773",
  "ebonus_credits_redeemed_at_slot_machines_2" : "5720874",
  "slot_machine_contributions_to_state_of_connecticut_1_6" : "13635323",
  "ebonus_contribution_3" : "680276",
  "hold" : "7.91",
  "total_contributions_1" : "14315598",
  "win" : "54541290",
  "fiscal_year_month" : "January 2011 (2) (3)",
  "payout" : "92.09"
}
, {
  "weighted_average_of_machines" : "* 6,404",
  "handle" : "673412992",
  "ebonus_credits_redeemed_at_slot_machines_2" : "3430167",
  "slot_machine_contributions_to_state_of_connecticut_1_6" : "13361550",
  "ebonus_contribution_3" : "122656",
  "hold" : "7.94",
  "total_contributions_1" : "13484207",
  "win" : "53446202",
  "fiscal_year_month" : "December (2) (3)",
  "payout" : "92.06"
}
, {
  "weighted_average_of_machines" : "* 6,405",
  "handle" : "691407412",
  "ebonus_credits_redeemed_at_slot_machines_2" : "4303973",
  "slot_machine_contributions_to_state_of_connecticut_1_6" : "13898000",
  "ebonus_contribution_3" : "311603",
  "hold" : "8.04",
  "total_contributions_1" : "14209604",
  "win" : "55592002",
  "fiscal_year_month" : "November (2) (3)",
  "payout" : "91.96"
}
, {
  "weighted_average_of_machines" : "* 6,404",
  "handle" : "755758609",
  "ebonus_credits_redeemed_at_slot_machines_2" : "4635816",
  "slot_machine_contributions_to_state_of_connecticut_1_6" : "15079365",
  "ebonus_contribution_3" : "329589",
  "hold" : "7.98",
  "total_contributions_1" : "15408954",
  "win" : "60317459",
  "fiscal_year_month" : "October (2) (3)",
  "payout" : "92.02"
}
, {
  "weighted_average_of_machines" : "* 6,404",
  "handle" : "732998359",
  "ebonus_credits_redeemed_at_slot_machines_2" : "4615456",
  "slot_machine_contributions_to_state_of_connecticut_1_6" : "14406320",
  "ebonus_contribution_3" : "361516",
  "hold" : "7.86",
  "total_contributions_1" : "14767836",
  "win" : "57625280",
  "fiscal_year_month" : "September (2) (3)",
  "payout" : "92.14"
}
, {
  "weighted_average_of_machines" : "* 6,405",
  "handle" : "856152309",
  "ebonus_credits_redeemed_at_slot_machines_2" : "5825669",
  "slot_machine_contributions_to_state_of_connecticut_1_6" : "16758247",
  "ebonus_contribution_3" : "534714",
  "hold" : "7.83",
  "total_contributions_1" : "17292961",
  "win" : "67032990",
  "fiscal_year_month" : "August (2) (3)",
  "payout" : "92.17"
}
, {
  "weighted_average_of_machines" : "* 6,405",
  "handle" : "892278212",
  "ebonus_credits_redeemed_at_slot_machines_2" : "5764386",
  "slot_machine_contributions_to_state_of_connecticut_1_6" : "17580536",
  "ebonus_contribution_3" : "474167",
  "hold" : "7.88",
  "total_contributions_1" : "18054703",
  "win" : "70322144",
  "fiscal_year_month" : "July 2010 (2) (3)",
  "payout" : "92.12"
}
, {
  "weighted_average_of_machines" : "* 6,569",
  "handle" : "9203634881",
  "ebonus_credits_redeemed_at_slot_machines_2" : "50626451",
  "slot_machine_contributions_to_state_of_connecticut_1_6" : "187223754",
  "ebonus_contribution_3" : "2621343",
  "hold" : "8.14",
  "total_contributions_1" : "189845097",
  "win" : "748895017",
  "fiscal_year_month" : "Total FY 2009/2010",
  "payout" : "91.86"
}
, {
  "weighted_average_of_machines" : "* 6,405",
  "handle" : "748692700",
  "ebonus_credits_redeemed_at_slot_machines_2" : "5053135",
  "slot_machine_contributions_to_state_of_connecticut_1_6" : "14899883",
  "ebonus_contribution_3" : "443790",
  "hold" : "7.96",
  "total_contributions_1" : "15343674",
  "win" : "59599534",
  "fiscal_year_month" : "June (2) (3)",
  "payout" : "92.04"
}
, {
  "weighted_average_of_machines" : "* 6,405",
  "handle" : "792957393",
  "ebonus_credits_redeemed_at_slot_machines_2" : "4503559",
  "slot_machine_contributions_to_state_of_connecticut_1_6" : "16255371",
  "ebonus_contribution_3" : "231844",
  "hold" : "8.20",
  "total_contributions_1" : "16487216",
  "win" : "65021485",
  "fiscal_year_month" : "May (2) (3)",
  "payout" : "91.80"
}
, {
  "weighted_average_of_machines" : "* 6,342",
  "handle" : "785534349",
  "ebonus_credits_redeemed_at_slot_machines_2" : "5373337",
  "slot_machine_contributions_to_state_of_connecticut_1_6" : "15932945",
  "ebonus_contribution_3" : "467022",
  "hold" : "8.11",
  "total_contributions_1" : "16399968",
  "win" : "63731782",
  "fiscal_year_month" : "April (2) (3)",
  "payout" : "91.89"
}
, {
  "weighted_average_of_machines" : "* 6,305",
  "handle" : "786151502",
  "ebonus_credits_redeemed_at_slot_machines_2" : "4530570",
  "slot_machine_contributions_to_state_of_connecticut_1_6" : "15920243",
  "ebonus_contribution_3" : "257029",
  "hold" : "8.10",
  "total_contributions_1" : "16177272",
  "win" : "63680971",
  "fiscal_year_month" : "March (2) (3)",
  "payout" : "91.90"
}
, {
  "weighted_average_of_machines" : "* 6,394",
  "handle" : "718641757",
  "ebonus_credits_redeemed_at_slot_machines_2" : "5629865",
  "slot_machine_contributions_to_state_of_connecticut_1_6" : "14506491",
  "ebonus_contribution_3" : "609609",
  "hold" : "8.07",
  "total_contributions_1" : "15116100",
  "win" : "58025964",
  "fiscal_year_month" : "February (2) (3)",
  "payout" : "91.93"
}
, {
  "weighted_average_of_machines" : "* 6,582",
  "handle" : "766716521",
  "ebonus_credits_redeemed_at_slot_machines_2" : "3972895",
  "slot_machine_contributions_to_state_of_connecticut_1_6" : "15440535",
  "ebonus_contribution_3" : "143994",
  "hold" : "8.06",
  "total_contributions_1" : "15584529",
  "win" : "61762140",
  "fiscal_year_month" : "January 2010 (2) (3)",
  "payout" : "91.94"
}
, {
  "weighted_average_of_machines" : "* 6,715",
  "handle" : "698178971",
  "ebonus_credits_redeemed_at_slot_machines_2" : "3465882",
  "slot_machine_contributions_to_state_of_connecticut_1_6" : "14265261",
  "ebonus_contribution_3" : "81881",
  "hold" : "8.17",
  "total_contributions_1" : "14347142",
  "win" : "57061044",
  "fiscal_year_month" : "December (2) (3)",
  "payout" : "91.83"
}
, {
  "weighted_average_of_machines" : "* 6,709",
  "handle" : "732239610",
  "ebonus_credits_redeemed_at_slot_machines_2" : "3497032",
  "slot_machine_contributions_to_state_of_connecticut_1_6" : "14897875",
  "ebonus_contribution_3" : "54875",
  "hold" : "8.14",
  "total_contributions_1" : "14952750",
  "win" : "59591500",
  "fiscal_year_month" : "November (2) (3)",
  "payout" : "91.86"
}
, {
  "weighted_average_of_machines" : "* 6,731",
  "handle" : "768078407",
  "ebonus_credits_redeemed_at_slot_machines_2" : "4410701",
  "slot_machine_contributions_to_state_of_connecticut_1_6" : "15734410",
  "ebonus_contribution_3" : "237283",
  "hold" : "8.19",
  "total_contributions_1" : "15971693",
  "win" : "62937640",
  "fiscal_year_month" : "October (2) (3)",
  "payout" : "91.81"
}
, {
  "weighted_average_of_machines" : "* 6,735",
  "handle" : "734247008",
  "ebonus_credits_redeemed_at_slot_machines_2" : "3643663",
  "slot_machine_contributions_to_state_of_connecticut_1_6" : "14852746",
  "ebonus_contribution_3" : "94015",
  "hold" : "8.09",
  "total_contributions_1" : "14946760",
  "win" : "59410982",
  "fiscal_year_month" : "September (2) (3)",
  "payout" : "91.91"
}
, {
  "weighted_average_of_machines" : "* 6,743",
  "handle" : "846075550",
  "ebonus_credits_redeemed_at_slot_machines_2" : "3576200",
  "slot_machine_contributions_to_state_of_connecticut_1_6" : "17247681",
  "ebonus_contribution_3" : "0",
  "hold" : "8.15",
  "total_contributions_1" : "17247681",
  "win" : "68990726",
  "fiscal_year_month" : "August (2) (3)",
  "payout" : "91.85"
}
, {
  "weighted_average_of_machines" : "* 6,749",
  "handle" : "826121113",
  "ebonus_credits_redeemed_at_slot_machines_2" : "2969612",
  "slot_machine_contributions_to_state_of_connecticut_1_6" : "17270312",
  "ebonus_contribution_3" : "0",
  "hold" : "8.36",
  "total_contributions_1" : "17270312",
  "win" : "69081248",
  "fiscal_year_month" : "July 2009 (2) (3)",
  "payout" : "91.64"
}
, {
  "weighted_average_of_machines" : "* 6,644",
  "handle" : "9471655862",
  "ebonus_credits_redeemed_at_slot_machines_2" : "28186965",
  "slot_machine_contributions_to_state_of_connecticut_1_6" : "200651400",
  "ebonus_contribution_3" : "0",
  "hold" : "8.47",
  "total_contributions_1" : "0",
  "win" : "802563411",
  "fiscal_year_month" : "Total FY 2008/2009",
  "payout" : "91.53"
}
, {
  "weighted_average_of_machines" : "* 6,747",
  "handle" : "743182987",
  "ebonus_credits_redeemed_at_slot_machines_2" : "3016703",
  "slot_machine_contributions_to_state_of_connecticut_1_6" : "15457384",
  "ebonus_contribution_3" : "0",
  "hold" : "8.32",
  "total_contributions_1" : "0",
  "win" : "61829535",
  "fiscal_year_month" : "June (2)",
  "payout" : "91.68"
}
, {
  "weighted_average_of_machines" : "* 6,745",
  "handle" : "851267799",
  "ebonus_credits_redeemed_at_slot_machines_2" : "3423129",
  "slot_machine_contributions_to_state_of_connecticut_1_6" : "17474546",
  "ebonus_contribution_3" : "0",
  "hold" : "8.21",
  "total_contributions_1" : "0",
  "win" : "69898183",
  "fiscal_year_month" : "May (2)",
  "payout" : "91.79"
}
, {
  "weighted_average_of_machines" : "* 6,763",
  "handle" : "738511403",
  "ebonus_credits_redeemed_at_slot_machines_2" : "1872814",
  "slot_machine_contributions_to_state_of_connecticut_1_6" : "16073180",
  "ebonus_contribution_3" : "0",
  "hold" : "8.71",
  "total_contributions_1" : "0",
  "win" : "64292719",
  "fiscal_year_month" : "April (2)",
  "payout" : "91.29"
}
, {
  "weighted_average_of_machines" : "* 6,772",
  "handle" : "772095285",
  "ebonus_credits_redeemed_at_slot_machines_2" : "2317371",
  "slot_machine_contributions_to_state_of_connecticut_1_6" : "16383184",
  "ebonus_contribution_3" : "0",
  "hold" : "8.49",
  "total_contributions_1" : "0",
  "win" : "65532736",
  "fiscal_year_month" : "March (2) (4)",
  "payout" : "91.51"
}
, {
  "weighted_average_of_machines" : "* 6,787",
  "handle" : "721942349",
  "ebonus_credits_redeemed_at_slot_machines_2" : "449878",
  "slot_machine_contributions_to_state_of_connecticut_1_6" : "15710193",
  "ebonus_contribution_3" : "0",
  "hold" : "8.70",
  "total_contributions_1" : "0",
  "win" : "62840771",
  "fiscal_year_month" : "February (2) (4)",
  "payout" : "91.30"
}
, {
  "weighted_average_of_machines" : "* 6,761",
  "handle" : "718062964",
  "ebonus_credits_redeemed_at_slot_machines_2" : "1570953",
  "slot_machine_contributions_to_state_of_connecticut_1_6" : "15603176",
  "ebonus_contribution_3" : "0",
  "hold" : "8.69",
  "total_contributions_1" : "0",
  "win" : "62412706",
  "fiscal_year_month" : "January 2009 (2)",
  "payout" : "91.31"
}
, {
  "weighted_average_of_machines" : "* 6,744",
  "handle" : "734750207",
  "ebonus_credits_redeemed_at_slot_machines_2" : "781837",
  "slot_machine_contributions_to_state_of_connecticut_1_6" : "15785422",
  "ebonus_contribution_3" : "0",
  "hold" : "8.59",
  "total_contributions_1" : "0",
  "win" : "63141690",
  "fiscal_year_month" : "December (2)",
  "payout" : "91.41"
}
, {
  "weighted_average_of_machines" : "* 6,743",
  "handle" : "808521714",
  "ebonus_credits_redeemed_at_slot_machines_2" : "2692916",
  "slot_machine_contributions_to_state_of_connecticut_1_6" : "16696719",
  "ebonus_contribution_3" : "0",
  "hold" : "8.26",
  "total_contributions_1" : "0",
  "win" : "66786875",
  "fiscal_year_month" : "November (2)",
  "payout" : "91.74"
}
, {
  "weighted_average_of_machines" : "* 6,743",
  "handle" : "760939428",
  "ebonus_credits_redeemed_at_slot_machines_2" : "1665805",
  "slot_machine_contributions_to_state_of_connecticut_1_6" : "16351726",
  "ebonus_contribution_3" : "0",
  "hold" : "8.60",
  "total_contributions_1" : "0",
  "win" : "65406905",
  "fiscal_year_month" : "October (2)",
  "payout" : "91.40"
}
, {
  "weighted_average_of_machines" : "* 6,739",
  "handle" : "780520738",
  "ebonus_credits_redeemed_at_slot_machines_2" : "2954351",
  "slot_machine_contributions_to_state_of_connecticut_1_6" : "16756040",
  "ebonus_contribution_3" : "0",
  "hold" : "8.58",
  "total_contributions_1" : "0",
  "win" : "67004290",
  "fiscal_year_month" : "September (2)",
  "payout" : "91.42"
}
, {
  "weighted_average_of_machines" : "* 6,143",
  "handle" : "948185318",
  "ebonus_credits_redeemed_at_slot_machines_2" : "4159212",
  "slot_machine_contributions_to_state_of_connecticut_1_6" : "19390678",
  "ebonus_contribution_3" : "0",
  "hold" : "8.18",
  "total_contributions_1" : "0",
  "win" : "77540393",
  "fiscal_year_month" : "August (2) (6)",
  "payout" : "91.82"
}
, {
  "weighted_average_of_machines" : "* 6,078",
  "handle" : "893675669",
  "ebonus_credits_redeemed_at_slot_machines_2" : "3281997",
  "slot_machine_contributions_to_state_of_connecticut_1_6" : "18969152",
  "ebonus_contribution_3" : "0",
  "hold" : "8.49",
  "total_contributions_1" : "0",
  "win" : "75876607",
  "fiscal_year_month" : "July 2008 (2) (6)",
  "payout" : "91.51"
}
, {
  "weighted_average_of_machines" : "* 6,084",
  "handle" : "10312311929",
  "ebonus_credits_redeemed_at_slot_machines_2" : "17275063",
  "slot_machine_contributions_to_state_of_connecticut_1_6" : "221373298",
  "ebonus_contribution_3" : "0",
  "hold" : "8.58",
  "total_contributions_1" : "0",
  "win" : "885091882",
  "fiscal_year_month" : "Total FY 2007/2008",
  "payout" : "91.42"
}
, {
  "weighted_average_of_machines" : "* 5,998",
  "handle" : "804717941",
  "ebonus_credits_redeemed_at_slot_machines_2" : "3959577",
  "slot_machine_contributions_to_state_of_connecticut_1_6" : "16963326",
  "ebonus_contribution_3" : "0",
  "hold" : "8.43",
  "total_contributions_1" : "0",
  "win" : "67828998",
  "fiscal_year_month" : "June (2) (6)",
  "payout" : "91.57"
}
, {
  "weighted_average_of_machines" : "* 5,954",
  "handle" : "862203279",
  "ebonus_credits_redeemed_at_slot_machines_2" : "2109306",
  "slot_machine_contributions_to_state_of_connecticut_1_6" : "18795402",
  "ebonus_contribution_3" : "0",
  "hold" : "8.72",
  "total_contributions_1" : "0",
  "win" : "75142645",
  "fiscal_year_month" : "May (2) (6)",
  "payout" : "91.28"
}
, {
  "weighted_average_of_machines" : "* 5,970",
  "handle" : "831401845",
  "ebonus_credits_redeemed_at_slot_machines_2" : "2002298",
  "slot_machine_contributions_to_state_of_connecticut_1_6" : "17549046",
  "ebonus_contribution_3" : "0",
  "hold" : "8.44",
  "total_contributions_1" : "0",
  "win" : "70146469",
  "fiscal_year_month" : "April (2) (6)",
  "payout" : "91.56"
}
, {
  "weighted_average_of_machines" : "* 6,119",
  "handle" : "915520205",
  "ebonus_credits_redeemed_at_slot_machines_2" : "3492462",
  "slot_machine_contributions_to_state_of_connecticut_1_6" : "19208150",
  "ebonus_contribution_3" : "0",
  "hold" : "8.39",
  "total_contributions_1" : "0",
  "win" : "76771503",
  "fiscal_year_month" : "March (2) (6)",
  "payout" : "91.61"
}
, {
  "weighted_average_of_machines" : "* 6,172",
  "handle" : "815848744",
  "ebonus_credits_redeemed_at_slot_machines_2" : "1044733",
  "slot_machine_contributions_to_state_of_connecticut_1_6" : "17256031",
  "ebonus_contribution_3" : "0",
  "hold" : "8.45",
  "total_contributions_1" : "0",
  "win" : "68970384",
  "fiscal_year_month" : "February (2) (6)",
  "payout" : "91.55"
}
, {
  "weighted_average_of_machines" : "* 6,192",
  "handle" : "834387539",
  "ebonus_credits_redeemed_at_slot_machines_2" : "3924453",
  "slot_machine_contributions_to_state_of_connecticut_1_6" : "17080893",
  "ebonus_contribution_3" : "0",
  "hold" : "8.18",
  "total_contributions_1" : "0",
  "win" : "68256267",
  "fiscal_year_month" : "January 2008 (2) (6)",
  "payout" : "91.82"
}
, {
  "weighted_average_of_machines" : "* 6,188",
  "handle" : "788633148",
  "ebonus_credits_redeemed_at_slot_machines_2" : "423039",
  "slot_machine_contributions_to_state_of_connecticut_1_6" : "16496641",
  "ebonus_contribution_3" : "0",
  "hold" : "8.36",
  "total_contributions_1" : "0",
  "win" : "65928704",
  "fiscal_year_month" : "December (2) (6)",
  "payout" : "91.64"
}
, {
  "weighted_average_of_machines" : "* 6,183",
  "handle" : "814349379",
  "ebonus_credits_redeemed_at_slot_machines_2" : "319196",
  "slot_machine_contributions_to_state_of_connecticut_1_6" : "17630596",
  "ebonus_contribution_3" : "0",
  "hold" : "8.65",
  "total_contributions_1" : "0",
  "win" : "70474067",
  "fiscal_year_month" : "November (2) (6)",
  "payout" : "91.35"
}
, {
  "weighted_average_of_machines" : "* 6,183",
  "handle" : "821521436",
  "ebonus_credits_redeemed_at_slot_machines_2" : "0",
  "slot_machine_contributions_to_state_of_connecticut_1_6" : "17979559",
  "ebonus_contribution_3" : "0",
  "hold" : "8.75",
  "total_contributions_1" : "0",
  "win" : "71918236",
  "fiscal_year_month" : "October",
  "payout" : "91.25"
}
, {
  "weighted_average_of_machines" : "* 6,181",
  "handle" : "873314549",
  "ebonus_credits_redeemed_at_slot_machines_2" : "0",
  "slot_machine_contributions_to_state_of_connecticut_1_6" : "19316572",
  "ebonus_contribution_3" : "0",
  "hold" : "8.85",
  "total_contributions_1" : "0",
  "win" : "77266290",
  "fiscal_year_month" : "September",
  "payout" : "91.15"
}
, {
  "weighted_average_of_machines" : "* 5,955",
  "handle" : "937808080",
  "ebonus_credits_redeemed_at_slot_machines_2" : "0",
  "slot_machine_contributions_to_state_of_connecticut_1_6" : "20881802",
  "ebonus_contribution_3" : "0",
  "hold" : "8.91",
  "total_contributions_1" : "0",
  "win" : "83527206",
  "fiscal_year_month" : "August",
  "payout" : "91.09"
}
, {
  "weighted_average_of_machines" : "* 5,902",
  "handle" : "1012605785",
  "ebonus_credits_redeemed_at_slot_machines_2" : "0",
  "slot_machine_contributions_to_state_of_connecticut_1_6" : "22215278",
  "ebonus_contribution_3" : "0",
  "hold" : "8.78",
  "total_contributions_1" : "0",
  "win" : "88861114",
  "fiscal_year_month" : "July 2007",
  "payout" : "91.22"
}
, {
  "weighted_average_of_machines" : "* 6,107",
  "handle" : "10616328457",
  "ebonus_credits_redeemed_at_slot_machines_2" : "0",
  "slot_machine_contributions_to_state_of_connecticut_1_6" : "229095455",
  "ebonus_contribution_3" : "0",
  "hold" : "8.63",
  "total_contributions_1" : "0",
  "win" : "916381818",
  "fiscal_year_month" : "Total FY 2006/2007",
  "payout" : "91.37"
}
, {
  "weighted_average_of_machines" : "* 5,925",
  "handle" : "860814708",
  "ebonus_credits_redeemed_at_slot_machines_2" : "0",
  "slot_machine_contributions_to_state_of_connecticut_1_6" : "18633188",
  "ebonus_contribution_3" : "0",
  "hold" : "8.66",
  "total_contributions_1" : "0",
  "win" : "74532753",
  "fiscal_year_month" : "June",
  "payout" : "91.34"
}
, {
  "weighted_average_of_machines" : "* 5,923",
  "handle" : "868563684",
  "ebonus_credits_redeemed_at_slot_machines_2" : "0",
  "slot_machine_contributions_to_state_of_connecticut_1_6" : "18753242",
  "ebonus_contribution_3" : "0",
  "hold" : "8.64",
  "total_contributions_1" : "0",
  "win" : "75012966",
  "fiscal_year_month" : "May",
  "payout" : "91.36"
}
, {
  "weighted_average_of_machines" : "* 5,969",
  "handle" : "855254558",
  "ebonus_credits_redeemed_at_slot_machines_2" : "0",
  "slot_machine_contributions_to_state_of_connecticut_1_6" : "18466287",
  "ebonus_contribution_3" : "0",
  "hold" : "8.64",
  "total_contributions_1" : "0",
  "win" : "73865149",
  "fiscal_year_month" : "April",
  "payout" : "91.36"
}
, {
  "weighted_average_of_machines" : "* 5,984",
  "handle" : "893294110",
  "ebonus_credits_redeemed_at_slot_machines_2" : "0",
  "slot_machine_contributions_to_state_of_connecticut_1_6" : "19471859",
  "ebonus_contribution_3" : "0",
  "hold" : "8.72",
  "total_contributions_1" : "0",
  "win" : "77887435",
  "fiscal_year_month" : "March",
  "payout" : "91.28"
}
, {
  "weighted_average_of_machines" : "* 6,157",
  "handle" : "807197116",
  "ebonus_credits_redeemed_at_slot_machines_2" : "0",
  "slot_machine_contributions_to_state_of_connecticut_1_6" : "17833803",
  "ebonus_contribution_3" : "0",
  "hold" : "8.84",
  "total_contributions_1" : "0",
  "win" : "71335213",
  "fiscal_year_month" : "February",
  "payout" : "91.16"
}
, {
  "weighted_average_of_machines" : "* 6,179",
  "handle" : "817142742",
  "ebonus_credits_redeemed_at_slot_machines_2" : "0",
  "slot_machine_contributions_to_state_of_connecticut_1_6" : "17635608",
  "ebonus_contribution_3" : "0",
  "hold" : "8.63",
  "total_contributions_1" : "0",
  "win" : "70542431",
  "fiscal_year_month" : "January 2007",
  "payout" : "91.37"
}
, {
  "weighted_average_of_machines" : "* 6,178",
  "handle" : "946605535",
  "ebonus_credits_redeemed_at_slot_machines_2" : "0",
  "slot_machine_contributions_to_state_of_connecticut_1_6" : "20297059",
  "ebonus_contribution_3" : "0",
  "hold" : "8.58",
  "total_contributions_1" : "0",
  "win" : "81188236",
  "fiscal_year_month" : "December",
  "payout" : "91.42"
}
, {
  "weighted_average_of_machines" : "* 6,179",
  "handle" : "842706491",
  "ebonus_credits_redeemed_at_slot_machines_2" : "0",
  "slot_machine_contributions_to_state_of_connecticut_1_6" : "18321023",
  "ebonus_contribution_3" : "0",
  "hold" : "8.70",
  "total_contributions_1" : "0",
  "win" : "73284092",
  "fiscal_year_month" : "November",
  "payout" : "91.30"
}
, {
  "weighted_average_of_machines" : "* 6,197",
  "handle" : "885885380",
  "ebonus_credits_redeemed_at_slot_machines_2" : "0",
  "slot_machine_contributions_to_state_of_connecticut_1_6" : "18587107",
  "ebonus_contribution_3" : "0",
  "hold" : "8.39",
  "total_contributions_1" : "0",
  "win" : "74348429",
  "fiscal_year_month" : "October",
  "payout" : "91.61"
}
, {
  "weighted_average_of_machines" : "* 6,199",
  "handle" : "898757420",
  "ebonus_credits_redeemed_at_slot_machines_2" : "0",
  "slot_machine_contributions_to_state_of_connecticut_1_6" : "19546652",
  "ebonus_contribution_3" : "0",
  "hold" : "8.70",
  "total_contributions_1" : "0",
  "win" : "78186609",
  "fiscal_year_month" : "September",
  "payout" : "91.30"
}
, {
  "weighted_average_of_machines" : "* 6,199",
  "handle" : "950685348",
  "ebonus_credits_redeemed_at_slot_machines_2" : "0",
  "slot_machine_contributions_to_state_of_connecticut_1_6" : "20513461",
  "ebonus_contribution_3" : "0",
  "hold" : "8.63",
  "total_contributions_1" : "0",
  "win" : "82053842",
  "fiscal_year_month" : "August",
  "payout" : "91.37"
}
, {
  "weighted_average_of_machines" : "* 6,199",
  "handle" : "989421364",
  "ebonus_credits_redeemed_at_slot_machines_2" : "0",
  "slot_machine_contributions_to_state_of_connecticut_1_6" : "21036166",
  "ebonus_contribution_3" : "0",
  "hold" : "8.50",
  "total_contributions_1" : "0",
  "win" : "84144663",
  "fiscal_year_month" : "July 2006",
  "payout" : "91.50"
}
, {
  "weighted_average_of_machines" : "* 6,203",
  "handle" : "10449393318",
  "ebonus_credits_redeemed_at_slot_machines_2" : "0",
  "slot_machine_contributions_to_state_of_connecticut_1_6" : "223020826",
  "ebonus_contribution_3" : "0",
  "hold" : "8.54",
  "total_contributions_1" : "0",
  "win" : "892083304",
  "fiscal_year_month" : "Total FY 2005/2006",
  "payout" : "91.46"
}
, {
  "weighted_average_of_machines" : "* 6,200",
  "handle" : "857828884",
  "ebonus_credits_redeemed_at_slot_machines_2" : "0",
  "slot_machine_contributions_to_state_of_connecticut_1_6" : "18401461",
  "ebonus_contribution_3" : "0",
  "hold" : "8.58",
  "total_contributions_1" : "0",
  "win" : "73605844",
  "fiscal_year_month" : "June",
  "payout" : "91.42"
}
, {
  "weighted_average_of_machines" : "* 6,202",
  "handle" : "911411366",
  "ebonus_credits_redeemed_at_slot_machines_2" : "0",
  "slot_machine_contributions_to_state_of_connecticut_1_6" : "19512711",
  "ebonus_contribution_3" : "0",
  "hold" : "8.56",
  "total_contributions_1" : "0",
  "win" : "78050843",
  "fiscal_year_month" : "May",
  "payout" : "91.44"
}
, {
  "weighted_average_of_machines" : "* 6,202",
  "handle" : "879670507",
  "ebonus_credits_redeemed_at_slot_machines_2" : "0",
  "slot_machine_contributions_to_state_of_connecticut_1_6" : "19021414",
  "ebonus_contribution_3" : "0",
  "hold" : "8.65",
  "total_contributions_1" : "0",
  "win" : "76085657",
  "fiscal_year_month" : "April",
  "payout" : "91.35"
}
, {
  "weighted_average_of_machines" : "* 6,202",
  "handle" : "869571635",
  "ebonus_credits_redeemed_at_slot_machines_2" : "0",
  "slot_machine_contributions_to_state_of_connecticut_1_6" : "19318002",
  "ebonus_contribution_3" : "0",
  "hold" : "8.89",
  "total_contributions_1" : "0",
  "win" : "77272007",
  "fiscal_year_month" : "March",
  "payout" : "91.11"
}
, {
  "weighted_average_of_machines" : "* 6,202",
  "handle" : "786234400",
  "ebonus_credits_redeemed_at_slot_machines_2" : "0",
  "slot_machine_contributions_to_state_of_connecticut_1_6" : "17229899",
  "ebonus_contribution_3" : "0",
  "hold" : "8.77",
  "total_contributions_1" : "0",
  "win" : "68919596",
  "fiscal_year_month" : "February",
  "payout" : "91.23"
}
, {
  "weighted_average_of_machines" : "* 6,202",
  "handle" : "815047460",
  "ebonus_credits_redeemed_at_slot_machines_2" : "0",
  "slot_machine_contributions_to_state_of_connecticut_1_6" : "17631478",
  "ebonus_contribution_3" : "0",
  "hold" : "8.65",
  "total_contributions_1" : "0",
  "win" : "70525912",
  "fiscal_year_month" : "January 2006",
  "payout" : "91.35"
}
, {
  "weighted_average_of_machines" : "* 6,203",
  "handle" : "873362735",
  "ebonus_credits_redeemed_at_slot_machines_2" : "0",
  "slot_machine_contributions_to_state_of_connecticut_1_6" : "18547159",
  "ebonus_contribution_3" : "0",
  "hold" : "8.49",
  "total_contributions_1" : "0",
  "win" : "74188635",
  "fiscal_year_month" : "December",
  "payout" : "91.51"
}
, {
  "weighted_average_of_machines" : "* 6,204",
  "handle" : "816438537",
  "ebonus_credits_redeemed_at_slot_machines_2" : "0",
  "slot_machine_contributions_to_state_of_connecticut_1_6" : "16804598",
  "ebonus_contribution_3" : "0",
  "hold" : "8.23",
  "total_contributions_1" : "0",
  "win" : "67218392",
  "fiscal_year_month" : "November",
  "payout" : "91.77"
}
, {
  "weighted_average_of_machines" : "* 6,204",
  "handle" : "891557275",
  "ebonus_credits_redeemed_at_slot_machines_2" : "0",
  "slot_machine_contributions_to_state_of_connecticut_1_6" : "18696393",
  "ebonus_contribution_3" : "0",
  "hold" : "8.39",
  "total_contributions_1" : "0",
  "win" : "74785571",
  "fiscal_year_month" : "October",
  "payout" : "91.61"
}
, {
  "weighted_average_of_machines" : "* 6,204",
  "handle" : "882406944",
  "ebonus_credits_redeemed_at_slot_machines_2" : "0",
  "slot_machine_contributions_to_state_of_connecticut_1_6" : "18737937",
  "ebonus_contribution_3" : "0",
  "hold" : "8.49",
  "total_contributions_1" : "0",
  "win" : "74951747",
  "fiscal_year_month" : "September",
  "payout" : "91.51"
}
, {
  "weighted_average_of_machines" : "* 6,204",
  "handle" : "914580175",
  "ebonus_credits_redeemed_at_slot_machines_2" : "0",
  "slot_machine_contributions_to_state_of_connecticut_1_6" : "19084103",
  "ebonus_contribution_3" : "0",
  "hold" : "8.35",
  "total_contributions_1" : "0",
  "win" : "76336412",
  "fiscal_year_month" : "August",
  "payout" : "91.65"
}
, {
  "weighted_average_of_machines" : "* 6,205",
  "handle" : "951283400",
  "ebonus_credits_redeemed_at_slot_machines_2" : "0",
  "slot_machine_contributions_to_state_of_connecticut_1_6" : "20035672",
  "ebonus_contribution_3" : "0",
  "hold" : "8.42",
  "total_contributions_1" : "0",
  "win" : "80142688",
  "fiscal_year_month" : "July 2005",
  "payout" : "91.58"
}
, {
  "weighted_average_of_machines" : "* 6,243",
  "handle" : "10209198149",
  "ebonus_credits_redeemed_at_slot_machines_2" : "0",
  "slot_machine_contributions_to_state_of_connecticut_1_6" : "212884444",
  "ebonus_contribution_3" : "0",
  "hold" : "8.34",
  "total_contributions_1" : "0",
  "win" : "851537777",
  "fiscal_year_month" : "Total FY 2004/2005",
  "payout" : "91.66"
}
, {
  "weighted_average_of_machines" : "* 6,205",
  "handle" : "822677686",
  "ebonus_credits_redeemed_at_slot_machines_2" : "0",
  "slot_machine_contributions_to_state_of_connecticut_1_6" : "17596161",
  "ebonus_contribution_3" : "0",
  "hold" : "8.56",
  "total_contributions_1" : "0",
  "win" : "70384644",
  "fiscal_year_month" : "June",
  "payout" : "91.44"
}
, {
  "weighted_average_of_machines" : "* 6,205",
  "handle" : "851004033",
  "ebonus_credits_redeemed_at_slot_machines_2" : "0",
  "slot_machine_contributions_to_state_of_connecticut_1_6" : "18336521",
  "ebonus_contribution_3" : "0",
  "hold" : "8.62",
  "total_contributions_1" : "0",
  "win" : "73346085",
  "fiscal_year_month" : "May",
  "payout" : "91.38"
}
, {
  "weighted_average_of_machines" : "* 6,228",
  "handle" : "861961655",
  "ebonus_credits_redeemed_at_slot_machines_2" : "0",
  "slot_machine_contributions_to_state_of_connecticut_1_6" : "19140500",
  "ebonus_contribution_3" : "0",
  "hold" : "8.88",
  "total_contributions_1" : "0",
  "win" : "76561999",
  "fiscal_year_month" : "April",
  "payout" : "91.12"
}
, {
  "weighted_average_of_machines" : "* 6,273",
  "handle" : "805056431",
  "ebonus_credits_redeemed_at_slot_machines_2" : "0",
  "slot_machine_contributions_to_state_of_connecticut_1_6" : "17576946",
  "ebonus_contribution_3" : "0",
  "hold" : "8.73",
  "total_contributions_1" : "0",
  "win" : "70307786",
  "fiscal_year_month" : "March",
  "payout" : "91.27"
}
, {
  "weighted_average_of_machines" : "* 6,272",
  "handle" : "768367988",
  "ebonus_credits_redeemed_at_slot_machines_2" : "0",
  "slot_machine_contributions_to_state_of_connecticut_1_6" : "17014333",
  "ebonus_contribution_3" : "0",
  "hold" : "8.86",
  "total_contributions_1" : "0",
  "win" : "68057330",
  "fiscal_year_month" : "February",
  "payout" : "91.14"
}
, {
  "weighted_average_of_machines" : "* 6,272",
  "handle" : "760953164",
  "ebonus_credits_redeemed_at_slot_machines_2" : "0",
  "slot_machine_contributions_to_state_of_connecticut_1_6" : "15623253",
  "ebonus_contribution_3" : "0",
  "hold" : "8.21",
  "total_contributions_1" : "0",
  "win" : "62493014",
  "fiscal_year_month" : "January 2005",
  "payout" : "91.79"
}
, {
  "weighted_average_of_machines" : "* 6,254",
  "handle" : "875041469",
  "ebonus_credits_redeemed_at_slot_machines_2" : "0",
  "slot_machine_contributions_to_state_of_connecticut_1_6" : "17988759",
  "ebonus_contribution_3" : "0",
  "hold" : "8.22",
  "total_contributions_1" : "0",
  "win" : "71955038",
  "fiscal_year_month" : "December",
  "payout" : "91.78"
}
, {
  "weighted_average_of_machines" : "* 6,235",
  "handle" : "809819887",
  "ebonus_credits_redeemed_at_slot_machines_2" : "0",
  "slot_machine_contributions_to_state_of_connecticut_1_6" : "16190145",
  "ebonus_contribution_3" : "0",
  "hold" : "8.00",
  "total_contributions_1" : "0",
  "win" : "64760579",
  "fiscal_year_month" : "November",
  "payout" : "92.00"
}
, {
  "weighted_average_of_machines" : "* 6,237",
  "handle" : "878861644",
  "ebonus_credits_redeemed_at_slot_machines_2" : "0",
  "slot_machine_contributions_to_state_of_connecticut_1_6" : "17902319",
  "ebonus_contribution_3" : "0",
  "hold" : "8.15",
  "total_contributions_1" : "0",
  "win" : "71609274",
  "fiscal_year_month" : "October",
  "payout" : "91.85"
}
, {
  "weighted_average_of_machines" : "* 6,252",
  "handle" : "873953919",
  "ebonus_credits_redeemed_at_slot_machines_2" : "0",
  "slot_machine_contributions_to_state_of_connecticut_1_6" : "17792268",
  "ebonus_contribution_3" : "0",
  "hold" : "8.14",
  "total_contributions_1" : "0",
  "win" : "71169073",
  "fiscal_year_month" : "September",
  "payout" : "91.86"
}
, {
  "weighted_average_of_machines" : "* 6,250",
  "handle" : "930183853",
  "ebonus_credits_redeemed_at_slot_machines_2" : "0",
  "slot_machine_contributions_to_state_of_connecticut_1_6" : "18105854",
  "ebonus_contribution_3" : "0",
  "hold" : "7.79",
  "total_contributions_1" : "0",
  "win" : "72423414",
  "fiscal_year_month" : "August",
  "payout" : "92.21"
}
, {
  "weighted_average_of_machines" : "* 6,252",
  "handle" : "971316420",
  "ebonus_credits_redeemed_at_slot_machines_2" : "0",
  "slot_machine_contributions_to_state_of_connecticut_1_6" : "19617385",
  "ebonus_contribution_3" : "0",
  "hold" : "8.08",
  "total_contributions_1" : "0",
  "win" : "78469540",
  "fiscal_year_month" : "July 2004",
  "payout" : "91.92"
}
, {
  "weighted_average_of_machines" : "* 6,171",
  "handle" : "10109882439",
  "ebonus_credits_redeemed_at_slot_machines_2" : "0",
  "slot_machine_contributions_to_state_of_connecticut_1_6" : "205850884",
  "ebonus_contribution_3" : "0",
  "hold" : "8.14",
  "total_contributions_1" : "0",
  "win" : "823403536",
  "fiscal_year_month" : "Total FY 2003/2004",
  "payout" : "91.86"
}
, {
  "weighted_average_of_machines" : "* 6,252",
  "handle" : "837643964",
  "ebonus_credits_redeemed_at_slot_machines_2" : "0",
  "slot_machine_contributions_to_state_of_connecticut_1_6" : "16639998",
  "ebonus_contribution_3" : "0",
  "hold" : "7.95",
  "total_contributions_1" : "0",
  "win" : "66559993",
  "fiscal_year_month" : "June",
  "payout" : "92.05"
}
, {
  "weighted_average_of_machines" : "* 6,252",
  "handle" : "887773437",
  "ebonus_credits_redeemed_at_slot_machines_2" : "0",
  "slot_machine_contributions_to_state_of_connecticut_1_6" : "17910770",
  "ebonus_contribution_3" : "0",
  "hold" : "8.07",
  "total_contributions_1" : "0",
  "win" : "71643079",
  "fiscal_year_month" : "May",
  "payout" : "91.93"
}
, {
  "weighted_average_of_machines" : "* 6,252",
  "handle" : "852949553",
  "ebonus_credits_redeemed_at_slot_machines_2" : "0",
  "slot_machine_contributions_to_state_of_connecticut_1_6" : "17635010",
  "ebonus_contribution_3" : "0",
  "hold" : "8.27",
  "total_contributions_1" : "0",
  "win" : "70540039",
  "fiscal_year_month" : "April",
  "payout" : "91.73"
}
, {
  "weighted_average_of_machines" : "* 6,252",
  "handle" : "828223119",
  "ebonus_credits_redeemed_at_slot_machines_2" : "0",
  "slot_machine_contributions_to_state_of_connecticut_1_6" : "16884949",
  "ebonus_contribution_3" : "0",
  "hold" : "8.15",
  "total_contributions_1" : "0",
  "win" : "67539794",
  "fiscal_year_month" : "March",
  "payout" : "91.85"
}
, {
  "weighted_average_of_machines" : "* 6,248",
  "handle" : "841224710",
  "ebonus_credits_redeemed_at_slot_machines_2" : "0",
  "slot_machine_contributions_to_state_of_connecticut_1_6" : "17205735",
  "ebonus_contribution_3" : "0",
  "hold" : "8.18",
  "total_contributions_1" : "0",
  "win" : "68822940",
  "fiscal_year_month" : "February",
  "payout" : "91.82"
}
, {
  "weighted_average_of_machines" : "* 6,245",
  "handle" : "809211488",
  "ebonus_credits_redeemed_at_slot_machines_2" : "0",
  "slot_machine_contributions_to_state_of_connecticut_1_6" : "16133211",
  "ebonus_contribution_3" : "0",
  "hold" : "7.97",
  "total_contributions_1" : "0",
  "win" : "64532845",
  "fiscal_year_month" : "January 2004",
  "payout" : "92.03"
}
, {
  "weighted_average_of_machines" : "* 6,220",
  "handle" : "817805454",
  "ebonus_credits_redeemed_at_slot_machines_2" : "0",
  "slot_machine_contributions_to_state_of_connecticut_1_6" : "16520208",
  "ebonus_contribution_3" : "0",
  "hold" : "8.08",
  "total_contributions_1" : "0",
  "win" : "66080831",
  "fiscal_year_month" : "December",
  "payout" : "91.92"
}
, {
  "weighted_average_of_machines" : "* 6,182",
  "handle" : "831655142",
  "ebonus_credits_redeemed_at_slot_machines_2" : "0",
  "slot_machine_contributions_to_state_of_connecticut_1_6" : "16682416",
  "ebonus_contribution_3" : "0",
  "hold" : "8.02",
  "total_contributions_1" : "0",
  "win" : "66729665",
  "fiscal_year_month" : "November",
  "payout" : "91.98"
}
, {
  "weighted_average_of_machines" : "* 6,039",
  "handle" : "812478659",
  "ebonus_credits_redeemed_at_slot_machines_2" : "0",
  "slot_machine_contributions_to_state_of_connecticut_1_6" : "17075290",
  "ebonus_contribution_3" : "0",
  "hold" : "8.41",
  "total_contributions_1" : "0",
  "win" : "68301160",
  "fiscal_year_month" : "October",
  "payout" : "91.59"
}
, {
  "weighted_average_of_machines" : "* 6,039",
  "handle" : "801846779",
  "ebonus_credits_redeemed_at_slot_machines_2" : "0",
  "slot_machine_contributions_to_state_of_connecticut_1_6" : "16019111",
  "ebonus_contribution_3" : "0",
  "hold" : "7.99",
  "total_contributions_1" : "0",
  "win" : "64076444",
  "fiscal_year_month" : "September",
  "payout" : "92.01"
}
, {
  "weighted_average_of_machines" : "* 6,039",
  "handle" : "925318977",
  "ebonus_credits_redeemed_at_slot_machines_2" : "0",
  "slot_machine_contributions_to_state_of_connecticut_1_6" : "18951973",
  "ebonus_contribution_3" : "0",
  "hold" : "8.19",
  "total_contributions_1" : "0",
  "win" : "75807891",
  "fiscal_year_month" : "August",
  "payout" : "91.81"
}
, {
  "weighted_average_of_machines" : "* 6,039",
  "handle" : "863751158",
  "ebonus_credits_redeemed_at_slot_machines_2" : "0",
  "slot_machine_contributions_to_state_of_connecticut_1_6" : "18192214",
  "ebonus_contribution_3" : "0",
  "hold" : "8.42",
  "total_contributions_1" : "0",
  "win" : "72768856",
  "fiscal_year_month" : "July 2003",
  "payout" : "91.58"
}
, {
  "weighted_average_of_machines" : "* 6,173",
  "handle" : "9567956966",
  "ebonus_credits_redeemed_at_slot_machines_2" : "0",
  "slot_machine_contributions_to_state_of_connecticut_1_6" : "190953944",
  "ebonus_contribution_3" : "0",
  "hold" : "7.98",
  "total_contributions_1" : "0",
  "win" : "763815776",
  "fiscal_year_month" : "Total FY 2002/2003",
  "payout" : "92.02"
}
, {
  "weighted_average_of_machines" : "* 6,073",
  "handle" : "823576764",
  "ebonus_credits_redeemed_at_slot_machines_2" : "0",
  "slot_machine_contributions_to_state_of_connecticut_1_6" : "16404235",
  "ebonus_contribution_3" : "0",
  "hold" : "7.97",
  "total_contributions_1" : "0",
  "win" : "65616941",
  "fiscal_year_month" : "June",
  "payout" : "92.03"
}
, {
  "weighted_average_of_machines" : "* 6,117",
  "handle" : "845057812",
  "ebonus_credits_redeemed_at_slot_machines_2" : "0",
  "slot_machine_contributions_to_state_of_connecticut_1_6" : "17531305",
  "ebonus_contribution_3" : "0",
  "hold" : "8.30",
  "total_contributions_1" : "0",
  "win" : "70125219",
  "fiscal_year_month" : "May",
  "payout" : "91.70"
}
, {
  "weighted_average_of_machines" : "* 6,125",
  "handle" : "768893246",
  "ebonus_credits_redeemed_at_slot_machines_2" : "0",
  "slot_machine_contributions_to_state_of_connecticut_1_6" : "15946938",
  "ebonus_contribution_3" : "0",
  "hold" : "8.30",
  "total_contributions_1" : "0",
  "win" : "63787752",
  "fiscal_year_month" : "April",
  "payout" : "91.70"
}
, {
  "weighted_average_of_machines" : "* 6,164",
  "handle" : "820155889",
  "ebonus_credits_redeemed_at_slot_machines_2" : "0",
  "slot_machine_contributions_to_state_of_connecticut_1_6" : "16871250",
  "ebonus_contribution_3" : "0",
  "hold" : "8.23",
  "total_contributions_1" : "0",
  "win" : "67485001",
  "fiscal_year_month" : "March",
  "payout" : "91.77"
}
, {
  "weighted_average_of_machines" : "* 6,201",
  "handle" : "704911367",
  "ebonus_credits_redeemed_at_slot_machines_2" : "0",
  "slot_machine_contributions_to_state_of_connecticut_1_6" : "14065162",
  "ebonus_contribution_3" : "0",
  "hold" : "7.98",
  "total_contributions_1" : "0",
  "win" : "56260649",
  "fiscal_year_month" : "February",
  "payout" : "92.02"
}
, {
  "weighted_average_of_machines" : "* 6,201",
  "handle" : "755983685",
  "ebonus_credits_redeemed_at_slot_machines_2" : "0",
  "slot_machine_contributions_to_state_of_connecticut_1_6" : "14228512",
  "ebonus_contribution_3" : "0",
  "hold" : "7.53",
  "total_contributions_1" : "0",
  "win" : "56914049",
  "fiscal_year_month" : "January 2003",
  "payout" : "92.47"
}
, {
  "weighted_average_of_machines" : "* 6,201",
  "handle" : "799064535",
  "ebonus_credits_redeemed_at_slot_machines_2" : "0",
  "slot_machine_contributions_to_state_of_connecticut_1_6" : "15528069",
  "ebonus_contribution_3" : "0",
  "hold" : "7.77",
  "total_contributions_1" : "0",
  "win" : "62112276",
  "fiscal_year_month" : "December",
  "payout" : "92.23"
}
, {
  "weighted_average_of_machines" : "* 6,201",
  "handle" : "790469893",
  "ebonus_credits_redeemed_at_slot_machines_2" : "0",
  "slot_machine_contributions_to_state_of_connecticut_1_6" : "15442261",
  "ebonus_contribution_3" : "0",
  "hold" : "7.81",
  "total_contributions_1" : "0",
  "win" : "61769045",
  "fiscal_year_month" : "November",
  "payout" : "92.19"
}
, {
  "weighted_average_of_machines" : "* 6,201",
  "handle" : "755336012",
  "ebonus_credits_redeemed_at_slot_machines_2" : "0",
  "slot_machine_contributions_to_state_of_connecticut_1_6" : "14979399",
  "ebonus_contribution_3" : "0",
  "hold" : "7.93",
  "total_contributions_1" : "0",
  "win" : "59917595",
  "fiscal_year_month" : "October",
  "payout" : "92.07"
}
, {
  "weighted_average_of_machines" : "* 6,201",
  "handle" : "781613551",
  "ebonus_credits_redeemed_at_slot_machines_2" : "0",
  "slot_machine_contributions_to_state_of_connecticut_1_6" : "15150400",
  "ebonus_contribution_3" : "0",
  "hold" : "7.75",
  "total_contributions_1" : "0",
  "win" : "60601601",
  "fiscal_year_month" : "September",
  "payout" : "92.25"
}
, {
  "weighted_average_of_machines" : "* 6,201",
  "handle" : "879393472",
  "ebonus_credits_redeemed_at_slot_machines_2" : "0",
  "slot_machine_contributions_to_state_of_connecticut_1_6" : "18123998",
  "ebonus_contribution_3" : "0",
  "hold" : "8.24",
  "total_contributions_1" : "0",
  "win" : "72495992",
  "fiscal_year_month" : "August",
  "payout" : "91.76"
}
, {
  "weighted_average_of_machines" : "* 6,200",
  "handle" : "843500742",
  "ebonus_credits_redeemed_at_slot_machines_2" : "0",
  "slot_machine_contributions_to_state_of_connecticut_1_6" : "16682414",
  "ebonus_contribution_3" : "0",
  "hold" : "7.91",
  "total_contributions_1" : "0",
  "win" : "66729657",
  "fiscal_year_month" : "July 2002",
  "payout" : "92.09"
}
, {
  "weighted_average_of_machines" : "* 5,609",
  "handle" : "8264168135",
  "ebonus_credits_redeemed_at_slot_machines_2" : "0",
  "slot_machine_contributions_to_state_of_connecticut_1_6" : "169915956",
  "ebonus_contribution_3" : "0",
  "hold" : "8.22",
  "total_contributions_1" : "0",
  "win" : "679663824",
  "fiscal_year_month" : "Total FY 2001/2002",
  "payout" : "91.78"
}
, {
  "weighted_average_of_machines" : "* 6,199",
  "handle" : "760295625",
  "ebonus_credits_redeemed_at_slot_machines_2" : "0",
  "slot_machine_contributions_to_state_of_connecticut_1_6" : "15410870",
  "ebonus_contribution_3" : "0",
  "hold" : "8.11",
  "total_contributions_1" : "0",
  "win" : "61643480",
  "fiscal_year_month" : "June",
  "payout" : "91.89"
}
, {
  "weighted_average_of_machines" : "* 6,198",
  "handle" : "770959518",
  "ebonus_credits_redeemed_at_slot_machines_2" : "0",
  "slot_machine_contributions_to_state_of_connecticut_1_6" : "15605927",
  "ebonus_contribution_3" : "0",
  "hold" : "8.10",
  "total_contributions_1" : "0",
  "win" : "62423709",
  "fiscal_year_month" : "May",
  "payout" : "91.90"
}
, {
  "weighted_average_of_machines" : "* 6,198",
  "handle" : "712162354",
  "ebonus_credits_redeemed_at_slot_machines_2" : "0",
  "slot_machine_contributions_to_state_of_connecticut_1_6" : "14583506",
  "ebonus_contribution_3" : "0",
  "hold" : "8.19",
  "total_contributions_1" : "0",
  "win" : "58334023",
  "fiscal_year_month" : "April",
  "payout" : "91.81"
}
, {
  "weighted_average_of_machines" : "* 6,198",
  "handle" : "737206612",
  "ebonus_credits_redeemed_at_slot_machines_2" : "0",
  "slot_machine_contributions_to_state_of_connecticut_1_6" : "15395776",
  "ebonus_contribution_3" : "0",
  "hold" : "8.35",
  "total_contributions_1" : "0",
  "win" : "61583105",
  "fiscal_year_month" : "March",
  "payout" : "91.65"
}
, {
  "weighted_average_of_machines" : "* 6,204",
  "handle" : "681991294",
  "ebonus_credits_redeemed_at_slot_machines_2" : "0",
  "slot_machine_contributions_to_state_of_connecticut_1_6" : "13780591",
  "ebonus_contribution_3" : "0",
  "hold" : "8.08",
  "total_contributions_1" : "0",
  "win" : "55122363",
  "fiscal_year_month" : "February",
  "payout" : "91.92"
}
, {
  "weighted_average_of_machines" : "* 6,217",
  "handle" : "613811779",
  "ebonus_credits_redeemed_at_slot_machines_2" : "0",
  "slot_machine_contributions_to_state_of_connecticut_1_6" : "12012116",
  "ebonus_contribution_3" : "0",
  "hold" : "7.83",
  "total_contributions_1" : "0",
  "win" : "48048464",
  "fiscal_year_month" : "January 2002",
  "payout" : "92.17"
}
, {
  "weighted_average_of_machines" : "* 6,219",
  "handle" : "702595215",
  "ebonus_credits_redeemed_at_slot_machines_2" : "0",
  "slot_machine_contributions_to_state_of_connecticut_1_6" : "14642953",
  "ebonus_contribution_3" : "0",
  "hold" : "8.34",
  "total_contributions_1" : "0",
  "win" : "58571813",
  "fiscal_year_month" : "December",
  "payout" : "91.66"
}
, {
  "weighted_average_of_machines" : "* 6,219",
  "handle" : "668083874",
  "ebonus_credits_redeemed_at_slot_machines_2" : "0",
  "slot_machine_contributions_to_state_of_connecticut_1_6" : "14314323",
  "ebonus_contribution_3" : "0",
  "hold" : "8.57",
  "total_contributions_1" : "0",
  "win" : "57257291",
  "fiscal_year_month" : "November",
  "payout" : "91.43"
}
, {
  "weighted_average_of_machines" : "* 6,219",
  "handle" : "688566467",
  "ebonus_credits_redeemed_at_slot_machines_2" : "0",
  "slot_machine_contributions_to_state_of_connecticut_1_6" : "14015602",
  "ebonus_contribution_3" : "0",
  "hold" : "8.14",
  "total_contributions_1" : "0",
  "win" : "56062409",
  "fiscal_year_month" : "October",
  "payout" : "91.86"
}
, {
  "weighted_average_of_machines" : "* 4,175",
  "handle" : "634051342",
  "ebonus_credits_redeemed_at_slot_machines_2" : "0",
  "slot_machine_contributions_to_state_of_connecticut_1_6" : "13504470",
  "ebonus_contribution_3" : "0",
  "hold" : "8.52",
  "total_contributions_1" : "0",
  "win" : "54017880",
  "fiscal_year_month" : "September",
  "payout" : "91.48"
}
, {
  "weighted_average_of_machines" : "* 3,665",
  "handle" : "642478594",
  "ebonus_credits_redeemed_at_slot_machines_2" : "0",
  "slot_machine_contributions_to_state_of_connecticut_1_6" : "13588191",
  "ebonus_contribution_3" : "0",
  "hold" : "8.46",
  "total_contributions_1" : "0",
  "win" : "54352765",
  "fiscal_year_month" : "August",
  "payout" : "91.54"
}
, {
  "weighted_average_of_machines" : "* 3,665",
  "handle" : "651965462",
  "ebonus_credits_redeemed_at_slot_machines_2" : "0",
  "slot_machine_contributions_to_state_of_connecticut_1_6" : "13061630",
  "ebonus_contribution_3" : "0",
  "hold" : "8.01",
  "total_contributions_1" : "0",
  "win" : "52246521",
  "fiscal_year_month" : "July 2001",
  "payout" : "91.99"
}
, {
  "weighted_average_of_machines" : "* 3,159",
  "handle" : "6959460393",
  "ebonus_credits_redeemed_at_slot_machines_2" : "0",
  "slot_machine_contributions_to_state_of_connecticut_1_6" : "141734541",
  "ebonus_contribution_3" : "0",
  "hold" : "8.15",
  "total_contributions_1" : "0",
  "win" : "566938166",
  "fiscal_year_month" : "Total FY 2000/2001",
  "payout" : "91.85"
}
, {
  "weighted_average_of_machines" : "* 3,665",
  "handle" : "613226736",
  "ebonus_credits_redeemed_at_slot_machines_2" : "0",
  "slot_machine_contributions_to_state_of_connecticut_1_6" : "13145200",
  "ebonus_contribution_3" : "0",
  "hold" : "8.57",
  "total_contributions_1" : "0",
  "win" : "52580801",
  "fiscal_year_month" : "June",
  "payout" : "91.43"
}
, {
  "weighted_average_of_machines" : "* 3,665",
  "handle" : "610342002",
  "ebonus_credits_redeemed_at_slot_machines_2" : "0",
  "slot_machine_contributions_to_state_of_connecticut_1_6" : "12384147",
  "ebonus_contribution_3" : "0",
  "hold" : "8.12",
  "total_contributions_1" : "0",
  "win" : "49536588",
  "fiscal_year_month" : "May",
  "payout" : "91.88"
}
, {
  "weighted_average_of_machines" : "* 3,304",
  "handle" : "601928922",
  "ebonus_credits_redeemed_at_slot_machines_2" : "0",
  "slot_machine_contributions_to_state_of_connecticut_1_6" : "12106115",
  "ebonus_contribution_3" : "0",
  "hold" : "8.04",
  "total_contributions_1" : "0",
  "win" : "48424461",
  "fiscal_year_month" : "April",
  "payout" : "91.96"
}
, {
  "weighted_average_of_machines" : "* 3,028",
  "handle" : "600610963",
  "ebonus_credits_redeemed_at_slot_machines_2" : "0",
  "slot_machine_contributions_to_state_of_connecticut_1_6" : "12659003",
  "ebonus_contribution_3" : "0",
  "hold" : "8.43",
  "total_contributions_1" : "0",
  "win" : "50636013",
  "fiscal_year_month" : "March",
  "payout" : "91.57"
}
, {
  "weighted_average_of_machines" : "* 3,031",
  "handle" : "548246845",
  "ebonus_credits_redeemed_at_slot_machines_2" : "0",
  "slot_machine_contributions_to_state_of_connecticut_1_6" : "11214765",
  "ebonus_contribution_3" : "0",
  "hold" : "8.18",
  "total_contributions_1" : "0",
  "win" : "44859061",
  "fiscal_year_month" : "February",
  "payout" : "91.82"
}
, {
  "weighted_average_of_machines" : "* 3,035",
  "handle" : "515515809",
  "ebonus_credits_redeemed_at_slot_machines_2" : "0",
  "slot_machine_contributions_to_state_of_connecticut_1_6" : "9931555",
  "ebonus_contribution_3" : "0",
  "hold" : "7.71",
  "total_contributions_1" : "0",
  "win" : "39726218",
  "fiscal_year_month" : "January 2001",
  "payout" : "92.29"
}
, {
  "weighted_average_of_machines" : "* 3,035",
  "handle" : "528374747",
  "ebonus_credits_redeemed_at_slot_machines_2" : "0",
  "slot_machine_contributions_to_state_of_connecticut_1_6" : "10731081",
  "ebonus_contribution_3" : "0",
  "hold" : "8.12",
  "total_contributions_1" : "0",
  "win" : "42924323",
  "fiscal_year_month" : "December",
  "payout" : "91.88"
}
, {
  "weighted_average_of_machines" : "* 3,035",
  "handle" : "528806587",
  "ebonus_credits_redeemed_at_slot_machines_2" : "0",
  "slot_machine_contributions_to_state_of_connecticut_1_6" : "10821126",
  "ebonus_contribution_3" : "0",
  "hold" : "8.19",
  "total_contributions_1" : "0",
  "win" : "43284502",
  "fiscal_year_month" : "November",
  "payout" : "91.81"
}
, {
  "weighted_average_of_machines" : "* 3,032",
  "handle" : "569411720",
  "ebonus_credits_redeemed_at_slot_machines_2" : "0",
  "slot_machine_contributions_to_state_of_connecticut_1_6" : "11442059",
  "ebonus_contribution_3" : "0",
  "hold" : "8.04",
  "total_contributions_1" : "0",
  "win" : "45768235",
  "fiscal_year_month" : "October",
  "payout" : "91.96"
}
, {
  "weighted_average_of_machines" : "* 3,031",
  "handle" : "574866210",
  "ebonus_credits_redeemed_at_slot_machines_2" : "0",
  "slot_machine_contributions_to_state_of_connecticut_1_6" : "11841623",
  "ebonus_contribution_3" : "0",
  "hold" : "8.24",
  "total_contributions_1" : "0",
  "win" : "47366494",
  "fiscal_year_month" : "September",
  "payout" : "91.76"
}
, {
  "weighted_average_of_machines" : "* 3,031",
  "handle" : "606400719",
  "ebonus_credits_redeemed_at_slot_machines_2" : "0",
  "slot_machine_contributions_to_state_of_connecticut_1_6" : "12418413",
  "ebonus_contribution_3" : "0",
  "hold" : "8.19",
  "total_contributions_1" : "0",
  "win" : "49673653",
  "fiscal_year_month" : "August",
  "payout" : "91.81"
}
, {
  "weighted_average_of_machines" : "* 3,031",
  "handle" : "661729134",
  "ebonus_credits_redeemed_at_slot_machines_2" : "0",
  "slot_machine_contributions_to_state_of_connecticut_1_6" : "13039454",
  "ebonus_contribution_3" : "0",
  "hold" : "7.88",
  "total_contributions_1" : "0",
  "win" : "52157816",
  "fiscal_year_month" : "July 2000",
  "payout" : "92.12"
}
, {
  "weighted_average_of_machines" : "* 3,027",
  "handle" : "6585218904",
  "ebonus_credits_redeemed_at_slot_machines_2" : "0",
  "slot_machine_contributions_to_state_of_connecticut_1_6" : "129750030",
  "ebonus_contribution_3" : "0",
  "hold" : "8.03",
  "total_contributions_1" : "0",
  "win" : "529000120",
  "fiscal_year_month" : "Total FY 1999/2000",
  "payout" : "91.97"
}
, {
  "weighted_average_of_machines" : "* 3,028",
  "handle" : "573299167",
  "ebonus_credits_redeemed_at_slot_machines_2" : "0",
  "slot_machine_contributions_to_state_of_connecticut_1_6" : "11502625",
  "ebonus_contribution_3" : "0",
  "hold" : "8.03",
  "total_contributions_1" : "0",
  "win" : "46010500",
  "fiscal_year_month" : "June",
  "payout" : "91.97"
}
, {
  "weighted_average_of_machines" : "* 3,028",
  "handle" : "559967776",
  "ebonus_credits_redeemed_at_slot_machines_2" : "0",
  "slot_machine_contributions_to_state_of_connecticut_1_6" : "11334548",
  "ebonus_contribution_3" : "0",
  "hold" : "8.10",
  "total_contributions_1" : "0",
  "win" : "45338191",
  "fiscal_year_month" : "May",
  "payout" : "91.90"
}
, {
  "weighted_average_of_machines" : "* 3,027",
  "handle" : "573412669",
  "ebonus_credits_redeemed_at_slot_machines_2" : "0",
  "slot_machine_contributions_to_state_of_connecticut_1_6" : "11380922",
  "ebonus_contribution_3" : "0",
  "hold" : "7.94",
  "total_contributions_1" : "0",
  "win" : "45523688",
  "fiscal_year_month" : "April",
  "payout" : "92.06"
}
, {
  "weighted_average_of_machines" : "* 3,027",
  "handle" : "584611081",
  "ebonus_credits_redeemed_at_slot_machines_2" : "0",
  "slot_machine_contributions_to_state_of_connecticut_1_6" : "12101153",
  "ebonus_contribution_3" : "0",
  "hold" : "8.28",
  "total_contributions_1" : "0",
  "win" : "48404612",
  "fiscal_year_month" : "March",
  "payout" : "91.72"
}
, {
  "weighted_average_of_machines" : "* 3,029",
  "handle" : "539849615",
  "ebonus_credits_redeemed_at_slot_machines_2" : "0",
  "slot_machine_contributions_to_state_of_connecticut_1_6" : "10843364",
  "ebonus_contribution_3" : "0",
  "hold" : "8.03",
  "total_contributions_1" : "0",
  "win" : "43373458",
  "fiscal_year_month" : "February",
  "payout" : "91.97"
}
, {
  "weighted_average_of_machines" : "* 3,026",
  "handle" : "486431662",
  "ebonus_credits_redeemed_at_slot_machines_2" : "0",
  "slot_machine_contributions_to_state_of_connecticut_1_6" : "9737905",
  "ebonus_contribution_3" : "0",
  "hold" : "8.01",
  "total_contributions_1" : "0",
  "win" : "38951621",
  "fiscal_year_month" : "January 2000",
  "payout" : "91.99"
}
, {
  "weighted_average_of_machines" : "* 3,026",
  "handle" : "505175349",
  "ebonus_credits_redeemed_at_slot_machines_2" : "0",
  "slot_machine_contributions_to_state_of_connecticut_1_6" : "10150626",
  "ebonus_contribution_3" : "0",
  "hold" : "8.04",
  "total_contributions_1" : "0",
  "win" : "40602504",
  "fiscal_year_month" : "December",
  "payout" : "91.96"
}
, {
  "weighted_average_of_machines" : "* 3,026",
  "handle" : "507833541",
  "ebonus_credits_redeemed_at_slot_machines_2" : "0",
  "slot_machine_contributions_to_state_of_connecticut_1_6" : "9927207",
  "ebonus_contribution_3" : "0",
  "hold" : "7.82",
  "total_contributions_1" : "0",
  "win" : "39708826",
  "fiscal_year_month" : "November",
  "payout" : "92.18"
}
, {
  "weighted_average_of_machines" : "* 3,026",
  "handle" : "544659310",
  "ebonus_credits_redeemed_at_slot_machines_2" : "0",
  "slot_machine_contributions_to_state_of_connecticut_1_6" : "10793819",
  "ebonus_contribution_3" : "0",
  "hold" : "7.93",
  "total_contributions_1" : "0",
  "win" : "43175276",
  "fiscal_year_month" : "October",
  "payout" : "92.07"
}
, {
  "weighted_average_of_machines" : "* 3,026",
  "handle" : "511127324",
  "ebonus_credits_redeemed_at_slot_machines_2" : "0",
  "slot_machine_contributions_to_state_of_connecticut_1_6" : "10394132",
  "ebonus_contribution_3" : "0",
  "hold" : "8.13",
  "total_contributions_1" : "0",
  "win" : "41576528",
  "fiscal_year_month" : "September",
  "payout" : "91.87"
}
, {
  "weighted_average_of_machines" : "* 3,026",
  "handle" : "586420539",
  "ebonus_credits_redeemed_at_slot_machines_2" : "0",
  "slot_machine_contributions_to_state_of_connecticut_1_6" : "11787849",
  "ebonus_contribution_3" : "0",
  "hold" : "8.04",
  "total_contributions_1" : "0",
  "win" : "47151395",
  "fiscal_year_month" : "August",
  "payout" : "91.96"
}
, {
  "weighted_average_of_machines" : "* 3,024",
  "handle" : "612430873",
  "ebonus_credits_redeemed_at_slot_machines_2" : "0",
  "slot_machine_contributions_to_state_of_connecticut_1_6" : "9795880",
  "ebonus_contribution_3" : "0",
  "hold" : "8.03",
  "total_contributions_1" : "0",
  "win" : "49183520",
  "fiscal_year_month" : "July 1999",
  "payout" : "91.97"
}
, {
  "weighted_average_of_machines" : "* 3,022",
  "handle" : "5763578372",
  "ebonus_credits_redeemed_at_slot_machines_2" : "0",
  "slot_machine_contributions_to_state_of_connecticut_1_6" : "113450294",
  "ebonus_contribution_3" : "0",
  "hold" : "8.05",
  "total_contributions_1" : "0",
  "win" : "463801176",
  "fiscal_year_month" : "Total FY 1998/99",
  "payout" : "91.95"
}
, {
  "weighted_average_of_machines" : "* 3,024",
  "handle" : "500451086",
  "ebonus_credits_redeemed_at_slot_machines_2" : "0",
  "slot_machine_contributions_to_state_of_connecticut_1_6" : "9580810",
  "ebonus_contribution_3" : "0",
  "hold" : "7.66",
  "total_contributions_1" : "0",
  "win" : "38323238",
  "fiscal_year_month" : "June",
  "payout" : "92.34"
}
, {
  "weighted_average_of_machines" : "* 3,026",
  "handle" : "525126786",
  "ebonus_credits_redeemed_at_slot_machines_2" : "0",
  "slot_machine_contributions_to_state_of_connecticut_1_6" : "10164876",
  "ebonus_contribution_3" : "0",
  "hold" : "7.74",
  "total_contributions_1" : "0",
  "win" : "40659505",
  "fiscal_year_month" : "May",
  "payout" : "92.26"
}
, {
  "weighted_average_of_machines" : "* 3,026",
  "handle" : "522066875",
  "ebonus_credits_redeemed_at_slot_machines_2" : "0",
  "slot_machine_contributions_to_state_of_connecticut_1_6" : "10576897",
  "ebonus_contribution_3" : "0",
  "hold" : "8.10",
  "total_contributions_1" : "0",
  "win" : "42307588",
  "fiscal_year_month" : "April",
  "payout" : "91.90"
}
, {
  "weighted_average_of_machines" : "* 3,026",
  "handle" : "492240464",
  "ebonus_credits_redeemed_at_slot_machines_2" : "0",
  "slot_machine_contributions_to_state_of_connecticut_1_6" : "9833857",
  "ebonus_contribution_3" : "0",
  "hold" : "7.99",
  "total_contributions_1" : "0",
  "win" : "39335426",
  "fiscal_year_month" : "March",
  "payout" : "92.01"
}
, {
  "weighted_average_of_machines" : "* 3,030",
  "handle" : "474438974",
  "ebonus_credits_redeemed_at_slot_machines_2" : "0",
  "slot_machine_contributions_to_state_of_connecticut_1_6" : "9728258",
  "ebonus_contribution_3" : "0",
  "hold" : "8.20",
  "total_contributions_1" : "0",
  "win" : "38913032",
  "fiscal_year_month" : "February",
  "payout" : "91.80"
}
, {
  "weighted_average_of_machines" : "* 3,026",
  "handle" : "419356937",
  "ebonus_credits_redeemed_at_slot_machines_2" : "0",
  "slot_machine_contributions_to_state_of_connecticut_1_6" : "8308435",
  "ebonus_contribution_3" : "0",
  "hold" : "7.92",
  "total_contributions_1" : "0",
  "win" : "33233742",
  "fiscal_year_month" : "January 1999",
  "payout" : "92.08"
}
, {
  "weighted_average_of_machines" : "* 3,026",
  "handle" : "444630238",
  "ebonus_credits_redeemed_at_slot_machines_2" : "0",
  "slot_machine_contributions_to_state_of_connecticut_1_6" : "8771707",
  "ebonus_contribution_3" : "0",
  "hold" : "7.89",
  "total_contributions_1" : "0",
  "win" : "35086826",
  "fiscal_year_month" : "December",
  "payout" : "92.11"
}
, {
  "weighted_average_of_machines" : "* 2,995",
  "handle" : "435427445",
  "ebonus_credits_redeemed_at_slot_machines_2" : "0",
  "slot_machine_contributions_to_state_of_connecticut_1_6" : "8954133",
  "ebonus_contribution_3" : "0",
  "hold" : "8.23",
  "total_contributions_1" : "0",
  "win" : "35816532",
  "fiscal_year_month" : "November",
  "payout" : "91.77"
}
, {
  "weighted_average_of_machines" : "* 3,019",
  "handle" : "519106049",
  "ebonus_credits_redeemed_at_slot_machines_2" : "0",
  "slot_machine_contributions_to_state_of_connecticut_1_6" : "10664563",
  "ebonus_contribution_3" : "0",
  "hold" : "8.22",
  "total_contributions_1" : "0",
  "win" : "42658252",
  "fiscal_year_month" : "October",
  "payout" : "91.78"
}
, {
  "weighted_average_of_machines" : "* 3,028",
  "handle" : "447434733",
  "ebonus_credits_redeemed_at_slot_machines_2" : "0",
  "slot_machine_contributions_to_state_of_connecticut_1_6" : "9242436",
  "ebonus_contribution_3" : "0",
  "hold" : "8.26",
  "total_contributions_1" : "0",
  "win" : "36969743",
  "fiscal_year_month" : "September",
  "payout" : "91.74"
}
, {
  "weighted_average_of_machines" : "* 3,016",
  "handle" : "489383128",
  "ebonus_credits_redeemed_at_slot_machines_2" : "0",
  "slot_machine_contributions_to_state_of_connecticut_1_6" : "9897318",
  "ebonus_contribution_3" : "0",
  "hold" : "8.09",
  "total_contributions_1" : "0",
  "win" : "39589273",
  "fiscal_year_month" : "August",
  "payout" : "91.91"
}
, {
  "weighted_average_of_machines" : "* 3,016",
  "handle" : "493915659",
  "ebonus_credits_redeemed_at_slot_machines_2" : "0",
  "slot_machine_contributions_to_state_of_connecticut_1_6" : "7727004",
  "ebonus_contribution_3" : "0",
  "hold" : "8.28",
  "total_contributions_1" : "0",
  "win" : "40908018",
  "fiscal_year_month" : "July 1998",
  "payout" : "91.72"
}
, {
  "weighted_average_of_machines" : "* 2,993",
  "handle" : "4687348678",
  "ebonus_credits_redeemed_at_slot_machines_2" : "0",
  "slot_machine_contributions_to_state_of_connecticut_1_6" : "91007858",
  "ebonus_contribution_3" : "0",
  "hold" : "8.19",
  "total_contributions_1" : "0",
  "win" : "384031430",
  "fiscal_year_month" : "Total FY 1998/99",
  "payout" : "91.81"
}
, {
  "weighted_average_of_machines" : "* 3,018",
  "handle" : "431411565",
  "ebonus_credits_redeemed_at_slot_machines_2" : "0",
  "slot_machine_contributions_to_state_of_connecticut_1_6" : "8864950",
  "ebonus_contribution_3" : "0",
  "hold" : "8.22",
  "total_contributions_1" : "0",
  "win" : "35459799",
  "fiscal_year_month" : "June",
  "payout" : "91.78"
}
, {
  "weighted_average_of_machines" : "* 3,017",
  "handle" : "444256238",
  "ebonus_credits_redeemed_at_slot_machines_2" : "0",
  "slot_machine_contributions_to_state_of_connecticut_1_6" : "9169744",
  "ebonus_contribution_3" : "0",
  "hold" : "8.26",
  "total_contributions_1" : "0",
  "win" : "36678977",
  "fiscal_year_month" : "May",
  "payout" : "91.74"
}
, {
  "weighted_average_of_machines" : "* 3,017",
  "handle" : "412992849",
  "ebonus_credits_redeemed_at_slot_machines_2" : "0",
  "slot_machine_contributions_to_state_of_connecticut_1_6" : "8565555",
  "ebonus_contribution_3" : "0",
  "hold" : "8.30",
  "total_contributions_1" : "0",
  "win" : "34262221",
  "fiscal_year_month" : "April",
  "payout" : "91.70"
}
, {
  "weighted_average_of_machines" : "* 3,016",
  "handle" : "410531434",
  "ebonus_credits_redeemed_at_slot_machines_2" : "0",
  "slot_machine_contributions_to_state_of_connecticut_1_6" : "8521454",
  "ebonus_contribution_3" : "0",
  "hold" : "8.30",
  "total_contributions_1" : "0",
  "win" : "34085817",
  "fiscal_year_month" : "March",
  "payout" : "91.70"
}
, {
  "weighted_average_of_machines" : "* 3,013",
  "handle" : "376843394",
  "ebonus_credits_redeemed_at_slot_machines_2" : "0",
  "slot_machine_contributions_to_state_of_connecticut_1_6" : "7850779",
  "ebonus_contribution_3" : "0",
  "hold" : "8.33",
  "total_contributions_1" : "0",
  "win" : "31403117",
  "fiscal_year_month" : "February",
  "payout" : "91.67"
}
, {
  "weighted_average_of_machines" : "* 3,009",
  "handle" : "381973735",
  "ebonus_credits_redeemed_at_slot_machines_2" : "0",
  "slot_machine_contributions_to_state_of_connecticut_1_6" : "7925092",
  "ebonus_contribution_3" : "0",
  "hold" : "8.30",
  "total_contributions_1" : "0",
  "win" : "31700367",
  "fiscal_year_month" : "January 1998",
  "payout" : "91.70"
}
, {
  "weighted_average_of_machines" : "* 2,998",
  "handle" : "335319958",
  "ebonus_credits_redeemed_at_slot_machines_2" : "0",
  "slot_machine_contributions_to_state_of_connecticut_1_6" : "6818664",
  "ebonus_contribution_3" : "0",
  "hold" : "8.13",
  "total_contributions_1" : "0",
  "win" : "27274655",
  "fiscal_year_month" : "December",
  "payout" : "91.87"
}
, {
  "weighted_average_of_machines" : "* 2,976",
  "handle" : "369812126",
  "ebonus_credits_redeemed_at_slot_machines_2" : "0",
  "slot_machine_contributions_to_state_of_connecticut_1_6" : "7464111",
  "ebonus_contribution_3" : "0",
  "hold" : "8.07",
  "total_contributions_1" : "0",
  "win" : "29856444",
  "fiscal_year_month" : "November",
  "payout" : "91.93"
}
, {
  "weighted_average_of_machines" : "* 2,966",
  "handle" : "386424116",
  "ebonus_credits_redeemed_at_slot_machines_2" : "0",
  "slot_machine_contributions_to_state_of_connecticut_1_6" : "7733084",
  "ebonus_contribution_3" : "0",
  "hold" : "8.00",
  "total_contributions_1" : "0",
  "win" : "30932336",
  "fiscal_year_month" : "October",
  "payout" : "92.00"
}
, {
  "weighted_average_of_machines" : "* 2,962",
  "handle" : "351655972",
  "ebonus_credits_redeemed_at_slot_machines_2" : "0",
  "slot_machine_contributions_to_state_of_connecticut_1_6" : "7016834",
  "ebonus_contribution_3" : "0",
  "hold" : "7.98",
  "total_contributions_1" : "0",
  "win" : "28067335",
  "fiscal_year_month" : "September",
  "payout" : "92.02"
}
, {
  "weighted_average_of_machines" : "* 2,965",
  "handle" : "414123372",
  "ebonus_credits_redeemed_at_slot_machines_2" : "0",
  "slot_machine_contributions_to_state_of_connecticut_1_6" : "8549179",
  "ebonus_contribution_3" : "0",
  "hold" : "8.26",
  "total_contributions_1" : "0",
  "win" : "34196717",
  "fiscal_year_month" : "August",
  "payout" : "91.74"
}
, {
  "weighted_average_of_machines" : "* 2,963",
  "handle" : "372003918",
  "ebonus_credits_redeemed_at_slot_machines_2" : "0",
  "slot_machine_contributions_to_state_of_connecticut_1_6" : "2528411",
  "ebonus_contribution_3" : "0",
  "hold" : "8.09",
  "total_contributions_1" : "0",
  "win" : "30113644",
  "fiscal_year_month" : "July 1997",
  "payout" : "91.91"
}
, {
  "weighted_average_of_machines" : "* 2,692",
  "handle" : "2974885654",
  "ebonus_credits_redeemed_at_slot_machines_2" : "0",
  "slot_machine_contributions_to_state_of_connecticut_1_6" : "57643836",
  "ebonus_contribution_3" : "0",
  "hold" : "7.65",
  "total_contributions_1" : "0",
  "win" : "227632554",
  "fiscal_year_month" : "Total FY 1996/97",
  "payout" : "92.35"
}
, {
  "weighted_average_of_machines" : "* 2,962",
  "handle" : "343387318",
  "ebonus_credits_redeemed_at_slot_machines_2" : "0",
  "slot_machine_contributions_to_state_of_connecticut_1_6" : "7788539",
  "ebonus_contribution_3" : "0",
  "hold" : "8.22",
  "total_contributions_1" : "0",
  "win" : "28211367",
  "fiscal_year_month" : "June",
  "payout" : "91.78"
}
, {
  "weighted_average_of_machines" : "* 2,856",
  "handle" : "382257142",
  "ebonus_credits_redeemed_at_slot_machines_2" : "0",
  "slot_machine_contributions_to_state_of_connecticut_1_6" : "1855297",
  "ebonus_contribution_3" : "0",
  "hold" : "8.05",
  "total_contributions_1" : "0",
  "win" : "30779264",
  "fiscal_year_month" : "May",
  "payout" : "91.95"
}
, {
  "weighted_average_of_machines" : "* 2,686",
  "handle" : "329132796",
  "ebonus_credits_redeemed_at_slot_machines_2" : "0",
  "slot_machine_contributions_to_state_of_connecticut_1_6" : "8000000",
  "ebonus_contribution_3" : "0",
  "hold" : "8.12",
  "total_contributions_1" : "0",
  "win" : "26717497",
  "fiscal_year_month" : "April",
  "payout" : "91.88"
}
, {
  "weighted_average_of_machines" : "* 2,685",
  "handle" : "327230493",
  "ebonus_credits_redeemed_at_slot_machines_2" : "0",
  "slot_machine_contributions_to_state_of_connecticut_1_6" : "8000000",
  "ebonus_contribution_3" : "0",
  "hold" : "8.14",
  "total_contributions_1" : "0",
  "win" : "26645217",
  "fiscal_year_month" : "March",
  "payout" : "91.86"
}
, {
  "weighted_average_of_machines" : "* 2,672",
  "handle" : "315683974",
  "ebonus_credits_redeemed_at_slot_machines_2" : "0",
  "slot_machine_contributions_to_state_of_connecticut_1_6" : "8000000",
  "ebonus_contribution_3" : "0",
  "hold" : "7.90",
  "total_contributions_1" : "0",
  "win" : "24941606",
  "fiscal_year_month" : "February",
  "payout" : "92.10"
}
, {
  "weighted_average_of_machines" : "* 2,663",
  "handle" : "321125204",
  "ebonus_credits_redeemed_at_slot_machines_2" : "0",
  "slot_machine_contributions_to_state_of_connecticut_1_6" : "7287553",
  "ebonus_contribution_3" : "0",
  "hold" : "7.31",
  "total_contributions_1" : "0",
  "win" : "23487813",
  "fiscal_year_month" : "January 1997",
  "payout" : "92.69"
}
, {
  "weighted_average_of_machines" : "* 2,649",
  "handle" : "265667600",
  "ebonus_credits_redeemed_at_slot_machines_2" : "0",
  "slot_machine_contributions_to_state_of_connecticut_1_6" : "4727170",
  "ebonus_contribution_3" : "0",
  "hold" : "7.12",
  "total_contributions_1" : "0",
  "win" : "18908680",
  "fiscal_year_month" : "December",
  "payout" : "92.88"
}
, {
  "weighted_average_of_machines" : "* 2,510",
  "handle" : "373342454",
  "ebonus_credits_redeemed_at_slot_machines_2" : "0",
  "slot_machine_contributions_to_state_of_connecticut_1_6" : "6456595",
  "ebonus_contribution_3" : "0",
  "hold" : "6.92",
  "total_contributions_1" : "0",
  "win" : "25826382",
  "fiscal_year_month" : "November",
  "payout" : "93.08"
}
, {
  "weighted_average_of_machines" : "* 2,500",
  "handle" : "317058674",
  "ebonus_credits_redeemed_at_slot_machines_2" : "0",
  "slot_machine_contributions_to_state_of_connecticut_1_6" : "5528682",
  "ebonus_contribution_3" : "0",
  "hold" : "6.97",
  "total_contributions_1" : "0",
  "win" : "22114728",
  "fiscal_year_month" : "October 1996",
  "payout" : "93.03"
}
, {
  "fiscal_year_month" : "Notes:"
}
, {
  "fiscal_year_month" : "(1) Monthly contributions are due to the State by the 15th of the following month."
}
, {
  "fiscal_year_month" : "(2) Mohegan Sun did not include the value of eBonus credits redeemed by patrons at slot machines in its video facsimile devices Win amounts;"
}
, {
  "fiscal_year_month" : "     however, the value of eBonus credits wagered was included in the reported Handle.  In addition, please be advised that the Casino Hold % column"
}
, {
  "fiscal_year_month" : "     amounts may be understated and the Payout % column amounts may be overstated as a result of this."
}
, {
  "fiscal_year_month" : "(3) From July 1, 2009 to June 30, 2012, if the aggregate amount of eBonus coupons or credits actually played on the Mohegan Tribe's Video Facsimiles during a"
}
, {
  "fiscal_year_month" : "     particular month exceeded 5.5% of “gross operating revenues” for that month, the Mohegan Tribe paid to the State an amount equal to twenty-five"
}
, {
  "fiscal_year_month" : "     percent (25%) of such excess face amount of eBonus coupons or credits used in such calendar month (the \"eBonus Contribution\")."
}
, {
  "fiscal_year_month" : "     Beginning on July 1, 2012, and for all months thereafter, the aggregate amount threshold for determining the eBonus Contribution increased from 5.5% to"
}
, {
  "fiscal_year_month" : "     11% of \"gross operating revenues.\""
}
, {
  "fiscal_year_month" : "(4) The value of eBonus free slot play credits redeemed during February 2009 totaled $1,910,268; however, it was determined that eBonus credits"
}
, {
  "fiscal_year_month" : "     redeemed were overstated by $1,460,390 for January 2008 though January 2009.  February 2009 is adjusted by this amount.  March 2009 was"
}
, {
  "fiscal_year_month" : "     was adjusted by an additional $8,139."
}
, {
  "fiscal_year_month" : "(5) During fiscal year 2010 the Mohegan Tribe and the State of Connecticut settled a dispute regarding the proper treatment of eBonus for the period"
}
, {
  "fiscal_year_month" : "     November 2007 through June 2009.  As a result of this settlement, the State of Connecticut received $5,727,731, including interest."
}
, {
  "fiscal_year_month" : "(6) For fiscal years 2007/2008 and 2008/2009, Poker Pro Electronic Table Rake Amounts of $401,309 and $42,188, respectively, were included in"
}
, {
  "fiscal_year_month" : "     the calculation to determine the amount of Slot Machine Contributions to the State of Connecticut."
}
, {
  "fiscal_year_month" : "(7) The Mohegan Sun Casino officially opened on Saturday, October 12, 1996.  On October 8-10, video facsimile/slot machines were available for"
}
, {
  "fiscal_year_month" : "     actual play during pre-opening charitable gaming nights."
}
, {
  "fiscal_year_month" : "(8) Beginning with the month of May 2001, Mohegan Sun Casino reports video facsimile/slot machine win on an accrual basis, reflecting data"
}
, {
  "fiscal_year_month" : "     captured and reported by an on-line slot accounting system.  Reports were previously prepared on a cash basis, based on the coin and currency"
}
, {
  "fiscal_year_month" : "     removed from the machines on each gaming day."
}
, {
  "fiscal_year_month" : "(9) Cumulative Win amount was reduced by $1,452,341.21 to correct for an over reporting of slot revenues for prior periods related to errors in the"
}
, {
  "fiscal_year_month" : "     accrual carry forward of estimated cash on floor."
}
 ]