[ {
  "total_amount_of_credits_claimed" : "9541762",
  "total_number_of_credits" : "10",
  "count2" : "9",
  "corporation_business_tax" : "928726",
  "count1" : "1",
  "insurance_premiums_taxes" : "8613036",
  "type_of_credit" : "Digital Animation"
}
, {
  "total_amount_of_credits_claimed" : "28524705",
  "public_service_companies" : "3518073",
  "total_number_of_credits" : "1322",
  "count2" : "40",
  "corporation_business_tax" : "9442103",
  "count1" : "1278",
  "insurance_premiums_taxes" : "15564529",
  "type_of_credit" : "Electronic Data Processing",
  "count3" : "4"
}
, {
  "total_amount_of_credits_claimed" : "34980896",
  "total_number_of_credits" : "37",
  "count2" : "36",
  "corporation_business_tax" : "2963504",
  "count1" : "1",
  "insurance_premiums_taxes" : "32017392",
  "type_of_credit" : "Film Production"
}
, {
  "total_amount_of_credits_claimed" : "5771216",
  "total_number_of_credits" : "20",
  "count2" : "11",
  "corporation_business_tax" : "611376",
  "count1" : "9",
  "insurance_premiums_taxes" : "5159840",
  "type_of_credit" : "Film Production Infrastructure"
}
, {
  "total_amount_of_credits_claimed" : "80814859",
  "total_number_of_credits" : "1805",
  "corporation_business_tax" : "80814859",
  "count1" : "1805",
  "type_of_credit" : "Fixed Capital"
}
, {
  "total_amount_of_credits_claimed" : "5809064",
  "total_number_of_credits" : "155",
  "corporation_business_tax" : "5809064",
  "count1" : "155",
  "type_of_credit" : "Research and Development"
}
, {
  "total_amount_of_credits_claimed" : "15389000",
  "total_number_of_credits" : "161",
  "corporation_business_tax" : "15389000",
  "count1" : "161",
  "type_of_credit" : "Research and Experimentation"
}
, {
  "total_amount_of_credits_claimed" : "10487529",
  "public_service_companies" : "0",
  "total_number_of_credits" : "18",
  "count2" : "7",
  "corporation_business_tax" : "3761601",
  "count1" : "11",
  "insurance_premiums_taxes" : "6725928",
  "type_of_credit" : "Urban and Industrial Site Reinvestment"
}
 ]