[ {
  "therapies_phys_visits" : "$120.00",
  "skilled_nursing_visits" : "$120.00",
  "hha_hrs" : "$27.00",
  "agency" : "VNS, Inc. of Southern CT",
  "therapies_speech_visits" : "$120.00",
  "therapies_occup_visits" : "$120.00",
  "town" : "Ansonia"
}
, {
  "personal_care_attendant" : "$20.00",
  "agency" : "Help At Home, Inc.",
  "town" : "Avon"
}
, {
  "therapies_phys_visits" : "$155.00",
  "skilled_nursing_visits" : "$145.00",
  "hha_hrs" : "$80.00",
  "agency" : "VNA Northwest",
  "therapies_speech_visits" : "$155.00",
  "therapies_occup_visits" : "$155.00",
  "town" : "Bantam"
}
, {
  "therapies_phys_visits" : "$100.00",
  "skilled_nursing_visits" : "$145.00",
  "hha_hrs" : "$40.00",
  "agency" : "Berlin VNA",
  "therapies_speech_visits" : "$129.00",
  "therapies_occup_visits" : "$100.00",
  "town" : "Berlin"
}
, {
  "personal_care_attendant" : "$19.00",
  "agency" : "Euro-American Connections, LLC",
  "town" : "Berlin"
}
, {
  "personal_care_attendant" : "$22.00",
  "agency" : "Euro-American Homecare, LLC",
  "town" : "Berlin"
}
, {
  "therapies_phys_visits" : "$140.00",
  "skilled_nursing_visits" : "$140.00",
  "hha_hrs" : "$35.00",
  "agency" : "Bethel VNA",
  "therapies_speech_visits" : "$140.00",
  "therapies_occup_visits" : "$140.00",
  "town" : "Bethel"
}
, {
  "personal_care_attendant" : "$22.00",
  "agency" : "Besa Companions and Homemakers",
  "town" : "Bloomfield"
}
, {
  "personal_care_attendant" : "$21.00",
  "hha_hrs" : "$21.00",
  "agency" : "Comfort Keepers of Greater Hartford",
  "town" : "Bloomfield"
}
, {
  "private_duty_lpn" : "$55.00",
  "therapies_phys_visits" : "$140.00",
  "personal_care_attendant" : "$28.00",
  "private_duty_rn" : "$65.00",
  "skilled_nursing_visits" : "$130.00",
  "hha_hrs" : "$34.00",
  "agency" : "Global Horizon Home Care",
  "therapies_speech_visits" : "$140.00",
  "therapies_occup_visits" : "$140.00",
  "town" : "Bloomfield"
}
, {
  "therapies_phys_visits" : "$166.00",
  "skilled_nursing_visits" : "$135.00",
  "hha_hrs" : "$55.00",
  "agency" : "Hebrew Health Visiting Nurses",
  "therapies_speech_visits" : "$170.00",
  "therapies_occup_visits" : "$165.00",
  "town" : "Bloomfield"
}
, {
  "therapies_phys_visits" : "$172.00",
  "personal_care_attendant" : "$25.00",
  "private_duty_rn" : "$77.50",
  "skilled_nursing_visits" : "$151.00",
  "hha_hrs" : "$33.00",
  "agency" : "Seabury Community Outreach",
  "therapies_speech_visits" : "$138.00",
  "therapies_occup_visits" : "$138.00",
  "town" : "Bloomfield"
}
, {
  "personal_care_attendant" : "$16.50",
  "hha_hrs" : "$16.50",
  "agency" : "Helping Hands Home Care",
  "town" : "Boton"
}
, {
  "personal_care_attendant" : "$16.00",
  "hha_hrs" : "$16.00",
  "agency" : "Reliable Home Care, LLC",
  "town" : "Botsford"
}
, {
  "personal_care_attendant" : "$23.00",
  "agency" : "Branford Hills Homecare Services",
  "town" : "Branford"
}
, {
  "personal_care_attendant" : "$21.50",
  "hha_hrs" : "$22.50",
  "agency" : "No Place Like Home Care",
  "town" : "Branford"
}
, {
  "therapies_phys_visits" : "$120.00",
  "personal_care_attendant" : "$140.00",
  "skilled_nursing_visits" : "$140.00",
  "hha_hrs" : "$35.00",
  "agency" : "The Connecticut Hospice",
  "therapies_speech_visits" : "$120.00",
  "therapies_occup_visits" : "$120.00",
  "town" : "Branford"
}
, {
  "therapies_phys_visits" : "$175.00",
  "skilled_nursing_visits" : "$62.50",
  "hha_hrs" : "$25.00",
  "agency" : "Home Health Care Services, LLC",
  "therapies_speech_visits" : "$175.00",
  "therapies_occup_visits" : "$175.00",
  "town" : "Branford"
}
, {
  "hha_hrs" : "$15.00",
  "agency" : "Apex Health Services, LLC",
  "town" : "Bridgeport"
}
, {
  "private_duty_lpn" : "$40.00",
  "personal_care_attendant" : "$22.00",
  "private_duty_rn" : "$60.00",
  "hha_hrs" : "$22.00",
  "agency" : "Arcadia Health Care",
  "town" : "Bridgeport"
}
, {
  "personal_care_attendant" : "$26.00",
  "hha_hrs" : "$26.00",
  "agency" : "Almost Family",
  "town" : "Bridgeport"
}
, {
  "personal_care_attendant" : "$21.00",
  "agency" : "Nova Home Care",
  "town" : "Bridgeport"
}
, {
  "therapies_phys_visits" : "$140.00",
  "skilled_nursing_visits" : "$145.00",
  "hha_hrs" : "$35.00",
  "agency" : "Personalized Home Care LTD of CT",
  "therapies_speech_visits" : "$145.00",
  "therapies_occup_visits" : "$130.00",
  "town" : "Bridgeport"
}
, {
  "private_duty_lpn" : "$55.00",
  "therapies_phys_visits" : "$180.00",
  "personal_care_attendant" : " ",
  "private_duty_rn" : "$60.00",
  "skilled_nursing_visits" : "$175.00",
  "hha_hrs" : "$50.00",
  "agency" : "Visiting Nurse Services of CT",
  "therapies_speech_visits" : "$180.00",
  "therapies_occup_visits" : "$180.00",
  "town" : "Bridgeport"
}
, {
  "private_duty_lpn" : "$59.50",
  "therapies_phys_visits" : "$128.50",
  "personal_care_attendant" : "$20.00",
  "private_duty_rn" : "$81.00",
  "skilled_nursing_visits" : "$112.15",
  "hha_hrs" : "$25.00",
  "agency" : "Utopia Home Care",
  "therapies_speech_visits" : "$119.00",
  "therapies_occup_visits" : "$134.60",
  "town" : "Bridgeport"
}
, {
  "personal_care_attendant" : "$19.75",
  "hha_hrs" : "$19.75",
  "agency" : "Always Best Care Senior Services",
  "town" : "Bristol"
}
, {
  "therapies_phys_visits" : "$177.00",
  "skilled_nursing_visits" : "$198.00",
  "hha_hrs" : "$58.00",
  "agency" : "Bristol Hosp. Home Care Agency",
  "therapies_speech_visits" : "$177.00",
  "therapies_occup_visits" : "$177.00",
  "town" : "Bristol"
}
, {
  "personal_care_attendant" : "$20.00",
  "agency" : "M.R. Home Care Inc.",
  "town" : "Bristol"
}
, {
  "personal_care_attendant" : "$21.00",
  "hha_hrs" : "$21.00",
  "agency" : "Synergy HomeCare   ",
  "town" : "Bristol"
}
, {
  "therapies_phys_visits" : "$90.00",
  "skilled_nursing_visits" : "$413.10",
  "agency" : "Geer Adult Day Center",
  "town" : "Canaan"
}
, {
  "personal_care_attendant" : "$25.00",
  "hha_hrs" : "$25.00",
  "agency" : "Lower Valley Care Advocates, LLC",
  "town" : "Centerbrook"
}
, {
  "therapies_phys_visits" : "$170.00",
  "skilled_nursing_visits" : "$145.00",
  "hha_hrs" : "$45.00",
  "agency" : "Visiting Nurses of the Lower Valley",
  "therapies_speech_visits" : "$145.00",
  "therapies_occup_visits" : "$170.00",
  "town" : "Centerbrook"
}
, {
  "private_duty_lpn" : "$44.00",
  "therapies_phys_visits" : "$125.00",
  "personal_care_attendant" : "$25.00",
  "private_duty_rn" : "$55.00",
  "skilled_nursing_visits" : "$125.00",
  "hha_hrs" : "$25.00",
  "agency" : "All Pointe Home Care, LLC",
  "therapies_speech_visits" : "$125.00",
  "therapies_occup_visits" : "$125.00",
  "town" : "Cheshire"
}
, {
  "personal_care_attendant" : "$26.00",
  "agency" : "Guardian Angels HomeCare,LLC",
  "town" : "Cheshire"
}
, {
  "personal_care_attendant" : "$18.95",
  "agency" : "Assisted Living services, Inc.",
  "town" : "Clinton"
}
, {
  "private_duty_lpn" : "$30.00",
  "personal_care_attendant" : "$25.00",
  "hha_hrs" : "$25.00",
  "agency" : "Seniors Helping Seniors",
  "town" : "Colchester"
}
, {
  "private_duty_lpn" : "$56.83",
  "therapies_phys_visits" : "$155.00",
  "personal_care_attendant" : "$22.50",
  "private_duty_rn" : "$65.55",
  "skilled_nursing_visits" : "$135.00",
  "hha_hrs" : "$31.25",
  "agency" : "New England Home Care",
  "therapies_speech_visits" : "$155.00",
  "therapies_occup_visits" : "$155.00",
  "town" : "Cromwell"
}
, {
  "personal_care_attendant" : "$25.00",
  "agency" : "Adult Home Care, LLC",
  "town" : "Danbury"
}
, {
  "personal_care_attendant" : "$26.00",
  "hha_hrs" : "$26.00",
  "agency" : "Almost Family",
  "town" : "Danbury"
}
, {
  "personal_care_attendant" : "$22.05",
  "hha_hrs" : "$22.05",
  "agency" : "Comfort Keepers",
  "town" : "Danbury"
}
, {
  "personal_care_attendant" : "$23.50",
  "agency" : "Community Helping Hands, LLC",
  "town" : "Danbury"
}
, {
  "private_duty_lpn" : "$48.00",
  "personal_care_attendant" : "$22.00",
  "private_duty_rn" : "$50.00",
  "hha_hrs" : "$22.00",
  "agency" : "Connecticut Caregiver Connection, Inc",
  "town" : "Danbury"
}
, {
  "personal_care_attendant" : "$16.25",
  "hha_hrs" : "$16.25",
  "agency" : "Home Sweet Home Care",
  "town" : "Danbury"
}
, {
  "hha_hrs" : "$16.00",
  "agency" : "Total Assurance Healthcare",
  "town" : "Danbury"
}
, {
  "therapies_phys_visits" : "$175.00",
  "skilled_nursing_visits" : "$200.00",
  "hha_hrs" : "$50.00",
  "agency" : "Western Connecticut Home Care, Inc.",
  "therapies_speech_visits" : "$175.00",
  "therapies_occup_visits" : "$175.00",
  "town" : "Danbury"
}
, {
  "private_duty_lpn" : "$35.00",
  "therapies_phys_visits" : "$200.00",
  "private_duty_rn" : "$50.00",
  "skilled_nursing_visits" : "$275.00",
  "hha_hrs" : "$65.00",
  "agency" : "Regional Hospice/HomeCare West. CT ",
  "therapies_speech_visits" : "$200.00",
  "therapies_occup_visits" : "$200.00",
  "town" : "Danbury"
}
, {
  "private_duty_lpn" : "$46.00",
  "therapies_phys_visits" : "$156.00",
  "private_duty_rn" : "$52.00",
  "skilled_nursing_visits" : "$148.00",
  "hha_hrs" : "$42.00",
  "agency" : "Masonicare Home Health & Hospice",
  "therapies_speech_visits" : "$169.00",
  "therapies_occup_visits" : "$157.00",
  "town" : "Danielson"
}
, {
  "personal_care_attendant" : "$23.50",
  "agency" : "Companions and Home Helpers",
  "town" : "East Hartford"
}
, {
  "personal_care_attendant" : "$18.00",
  "hha_hrs" : "$18.00",
  "agency" : "Friends for Friends",
  "therapies_speech_visits" : " ",
  "town" : "East Hartford"
}
, {
  "therapies_phys_visits" : "$146.00",
  "skilled_nursing_visits" : "$143.00",
  "hha_hrs" : "$37.00",
  "agency" : "Masonicare Home Health & Hospice",
  "therapies_speech_visits" : "$150.00",
  "therapies_occup_visits" : "$146.00",
  "town" : "East Hartford"
}
, {
  "private_duty_lpn" : "$48.00",
  "therapies_phys_visits" : "$120.00",
  "personal_care_attendant" : "$27.00",
  "private_duty_rn" : "$52.00",
  "skilled_nursing_visits" : "$105.00",
  "hha_hrs" : "$27.00",
  "agency" : "Nursing Services/Elderforce, Inc.",
  "therapies_speech_visits" : "$130.00",
  "therapies_occup_visits" : "$130.00",
  "town" : "East Hartford"
}
, {
  "private_duty_lpn" : "$55.17",
  "therapies_phys_visits" : "$175.00",
  "private_duty_rn" : "$63.65",
  "skilled_nursing_visits" : "$150.35",
  "hha_hrs" : "$35.00",
  "agency" : "Primary Prevention Homecare, LLC",
  "therapies_speech_visits" : "$175.00",
  "therapies_occup_visits" : "$175.00",
  "town" : "East Hartford"
}
, {
  "private_duty_lpn" : "$55.00",
  "therapies_phys_visits" : "$160.00",
  "private_duty_rn" : "$62.00",
  "skilled_nursing_visits" : "$145.00",
  "hha_hrs" : "$30.00",
  "agency" : "All About You Home Care Services",
  "therapies_speech_visits" : "$155.00",
  "therapies_occup_visits" : "$155.00",
  "town" : "East Haven"
}
, {
  "private_duty_lpn" : "$59.50",
  "therapies_phys_visits" : "$128.50",
  "personal_care_attendant" : "$20.00",
  "private_duty_rn" : "$81.00",
  "skilled_nursing_visits" : "$112.15",
  "hha_hrs" : "$25.00",
  "agency" : "Utopia Home Care",
  "therapies_speech_visits" : "$119.00",
  "therapies_occup_visits" : "$134.60",
  "town" : "East Haven"
}
, {
  "private_duty_lpn" : "$46.00",
  "therapies_phys_visits" : "$156.00",
  "private_duty_rn" : "$52.00",
  "skilled_nursing_visits" : "$148.00",
  "hha_hrs" : "$42.00",
  "agency" : "Masonicare Home Health & Hospice",
  "therapies_speech_visits" : "$169.00",
  "therapies_occup_visits" : "$157.00",
  "town" : "East Lyme"
}
, {
  "personal_care_attendant" : "$22.00",
  "private_duty_rn" : "$60.00",
  "agency" : "VNA Health Care, Inc.",
  "town" : "East Windsor"
}
, {
  "personal_care_attendant" : "$22.00",
  "hha_hrs" : "$22.00",
  "agency" : "Comfort Keepers   ",
  "town" : "Enfield"
}
, {
  "therapies_phys_visits" : "$132.40",
  "skilled_nursing_visits" : "$85.00",
  "hha_hrs" : "$23.50",
  "agency" : "Roy&Aline Friedman Home Care Agency",
  "therapies_occup_visits" : "$133.30",
  "town" : "Fairfield"
}
, {
  "therapies_phys_visits" : "$114.00",
  "personal_care_attendant" : "$18.88",
  "skilled_nursing_visits" : "$120.00",
  "hha_hrs" : "$26.00",
  "agency" : "Shamrock Home Care",
  "therapies_speech_visits" : "$114.00",
  "therapies_occup_visits" : "$114.00",
  "town" : "Fairfield"
}
, {
  "private_duty_lpn" : "$42.85",
  "therapies_phys_visits" : "$130.00",
  "personal_care_attendant" : "$19.75",
  "private_duty_rn" : "$50.00",
  "skilled_nursing_visits" : "$120.00",
  "hha_hrs" : "$28.50",
  "agency" : "Interim Healthcare of Hartford",
  "therapies_speech_visits" : "$130.00",
  "therapies_occup_visits" : "$130.00",
  "town" : "Farmington"
}
, {
  "personal_care_attendant" : "$18.95",
  "agency" : "Assisted Living services, Inc.",
  "town" : "Glastonbury"
}
, {
  "private_duty_lpn" : "$30.00",
  "personal_care_attendant" : "$25.00",
  "hha_hrs" : "$25.00",
  "agency" : "Seniors Helping Seniors",
  "town" : "Glastonbury"
}
, {
  "personal_care_attendant" : "$19.00",
  "hha_hrs" : "$19.00",
  "agency" : "Tender Living Care, Inc.",
  "town" : "Glastonbury"
}
, {
  "personal_care_attendant" : "$22.00",
  "private_duty_rn" : "$60.00",
  "agency" : "VNA Health Care, Inc.",
  "town" : "Glastonbury"
}
, {
  "personal_care_attendant" : "$22.50",
  "agency" : "Seniors Helping Seniors",
  "town" : "Granby"
}
, {
  "personal_care_attendant" : "$24.00",
  "hha_hrs" : "$24.00",
  "agency" : "Always Best Care Senior Services",
  "town" : "Greenwich"
}
, {
  "private_duty_lpn" : "$38.00",
  "personal_care_attendant" : "$20.00",
  "private_duty_rn" : "$48.00",
  "skilled_nursing_visits" : "$100.00",
  "agency" : "Greenwich Nursing & Healthcare Registry",
  "town" : "Greenwich"
}
, {
  "therapies_phys_visits" : "$150.00",
  "personal_care_attendant" : "$25.00",
  "skilled_nursing_visits" : "$125.00",
  "hha_hrs" : "$25.00",
  "agency" : "Sterling Care",
  "therapies_speech_visits" : "$150.00",
  "therapies_occup_visits" : "$150.00",
  "town" : "Greenwich"
}
, {
  "personal_care_attendant" : "$23.95",
  "agency" : "Visiting Angels of Southeastern CT",
  "town" : "Groton"
}
, {
  "personal_care_attendant" : "$24.00",
  "hha_hrs" : "$24.00",
  "agency" : "Comfort Keepers",
  "town" : "Guilford"
}
, {
  "personal_care_attendant" : "$23.00",
  "agency" : "Homemakers & Companions of Guilford",
  "town" : "Guilford"
}
, {
  "personal_care_attendant" : "$23.00",
  "agency" : "Home Instead Senior Care",
  "town" : "Guilford"
}
, {
  "personal_care_attendant" : "$24.00",
  "hha_hrs" : "$24.00",
  "agency" : "Lifetime Care At Home",
  "town" : "Guilford"
}
, {
  "private_duty_lpn" : "$52.00",
  "therapies_phys_visits" : "$135.00",
  "private_duty_rn" : "$60.00",
  "skilled_nursing_visits" : "$135.00",
  "hha_hrs" : "$38.00",
  "agency" : "VNA Community Healthcare",
  "therapies_speech_visits" : "$135.00",
  "therapies_occup_visits" : "$135.00",
  "town" : "Guilford"
}
, {
  "personal_care_attendant" : "$26.00",
  "hha_hrs" : "$26.00",
  "agency" : "Almost Family",
  "town" : "Hamden"
}
, {
  "personal_care_attendant" : "$20.00",
  "agency" : "Lina Adult Day Care",
  "town" : "Hamden"
}
, {
  "therapies_phys_visits" : "$120.00",
  "skilled_nursing_visits" : "$120.00",
  "hha_hrs" : "$27.00",
  "agency" : "VNS, Inc. of Southern CT",
  "therapies_speech_visits" : "$120.00",
  "therapies_occup_visits" : "$120.00",
  "town" : "Hamden"
}
, {
  "therapies_phys_visits" : "$105.00",
  "personal_care_attendant" : "$35.00",
  "private_duty_rn" : "$88.00",
  "skilled_nursing_visits" : "$165.00",
  "hha_hrs" : "$35.00",
  "agency" : "Avery Heights Home Health Agency",
  "therapies_speech_visits" : "$105.00",
  "therapies_occup_visits" : "$105.00",
  "town" : "Hartford"
}
, {
  "personal_care_attendant" : "$25.00",
  "agency" : "Horizon Homemakers & Companions",
  "town" : "Hartford"
}
, {
  "private_duty_lpn" : "$75.00",
  "personal_care_attendant" : "$25.00",
  "private_duty_rn" : "$75.00",
  "agency" : "Juniper House Community Center",
  "town" : "Hartford"
}
, {
  "personal_care_attendant" : "$22.00",
  "private_duty_rn" : "$60.00",
  "agency" : "VNA Health Care, Inc.",
  "town" : "Hartford"
}
, {
  "private_duty_lpn" : "$49.20",
  "therapies_phys_visits" : "$93.20",
  "personal_care_attendant" : "$19.50",
  "private_duty_rn" : "$54.60",
  "skilled_nursing_visits" : "$106.40",
  "hha_hrs" : "$28.40",
  "agency" : "Staff Mates Homecare",
  "town" : "Hebron"
}
, {
  "private_duty_lpn" : "$25.00",
  "personal_care_attendant" : "$14.00",
  "private_duty_rn" : "$35.50",
  "skilled_nursing_visits" : "$33.00",
  "hha_hrs" : "$14.00",
  "agency" : "Northwest Home Care, Inc.",
  "town" : "Litchfield"
}
, {
  "personal_care_attendant" : "$20.00",
  "hha_hrs" : "$21.00",
  "agency" : "Always Best Care Senior Services",
  "town" : "Manchester"
}
, {
  "personal_care_attendant" : "$22.00",
  "hha_hrs" : "$22.00",
  "agency" : "Elder Care Consulting",
  "town" : "Manchester"
}
, {
  "personal_care_attendant" : "$19.00",
  "hha_hrs" : "$21.25",
  "agency" : "Stay At home Care, LLC",
  "town" : "Manchester"
}
, {
  "personal_care_attendant" : "$22.00",
  "private_duty_rn" : "$60.00",
  "agency" : "VNA East, Inc.",
  "town" : "Mansfield Ctr"
}
, {
  "personal_care_attendant" : "$18.95",
  "agency" : "Assisted Living Services, Inc.",
  "town" : "Meriden"
}
, {
  "therapies_phys_visits" : "$127.78",
  "skilled_nursing_visits" : "$118.68",
  "hha_hrs" : "$27.72",
  "agency" : "Family Care Visiting Nurse & Home Care",
  "therapies_speech_visits" : "$128.30",
  "therapies_occup_visits" : "$122.21",
  "town" : "Meriden"
}
, {
  "therapies_phys_visits" : "$160.00",
  "skilled_nursing_visits" : "$200.00",
  "hha_hrs" : "$30.00",
  "agency" : "Franciscan Home Care & Hospice Care",
  "therapies_speech_visits" : "$160.00",
  "therapies_occup_visits" : "$160.00",
  "town" : "Meriden"
}
, {
  "therapies_phys_visits" : "$120.00",
  "skilled_nursing_visits" : "$120.00",
  "hha_hrs" : "$27.00",
  "agency" : "VNS, Inc. of Southern CT",
  "therapies_speech_visits" : "$120.00",
  "therapies_occup_visits" : "$120.00",
  "town" : "Meriden"
}
, {
  "private_duty_lpn" : "$59.50",
  "therapies_phys_visits" : "$128.50",
  "personal_care_attendant" : "$20.00",
  "private_duty_rn" : "$81.00",
  "skilled_nursing_visits" : "$112.15",
  "hha_hrs" : "$25.00",
  "agency" : "Utopia Home Care",
  "therapies_speech_visits" : "$119.00",
  "therapies_occup_visits" : "$134.60",
  "town" : "Meriden"
}
, {
  "personal_care_attendant" : "$18.88",
  "agency" : "Visiting Angels  ",
  "town" : "Middlefield"
}
, {
  "personal_care_attendant" : "$23.00",
  "hha_hrs" : "$23.00",
  "agency" : "Homecare Connection, LLC",
  "town" : "Middletown"
}
, {
  "personal_care_attendant" : "$23.00",
  "hha_hrs" : "$21.50",
  "agency" : "Home Instead Senior Care",
  "town" : "Middletown"
}
, {
  "therapies_phys_visits" : "$170.00",
  "skilled_nursing_visits" : "$160.00",
  "hha_hrs" : "$40.00",
  "agency" : "Middlesex Hospital Homecare",
  "therapies_speech_visits" : "$160.00",
  "therapies_occup_visits" : "$165.00",
  "town" : "Middletown"
}
, {
  "hha_hrs" : "$18.00",
  "agency" : "Comfort Caregivers, LLC",
  "town" : "Milford"
}
, {
  "therapies_phys_visits" : "$125.00",
  "skilled_nursing_visits" : "$130.00",
  "hha_hrs" : "$32.00",
  "agency" : "HomeCare Plus",
  "therapies_speech_visits" : "$125.00",
  "therapies_occup_visits" : "$125.00",
  "town" : "Milford"
}
, {
  "personal_care_attendant" : "$21.50",
  "hha_hrs" : "$21.50",
  "agency" : "Always Best Care Senior Services",
  "town" : "Monroe"
}
, {
  "personal_care_attendant" : "$21.00",
  "hha_hrs" : "$21.00",
  "agency" : "Greater Fairfield County Sr. Care Svcs.",
  "town" : "Monroe"
}
, {
  "private_duty_lpn" : "$55.00",
  "therapies_phys_visits" : "$160.00",
  "private_duty_rn" : "$62.00",
  "skilled_nursing_visits" : "$145.00",
  "hha_hrs" : "$30.00",
  "agency" : "All About You Home Care Services",
  "therapies_speech_visits" : "$155.00",
  "therapies_occup_visits" : "$155.00",
  "town" : "Naugatuck"
}
, {
  "personal_care_attendant" : "$19.50",
  "hha_hrs" : "$19.50",
  "agency" : "Griswold Home Care",
  "town" : "Naugatuck"
}
, {
  "therapies_phys_visits" : "$150.00",
  "skilled_nursing_visits" : "$150.00",
  "hha_hrs" : "$45.00",
  "agency" : "Naugatuck VNA",
  "therapies_speech_visits" : "$150.00",
  "therapies_occup_visits" : "$150.00",
  "town" : "Naugatuck"
}
, {
  "personal_care_attendant" : "$18.00",
  "hha_hrs" : "$17.00",
  "agency" : "From The Heart Homecare, LLC",
  "town" : "New Britain"
}
, {
  "private_duty_lpn" : "$75.00",
  "private_duty_rn" : "$75.00",
  "agency" : "Juniper House Day Center at Regency",
  "town" : "New Britain"
}
, {
  "private_duty_lpn" : "$35.00",
  "personal_care_attendant" : "$17.00",
  "private_duty_rn" : "$50.00",
  "skilled_nursing_visits" : "$50.00",
  "hha_hrs" : "$17.00",
  "agency" : "Geri-Care Connections",
  "town" : "New Canaan"
}
, {
  "therapies_phys_visits" : "$145.00",
  "skilled_nursing_visits" : "$162.00",
  "hha_hrs" : "$40.00",
  "agency" : "VNA South Central Connecticut",
  "therapies_speech_visits" : "$155.00",
  "therapies_occup_visits" : "$145.00",
  "town" : "New Haven"
}
, {
  "personal_care_attendant" : "$19.50",
  "hha_hrs" : "$19.50",
  "agency" : "Griswold Home Care",
  "town" : "New Haven"
}
, {
  "therapies_phys_visits" : "$150.00",
  "skilled_nursing_visits" : "$136.00",
  "hha_hrs" : "$45.00",
  "agency" : "Continuum Home Health, Inc.",
  "therapies_speech_visits" : "$150.00",
  "therapies_occup_visits" : "$150.00",
  "town" : "New Haven"
}
, {
  "personal_care_attendant" : "$26.00",
  "hha_hrs" : "$26.00",
  "agency" : "Almost Family",
  "town" : "New Haven"
}
, {
  "therapies_phys_visits" : "$127.78",
  "skilled_nursing_visits" : "$118.68",
  "hha_hrs" : "$27.72",
  "agency" : "Family Care Visiting Nurse & Home Care",
  "therapies_speech_visits" : "$128.30",
  "therapies_occup_visits" : "$122.21",
  "town" : "New Haven"
}
, {
  "therapies_phys_visits" : "$170.00",
  "agency" : "Mary Wade Adult Day Center",
  "therapies_speech_visits" : "$170.00",
  "therapies_occup_visits" : "$170.00",
  "town" : "New Haven"
}
, {
  "private_duty_lpn" : "$46.00",
  "therapies_phys_visits" : "$156.00",
  "private_duty_rn" : "$52.00",
  "skilled_nursing_visits" : "$148.00",
  "hha_hrs" : "$42.00",
  "agency" : "Masonicare Home Health & Hospice",
  "therapies_speech_visits" : "$169.00",
  "therapies_occup_visits" : "$157.00",
  "town" : "New Haven"
}
, {
  "private_duty_lpn" : "$56.83",
  "therapies_phys_visits" : "$155.00",
  "personal_care_attendant" : "$22.50",
  "private_duty_rn" : "$65.55",
  "skilled_nursing_visits" : "$135.00",
  "hha_hrs" : "$31.25",
  "agency" : "New England Home Care",
  "therapies_speech_visits" : "$155.00",
  "therapies_occup_visits" : "$155.00",
  "town" : "New Haven"
}
, {
  "personal_care_attendant" : "$23.50",
  "agency" : "Companions and Home Helpers",
  "town" : "New Haven"
}
, {
  "personal_care_attendant" : "$23.00",
  "skilled_nursing_visits" : "$100.00",
  "hha_hrs" : "$23.00",
  "agency" : "Home Care Assistance of Greater Hartford",
  "therapies_occup_visits" : "$80.00",
  "town" : "Newington"
}
, {
  "personal_care_attendant" : "$22.00",
  "agency" : "South Cross, Inc.",
  "town" : "Newington"
}
, {
  "personal_care_attendant" : "$26.00",
  "hha_hrs" : "$26.00",
  "agency" : "Almost Family",
  "town" : "New London"
}
, {
  "personal_care_attendant" : "$23.50",
  "agency" : "Companions and Home Helpers",
  "town" : "New London"
}
, {
  "private_duty_lpn" : "$59.50",
  "therapies_phys_visits" : "$128.50",
  "personal_care_attendant" : "$20.00",
  "private_duty_rn" : "$81.00",
  "skilled_nursing_visits" : "$112.15",
  "hha_hrs" : "$25.00",
  "agency" : "Utopia Home Care",
  "therapies_speech_visits" : "$119.00",
  "therapies_occup_visits" : "$134.60",
  "town" : "New London"
}
, {
  "private_duty_lpn" : "$44.50",
  "personal_care_attendant" : "$23.75",
  "private_duty_rn" : "$52.50",
  "skilled_nursing_visits" : "$125.00",
  "agency" : "Geron Nursing and Respite Care, Inc.",
  "town" : "New Milford"
}
, {
  "therapies_phys_visits" : "$133.00",
  "skilled_nursing_visits" : "$152.00",
  "hha_hrs" : "$50.00",
  "agency" : "New Milford VNA",
  "therapies_speech_visits" : "$125.00",
  "therapies_occup_visits" : "$120.00",
  "town" : "New Milford"
}
, {
  "private_duty_lpn" : "$46.00",
  "therapies_phys_visits" : "$156.00",
  "private_duty_rn" : "$52.00",
  "skilled_nursing_visits" : "$148.00",
  "hha_hrs" : "$42.00",
  "agency" : "Masonicare Home Health & Hospice",
  "therapies_speech_visits" : "$169.00",
  "therapies_occup_visits" : "$157.00",
  "town" : "Newtown"
}
, {
  "personal_care_attendant" : "$18.95",
  "agency" : "HomeCare Services of CT",
  "town" : "Niantic"
}
, {
  "personal_care_attendant" : "$23.50",
  "agency" : "Companions and Home Helpers",
  "town" : "North Haven"
}
, {
  "private_duty_lpn" : "$51.00",
  "therapies_phys_visits" : "$120.00",
  "private_duty_rn" : "$54.00",
  "skilled_nursing_visits" : "$105.00",
  "hha_hrs" : "$24.90",
  "agency" : "Interim Healthcare of North Haven, Inc.",
  "therapies_speech_visits" : "$150.00",
  "therapies_occup_visits" : "$150.00",
  "town" : "North Haven"
}
, {
  "personal_care_attendant" : "$24.00",
  "agency" : "Key Personnel, Inc.",
  "town" : "North Haven"
}
, {
  "personal_care_attendant" : "$25.00",
  "hha_hrs" : "$25.00",
  "agency" : "Continue Living",
  "town" : "North Stonington"
}
, {
  "personal_care_attendant" : "$25.00",
  "hha_hrs" : "$24.00",
  "agency" : "BrightStar Healthcare of Fairfield",
  "town" : "Norwalk"
}
, {
  "personal_care_attendant" : "$25.00",
  "hha_hrs" : "$25.00",
  "agency" : "Family & Children's Agency HomeCare",
  "town" : "Norwalk"
}
, {
  "hha_hrs" : "$25.00",
  "agency" : "Home Instead Senior Care",
  "town" : "Norwalk"
}
, {
  "personal_care_attendant" : "$26.00",
  "hha_hrs" : "$26.00",
  "agency" : "Almost Family",
  "town" : "Norwalk"
}
, {
  "therapies_phys_visits" : "$127.78",
  "skilled_nursing_visits" : "$118.68",
  "hha_hrs" : "$27.72",
  "agency" : "Family Care Visiting Nurse & Home Care",
  "therapies_speech_visits" : "$128.30",
  "therapies_occup_visits" : "$122.21",
  "town" : "Norwalk"
}
, {
  "private_duty_lpn" : "$46.00",
  "therapies_phys_visits" : "$156.00",
  "private_duty_rn" : "$52.00",
  "skilled_nursing_visits" : "$148.00",
  "hha_hrs" : "$42.00",
  "agency" : "Masonicare Home Health & Hospice",
  "therapies_speech_visits" : "$169.00",
  "therapies_occup_visits" : "$157.00",
  "town" : "Norwalk"
}
, {
  "therapies_phys_visits" : "$120.00",
  "personal_care_attendant" : "$140.00",
  "skilled_nursing_visits" : "$140.00",
  "hha_hrs" : "$35.00",
  "agency" : "The Connecticut Hospice",
  "therapies_speech_visits" : "$120.00",
  "therapies_occup_visits" : "$120.00",
  "town" : "Norwalk"
}
, {
  "personal_care_attendant" : "$24.00",
  "hha_hrs" : "$24.00",
  "agency" : "Stellar Home Care",
  "town" : "Norwalk"
}
, {
  "private_duty_lpn" : "$55.00",
  "therapies_phys_visits" : "$115.00",
  "private_duty_rn" : "$65.00",
  "skilled_nursing_visits" : "$130.00",
  "hha_hrs" : "$32.00",
  "agency" : "Visiting Nurse/Hospice of Fairfield County",
  "therapies_speech_visits" : "$130.00",
  "therapies_occup_visits" : "$125.00",
  "town" : "Norwalk"
}
, {
  "therapies_phys_visits" : "$115.00",
  "skilled_nursing_visits" : "$125.00",
  "hha_hrs" : "$30.00",
  "agency" : "Center for Hospice Care-Southeast CT",
  "therapies_speech_visits" : "$115.00",
  "therapies_occup_visits" : "$115.00",
  "town" : "Norwich"
}
, {
  "private_duty_lpn" : "$50.00",
  "therapies_phys_visits" : "$120.00",
  "personal_care_attendant" : "$150.00",
  "private_duty_rn" : "$65.00",
  "skilled_nursing_visits" : "$120.00",
  "hha_hrs" : "$29.00",
  "agency" : "Interim Healthcare,Inc.",
  "therapies_speech_visits" : "$115.00",
  "therapies_occup_visits" : "$120.00",
  "town" : "Norwich"
}
, {
  "therapies_phys_visits" : "$146.00",
  "skilled_nursing_visits" : "$143.00",
  "hha_hrs" : "$35.50",
  "agency" : "Backus Home Health Care",
  "therapies_speech_visits" : "$146.00",
  "therapies_occup_visits" : "$146.00",
  "town" : "Norwich"
}
, {
  "personal_care_attendant" : "$20.00",
  "agency" : "Help Unlimited, Inc.",
  "town" : "Oakville"
}
, {
  "personal_care_attendant" : "$21.95",
  "hha_hrs" : "$21.95",
  "agency" : "Golden Horizons Elder Care Services, Inc",
  "town" : "Old Saybrook"
}
, {
  "personal_care_attendant" : "$21.95",
  "hha_hrs" : "$21.95",
  "agency" : "Lighthouse Home Care",
  "town" : "Old Saybrook"
}
, {
  "hha_hrs" : "$22.00",
  "agency" : "ElderCare Services, LLC",
  "town" : "Orange"
}
, {
  "therapies_phys_visits" : "$125.00",
  "skilled_nursing_visits" : "$125.00",
  "hha_hrs" : "$25.00",
  "agency" : "Orange VNA",
  "therapies_speech_visits" : "$125.00",
  "therapies_occup_visits" : "$115.00",
  "town" : "Orange"
}
, {
  "private_duty_lpn" : "$55.00",
  "therapies_phys_visits" : "$180.00",
  "personal_care_attendant" : " ",
  "private_duty_rn" : "$60.00",
  "skilled_nursing_visits" : "$175.00",
  "hha_hrs" : "$50.00",
  "agency" : "Visiting Nurse Services of CT",
  "therapies_speech_visits" : "$180.00",
  "therapies_occup_visits" : "$180.00",
  "town" : "Oxford"
}
, {
  "personal_care_attendant" : "$21.00",
  "agency" : "Connecticut Home Care Solutions",
  "town" : "Plainfield"
}
, {
  "personal_care_attendant" : "$20.00",
  "agency" : "Quality Homemakers, Inc.",
  "town" : "Plainfield"
}
, {
  "private_duty_lpn" : "$55.00",
  "therapies_phys_visits" : "$160.00",
  "personal_care_attendant" : "$20.00",
  "private_duty_rn" : "$62.00",
  "skilled_nursing_visits" : "$145.00",
  "hha_hrs" : "$25.00",
  "agency" : "Infinity Homecare Services, LLC",
  "therapies_speech_visits" : "$155.00",
  "therapies_occup_visits" : "$155.00",
  "town" : "Plantsville"
}
, {
  "private_duty_lpn" : "$49.00",
  "therapies_phys_visits" : "$135.00",
  "personal_care_attendant" : "$21.99",
  "private_duty_rn" : "$65.00",
  "skilled_nursing_visits" : "$135.00",
  "hha_hrs" : "$35.00",
  "agency" : "Compassion N Care",
  "therapies_speech_visits" : "$135.00",
  "therapies_occup_visits" : "$135.00",
  "town" : "Prospect"
}
, {
  "personal_care_attendant" : "$24.00",
  "agency" : "Day Kimball Homemakers",
  "town" : "Putnam"
}
, {
  "therapies_phys_visits" : "$120.00",
  "skilled_nursing_visits" : "$130.00",
  "hha_hrs" : "$32.00",
  "agency" : "VNA of Ridgefield",
  "therapies_speech_visits" : "$110.00",
  "therapies_occup_visits" : "$110.00",
  "town" : "Ridgefield"
}
, {
  "personal_care_attendant" : "$26.00",
  "hha_hrs" : "$26.00",
  "agency" : "Almost Family",
  "town" : "Rocky Hill"
}
, {
  "personal_care_attendant" : "$20.00",
  "agency" : "Charter Oak Home Care Corp.",
  "town" : "Salisbury"
}
, {
  "therapies_phys_visits" : "$145.00",
  "personal_care_attendant" : "$24.00",
  "skilled_nursing_visits" : "$145.00",
  "hha_hrs" : "$53.00",
  "agency" : "Salisbury VNA",
  "therapies_speech_visits" : "$155.00",
  "therapies_occup_visits" : "$145.00",
  "town" : "Salisbury"
}
, {
  "private_duty_lpn" : "$48.50",
  "personal_care_attendant" : "$22.50",
  "private_duty_rn" : "$56.50",
  "skilled_nursing_visits" : "$115.00",
  "agency" : "Geron Nursing Registry NW",
  "town" : "Sharon"
}
, {
  "personal_care_attendant" : "$20.00",
  "hha_hrs" : "$20.00",
  "agency" : "Good Samaritan Home Care Solutions",
  "town" : "Shelton"
}
, {
  "private_duty_lpn" : "$56.83",
  "therapies_phys_visits" : "$155.00",
  "personal_care_attendant" : "$22.50",
  "private_duty_rn" : "$65.55",
  "skilled_nursing_visits" : "$135.00",
  "hha_hrs" : "$31.25",
  "agency" : "New England Home Care",
  "therapies_speech_visits" : "$155.00",
  "therapies_occup_visits" : "$155.00",
  "town" : "Shelton"
}
, {
  "therapies_phys_visits" : "$120.00",
  "personal_care_attendant" : "$140.00",
  "skilled_nursing_visits" : "$140.00",
  "hha_hrs" : "$35.00",
  "agency" : "The Connecticut Hospice",
  "therapies_speech_visits" : "$120.00",
  "therapies_occup_visits" : "$120.00",
  "town" : "Shelton"
}
, {
  "therapies_phys_visits" : "$140.00",
  "skilled_nursing_visits" : "$140.00",
  "hha_hrs" : "$50.00",
  "agency" : "McLean Home Care and Hospice",
  "therapies_speech_visits" : "$140.00",
  "therapies_occup_visits" : "$140.00",
  "town" : "Simsbury"
}
, {
  "therapies_phys_visits" : "$142.00",
  "private_duty_rn" : "$75.00",
  "skilled_nursing_visits" : "$140.00",
  "hha_hrs" : "$64.00",
  "agency" : "VNA Valley Care",
  "therapies_speech_visits" : "$180.00",
  "therapies_occup_visits" : "$155.00",
  "town" : "Simsbury"
}
, {
  "personal_care_attendant" : "$21.50",
  "hha_hrs" : "$22.50",
  "agency" : "Always Best Care Senior Services",
  "town" : "Southbury"
}
, {
  "private_duty_lpn" : "$40.00",
  "personal_care_attendant" : "$24.00",
  "private_duty_rn" : "$50.00",
  "hha_hrs" : "$24.00",
  "agency" : "Always There Home Care",
  "town" : "Southington"
}
, {
  "personal_care_attendant" : "$22.00",
  "private_duty_rn" : "$60.00",
  "agency" : "VNA Health Care, Inc.",
  "town" : "Southington"
}
, {
  "private_duty_lpn" : "$42.85",
  "therapies_phys_visits" : "$130.00",
  "personal_care_attendant" : "$19.75",
  "private_duty_rn" : "$50.00",
  "skilled_nursing_visits" : "$120.00",
  "hha_hrs" : "$28.50",
  "agency" : "Interim Healthcare of Hartford",
  "therapies_speech_visits" : "$130.00",
  "therapies_occup_visits" : "$130.00",
  "town" : "South Windsor"
}
, {
  "personal_care_attendant" : "$19.00",
  "hha_hrs" : "$19.00",
  "agency" : "Jewish Family Services",
  "town" : "Stamford"
}
, {
  "personal_care_attendant" : "$26.00",
  "hha_hrs" : "$26.00",
  "agency" : "Almost Family",
  "town" : "Stamford"
}
, {
  "personal_care_attendant" : "$21.00",
  "hha_hrs" : "$21.00",
  "agency" : "Fairfield Family Care",
  "town" : "Stamford"
}
, {
  "hha_hrs" : "$26.00",
  "agency" : "Interim Health Care",
  "town" : "Stamford"
}
, {
  "private_duty_lpn" : "$70.00",
  "personal_care_attendant" : "$18.00",
  "private_duty_rn" : "$80.00",
  "hha_hrs" : "$22.00",
  "agency" : "Premier Home Health Care Services",
  "town" : "Stamford"
}
, {
  "personal_care_attendant" : "$23.00",
  "hha_hrs" : "$23.00",
  "agency" : "Synergy HomeCare of CT",
  "town" : "Stamford"
}
, {
  "personal_care_attendant" : "$20.00",
  "skilled_nursing_visits" : "$100.00",
  "hha_hrs" : "$20.00",
  "agency" : "Home Care Choice",
  "town" : "Stonington"
}
, {
  "private_duty_lpn" : "$43.00",
  "personal_care_attendant" : "$22.00",
  "private_duty_rn" : "$48.00",
  "skilled_nursing_visits" : "$120.00",
  "hha_hrs" : "$22.00",
  "agency" : "AAA Nursing Care, LLC",
  "town" : "Stratford"
}
, {
  "personal_care_attendant" : "$23.00",
  "hha_hrs" : "$23.00",
  "agency" : "Caregiver's Home Solutions, LLC",
  "town" : "Stratford"
}
, {
  "therapies_phys_visits" : "$127.78",
  "skilled_nursing_visits" : "$118.68",
  "hha_hrs" : "$27.72",
  "agency" : "Family Care Visiting Nurse & Home Care",
  "therapies_speech_visits" : "$128.30",
  "therapies_occup_visits" : "$122.21",
  "town" : "Stratford"
}
, {
  "personal_care_attendant" : "$18.00",
  "agency" : "Griswold Special Care",
  "town" : "Stratford"
}
, {
  "private_duty_lpn" : "$45.00",
  "therapies_phys_visits" : "$160.00",
  "private_duty_rn" : "$50.00",
  "skilled_nursing_visits" : "$140.00",
  "hha_hrs" : "$32.00",
  "agency" : "Equinox Home Care",
  "therapies_speech_visits" : "$160.00",
  "therapies_occup_visits" : "$160.00",
  "town" : "Stratford"
}
, {
  "private_duty_lpn" : "$50.00",
  "therapies_phys_visits" : "$100.00",
  "private_duty_rn" : "$55.00",
  "skilled_nursing_visits" : "$100.00",
  "hha_hrs" : "$30.00",
  "agency" : "Pediatric Services of America",
  "therapies_speech_visits" : "$100.00",
  "therapies_occup_visits" : "$100.00",
  "town" : "Stratford"
}
, {
  "therapies_phys_visits" : "$145.00",
  "skilled_nursing_visits" : "$125.00",
  "hha_hrs" : "$45.00",
  "agency" : "Stratford VNA",
  "therapies_speech_visits" : "$145.00",
  "therapies_occup_visits" : "$145.00",
  "town" : "Stratford"
}
, {
  "personal_care_attendant" : "$22.50",
  "agency" : "Home Instead Senior Care",
  "town" : "Tolland"
}
, {
  "personal_care_attendant" : "$20.50",
  "agency" : "Visiting Angels",
  "town" : "Tolland"
}
, {
  "private_duty_lpn" : "$55.00",
  "therapies_phys_visits" : "$160.00",
  "private_duty_rn" : "$62.00",
  "skilled_nursing_visits" : "$145.00",
  "hha_hrs" : "$30.00",
  "agency" : "All About You Home Care Services",
  "therapies_speech_visits" : "$155.00",
  "therapies_occup_visits" : "$155.00",
  "town" : "Torrington"
}
, {
  "personal_care_attendant" : "$20.00",
  "agency" : "Charter Oak Home Care",
  "town" : "Torrington"
}
, {
  "private_duty_lpn" : "$55.00",
  "therapies_phys_visits" : "$180.00",
  "personal_care_attendant" : " ",
  "private_duty_rn" : "$60.00",
  "skilled_nursing_visits" : "$175.00",
  "hha_hrs" : "$50.00",
  "agency" : "Visiting Nurse Services of CT",
  "therapies_speech_visits" : "$180.00",
  "therapies_occup_visits" : "$180.00",
  "town" : "Torrington"
}
, {
  "therapies_phys_visits" : "$147.00",
  "skilled_nursing_visits" : "$137.00",
  "hha_hrs" : "$27.00",
  "agency" : "CT Home Health Care d.b.a. Willcare",
  "therapies_speech_visits" : "$147.00",
  "therapies_occup_visits" : "$147.00",
  "town" : "Trumbull"
}
, {
  "private_duty_lpn" : "$47.00",
  "personal_care_attendant" : "$21.50",
  "private_duty_rn" : "$52.00",
  "hha_hrs" : "$21.50",
  "agency" : "Connecticut In-Home Assistance",
  "town" : "Trumbull"
}
, {
  "personal_care_attendant" : "$16.25",
  "hha_hrs" : "$16.25",
  "agency" : "Loving Care, Inc.",
  "town" : "Trumbull"
}
, {
  "personal_care_attendant" : " ",
  "hha_hrs" : "$24.00",
  "agency" : "Partners-In-Care, Inc.",
  "town" : "Trumbull"
}
, {
  "private_duty_lpn" : "$55.00",
  "therapies_phys_visits" : "$180.00",
  "personal_care_attendant" : " ",
  "private_duty_rn" : "$60.00",
  "skilled_nursing_visits" : "$175.00",
  "hha_hrs" : "$50.00",
  "agency" : "Visiting Nurse Services of CT",
  "therapies_speech_visits" : "$180.00",
  "therapies_occup_visits" : "$180.00",
  "town" : "Trumbull"
}
, {
  "personal_care_attendant" : "$22.00",
  "hha_hrs" : "$22.00",
  "agency" : "A Caring Hand",
  "town" : "Vernon"
}
, {
  "personal_care_attendant" : "$20.00",
  "hha_hrs" : "$21.00",
  "agency" : "Always Best Care Senior Services",
  "town" : "Vernon"
}
, {
  "personal_care_attendant" : "$22.00",
  "hha_hrs" : "$22.00",
  "agency" : "Comfort Keepers",
  "town" : "Wallingford"
}
, {
  "private_duty_lpn" : "$46.00",
  "therapies_phys_visits" : "$156.00",
  "private_duty_rn" : "$52.00",
  "skilled_nursing_visits" : "$148.00",
  "hha_hrs" : "$42.00",
  "agency" : "Masonicare Home Health & Hospice",
  "therapies_speech_visits" : "$169.00",
  "therapies_occup_visits" : "$157.00",
  "town" : "Wallingford"
}
, {
  "therapies_phys_visits" : "$120.00",
  "personal_care_attendant" : "$140.00",
  "skilled_nursing_visits" : "$140.00",
  "hha_hrs" : "$35.00",
  "agency" : "The Connecticut Hospice",
  "therapies_speech_visits" : "$120.00",
  "therapies_occup_visits" : "$120.00",
  "town" : "Wallingford"
}
, {
  "therapies_phys_visits" : "$127.78",
  "skilled_nursing_visits" : "$118.68",
  "hha_hrs" : "$27.72",
  "agency" : "Family Care Visiting Nurse & Home Care",
  "therapies_speech_visits" : "$128.30",
  "therapies_occup_visits" : "$122.21",
  "town" : "Waterbury"
}
, {
  "personal_care_attendant" : "$25.00",
  "agency" : "Horizon Homemakers & Companions",
  "town" : "Waterbury"
}
, {
  "private_duty_lpn" : "$51.00",
  "therapies_phys_visits" : "$120.00",
  "private_duty_rn" : "$54.00",
  "skilled_nursing_visits" : "$105.00",
  "hha_hrs" : "$24.90",
  "agency" : "Interim Healthcare of North Haven, Inc.",
  "therapies_speech_visits" : "$150.00",
  "therapies_occup_visits" : "$150.00",
  "town" : "Waterbury"
}
, {
  "private_duty_lpn" : "$56.83",
  "therapies_phys_visits" : "$155.00",
  "personal_care_attendant" : "$22.50",
  "private_duty_rn" : "$65.55",
  "skilled_nursing_visits" : "$135.00",
  "hha_hrs" : "$31.25",
  "agency" : "New England Home Care",
  "therapies_speech_visits" : "$155.00",
  "therapies_occup_visits" : "$155.00",
  "town" : "Waterbury"
}
, {
  "personal_care_attendant" : "$18.00",
  "hha_hrs" : "$18.00",
  "agency" : "Prestige Companion & Homemakers",
  "town" : "Waterbury"
}
, {
  "personal_care_attendant" : "$22.00",
  "private_duty_rn" : "$60.00",
  "agency" : "VNA Health Care, Inc.",
  "town" : "Waterbury"
}
, {
  "personal_care_attendant" : "$26.00",
  "hha_hrs" : "$26.00",
  "agency" : "Almost Family",
  "town" : "Waterbury"
}
, {
  "therapies_phys_visits" : "$165.00",
  "skilled_nursing_visits" : "$130.00",
  "hha_hrs" : "$35.00",
  "agency" : "VNA of Southeastern CT",
  "therapies_speech_visits" : "$165.00",
  "therapies_occup_visits" : "$165.00",
  "town" : "Waterford"
}
, {
  "private_duty_lpn" : "$30.00",
  "personal_care_attendant" : "$25.00",
  "hha_hrs" : "$25.00",
  "agency" : "Seniors Helping Seniors",
  "town" : "Waterford"
}
, {
  "personal_care_attendant" : "$20.00",
  "agency" : "Help Unlimited, Inc.",
  "town" : "Watertown"
}
, {
  "therapies_phys_visits" : "$150.00",
  "personal_care_attendant" : "$35.00",
  "skilled_nursing_visits" : "$150.00",
  "hha_hrs" : "$76.00",
  "agency" : "VNA of So. Worcester County",
  "therapies_speech_visits" : "$150.00",
  "therapies_occup_visits" : "$150.00",
  "town" : "Webster, MA"
}
, {
  "therapies_phys_visits" : "$150.00",
  "personal_care_attendant" : "$39.50",
  "skilled_nursing_visits" : "$155.00",
  "hha_hrs" : "$39.50",
  "agency" : "Advanced Home Health Care Agency",
  "therapies_speech_visits" : "$150.00",
  "therapies_occup_visits" : "$150.00",
  "town" : "West Hartford"
}
, {
  "private_duty_lpn" : "$50.00",
  "therapies_phys_visits" : "$140.00",
  "personal_care_attendant" : "$20.00",
  "private_duty_rn" : "$60.00",
  "skilled_nursing_visits" : "$125.00",
  "hha_hrs" : "$35.00",
  "agency" : "American Home Health, Inc.",
  "therapies_speech_visits" : "$150.00",
  "therapies_occup_visits" : "$140.00",
  "town" : "West Hartford"
}
, {
  "personal_care_attendant" : "$22.00",
  "agency" : "Angel Touch Care",
  "town" : "West Hartford"
}
, {
  "personal_care_attendant" : "$19.00",
  "hha_hrs" : "$19.00",
  "agency" : "Care Given At Home",
  "town" : "West Hartford"
}
, {
  "personal_care_attendant" : "$23.25",
  "hha_hrs" : "$23.25",
  "agency" : "Companions for Living",
  "therapies_speech_visits" : " ",
  "town" : "West Hartford"
}
, {
  "personal_care_attendant" : "$24.00",
  "agency" : "Family Home Services",
  "town" : "West Hartford"
}
, {
  "personal_care_attendant" : "$19.50",
  "hha_hrs" : "$19.50",
  "agency" : "Griswold Home Care",
  "town" : "West Hartford"
}
, {
  "therapies_phys_visits" : "$166.00",
  "skilled_nursing_visits" : "$135.00",
  "hha_hrs" : "$55.00",
  "agency" : "Hebrew Health Care",
  "therapies_speech_visits" : "$170.00",
  "therapies_occup_visits" : "$165.00",
  "town" : "West Hartford"
}
, {
  "personal_care_attendant" : "$21.00",
  "hha_hrs" : "$21.00",
  "agency" : "Home Instead Senior Care",
  "town" : "West Hartford"
}
, {
  "personal_care_attendant" : "$20.00",
  "agency" : "JFS Care at Home",
  "town" : "West Hartford"
}
, {
  "private_duty_lpn" : "$75.00",
  "personal_care_attendant" : "$22.00",
  "private_duty_rn" : "$75.00",
  "agency" : "Juniper House Homecare",
  "town" : "West Hartford"
}
, {
  "personal_care_attendant" : "$26.00",
  "hha_hrs" : "$26.00",
  "agency" : "Almost Family",
  "town" : "Wethersfield"
}
, {
  "therapies_phys_visits" : "$125.00",
  "skilled_nursing_visits" : "$125.00",
  "hha_hrs" : "$28.50",
  "agency" : "Medical Management Plus",
  "therapies_speech_visits" : "$125.00",
  "therapies_occup_visits" : "$125.00",
  "town" : "Wethersfield"
}
, {
  "personal_care_attendant" : "$22.00",
  "private_duty_rn" : "$60.00",
  "agency" : "VNA Health Care, Inc.",
  "town" : "Wethersfield"
}
, {
  "personal_care_attendant" : "$20.00",
  "agency" : "Community Companion/Homemaking Svc.",
  "town" : "Willimantic"
}
, {
  "personal_care_attendant" : "$20.50",
  "hha_hrs" : "$20.50",
  "agency" : "Homewatch CareGivers",
  "town" : "Windsor  "
}
, {
  "private_duty_lpn" : "$56.83",
  "therapies_phys_visits" : "$155.00",
  "personal_care_attendant" : "$22.50",
  "private_duty_rn" : "$65.55",
  "skilled_nursing_visits" : "$135.00",
  "hha_hrs" : "$31.25",
  "agency" : "New England Home Care",
  "therapies_speech_visits" : "$155.00",
  "therapies_occup_visits" : "$155.00",
  "town" : "Windsor  "
}
, {
  "hha_hrs" : "$25.00",
  "agency" : "BrightStar Care of Hartford",
  "town" : "Windsor Locks"
}
, {
  "therapies_phys_visits" : "$120.00",
  "skilled_nursing_visits" : "$120.00",
  "hha_hrs" : "$35.00",
  "agency" : "Foothills VN & Home Care",
  "therapies_speech_visits" : "$130.00",
  "therapies_occup_visits" : "$120.00",
  "town" : "Winsted"
}
, {
  "private_duty_lpn" : "$13.00",
  "personal_care_attendant" : "$13.00",
  "private_duty_rn" : "$13.00",
  "hha_hrs" : "$13.00",
  "agency" : "Winsted Nursing Care Service",
  "town" : "Winsted"
}
, {
  "personal_care_attendant" : "$18.00",
  "hha_hrs" : "$18.00",
  "agency" : "Konedu Home Care",
  "town" : "Woodbridge"
}
, {
  "private_duty_lpn" : "$49.49",
  "therapies_phys_visits" : "$142.13",
  "personal_care_attendant" : "$25.91",
  "private_duty_rn" : "$60.02",
  "skilled_nursing_visits" : "$136.81",
  "hha_hrs" : "$29.50",
  "none" : "$0.00",
  "agency" : "Average for 2014",
  "therapies_speech_visits" : "$144.97",
  "therapies_occup_visits" : "$142.48"
}
, {
  "private_duty_lpn" : "$49.49",
  "therapies_phys_visits" : "$142.13",
  "personal_care_attendant" : "$25.91",
  "private_duty_rn" : "$60.02",
  "skilled_nursing_visits" : "$136.81",
  "hha_hrs" : "$29.50",
  "agency" : "Average for 2014",
  "therapies_speech_visits" : "$144.97",
  "therapies_occup_visits" : "$142.48"
}
, {
  "private_duty_lpn" : "$53.07",
  "therapies_phys_visits" : "$135.39",
  "private_duty_rn" : "$63.27",
  "skilled_nursing_visits" : "$138.92",
  "hha_hrs" : "$31.69",
  "agency" : "Average for 2013",
  "therapies_speech_visits" : "$138.21",
  "therapies_occup_visits" : "$137.47"
}
, {
  "private_duty_lpn" : "$53.97",
  "therapies_phys_visits" : "$134.43",
  "private_duty_rn" : "$62.51",
  "skilled_nursing_visits" : "$135.72",
  "hha_hrs" : "$31.72",
  "agency" : "Average for 2012",
  "therapies_speech_visits" : "$138.14",
  "therapies_occup_visits" : "$134.58"
}
, {
  "private_duty_lpn" : "$46.92",
  "therapies_phys_visits" : "$129.75",
  "private_duty_rn" : "$55.61",
  "skilled_nursing_visits" : "$134.70",
  "hha_hrs" : "$32.47",
  "agency" : "Average for 2011",
  "therapies_speech_visits" : "$131.94",
  "therapies_occup_visits" : "$129.63"
}
, {
  "private_duty_lpn" : "$49.13",
  "therapies_phys_visits" : "$128.91",
  "personal_care_attendant" : "$154.85",
  "private_duty_rn" : "$57.87",
  "skilled_nursing_visits" : "$132.72",
  "hha_hrs" : "$34.03",
  "agency" : "Average for 2010",
  "therapies_speech_visits" : "$128.83",
  "therapies_occup_visits" : "$129.19"
}
, {
  "private_duty_lpn" : "$49.72",
  "therapies_phys_visits" : "$128.40",
  "personal_care_attendant" : "$154.73",
  "private_duty_rn" : "$56.07",
  "skilled_nursing_visits" : "$131.07",
  "hha_hrs" : "$32.46",
  "agency" : "Average for 2009",
  "therapies_speech_visits" : "$127.81",
  "therapies_occup_visits" : "$128.07"
}
, {
  "private_duty_lpn" : "$45.93",
  "therapies_phys_visits" : "$122.77",
  "personal_care_attendant" : "$150.57",
  "private_duty_rn" : "$54.00",
  "skilled_nursing_visits" : "$125.05",
  "hha_hrs" : "$31.00",
  "agency" : "Average for 2008",
  "therapies_speech_visits" : "$122.63",
  "therapies_occup_visits" : "$122.38"
}
, {
  "private_duty_lpn" : "$48.24",
  "therapies_phys_visits" : "$119.59",
  "personal_care_attendant" : "$147.66",
  "private_duty_rn" : "$54.49",
  "skilled_nursing_visits" : "$121.47",
  "hha_hrs" : "$31.35",
  "agency" : "Average for 2007",
  "therapies_speech_visits" : "$123.35",
  "therapies_occup_visits" : "$121.98"
}
, {
  "private_duty_lpn" : "$46.21",
  "therapies_phys_visits" : "$115.70",
  "personal_care_attendant" : "$142.36",
  "private_duty_rn" : "$54.38",
  "skilled_nursing_visits" : "$117.80",
  "hha_hrs" : "$30.02",
  "agency" : "Average for 2006",
  "therapies_speech_visits" : "$117.66",
  "therapies_occup_visits" : "$115.37"
}
, {
  "private_duty_lpn" : "$45.69",
  "therapies_phys_visits" : "$114.28",
  "personal_care_attendant" : "$137.50",
  "private_duty_rn" : "$51.94",
  "skilled_nursing_visits" : "$114.37",
  "hha_hrs" : "$29.80",
  "agency" : "Average for 2005",
  "therapies_speech_visits" : "$116.49",
  "therapies_occup_visits" : "$115.22"
}
, {
  "private_duty_lpn" : "$42.78",
  "therapies_phys_visits" : "$108.68",
  "personal_care_attendant" : "$133.79",
  "private_duty_rn" : "$49.47",
  "skilled_nursing_visits" : "$109.28",
  "hha_hrs" : "$28.35",
  "agency" : "Average for 2004",
  "therapies_speech_visits" : "$110.98",
  "therapies_occup_visits" : "$109.73"
}
, {
  "private_duty_lpn" : "$42.21",
  "therapies_phys_visits" : "$109.09",
  "personal_care_attendant" : "$132.53",
  "private_duty_rn" : "$48.34",
  "skilled_nursing_visits" : "$110.33",
  "hha_hrs" : "$29.83",
  "agency" : "Average for 2003",
  "therapies_speech_visits" : "$111.98",
  "therapies_occup_visits" : "$109.43"
}
, {
  "private_duty_lpn" : "$43.18",
  "therapies_phys_visits" : "$108.54",
  "personal_care_attendant" : "$134.55",
  "private_duty_rn" : "$48.77",
  "skilled_nursing_visits" : "$109.17",
  "hha_hrs" : "$29.52",
  "agency" : "Average for 2002",
  "therapies_speech_visits" : "$110.55",
  "therapies_occup_visits" : "$109.08"
}
, {
  "private_duty_lpn" : "$42.35",
  "therapies_phys_visits" : "$106.49",
  "personal_care_attendant" : "$131.99",
  "private_duty_rn" : "$47.98",
  "skilled_nursing_visits" : "$107.70",
  "hha_hrs" : "$28.38",
  "agency" : "Average for 2001",
  "therapies_speech_visits" : "$109.78",
  "therapies_occup_visits" : "$106.44"
}
, {
  "private_duty_lpn" : "-6.8%",
  "therapies_phys_visits" : "5.0%",
  "private_duty_rn" : "-5.1%",
  "skilled_nursing_visits" : "-1.5%",
  "hha_hrs" : "-6.9%",
  "agency" : "Change from 2013 to 2014",
  "therapies_speech_visits" : "4.9%",
  "therapies_occup_visits" : "3.6%"
}
, {
  "private_duty_lpn" : "-1.7%",
  "therapies_phys_visits" : "0.7%",
  "private_duty_rn" : "1.2%",
  "skilled_nursing_visits" : "2.4%",
  "hha_hrs" : "-0.1%",
  "agency" : "Change from 2012 to 2013",
  "therapies_speech_visits" : "0.1%",
  "therapies_occup_visits" : "2.1%"
}
, {
  "private_duty_lpn" : "15.0%",
  "therapies_phys_visits" : "3.6%",
  "personal_care_attendant" : " ",
  "private_duty_rn" : "12.4%",
  "skilled_nursing_visits" : "0.8%",
  "hha_hrs" : "-2.3%",
  "agency" : "Change from 2011 to 2012",
  "therapies_speech_visits" : "4.7%",
  "therapies_occup_visits" : "3.8%"
}
, {
  "private_duty_lpn" : "-4.5%",
  "therapies_phys_visits" : "0.7%",
  "private_duty_rn" : "-3.9%",
  "skilled_nursing_visits" : "1.5%",
  "hha_hrs" : "-4.6%",
  "agency" : "Change from 2010 to 2011",
  "therapies_speech_visits" : "2.4%",
  "therapies_occup_visits" : "0.3%"
}
, {
  "private_duty_lpn" : "-1.2%",
  "therapies_phys_visits" : "0.4%",
  "personal_care_attendant" : "0.1%",
  "private_duty_rn" : "3.2%",
  "skilled_nursing_visits" : "1.3%",
  "hha_hrs" : "4.8%",
  "agency" : "Change from 2009 to 2010",
  "therapies_speech_visits" : "0.8%",
  "therapies_occup_visits" : "0.9%"
}
, {
  "private_duty_lpn" : "8.3%",
  "therapies_phys_visits" : "4.6%",
  "personal_care_attendant" : "2.8%",
  "private_duty_rn" : "3.8%",
  "skilled_nursing_visits" : "4.8%",
  "hha_hrs" : "4.7%",
  "agency" : "Change from 2008 to 2009",
  "therapies_speech_visits" : "4.2%",
  "therapies_occup_visits" : "4.6%"
}
, {
  "private_duty_lpn" : "-4.8%",
  "therapies_phys_visits" : "2.7%",
  "personal_care_attendant" : "2.0%",
  "private_duty_rn" : "-0.9%",
  "skilled_nursing_visits" : "2.9%",
  "hha_hrs" : "-1.1%",
  "agency" : "Change from 2007 to 2008",
  "therapies_speech_visits" : "-0.6%",
  "therapies_occup_visits" : "0.3%"
}
, {
  "private_duty_lpn" : "4.4%",
  "therapies_phys_visits" : "3.4%",
  "personal_care_attendant" : "3.7%",
  "private_duty_rn" : "0.2%",
  "skilled_nursing_visits" : "3.1%",
  "hha_hrs" : "4.4%",
  "agency" : "Change from 2006 to 2007",
  "therapies_speech_visits" : "4.8%",
  "therapies_occup_visits" : "5.7%"
}
, {
  "private_duty_lpn" : "1.1%",
  "therapies_phys_visits" : "1.2%",
  "personal_care_attendant" : "3.5%",
  "private_duty_rn" : "4.7%",
  "skilled_nursing_visits" : "3.0%",
  "hha_hrs" : "0.7%",
  "agency" : "Change from 2005 to 2006",
  "therapies_speech_visits" : "1.0%",
  "therapies_occup_visits" : "0.1%"
}
, {
  "private_duty_lpn" : "6.8%",
  "therapies_phys_visits" : "5.2%",
  "personal_care_attendant" : "2.8%",
  "private_duty_rn" : "5.0%",
  "skilled_nursing_visits" : "4.7%",
  "hha_hrs" : "5.1%",
  "agency" : "Change from 2004 to 2005",
  "therapies_speech_visits" : "5.0%",
  "therapies_occup_visits" : "5.0%"
}
, {
  "private_duty_lpn" : "1.4%",
  "therapies_phys_visits" : "-0.4%",
  "personal_care_attendant" : "1.0%",
  "private_duty_rn" : "2.3%",
  "skilled_nursing_visits" : "-1.0%",
  "hha_hrs" : "-5.0%",
  "agency" : "Change from 2003 to 2004",
  "therapies_speech_visits" : "-0.9%",
  "therapies_occup_visits" : "0.3%"
}
, {
  "private_duty_lpn" : "-2.2%",
  "therapies_phys_visits" : "0.5%",
  "personal_care_attendant" : "-1.5%",
  "private_duty_rn" : "-0.9%",
  "skilled_nursing_visits" : "1.1%",
  "hha_hrs" : "1.1%",
  "agency" : "Change from 2002 to 2003",
  "therapies_speech_visits" : "1.3%",
  "therapies_occup_visits" : "0.3%"
}
, {
  "private_duty_lpn" : "2.0%",
  "therapies_phys_visits" : "1.9%",
  "personal_care_attendant" : "1.9%",
  "private_duty_rn" : "1.6%",
  "skilled_nursing_visits" : "1.4%",
  "hha_hrs" : "4.0%",
  "agency" : "Change from 2001 to 2002",
  "therapies_speech_visits" : "0.7%",
  "therapies_occup_visits" : "2.5%"
}
 ]