[ {
  "number_of_applications_recieved" : "9",
  "percent_permits_issued_same_day" : "44",
  "date_application_recieved" : "2014-08-01T00:00:00",
  "permits_issued_same_day" : "4"
}
, {
  "number_of_applications_recieved" : "30",
  "percent_permits_issued_same_day" : "63",
  "date_application_recieved" : "2014-09-03T00:00:00",
  "permits_issued_same_day" : "19"
}
, {
  "number_of_applications_recieved" : "31",
  "percent_permits_issued_same_day" : "55",
  "date_application_recieved" : "2014-11-12T00:00:00",
  "permits_issued_same_day" : "17"
}
, {
  "number_of_applications_recieved" : "23",
  "percent_permits_issued_same_day" : "48",
  "date_application_recieved" : "2014-11-06T00:00:00",
  "permits_issued_same_day" : "11"
}
, {
  "number_of_applications_recieved" : "13",
  "percent_permits_issued_same_day" : "23",
  "date_application_recieved" : "2015-01-22T00:00:00",
  "permits_issued_same_day" : "3"
}
, {
  "number_of_applications_recieved" : "13",
  "percent_permits_issued_same_day" : "69",
  "date_application_recieved" : "2014-07-08T00:00:00",
  "permits_issued_same_day" : "9"
}
, {
  "number_of_applications_recieved" : "20",
  "percent_permits_issued_same_day" : "75",
  "date_application_recieved" : "2015-04-16T00:00:00",
  "permits_issued_same_day" : "15"
}
, {
  "number_of_applications_recieved" : "22",
  "percent_permits_issued_same_day" : "5",
  "date_application_recieved" : "2015-03-27T00:00:00",
  "permits_issued_same_day" : "1"
}
, {
  "number_of_applications_recieved" : "24",
  "percent_permits_issued_same_day" : "54",
  "date_application_recieved" : "2014-08-26T00:00:00",
  "permits_issued_same_day" : "13"
}
, {
  "number_of_applications_recieved" : "13",
  "percent_permits_issued_same_day" : "62",
  "date_application_recieved" : "2015-01-16T00:00:00",
  "permits_issued_same_day" : "8"
}
, {
  "number_of_applications_recieved" : "12",
  "percent_permits_issued_same_day" : "42",
  "date_application_recieved" : "2014-09-15T00:00:00",
  "permits_issued_same_day" : "5"
}
, {
  "number_of_applications_recieved" : "23",
  "percent_permits_issued_same_day" : "9",
  "date_application_recieved" : "2014-09-04T00:00:00",
  "permits_issued_same_day" : "2"
}
, {
  "number_of_applications_recieved" : "12",
  "percent_permits_issued_same_day" : "58",
  "date_application_recieved" : "2014-10-17T00:00:00",
  "permits_issued_same_day" : "7"
}
, {
  "number_of_applications_recieved" : "23",
  "percent_permits_issued_same_day" : "52",
  "date_application_recieved" : "2014-08-15T00:00:00",
  "permits_issued_same_day" : "12"
}
, {
  "number_of_applications_recieved" : "36",
  "percent_permits_issued_same_day" : "3",
  "date_application_recieved" : "2015-04-30T00:00:00",
  "permits_issued_same_day" : "1"
}
, {
  "number_of_applications_recieved" : "19",
  "percent_permits_issued_same_day" : "68",
  "date_application_recieved" : "2014-11-24T00:00:00",
  "permits_issued_same_day" : "13"
}
, {
  "number_of_applications_recieved" : "10",
  "percent_permits_issued_same_day" : "80",
  "date_application_recieved" : "2014-12-05T00:00:00",
  "permits_issued_same_day" : "8"
}
, {
  "number_of_applications_recieved" : "11",
  "percent_permits_issued_same_day" : "73",
  "date_application_recieved" : "2015-01-05T00:00:00",
  "permits_issued_same_day" : "8"
}
, {
  "number_of_applications_recieved" : "15",
  "percent_permits_issued_same_day" : "87",
  "date_application_recieved" : "2014-12-29T00:00:00",
  "permits_issued_same_day" : "13"
}
, {
  "number_of_applications_recieved" : "26",
  "percent_permits_issued_same_day" : "62",
  "date_application_recieved" : "2015-05-01T00:00:00",
  "permits_issued_same_day" : "16"
}
, {
  "number_of_applications_recieved" : "23",
  "percent_permits_issued_same_day" : "61",
  "date_application_recieved" : "2015-03-31T00:00:00",
  "permits_issued_same_day" : "14"
}
, {
  "number_of_applications_recieved" : "11",
  "percent_permits_issued_same_day" : "73",
  "date_application_recieved" : "2015-03-02T00:00:00",
  "permits_issued_same_day" : "8"
}
, {
  "number_of_applications_recieved" : "11",
  "percent_permits_issued_same_day" : "73",
  "date_application_recieved" : "2015-03-12T00:00:00",
  "permits_issued_same_day" : "8"
}
, {
  "number_of_applications_recieved" : "22",
  "percent_permits_issued_same_day" : "36",
  "date_application_recieved" : "2014-07-11T00:00:00",
  "permits_issued_same_day" : "8"
}
, {
  "number_of_applications_recieved" : "18",
  "percent_permits_issued_same_day" : "22",
  "date_application_recieved" : "2015-02-04T00:00:00",
  "permits_issued_same_day" : "4"
}
, {
  "number_of_applications_recieved" : "17",
  "percent_permits_issued_same_day" : "76",
  "date_application_recieved" : "2014-07-23T00:00:00",
  "permits_issued_same_day" : "13"
}
, {
  "number_of_applications_recieved" : "40",
  "percent_permits_issued_same_day" : "50",
  "date_application_recieved" : "2015-05-26T00:00:00",
  "permits_issued_same_day" : "20"
}
, {
  "number_of_applications_recieved" : "11",
  "percent_permits_issued_same_day" : "55",
  "date_application_recieved" : "2014-12-23T00:00:00",
  "permits_issued_same_day" : "6"
}
, {
  "number_of_applications_recieved" : "17",
  "percent_permits_issued_same_day" : "12",
  "date_application_recieved" : "2015-05-07T00:00:00",
  "permits_issued_same_day" : "2"
}
, {
  "number_of_applications_recieved" : "16",
  "percent_permits_issued_same_day" : "75",
  "date_application_recieved" : "2014-10-30T00:00:00",
  "permits_issued_same_day" : "12"
}
, {
  "number_of_applications_recieved" : "16",
  "percent_permits_issued_same_day" : "62",
  "date_application_recieved" : "2014-10-09T00:00:00",
  "permits_issued_same_day" : "10"
}
, {
  "number_of_applications_recieved" : "11",
  "percent_permits_issued_same_day" : "45",
  "date_application_recieved" : "2014-10-02T00:00:00",
  "permits_issued_same_day" : "5"
}
, {
  "number_of_applications_recieved" : "20",
  "percent_permits_issued_same_day" : "45",
  "date_application_recieved" : "2014-10-10T00:00:00",
  "permits_issued_same_day" : "9"
}
, {
  "number_of_applications_recieved" : "14",
  "percent_permits_issued_same_day" : "50",
  "date_application_recieved" : "2014-08-06T00:00:00",
  "permits_issued_same_day" : "7"
}
, {
  "number_of_applications_recieved" : "16",
  "percent_permits_issued_same_day" : "50",
  "date_application_recieved" : "2015-02-25T00:00:00",
  "permits_issued_same_day" : "8"
}
, {
  "number_of_applications_recieved" : "15",
  "percent_permits_issued_same_day" : "47",
  "date_application_recieved" : "2014-11-19T00:00:00",
  "permits_issued_same_day" : "7"
}
, {
  "number_of_applications_recieved" : "29",
  "percent_permits_issued_same_day" : "45",
  "date_application_recieved" : "2014-08-25T00:00:00",
  "permits_issued_same_day" : "13"
}
, {
  "number_of_applications_recieved" : "9",
  "percent_permits_issued_same_day" : "56",
  "date_application_recieved" : "2015-03-24T00:00:00",
  "permits_issued_same_day" : "5"
}
, {
  "number_of_applications_recieved" : "30",
  "percent_permits_issued_same_day" : "87",
  "date_application_recieved" : "2014-08-19T00:00:00",
  "permits_issued_same_day" : "26"
}
, {
  "number_of_applications_recieved" : "13",
  "percent_permits_issued_same_day" : "69",
  "date_application_recieved" : "2015-01-15T00:00:00",
  "permits_issued_same_day" : "9"
}
, {
  "number_of_applications_recieved" : "17",
  "percent_permits_issued_same_day" : "18",
  "date_application_recieved" : "2014-10-16T00:00:00",
  "permits_issued_same_day" : "3"
}
, {
  "number_of_applications_recieved" : "11",
  "percent_permits_issued_same_day" : "73",
  "date_application_recieved" : "2015-05-21T00:00:00",
  "permits_issued_same_day" : "8"
}
, {
  "number_of_applications_recieved" : "25",
  "percent_permits_issued_same_day" : "52",
  "date_application_recieved" : "2015-05-13T00:00:00",
  "permits_issued_same_day" : "13"
}
, {
  "number_of_applications_recieved" : "14",
  "percent_permits_issued_same_day" : "86",
  "date_application_recieved" : "2014-07-22T00:00:00",
  "permits_issued_same_day" : "12"
}
, {
  "number_of_applications_recieved" : "19",
  "percent_permits_issued_same_day" : "68",
  "date_application_recieved" : "2014-08-18T00:00:00",
  "permits_issued_same_day" : "13"
}
, {
  "number_of_applications_recieved" : "22",
  "percent_permits_issued_same_day" : "77",
  "date_application_recieved" : "2015-05-18T00:00:00",
  "permits_issued_same_day" : "17"
}
, {
  "number_of_applications_recieved" : "18",
  "percent_permits_issued_same_day" : "56",
  "date_application_recieved" : "2014-07-15T00:00:00",
  "permits_issued_same_day" : "10"
}
, {
  "number_of_applications_recieved" : "25",
  "percent_permits_issued_same_day" : "12",
  "date_application_recieved" : "2015-02-17T00:00:00",
  "permits_issued_same_day" : "3"
}
, {
  "number_of_applications_recieved" : "18",
  "percent_permits_issued_same_day" : "44",
  "date_application_recieved" : "2015-03-19T00:00:00",
  "permits_issued_same_day" : "8"
}
, {
  "number_of_applications_recieved" : "24",
  "percent_permits_issued_same_day" : "50",
  "date_application_recieved" : "2014-08-05T00:00:00",
  "permits_issued_same_day" : "12"
}
, {
  "number_of_applications_recieved" : "24",
  "percent_permits_issued_same_day" : "42",
  "date_application_recieved" : "2014-09-23T00:00:00",
  "permits_issued_same_day" : "10"
}
, {
  "number_of_applications_recieved" : "12",
  "percent_permits_issued_same_day" : "50",
  "date_application_recieved" : "2015-02-11T00:00:00",
  "permits_issued_same_day" : "6"
}
, {
  "number_of_applications_recieved" : "28",
  "percent_permits_issued_same_day" : "68",
  "date_application_recieved" : "2015-04-24T00:00:00",
  "permits_issued_same_day" : "19"
}
, {
  "number_of_applications_recieved" : "12",
  "percent_permits_issued_same_day" : "58",
  "date_application_recieved" : "2015-03-25T00:00:00",
  "permits_issued_same_day" : "7"
}
, {
  "number_of_applications_recieved" : "22",
  "percent_permits_issued_same_day" : "59",
  "date_application_recieved" : "2014-08-21T00:00:00",
  "permits_issued_same_day" : "13"
}
, {
  "number_of_applications_recieved" : "19",
  "percent_permits_issued_same_day" : "74",
  "date_application_recieved" : "2014-11-25T00:00:00",
  "permits_issued_same_day" : "14"
}
, {
  "number_of_applications_recieved" : "17",
  "percent_permits_issued_same_day" : "59",
  "date_application_recieved" : "2014-09-02T00:00:00",
  "permits_issued_same_day" : "10"
}
, {
  "number_of_applications_recieved" : "28",
  "percent_permits_issued_same_day" : "57",
  "date_application_recieved" : "2014-10-24T00:00:00",
  "permits_issued_same_day" : "16"
}
, {
  "number_of_applications_recieved" : "26",
  "percent_permits_issued_same_day" : "73",
  "date_application_recieved" : "2015-04-13T00:00:00",
  "permits_issued_same_day" : "19"
}
, {
  "number_of_applications_recieved" : "16",
  "percent_permits_issued_same_day" : "44",
  "date_application_recieved" : "2014-12-18T00:00:00",
  "permits_issued_same_day" : "7"
}
, {
  "number_of_applications_recieved" : "29",
  "percent_permits_issued_same_day" : "55",
  "date_application_recieved" : "2015-05-20T00:00:00",
  "permits_issued_same_day" : "16"
}
, {
  "number_of_applications_recieved" : "21",
  "percent_permits_issued_same_day" : "48",
  "date_application_recieved" : "2015-03-20T00:00:00",
  "permits_issued_same_day" : "10"
}
, {
  "number_of_applications_recieved" : "31",
  "percent_permits_issued_same_day" : "68",
  "date_application_recieved" : "2014-10-07T00:00:00",
  "permits_issued_same_day" : "21"
}
, {
  "number_of_applications_recieved" : "19",
  "percent_permits_issued_same_day" : "32",
  "date_application_recieved" : "2014-11-07T00:00:00",
  "permits_issued_same_day" : "6"
}
, {
  "number_of_applications_recieved" : "25",
  "percent_permits_issued_same_day" : "72",
  "date_application_recieved" : "2014-11-05T00:00:00",
  "permits_issued_same_day" : "18"
}
, {
  "number_of_applications_recieved" : "5",
  "percent_permits_issued_same_day" : "60",
  "date_application_recieved" : "2014-11-26T00:00:00",
  "permits_issued_same_day" : "3"
}
, {
  "number_of_applications_recieved" : "22",
  "percent_permits_issued_same_day" : "82",
  "date_application_recieved" : "2014-09-29T00:00:00",
  "permits_issued_same_day" : "18"
}
, {
  "number_of_applications_recieved" : "19",
  "percent_permits_issued_same_day" : "53",
  "date_application_recieved" : "2014-08-11T00:00:00",
  "permits_issued_same_day" : "10"
}
, {
  "number_of_applications_recieved" : "18",
  "percent_permits_issued_same_day" : "89",
  "date_application_recieved" : "2015-03-04T00:00:00",
  "permits_issued_same_day" : "16"
}
, {
  "number_of_applications_recieved" : "21",
  "percent_permits_issued_same_day" : "43",
  "date_application_recieved" : "2014-10-08T00:00:00",
  "permits_issued_same_day" : "9"
}
, {
  "number_of_applications_recieved" : "25",
  "percent_permits_issued_same_day" : "68",
  "date_application_recieved" : "2014-08-22T00:00:00",
  "permits_issued_same_day" : "17"
}
, {
  "number_of_applications_recieved" : "12",
  "percent_permits_issued_same_day" : "58",
  "date_application_recieved" : "2015-02-06T00:00:00",
  "permits_issued_same_day" : "7"
}
, {
  "number_of_applications_recieved" : "23",
  "percent_permits_issued_same_day" : "39",
  "date_application_recieved" : "2014-08-14T00:00:00",
  "permits_issued_same_day" : "9"
}
, {
  "number_of_applications_recieved" : "10",
  "percent_permits_issued_same_day" : "70",
  "date_application_recieved" : "2014-12-12T00:00:00",
  "permits_issued_same_day" : "7"
}
, {
  "number_of_applications_recieved" : "13",
  "percent_permits_issued_same_day" : "92",
  "date_application_recieved" : "2014-12-11T00:00:00",
  "permits_issued_same_day" : "12"
}
, {
  "number_of_applications_recieved" : "22",
  "percent_permits_issued_same_day" : "77",
  "date_application_recieved" : "2015-04-23T00:00:00",
  "permits_issued_same_day" : "17"
}
, {
  "number_of_applications_recieved" : "19",
  "percent_permits_issued_same_day" : "58",
  "date_application_recieved" : "2014-12-30T00:00:00",
  "permits_issued_same_day" : "11"
}
, {
  "number_of_applications_recieved" : "24",
  "percent_permits_issued_same_day" : "67",
  "date_application_recieved" : "2015-04-09T00:00:00",
  "permits_issued_same_day" : "16"
}
, {
  "number_of_applications_recieved" : "23",
  "percent_permits_issued_same_day" : "87",
  "date_application_recieved" : "2014-10-03T00:00:00",
  "permits_issued_same_day" : "20"
}
, {
  "number_of_applications_recieved" : "29",
  "percent_permits_issued_same_day" : "83",
  "date_application_recieved" : "2014-12-04T00:00:00",
  "permits_issued_same_day" : "24"
}
, {
  "number_of_applications_recieved" : "14",
  "percent_permits_issued_same_day" : "86",
  "date_application_recieved" : "2014-08-20T00:00:00",
  "permits_issued_same_day" : "12"
}
, {
  "number_of_applications_recieved" : "17",
  "percent_permits_issued_same_day" : "59",
  "date_application_recieved" : "2014-07-07T00:00:00",
  "permits_issued_same_day" : "10"
}
, {
  "number_of_applications_recieved" : "15",
  "percent_permits_issued_same_day" : "67",
  "date_application_recieved" : "2015-01-28T00:00:00",
  "permits_issued_same_day" : "10"
}
, {
  "number_of_applications_recieved" : "17",
  "percent_permits_issued_same_day" : "59",
  "date_application_recieved" : "2014-10-15T00:00:00",
  "permits_issued_same_day" : "10"
}
, {
  "number_of_applications_recieved" : "22",
  "percent_permits_issued_same_day" : "82",
  "date_application_recieved" : "2015-04-22T00:00:00",
  "permits_issued_same_day" : "18"
}
, {
  "number_of_applications_recieved" : "20",
  "percent_permits_issued_same_day" : "75",
  "date_application_recieved" : "2015-03-16T00:00:00",
  "permits_issued_same_day" : "15"
}
, {
  "number_of_applications_recieved" : "14",
  "percent_permits_issued_same_day" : "57",
  "date_application_recieved" : "2015-03-10T00:00:00",
  "permits_issued_same_day" : "8"
}
, {
  "number_of_applications_recieved" : "5",
  "percent_permits_issued_same_day" : "60",
  "date_application_recieved" : "2015-01-08T00:00:00",
  "permits_issued_same_day" : "3"
}
, {
  "number_of_applications_recieved" : "30",
  "percent_permits_issued_same_day" : "57",
  "date_application_recieved" : "2015-05-05T00:00:00",
  "permits_issued_same_day" : "17"
}
, {
  "number_of_applications_recieved" : "20",
  "percent_permits_issued_same_day" : "65",
  "date_application_recieved" : "2015-04-01T00:00:00",
  "permits_issued_same_day" : "13"
}
, {
  "number_of_applications_recieved" : "23",
  "percent_permits_issued_same_day" : "83",
  "date_application_recieved" : "2014-12-02T00:00:00",
  "permits_issued_same_day" : "19"
}
, {
  "number_of_applications_recieved" : "21",
  "percent_permits_issued_same_day" : "0",
  "date_application_recieved" : "2015-04-02T00:00:00",
  "permits_issued_same_day" : "0"
}
, {
  "number_of_applications_recieved" : "11",
  "percent_permits_issued_same_day" : "45",
  "date_application_recieved" : "2015-05-22T00:00:00",
  "permits_issued_same_day" : "5"
}
, {
  "number_of_applications_recieved" : "24",
  "percent_permits_issued_same_day" : "42",
  "date_application_recieved" : "2015-04-17T00:00:00",
  "permits_issued_same_day" : "10"
}
, {
  "number_of_applications_recieved" : "26",
  "percent_permits_issued_same_day" : "46",
  "date_application_recieved" : "2014-12-01T00:00:00",
  "permits_issued_same_day" : "12"
}
, {
  "number_of_applications_recieved" : "18",
  "percent_permits_issued_same_day" : "50",
  "date_application_recieved" : "2014-07-25T00:00:00",
  "permits_issued_same_day" : "9"
}
, {
  "number_of_applications_recieved" : "18",
  "percent_permits_issued_same_day" : "78",
  "date_application_recieved" : "2014-08-13T00:00:00",
  "permits_issued_same_day" : "14"
}
, {
  "number_of_applications_recieved" : "15",
  "percent_permits_issued_same_day" : "80",
  "date_application_recieved" : "2014-12-09T00:00:00",
  "permits_issued_same_day" : "12"
}
, {
  "number_of_applications_recieved" : "20",
  "percent_permits_issued_same_day" : "50",
  "date_application_recieved" : "2014-07-21T00:00:00",
  "permits_issued_same_day" : "10"
}
, {
  "number_of_applications_recieved" : "14",
  "percent_permits_issued_same_day" : "79",
  "date_application_recieved" : "2014-09-26T00:00:00",
  "permits_issued_same_day" : "11"
}
, {
  "number_of_applications_recieved" : "19",
  "percent_permits_issued_same_day" : "42",
  "date_application_recieved" : "2015-01-20T00:00:00",
  "permits_issued_same_day" : "8"
}
, {
  "number_of_applications_recieved" : "14",
  "percent_permits_issued_same_day" : "71",
  "date_application_recieved" : "2015-03-30T00:00:00",
  "permits_issued_same_day" : "10"
}
, {
  "number_of_applications_recieved" : "3",
  "percent_permits_issued_same_day" : "100",
  "date_application_recieved" : "2015-04-20T00:00:00",
  "permits_issued_same_day" : "3"
}
, {
  "number_of_applications_recieved" : "14",
  "percent_permits_issued_same_day" : "64",
  "date_application_recieved" : "2014-12-15T00:00:00",
  "permits_issued_same_day" : "9"
}
, {
  "number_of_applications_recieved" : "8",
  "percent_permits_issued_same_day" : "50",
  "date_application_recieved" : "2015-02-26T00:00:00",
  "permits_issued_same_day" : "4"
}
, {
  "number_of_applications_recieved" : "22",
  "percent_permits_issued_same_day" : "64",
  "date_application_recieved" : "2014-10-28T00:00:00",
  "permits_issued_same_day" : "14"
}
, {
  "number_of_applications_recieved" : "18",
  "percent_permits_issued_same_day" : "61",
  "date_application_recieved" : "2015-01-21T00:00:00",
  "permits_issued_same_day" : "11"
}
, {
  "number_of_applications_recieved" : "24",
  "percent_permits_issued_same_day" : "71",
  "date_application_recieved" : "2014-11-04T00:00:00",
  "permits_issued_same_day" : "17"
}
, {
  "number_of_applications_recieved" : "21",
  "percent_permits_issued_same_day" : "76",
  "date_application_recieved" : "2015-02-20T00:00:00",
  "permits_issued_same_day" : "16"
}
, {
  "number_of_applications_recieved" : "19",
  "percent_permits_issued_same_day" : "53",
  "date_application_recieved" : "2015-04-14T00:00:00",
  "permits_issued_same_day" : "10"
}
, {
  "number_of_applications_recieved" : "10",
  "percent_permits_issued_same_day" : "90",
  "date_application_recieved" : "2015-02-23T00:00:00",
  "permits_issued_same_day" : "9"
}
, {
  "number_of_applications_recieved" : "11",
  "percent_permits_issued_same_day" : "64",
  "date_application_recieved" : "2014-09-19T00:00:00",
  "permits_issued_same_day" : "7"
}
, {
  "number_of_applications_recieved" : "18",
  "percent_permits_issued_same_day" : "72",
  "date_application_recieved" : "2014-09-05T00:00:00",
  "permits_issued_same_day" : "13"
}
, {
  "number_of_applications_recieved" : "12",
  "percent_permits_issued_same_day" : "58",
  "date_application_recieved" : "2014-07-14T00:00:00",
  "permits_issued_same_day" : "7"
}
, {
  "number_of_applications_recieved" : "13",
  "percent_permits_issued_same_day" : "38",
  "date_application_recieved" : "2014-12-22T00:00:00",
  "permits_issued_same_day" : "5"
}
, {
  "number_of_applications_recieved" : "17",
  "percent_permits_issued_same_day" : "76",
  "date_application_recieved" : "2015-02-18T00:00:00",
  "permits_issued_same_day" : "13"
}
, {
  "number_of_applications_recieved" : "11",
  "percent_permits_issued_same_day" : "100",
  "date_application_recieved" : "2015-02-19T00:00:00",
  "permits_issued_same_day" : "11"
}
, {
  "number_of_applications_recieved" : "19",
  "percent_permits_issued_same_day" : "47",
  "date_application_recieved" : "2014-08-08T00:00:00",
  "permits_issued_same_day" : "9"
}
, {
  "number_of_applications_recieved" : "24",
  "percent_permits_issued_same_day" : "79",
  "date_application_recieved" : "2014-07-24T00:00:00",
  "permits_issued_same_day" : "19"
}
, {
  "number_of_applications_recieved" : "25",
  "percent_permits_issued_same_day" : "92",
  "date_application_recieved" : "2015-03-13T00:00:00",
  "permits_issued_same_day" : "23"
}
, {
  "number_of_applications_recieved" : "14",
  "percent_permits_issued_same_day" : "50",
  "date_application_recieved" : "2014-12-19T00:00:00",
  "permits_issued_same_day" : "7"
}
, {
  "number_of_applications_recieved" : "18",
  "percent_permits_issued_same_day" : "28",
  "date_application_recieved" : "2014-08-29T00:00:00",
  "permits_issued_same_day" : "5"
}
, {
  "number_of_applications_recieved" : "7",
  "percent_permits_issued_same_day" : "43",
  "date_application_recieved" : "2015-01-02T00:00:00",
  "permits_issued_same_day" : "3"
}
, {
  "number_of_applications_recieved" : "19",
  "percent_permits_issued_same_day" : "74",
  "date_application_recieved" : "2015-05-12T00:00:00",
  "permits_issued_same_day" : "14"
}
, {
  "number_of_applications_recieved" : "31",
  "percent_permits_issued_same_day" : "77",
  "date_application_recieved" : "2015-04-08T00:00:00",
  "permits_issued_same_day" : "24"
}
, {
  "number_of_applications_recieved" : "25",
  "percent_permits_issued_same_day" : "52",
  "date_application_recieved" : "2014-09-12T00:00:00",
  "permits_issued_same_day" : "13"
}
, {
  "number_of_applications_recieved" : "7",
  "percent_permits_issued_same_day" : "29",
  "date_application_recieved" : "2014-08-12T00:00:00",
  "permits_issued_same_day" : "2"
}
, {
  "number_of_applications_recieved" : "20",
  "percent_permits_issued_same_day" : "65",
  "date_application_recieved" : "2014-10-23T00:00:00",
  "permits_issued_same_day" : "13"
}
, {
  "number_of_applications_recieved" : "13",
  "percent_permits_issued_same_day" : "69",
  "date_application_recieved" : "2015-04-10T00:00:00",
  "permits_issued_same_day" : "9"
}
, {
  "number_of_applications_recieved" : "20",
  "percent_permits_issued_same_day" : "30",
  "date_application_recieved" : "2014-08-28T00:00:00",
  "permits_issued_same_day" : "6"
}
, {
  "number_of_applications_recieved" : "19",
  "percent_permits_issued_same_day" : "74",
  "date_application_recieved" : "2014-07-29T00:00:00",
  "permits_issued_same_day" : "14"
}
, {
  "number_of_applications_recieved" : "28",
  "percent_permits_issued_same_day" : "46",
  "date_application_recieved" : "2014-10-14T00:00:00",
  "permits_issued_same_day" : "13"
}
, {
  "number_of_applications_recieved" : "12",
  "percent_permits_issued_same_day" : "75",
  "date_application_recieved" : "2015-03-05T00:00:00",
  "permits_issued_same_day" : "9"
}
, {
  "number_of_applications_recieved" : "19",
  "percent_permits_issued_same_day" : "68",
  "date_application_recieved" : "2014-12-08T00:00:00",
  "permits_issued_same_day" : "13"
}
, {
  "number_of_applications_recieved" : "51",
  "percent_permits_issued_same_day" : "86",
  "date_application_recieved" : "2014-12-17T00:00:00",
  "permits_issued_same_day" : "44"
}
, {
  "number_of_applications_recieved" : "10",
  "percent_permits_issued_same_day" : "50",
  "date_application_recieved" : "2015-01-06T00:00:00",
  "permits_issued_same_day" : "5"
}
, {
  "number_of_applications_recieved" : "17",
  "percent_permits_issued_same_day" : "18",
  "date_application_recieved" : "2015-02-05T00:00:00",
  "permits_issued_same_day" : "3"
}
, {
  "number_of_applications_recieved" : "15",
  "percent_permits_issued_same_day" : "67",
  "date_application_recieved" : "2014-11-03T00:00:00",
  "permits_issued_same_day" : "10"
}
, {
  "number_of_applications_recieved" : "21",
  "percent_permits_issued_same_day" : "76",
  "date_application_recieved" : "2015-01-13T00:00:00",
  "permits_issued_same_day" : "16"
}
, {
  "number_of_applications_recieved" : "26",
  "percent_permits_issued_same_day" : "54",
  "date_application_recieved" : "2015-05-19T00:00:00",
  "permits_issued_same_day" : "14"
}
, {
  "number_of_applications_recieved" : "12",
  "percent_permits_issued_same_day" : "42",
  "date_application_recieved" : "2015-01-07T00:00:00",
  "permits_issued_same_day" : "5"
}
, {
  "number_of_applications_recieved" : "12",
  "percent_permits_issued_same_day" : "92",
  "date_application_recieved" : "2014-12-31T00:00:00",
  "permits_issued_same_day" : "11"
}
, {
  "number_of_applications_recieved" : "21",
  "percent_permits_issued_same_day" : "24",
  "date_application_recieved" : "2015-02-10T00:00:00",
  "permits_issued_same_day" : "5"
}
, {
  "number_of_applications_recieved" : "24",
  "percent_permits_issued_same_day" : "21",
  "date_application_recieved" : "2014-09-10T00:00:00",
  "permits_issued_same_day" : "5"
}
, {
  "number_of_applications_recieved" : "16",
  "percent_permits_issued_same_day" : "25",
  "date_application_recieved" : "2014-07-28T00:00:00",
  "permits_issued_same_day" : "4"
}
, {
  "number_of_applications_recieved" : "28",
  "percent_permits_issued_same_day" : "21",
  "date_application_recieved" : "2015-05-27T00:00:00",
  "permits_issued_same_day" : "6"
}
, {
  "number_of_applications_recieved" : "33",
  "percent_permits_issued_same_day" : "64",
  "date_application_recieved" : "2015-06-01T00:00:00",
  "permits_issued_same_day" : "21"
}
, {
  "number_of_applications_recieved" : "5",
  "percent_permits_issued_same_day" : "80",
  "date_application_recieved" : "2014-12-24T00:00:00",
  "permits_issued_same_day" : "4"
}
, {
  "number_of_applications_recieved" : "16",
  "percent_permits_issued_same_day" : "62",
  "date_application_recieved" : "2015-01-30T00:00:00",
  "permits_issued_same_day" : "10"
}
, {
  "number_of_applications_recieved" : "21",
  "percent_permits_issued_same_day" : "86",
  "date_application_recieved" : "2015-04-07T00:00:00",
  "permits_issued_same_day" : "18"
}
, {
  "number_of_applications_recieved" : "16",
  "percent_permits_issued_same_day" : "62",
  "date_application_recieved" : "2014-09-16T00:00:00",
  "permits_issued_same_day" : "10"
}
, {
  "number_of_applications_recieved" : "17",
  "percent_permits_issued_same_day" : "0",
  "date_application_recieved" : "2015-05-29T00:00:00",
  "permits_issued_same_day" : "0"
}
, {
  "number_of_applications_recieved" : "25",
  "percent_permits_issued_same_day" : "52",
  "date_application_recieved" : "2014-10-21T00:00:00",
  "permits_issued_same_day" : "13"
}
, {
  "number_of_applications_recieved" : "17",
  "percent_permits_issued_same_day" : "65",
  "date_application_recieved" : "2015-03-09T00:00:00",
  "permits_issued_same_day" : "11"
}
, {
  "number_of_applications_recieved" : "30",
  "percent_permits_issued_same_day" : "50",
  "date_application_recieved" : "2014-11-21T00:00:00",
  "permits_issued_same_day" : "15"
}
, {
  "number_of_applications_recieved" : "11",
  "percent_permits_issued_same_day" : "64",
  "date_application_recieved" : "2014-12-10T00:00:00",
  "permits_issued_same_day" : "7"
}
, {
  "number_of_applications_recieved" : "29",
  "percent_permits_issued_same_day" : "48",
  "date_application_recieved" : "2014-09-22T00:00:00",
  "permits_issued_same_day" : "14"
}
, {
  "number_of_applications_recieved" : "30",
  "percent_permits_issued_same_day" : "77",
  "date_application_recieved" : "2014-07-31T00:00:00",
  "permits_issued_same_day" : "23"
}
, {
  "number_of_applications_recieved" : "17",
  "percent_permits_issued_same_day" : "88",
  "date_application_recieved" : "2014-11-20T00:00:00",
  "permits_issued_same_day" : "15"
}
, {
  "number_of_applications_recieved" : "20",
  "percent_permits_issued_same_day" : "80",
  "date_application_recieved" : "2014-11-14T00:00:00",
  "permits_issued_same_day" : "16"
}
, {
  "number_of_applications_recieved" : "16",
  "percent_permits_issued_same_day" : "56",
  "date_application_recieved" : "2014-10-01T00:00:00",
  "permits_issued_same_day" : "9"
}
, {
  "number_of_applications_recieved" : "31",
  "percent_permits_issued_same_day" : "65",
  "date_application_recieved" : "2015-04-15T00:00:00",
  "permits_issued_same_day" : "20"
}
, {
  "number_of_applications_recieved" : "17",
  "percent_permits_issued_same_day" : "71",
  "date_application_recieved" : "2014-09-18T00:00:00",
  "permits_issued_same_day" : "12"
}
, {
  "number_of_applications_recieved" : "21",
  "percent_permits_issued_same_day" : "67",
  "date_application_recieved" : "2015-02-27T00:00:00",
  "permits_issued_same_day" : "14"
}
, {
  "number_of_applications_recieved" : "20",
  "percent_permits_issued_same_day" : "5",
  "date_application_recieved" : "2014-10-20T00:00:00",
  "permits_issued_same_day" : "1"
}
, {
  "number_of_applications_recieved" : "17",
  "percent_permits_issued_same_day" : "35",
  "date_application_recieved" : "2015-05-04T00:00:00",
  "permits_issued_same_day" : "6"
}
, {
  "number_of_applications_recieved" : "25",
  "percent_permits_issued_same_day" : "52",
  "date_application_recieved" : "2014-07-16T00:00:00",
  "permits_issued_same_day" : "13"
}
, {
  "number_of_applications_recieved" : "8",
  "percent_permits_issued_same_day" : "62",
  "date_application_recieved" : "2015-03-11T00:00:00",
  "permits_issued_same_day" : "5"
}
, {
  "number_of_applications_recieved" : "13",
  "percent_permits_issued_same_day" : "38",
  "date_application_recieved" : "2015-02-03T00:00:00",
  "permits_issued_same_day" : "5"
}
, {
  "number_of_applications_recieved" : "20",
  "percent_permits_issued_same_day" : "90",
  "date_application_recieved" : "2014-11-13T00:00:00",
  "permits_issued_same_day" : "18"
}
, {
  "number_of_applications_recieved" : "38",
  "percent_permits_issued_same_day" : "58",
  "date_application_recieved" : "2015-04-21T00:00:00",
  "permits_issued_same_day" : "22"
}
, {
  "number_of_applications_recieved" : "12",
  "percent_permits_issued_same_day" : "33",
  "date_application_recieved" : "2015-01-14T00:00:00",
  "permits_issued_same_day" : "4"
}
, {
  "number_of_applications_recieved" : "16",
  "percent_permits_issued_same_day" : "56",
  "date_application_recieved" : "2014-09-17T00:00:00",
  "permits_issued_same_day" : "9"
}
, {
  "number_of_applications_recieved" : "19",
  "percent_permits_issued_same_day" : "84",
  "date_application_recieved" : "2015-03-26T00:00:00",
  "permits_issued_same_day" : "16"
}
, {
  "number_of_applications_recieved" : "13",
  "percent_permits_issued_same_day" : "31",
  "date_application_recieved" : "2015-04-28T00:00:00",
  "permits_issued_same_day" : "4"
}
, {
  "number_of_applications_recieved" : "24",
  "percent_permits_issued_same_day" : "62",
  "date_application_recieved" : "2014-10-27T00:00:00",
  "permits_issued_same_day" : "15"
}
, {
  "number_of_applications_recieved" : "17",
  "percent_permits_issued_same_day" : "47",
  "date_application_recieved" : "2014-10-06T00:00:00",
  "permits_issued_same_day" : "8"
}
, {
  "number_of_applications_recieved" : "17",
  "percent_permits_issued_same_day" : "35",
  "date_application_recieved" : "2015-03-18T00:00:00",
  "permits_issued_same_day" : "6"
}
, {
  "number_of_applications_recieved" : "15",
  "percent_permits_issued_same_day" : "7",
  "date_application_recieved" : "2015-02-13T00:00:00",
  "permits_issued_same_day" : "1"
}
, {
  "number_of_applications_recieved" : "22",
  "percent_permits_issued_same_day" : "45",
  "date_application_recieved" : "2015-01-23T00:00:00",
  "permits_issued_same_day" : "10"
}
, {
  "number_of_applications_recieved" : "20",
  "percent_permits_issued_same_day" : "55",
  "date_application_recieved" : "2015-05-11T00:00:00",
  "permits_issued_same_day" : "11"
}
, {
  "number_of_applications_recieved" : "17",
  "percent_permits_issued_same_day" : "59",
  "date_application_recieved" : "2014-09-11T00:00:00",
  "permits_issued_same_day" : "10"
}
, {
  "number_of_applications_recieved" : "13",
  "percent_permits_issued_same_day" : "46",
  "date_application_recieved" : "2014-07-17T00:00:00",
  "permits_issued_same_day" : "6"
}
, {
  "number_of_applications_recieved" : "8",
  "percent_permits_issued_same_day" : "12",
  "date_application_recieved" : "2015-01-26T00:00:00",
  "permits_issued_same_day" : "1"
}
, {
  "number_of_applications_recieved" : "14",
  "percent_permits_issued_same_day" : "57",
  "date_application_recieved" : "2015-03-17T00:00:00",
  "permits_issued_same_day" : "8"
}
, {
  "number_of_applications_recieved" : "9",
  "percent_permits_issued_same_day" : "44",
  "date_application_recieved" : "2014-07-30T00:00:00",
  "permits_issued_same_day" : "4"
}
, {
  "number_of_applications_recieved" : "14",
  "percent_permits_issued_same_day" : "64",
  "date_application_recieved" : "2014-11-18T00:00:00",
  "permits_issued_same_day" : "9"
}
, {
  "number_of_applications_recieved" : "18",
  "percent_permits_issued_same_day" : "33",
  "date_application_recieved" : "2015-04-06T00:00:00",
  "permits_issued_same_day" : "6"
}
, {
  "number_of_applications_recieved" : "22",
  "percent_permits_issued_same_day" : "82",
  "date_application_recieved" : "2015-03-23T00:00:00",
  "permits_issued_same_day" : "18"
}
, {
  "number_of_applications_recieved" : "14",
  "percent_permits_issued_same_day" : "71",
  "date_application_recieved" : "2015-01-12T00:00:00",
  "permits_issued_same_day" : "10"
}
, {
  "number_of_applications_recieved" : "19",
  "percent_permits_issued_same_day" : "53",
  "date_application_recieved" : "2014-09-08T00:00:00",
  "permits_issued_same_day" : "10"
}
, {
  "number_of_applications_recieved" : "15",
  "percent_permits_issued_same_day" : "40",
  "date_application_recieved" : "2014-12-16T00:00:00",
  "permits_issued_same_day" : "6"
}
, {
  "number_of_applications_recieved" : "16",
  "percent_permits_issued_same_day" : "38",
  "date_application_recieved" : "2015-04-29T00:00:00",
  "permits_issued_same_day" : "6"
}
, {
  "number_of_applications_recieved" : "14",
  "percent_permits_issued_same_day" : "50",
  "date_application_recieved" : "2014-07-18T00:00:00",
  "permits_issued_same_day" : "7"
}
, {
  "number_of_applications_recieved" : "32",
  "percent_permits_issued_same_day" : "50",
  "date_application_recieved" : "2015-05-06T00:00:00",
  "permits_issued_same_day" : "16"
}
, {
  "number_of_applications_recieved" : "14",
  "percent_permits_issued_same_day" : "64",
  "date_application_recieved" : "2014-07-09T00:00:00",
  "permits_issued_same_day" : "9"
}
, {
  "number_of_applications_recieved" : "21",
  "percent_permits_issued_same_day" : "52",
  "date_application_recieved" : "2014-08-27T00:00:00",
  "permits_issued_same_day" : "11"
}
, {
  "number_of_applications_recieved" : "15",
  "percent_permits_issued_same_day" : "60",
  "date_application_recieved" : "2014-10-31T00:00:00",
  "permits_issued_same_day" : "9"
}
, {
  "number_of_applications_recieved" : "16",
  "percent_permits_issued_same_day" : "81",
  "date_application_recieved" : "2015-05-15T00:00:00",
  "permits_issued_same_day" : "13"
}
, {
  "number_of_applications_recieved" : "10",
  "percent_permits_issued_same_day" : "80",
  "date_application_recieved" : "2015-03-03T00:00:00",
  "permits_issued_same_day" : "8"
}
, {
  "number_of_applications_recieved" : "20",
  "percent_permits_issued_same_day" : "65",
  "date_application_recieved" : "2014-07-03T00:00:00",
  "permits_issued_same_day" : "13"
}
, {
  "number_of_applications_recieved" : "15",
  "percent_permits_issued_same_day" : "47",
  "date_application_recieved" : "2015-05-14T00:00:00",
  "permits_issued_same_day" : "7"
}
, {
  "number_of_applications_recieved" : "15",
  "percent_permits_issued_same_day" : "40",
  "date_application_recieved" : "2014-09-09T00:00:00",
  "permits_issued_same_day" : "6"
}
, {
  "number_of_applications_recieved" : "20",
  "percent_permits_issued_same_day" : "75",
  "date_application_recieved" : "2014-12-03T00:00:00",
  "permits_issued_same_day" : "15"
}
, {
  "number_of_applications_recieved" : "23",
  "percent_permits_issued_same_day" : "70",
  "date_application_recieved" : "2014-10-29T00:00:00",
  "permits_issued_same_day" : "16"
}
, {
  "number_of_applications_recieved" : "39",
  "percent_permits_issued_same_day" : "51",
  "date_application_recieved" : "2015-04-27T00:00:00",
  "permits_issued_same_day" : "20"
}
, {
  "number_of_applications_recieved" : "15",
  "percent_permits_issued_same_day" : "47",
  "date_application_recieved" : "2014-08-07T00:00:00",
  "permits_issued_same_day" : "7"
}
, {
  "number_of_applications_recieved" : "35",
  "percent_permits_issued_same_day" : "86",
  "date_application_recieved" : "2015-02-24T00:00:00",
  "permits_issued_same_day" : "30"
}
, {
  "number_of_applications_recieved" : "25",
  "percent_permits_issued_same_day" : "32",
  "date_application_recieved" : "2014-07-10T00:00:00",
  "permits_issued_same_day" : "8"
}
, {
  "number_of_applications_recieved" : "7",
  "percent_permits_issued_same_day" : "14",
  "date_application_recieved" : "2015-01-09T00:00:00",
  "permits_issued_same_day" : "1"
}
, {
  "number_of_applications_recieved" : "16",
  "percent_permits_issued_same_day" : "50",
  "date_application_recieved" : "2015-01-29T00:00:00",
  "permits_issued_same_day" : "8"
}
, {
  "number_of_applications_recieved" : "10",
  "percent_permits_issued_same_day" : "80",
  "date_application_recieved" : "2015-03-06T00:00:00",
  "permits_issued_same_day" : "8"
}
, {
  "number_of_applications_recieved" : "26",
  "percent_permits_issued_same_day" : "54",
  "date_application_recieved" : "2014-11-17T00:00:00",
  "permits_issued_same_day" : "14"
}
, {
  "number_of_applications_recieved" : "18",
  "percent_permits_issued_same_day" : "67",
  "date_application_recieved" : "2014-07-02T00:00:00",
  "permits_issued_same_day" : "12"
}
, {
  "number_of_applications_recieved" : "21",
  "percent_permits_issued_same_day" : "43",
  "date_application_recieved" : "2014-11-10T00:00:00",
  "permits_issued_same_day" : "9"
}
, {
  "number_of_applications_recieved" : "12",
  "percent_permits_issued_same_day" : "100",
  "date_application_recieved" : "2014-10-22T00:00:00",
  "permits_issued_same_day" : "12"
}
, {
  "number_of_applications_recieved" : "16",
  "percent_permits_issued_same_day" : "50",
  "date_application_recieved" : "2014-09-25T00:00:00",
  "permits_issued_same_day" : "8"
}
, {
  "number_of_applications_recieved" : "20",
  "percent_permits_issued_same_day" : "60",
  "date_application_recieved" : "2014-09-30T00:00:00",
  "permits_issued_same_day" : "12"
}
, {
  "number_of_applications_recieved" : "33",
  "percent_permits_issued_same_day" : "42",
  "date_application_recieved" : "2015-06-02T00:00:00",
  "permits_issued_same_day" : "14"
}
, {
  "number_of_applications_recieved" : "14",
  "percent_permits_issued_same_day" : "64",
  "date_application_recieved" : "2015-06-03T00:00:00",
  "permits_issued_same_day" : "9"
}
, {
  "number_of_applications_recieved" : "14",
  "percent_permits_issued_same_day" : "64",
  "date_application_recieved" : "2015-06-04T00:00:00",
  "permits_issued_same_day" : "9"
}
, {
  "number_of_applications_recieved" : "15",
  "percent_permits_issued_same_day" : "47",
  "date_application_recieved" : "2015-06-05T00:00:00",
  "permits_issued_same_day" : "7"
}
, {
  "number_of_applications_recieved" : "17",
  "percent_permits_issued_same_day" : "71",
  "date_application_recieved" : "2015-06-09T00:00:00",
  "permits_issued_same_day" : "12"
}
, {
  "number_of_applications_recieved" : "17",
  "percent_permits_issued_same_day" : "35",
  "date_application_recieved" : "2015-06-10T00:00:00",
  "permits_issued_same_day" : "6"
}
, {
  "number_of_applications_recieved" : "17",
  "percent_permits_issued_same_day" : "76",
  "date_application_recieved" : "2015-06-11T00:00:00",
  "permits_issued_same_day" : "13"
}
, {
  "number_of_applications_recieved" : "16",
  "percent_permits_issued_same_day" : "69",
  "date_application_recieved" : "2015-06-12T00:00:00",
  "permits_issued_same_day" : "11"
}
, {
  "number_of_applications_recieved" : "20",
  "percent_permits_issued_same_day" : "60",
  "date_application_recieved" : "2015-05-08T00:00:00",
  "permits_issued_same_day" : "12"
}
, {
  "number_of_applications_recieved" : "20",
  "percent_permits_issued_same_day" : "80",
  "date_application_recieved" : "2015-06-15T00:00:00",
  "permits_issued_same_day" : "16"
}
, {
  "number_of_applications_recieved" : "23",
  "percent_permits_issued_same_day" : "26",
  "date_application_recieved" : "2015-06-16T00:00:00",
  "permits_issued_same_day" : "6"
}
, {
  "number_of_applications_recieved" : "17",
  "percent_permits_issued_same_day" : "29",
  "date_application_recieved" : "2014-09-24T00:00:00",
  "permits_issued_same_day" : "5"
}
, {
  "number_of_applications_recieved" : "22",
  "percent_permits_issued_same_day" : "77",
  "date_application_recieved" : "2015-06-17T00:00:00",
  "permits_issued_same_day" : "17"
}
, {
  "number_of_applications_recieved" : "19",
  "percent_permits_issued_same_day" : "79",
  "date_application_recieved" : "2015-06-18T00:00:00",
  "permits_issued_same_day" : "15"
}
, {
  "number_of_applications_recieved" : "18",
  "percent_permits_issued_same_day" : "39",
  "date_application_recieved" : "2015-06-19T00:00:00",
  "permits_issued_same_day" : "7"
}
, {
  "number_of_applications_recieved" : "14",
  "percent_permits_issued_same_day" : "71",
  "date_application_recieved" : "2015-06-22T00:00:00",
  "permits_issued_same_day" : "10"
}
, {
  "number_of_applications_recieved" : "12",
  "percent_permits_issued_same_day" : "42",
  "date_application_recieved" : "2015-06-23T00:00:00",
  "permits_issued_same_day" : "5"
}
, {
  "number_of_applications_recieved" : "20",
  "percent_permits_issued_same_day" : "40",
  "date_application_recieved" : "2015-06-24T00:00:00",
  "permits_issued_same_day" : "8"
}
, {
  "number_of_applications_recieved" : "21",
  "percent_permits_issued_same_day" : "71",
  "date_application_recieved" : "2015-06-25T00:00:00",
  "permits_issued_same_day" : "15"
}
, {
  "number_of_applications_recieved" : "9",
  "percent_permits_issued_same_day" : "67",
  "date_application_recieved" : "2015-06-26T00:00:00",
  "permits_issued_same_day" : "6"
}
, {
  "number_of_applications_recieved" : "22",
  "percent_permits_issued_same_day" : "32",
  "date_application_recieved" : "2015-06-29T00:00:00",
  "permits_issued_same_day" : "7"
}
, {
  "number_of_applications_recieved" : "26",
  "percent_permits_issued_same_day" : "58",
  "date_application_recieved" : "2015-06-08T00:00:00",
  "permits_issued_same_day" : "15"
}
, {
  "number_of_applications_recieved" : "46",
  "percent_permits_issued_same_day" : "30",
  "date_application_recieved" : "2015-05-28T00:00:00",
  "permits_issued_same_day" : "14"
}
, {
  "number_of_applications_recieved" : "15",
  "percent_permits_issued_same_day" : "40",
  "date_application_recieved" : "2014-08-04T00:00:00",
  "permits_issued_same_day" : "6"
}
 ]