[ {
  "project_name" : "CT Education Academy",
  "fund_amount_allocated_fiscal_year_2014" : "1595838",
  "fund_amount_requested_fiscal_year_2015" : "168027",
  "fund_amount_requested_fiscal_year_2014" : "1595838",
  "fund_amount_requested_fiscal_year_2017" : "31250",
  "fund_amount_requested_fiscal_year_2016" : "31250",
  "agency_name" : "Board of Regents for Higher Education",
  "fund_amount_requested_fiscal_year_2018" : "31250",
  "total_capital_funds_allocation" : "1595838",
  "project_description" : "Charter Oak State College/CT Distance Learning Consortium along with Central Connecticut State University, the Department of Administrative Services (DAS), and the Bureau of Rehabilitation Services (BRS) and the Governor’s Executive Committee for LEAN initiatives requests capital funding for the creation of the CT Education Academy, a State Employee centric educational environment which will provide an anywhere, anytime online “university” delivering academic training, registration and help desk services, and learning outcome assessments  to the State Workforce.  This project will coordinate training in a more efficient and cost effective manner.",
  "application_phase" : "Monitoring",
  "total_capital_funds_requested" : "1857615",
  "bond_commission_approval" : "Encumbered"
}
, {
  "project_name" : "Enterprise Content Management (ECM) Service Development ",
  "fund_amount_allocated_fiscal_year_2014" : "1014983",
  "fund_amount_requested_fiscal_year_2015" : "1206087",
  "fund_amount_requested_fiscal_year_2014" : "1014983",
  "fund_amount_requested_fiscal_year_2016" : "3167221",
  "agency_name" : "Department of Administrative Services",
  "total_capital_funds_allocation" : "1014983",
  "project_description" : "Enterprise Content Management (ECM) Service Development and Infrastructure Enhancements including Enterprise Records Retention, Redaction, Backup and Recovery  software , and System Monitoring software.",
  "application_phase" : "Monitoring",
  "total_capital_funds_requested" : "5388291",
  "bond_commission_approval" : "Encumbered"
}
, {
  "project_name" : "Enterprise Licensing",
  "fund_amount_allocated_fiscal_year_2013" : "270000",
  "agency_name" : "Department of Administrative Services",
  "total_capital_funds_allocation" : "270000",
  "project_description" : "Enterprise credential management (eLicensing) is used today by multiple agencies (DPH, DCP, SOTS, DOAG). This project will complete current rollout activities to maximize current product implementation.  This project will also reexamine agency business requirements to determine best long term system options.",
  "fund_amount_requested_fiscal_year_2013" : "270000",
  "application_phase" : "Close-out ",
  "total_capital_funds_requested" : "270000",
  "bond_commission_approval" : "Encumbered"
}
, {
  "project_name" : "Establish Enterprise Unified Communications",
  "fund_amount_allocated_fiscal_year_2014" : "7840161",
  "fund_amount_requested_fiscal_year_2015" : "1747189",
  "fund_amount_requested_fiscal_year_2014" : "7840161",
  "fund_amount_requested_fiscal_year_2016" : "1061522",
  "agency_name" : "Department of Administrative Services",
  "total_capital_funds_allocation" : "7840161",
  "project_description" : "Establish Enterprise Class Unified Communications for the State of CT, with all prerequisites satisfied at major facilities.  From an homogenous experience on the desktop, laptop, mobile device or web client, state employees will have all the standard UC tools: telephone integration (soft and desktop), IM, Presence, email, fax from desktop,  video point to point and video conferencing and collaborative document sharing.   At the management level, the system will provide greater flexibility for communications processing, allowing emergency failover to multiple locations and virtual tools at homes.  The overall costs of telephones, video conferencing and data network will be reduced.",
  "application_phase" : "Monitoring",
  "total_capital_funds_requested" : "10648872",
  "bond_commission_approval" : "Encumbered"
}
, {
  "project_name" : "Regulations Modernization For The State Of Connecticut",
  "fund_amount_allocated_fiscal_year_2013" : "1758583",
  "agency_name" : "Department of Administrative Services",
  "total_capital_funds_allocation" : "1758583",
  "project_description" : "Currently, the publication of state regulations is completely paper based. The project shall encompass the efforts in developing a website for making the regulations of Connecticut available online to the public. The website shall incorporate the regulations making process consisting of various authorized governing bodies who decide on the proposed regulations, and a history of actions representing the process in the form of a regulations making record.",
  "fund_amount_requested_fiscal_year_2013" : "1758583",
  "application_phase" : "Monitoring",
  "total_capital_funds_requested" : "1758583",
  "bond_commission_approval" : "Encumbered"
}
, {
  "project_name" : "Enterprise Licensing Management System (ELMS) Replacement RFP",
  "fund_amount_allocated_fiscal_year_2015" : "125000",
  "fund_amount_requested_fiscal_year_2015" : "125000",
  "fund_amount_requested_fiscal_year_2016" : "140000",
  "agency_name" : "Department of Administrative Services",
  "total_capital_funds_allocation" : "125000",
  "project_description" : "The primary objective of this project is to position the enterprise licensing agencies to select a replacement ELMS Solution. This replacement decision will be based on a solution that better meets the long-term enterprise ELMS functions for issuing, maintaining, enforcement, and monitoring licenses.  The ELMS product evaluation objectives will be broad with emphasis on a user-friendly and efficient licensing process, while providing additional features and services through the online portal. The technology options for these types of solutions are evolving rapidly. The state desires to assess the marketplace for more efficient and cost effective options. ",
  "application_phase" : "Monitoring",
  "total_capital_funds_requested" : "265000",
  "bond_commission_approval" : "Encumbered"
}
, {
  "project_name" : "SACWIS Replacement Project - Planning Phase",
  "fund_amount_allocated_fiscal_year_2015" : "2210000",
  "fund_amount_requested_fiscal_year_2015" : "2210000",
  "agency_name" : "Department of Children and Families",
  "total_capital_funds_allocation" : "2210000",
  "project_description" : "DCF’s SACWIS Replacement Project – Planning Phase, will replace DCF’s current child welfare case management and reporting system. The current system has been in operation for 20 years and has been found to not be federally compliant and in need of replacement.  The Department will need to engage in a planning phase to create a statement of work and receive federal approval for the project, allowing for federal reimbursement.",
  "application_phase" : "Monitoring",
  "total_capital_funds_requested" : "2210000",
  "bond_commission_approval" : "Encumbered"
}
, {
  "project_name" : "SACWIS Replacement Project - Phase II",
  "agency_name" : "Department of Children and Families",
  "total_capital_funds_allocation" : "0",
  "application_phase" : "Identification",
  "total_capital_funds_requested" : "0"
}
, {
  "project_name" : "Department of Correction Health Portal - DOC HP ",
  "fund_amount_allocated_fiscal_year_2014" : "6150000",
  "fund_amount_requested_fiscal_year_2015" : "1100000",
  "fund_amount_requested_fiscal_year_2014" : "6150000",
  "fund_amount_requested_fiscal_year_2017" : "300000",
  "fund_amount_requested_fiscal_year_2016" : "300000",
  "agency_name" : "Department of Correction",
  "fund_amount_requested_fiscal_year_2018" : "200000",
  "total_capital_funds_allocation" : "6150000",
  "project_description" : "The Department of Correction (DOC) is proposing to create a Department of Correction Health Portal (DOC-HP) which will provide an electronic health record to facilitate the care of the nearly 17,000 inmate patients within the agency’s facilities also to serve as a mechanism to link the agency’s healthcare system to the various state agencies, outside community agencies, and external hospitals and clinics involved in the healthcare of DOC’s patients.",
  "application_phase" : "Monitoring",
  "total_capital_funds_requested" : "8050000",
  "bond_commission_approval" : "Encumbered"
}
, {
  "project_name" : "DOC OMIS",
  "fund_amount_allocated_fiscal_year_2015" : "1250000",
  "fund_amount_allocated_fiscal_year_2014" : "325000",
  "fund_amount_requested_fiscal_year_2015" : "1250000",
  "fund_amount_requested_fiscal_year_2014" : "325000",
  "fund_amount_requested_fiscal_year_2017" : "1175000",
  "fund_amount_requested_fiscal_year_2016" : "1500000",
  "agency_name" : "Department of Correction",
  "fund_amount_requested_fiscal_year_2018" : "125000",
  "total_capital_funds_allocation" : "1575000",
  "project_description" : "The DOC OMIS project will replace the existing set of complex, fragmented, duplicative and outdated systems with a comprehensive, modern and fully integrated system to support all CTDOC institutions (Jails and Prisons), Board of Parole and Pardons, and the Division of Community Supervision and to provide DOC offender data for consumption by other law enforcement entities (municipal, state and federal) and constituents",
  "application_phase" : "Monitoring",
  "total_capital_funds_requested" : "4375000",
  "bond_commission_approval" : "Encumbered"
}
, {
  "project_name" : "DDS Home and Community Based Management System",
  "fund_amount_allocated_fiscal_year_2014" : "650507",
  "fund_amount_requested_fiscal_year_2015" : "611900",
  "fund_amount_requested_fiscal_year_2014" : "650507",
  "fund_amount_requested_fiscal_year_2017" : "545750",
  "fund_amount_requested_fiscal_year_2016" : "817499",
  "agency_name" : "Department of Developmental Services",
  "fund_amount_requested_fiscal_year_2018" : "200250",
  "total_capital_funds_allocation" : "650507",
  "project_description" : "DDS needs to modernize its current application environment to create a new automated, integrated information system that reflects the current DDS business workflow and processes.  DDS is working with the Department of Social Services (DSS) to submit a proposal to the Centers for Medicare and Medicaid Services (CMS) for enhanced funding under their Advance Planning Document process to accomplish this.  The resulting solution must meet the CMS Seven Technical Conditions and Standards which include modularity and scaleability of application development for enterprise wide solutions",
  "application_phase" : "Monitoring",
  "total_capital_funds_requested" : "2825906",
  "bond_commission_approval" : "Encumbered"
}
, {
  "project_name" : "DDS Quality of Services Review Transformation",
  "fund_amount_allocated_fiscal_year_2014" : "349590",
  "fund_amount_requested_fiscal_year_2015" : "13590",
  "fund_amount_requested_fiscal_year_2014" : "349590",
  "agency_name" : "Department of Developmental Services",
  "total_capital_funds_allocation" : "349590",
  "project_description" : "Department of Developmental Services, Quality of Services Review electronic application redesign.",
  "application_phase" : "Monitoring",
  "total_capital_funds_requested" : "363180",
  "bond_commission_approval" : "Encumbered"
}
, {
  "project_name" : "AFIS/Cogent",
  "fund_amount_allocated_fiscal_year_2015" : "2106290",
  "fund_amount_requested_fiscal_year_2015" : "2106290",
  "fund_amount_requested_fiscal_year_2016" : "2981796",
  "agency_name" : "Department of Emergency Services and Public Protection",
  "total_capital_funds_allocation" : "2106290",
  "project_description" : "The current project seeks to modernize Connecticut’s Automated Fingerprint Identification System (AFIS), replacing the current, aging system with a new, state of the art Automated Biometric Identification System (ABIS), so that it can meet the current and future needs of the criminal justice community and private citizens in our state.  ",
  "application_phase" : "Monitoring",
  "total_capital_funds_requested" : "5088086",
  "bond_commission_approval" : "Encumbered"
}
, {
  "project_name" : "Criminal History Modernization Project",
  "fund_amount_allocated_fiscal_year_2015" : "1111060",
  "fund_amount_requested_fiscal_year_2015" : "1111060",
  "fund_amount_requested_fiscal_year_2016" : "900000",
  "agency_name" : "Department of Emergency Services and Public Protection",
  "total_capital_funds_allocation" : "1111060",
  "project_description" : "The current project seeks to modernize Connecticut’s CCH, re-architecting the application and underlying database so that it can meet the current and future needs of the criminal justice community and private citizens in our state.  In rebuilding CCH with modern technology, we will be able to provide real-time rap-back notifications to various subscribing agencies; online payments and online requests for background checks integrated into the CCH; fluid integration with other important information sharing systems, including the  Connecticut On-Line Law Enforcement Communications Teleprocessing (COLLECT, the state’s gateway to NCIC/NLETS), the Connecticut Information Sharing System (CISS), and the Weapons Registration System; and technology that can more adequately address the growing backlog of background checks in our state.",
  "application_phase" : "Monitoring",
  "total_capital_funds_requested" : "2011060",
  "bond_commission_approval" : "Encumbered"
}
, {
  "project_name" : "Special Licensing and Firearms",
  "fund_amount_allocated_fiscal_year_2014" : "556820",
  "fund_amount_requested_fiscal_year_2014" : "556820",
  "agency_name" : "Department of Emergency Services and Public Protection",
  "total_capital_funds_allocation" : "556820",
  "project_description" : "In the wake of the Newtown shootings, the demand for firearm permits, gun sale authorizations and associated background checks has increased by about 25%.  In addition to this increase in demand, there is a continuing expectation that background checks are performed as carefully as possible.  Unfortunately, the current information system at the State Police that manages gun sale authorizations, gun permits, and associated background checks for the entire state is old and has very limited e-government (online self-service) capabilities.  The current project seeks to upgrade this information system and provide additional e-government services so that State Police staff can manage the additional volume of permits and ensure that the utmost care is taken in properly vetting each gun sale authorization and permit application. ",
  "application_phase" : "Monitoring",
  "total_capital_funds_requested" : "556820",
  "bond_commission_approval" : "Encumbered"
}
, {
  "project_name" : "Mobile Technology - Enhanced Field Investigations – Sex Offender Registry Unit",
  "fund_amount_allocated_fiscal_year_2015" : "34480",
  "fund_amount_requested_fiscal_year_2015" : "34480",
  "agency_name" : "Department of Emergency Services and Public Protection",
  "total_capital_funds_allocation" : "34480",
  "project_description" : "The purpose of this project is to put tablets in the field that are equipped with the mobile application version of the Sex Offender Registry database developed by Watch Systems, LLC. This would aid  the State of Ct.  in addressing specific challenges related to efficiently managing offenders from remote locations. These challenges impede progress to the state of CT goal of meeting and exceeding both the letter and spirit of the current sex offender management statutes at both the state and federal levels.  ",
  "application_phase" : "Monitoring",
  "total_capital_funds_requested" : "34480",
  "bond_commission_approval" : "Encumbered"
}
, {
  "project_name" : "DEEP Document Repository Automation  ",
  "fund_amount_allocated_fiscal_year_2015" : "1000000",
  "fund_amount_allocated_fiscal_year_2014" : "500000",
  "fund_amount_requested_fiscal_year_2015" : "1000000",
  "fund_amount_requested_fiscal_year_2014" : "500000",
  "fund_amount_requested_fiscal_year_2016" : "2500000",
  "agency_name" : "Department of Energy and Environmental Protection",
  "total_capital_funds_allocation" : "1500000",
  "project_description" : "The DEEP Document Repository Automation Project will replace an extensive paper document repository, regularly used by both the public and agency staff, with a comprehensive digital repository that will be available online to DEEP staff, and to the public at no charge, together with appropriate search tools, confidentiality protocols, automated document management tools, and day-forward procedures designed to reduce the need for DEEP and the entities it regulates to produce paper documents in the first place. ",
  "application_phase" : "Monitoring",
  "total_capital_funds_requested" : "4000000",
  "bond_commission_approval" : "Encumbered"
}
, {
  "project_name" : "DEEP Enterprise Data Management ",
  "fund_amount_allocated_fiscal_year_2015" : "500000",
  "fund_amount_allocated_fiscal_year_2014" : "1450000",
  "fund_amount_requested_fiscal_year_2015" : "500000",
  "fund_amount_allocated_fiscal_year_2013" : "300000",
  "fund_amount_requested_fiscal_year_2014" : "1450000",
  "fund_amount_requested_fiscal_year_2016" : "250000",
  "agency_name" : "Department of Energy and Environmental Protection",
  "total_capital_funds_allocation" : "2250000",
  "project_description" : "The DEEP data management program will integrate critical data systems and develop a data warehouse to provide one common source for all DEEP data.  ",
  "fund_amount_requested_fiscal_year_2013" : "300000",
  "application_phase" : "Monitoring",
  "total_capital_funds_requested" : "2500000",
  "bond_commission_approval" : "Encumbered"
}
, {
  "project_name" : "DEEP Enterprise Online Case Management System ",
  "fund_amount_allocated_fiscal_year_2015" : "3050000",
  "fund_amount_allocated_fiscal_year_2014" : "3750000",
  "fund_amount_requested_fiscal_year_2015" : "3050000",
  "fund_amount_allocated_fiscal_year_2013" : "1150000",
  "fund_amount_requested_fiscal_year_2014" : "3750000",
  "fund_amount_requested_fiscal_year_2017" : "0",
  "fund_amount_requested_fiscal_year_2016" : "0",
  "agency_name" : "Department of Energy and Environmental Protection",
  "total_capital_funds_allocation" : "7950000",
  "project_description" : "DEEP’s enterprise-wide online case management system will create a public online, paperless interface to conduct the business of licensing, permitting and registration of activities that are under DEEP jurisdiction.",
  "fund_amount_requested_fiscal_year_2013" : "1150000",
  "application_phase" : "Monitoring",
  "total_capital_funds_requested" : "7950000",
  "bond_commission_approval" : "Encumbered"
}
, {
  "project_name" : "VOIP (Voice over IP telephony) implementation at DEEP",
  "fund_amount_allocated_fiscal_year_2014" : "500000",
  "fund_amount_allocated_fiscal_year_2013" : "1000000",
  "fund_amount_requested_fiscal_year_2014" : "500000",
  "agency_name" : "Department of Energy and Environmental Protection",
  "total_capital_funds_allocation" : "1500000",
  "project_description" : "VOIP (Voice over IP telephony) implementation at DEEP headquarters and major satellite offices. ",
  "fund_amount_requested_fiscal_year_2013" : "1000000",
  "application_phase" : "Monitoring",
  "total_capital_funds_requested" : "1500000",
  "bond_commission_approval" : "Encumbered"
}
, {
  "project_name" : "DMV, DESPP, DOI Real Time Insurance Verification Project",
  "fund_amount_allocated_fiscal_year_2015" : "300000",
  "fund_amount_allocated_fiscal_year_2014" : "600000",
  "fund_amount_requested_fiscal_year_2015" : "300000",
  "fund_amount_requested_fiscal_year_2014" : "600000",
  "agency_name" : "Department of Motor Vehicles",
  "total_capital_funds_allocation" : "900000",
  "project_description" : "Real time insurance verification for all Connecticut registered vehicles – Currently law enforcement officers, DMV employees and others rely on insurance cards or Acord filings to prove a vehicle has the required insurance. These can be easily forged or outdated, e.g. the policy was cancelled after the card was issued but before the expiration date on the card. This project will establish a system that will allow insurance coverage to be verified on line in real time. This project will also benefit motorists who have insurance but have neglected to put their current insurance card in their vehicle.",
  "application_phase" : "Monitoring",
  "total_capital_funds_requested" : "900000",
  "bond_commission_approval" : "Encumbered"
}
, {
  "project_name" : "Electronic Vital Records Registration System - Module Integration Project",
  "fund_amount_allocated_fiscal_year_2015" : "238500",
  "fund_amount_requested_fiscal_year_2015" : "238500",
  "fund_amount_requested_fiscal_year_2017" : "492632",
  "fund_amount_requested_fiscal_year_2016" : "640383",
  "agency_name" : "Department of Public Health",
  "fund_amount_requested_fiscal_year_2018" : "314200",
  "total_capital_funds_allocation" : "238500",
  "project_description" : "The electronic vital records registration system module intergration project is proposed to add three software modules to the EVRR/Birth/Core registration system to complete the intergration  of the comperhensive vital registration system  at the Department of Public Health. The modules to be added into the system are for Death, Fetal Death and issuance (point of sale).",
  "application_phase" : "Monitoring",
  "total_capital_funds_requested" : "1685715",
  "bond_commission_approval" : "Encumbered"
}
, {
  "project_name" : "Modernization of the Sexually Transmitted Diseases Database to a web-enabled application",
  "fund_amount_allocated_fiscal_year_2015" : "535125",
  "fund_amount_allocated_fiscal_year_2014" : "1310681",
  "fund_amount_requested_fiscal_year_2015" : "1070250",
  "fund_amount_requested_fiscal_year_2014" : "1310681",
  "fund_amount_requested_fiscal_year_2016" : "143875",
  "agency_name" : "Department of Public Health",
  "total_capital_funds_allocation" : "1845806",
  "project_description" : "The goal of this project is to transition sexually transmitted disease (STD) data from the current outdated desktop installed DOS-based stand alone database into the modern  web-enabled application (CTEDSS) Maven system that is being used to support other infectious disease data and case management by the Department of Public Health (DPH).  This transition will allow us to modernize the STD database, add additional functionality needed to meet expanding program needs such as case follow-up and tracking, add the ability for external users such as field-based staff, local health departments and healthcare providers to access the data remotely, and add the federally mandated capability for electronic laboratory reporting",
  "application_phase" : "Monitoring",
  "total_capital_funds_requested" : "2524806",
  "bond_commission_approval" : "Encumbered"
}
, {
  "project_name" : "WIC ELECTRONIC BENEFITS TRANSFER (EBT) 2013 DPHM1 328",
  "fund_amount_requested_fiscal_year_2015" : "661413",
  "fund_amount_requested_fiscal_year_2014" : "661303",
  "agency_name" : "Department of Public Health",
  "total_capital_funds_allocation" : "0",
  "project_description" : "This project is to build out the infrastructure for all Connecticut WIC vendors to process WIC transactions through Electronic Benefits Transfer (EBT) cards.   This includes development projects with retail chains to get their Electronic Cash Register (ECR) to process WIC transactions through the state’s WIC EBT provider and have their environment be certified by USDA.  ",
  "application_phase" : "Pre-Selection",
  "total_capital_funds_requested" : "1322716"
}
, {
  "project_name" : "WIC MANAGEMENT INFORMATION SYSTEM INTEGRATION  DPHM1 400",
  "fund_amount_requested_fiscal_year_2015" : "869877",
  "fund_amount_requested_fiscal_year_2014" : "1000000",
  "agency_name" : "Department of Public Health",
  "total_capital_funds_allocation" : "0",
  "project_description" : "The Connecticut Special Supplemental Nutrition Program for Women, Infants and Children (CT WIC) has conducted extensive project planning for the program’s Management Information System (MIS) modernization, utilizing funding awarded under the American Recovery & Reinvestment Act (ARRA) in 2009.  Based on an analysis of available WIC MIS systems in operation in other states, CT WIC has determined that the Michigan MIS system (“MI-WIC”) is the most appropriate for its purposes, and the most readily adaptable to our State’s specific needs.",
  "application_phase" : "Pre-Selection",
  "total_capital_funds_requested" : "1869877"
}
, {
  "project_name" : "Local Health Annual Report",
  "fund_amount_requested_fiscal_year_2016" : "74880",
  "agency_name" : "Department of Public Health",
  "total_capital_funds_allocation" : "0",
  "project_description" : "The goal of this project is to update the local health annual report in order for the Department of Public Health (DPH) to ensure that the LHDs, that are eligible to receive per capita funding, are meeting the statutory requirements to receive the funds.  ",
  "application_phase" : "Selection",
  "total_capital_funds_requested" : "74880"
}
, {
  "project_name" : "Mobile Technology - Medical Facility Complaints Website, Automation and Document Storage",
  "fund_amount_allocated_fiscal_year_2015" : "97407",
  "fund_amount_requested_fiscal_year_2015" : "97407",
  "agency_name" : "Department of Public Health",
  "total_capital_funds_allocation" : "97407",
  "project_description" : "Medical Facility Complaints Website, Automation and Document Storage project will eliminate a paper laden, manual process and replace it with a website, mobile computing and an automated electronic filing system that will better serve the people of the State of Connecticut, save time and money.",
  "application_phase" : "Monitoring",
  "total_capital_funds_requested" : "97407",
  "bond_commission_approval" : "Encumbered"
}
, {
  "project_name" : "Integrated Consumer Service and Reporting System",
  "fund_amount_allocated_fiscal_year_2014" : "387600",
  "fund_amount_requested_fiscal_year_2015" : "1627899",
  "fund_amount_requested_fiscal_year_2014" : "387600",
  "fund_amount_requested_fiscal_year_2016" : "1240299",
  "agency_name" : "Department of Rehabilitation Services",
  "total_capital_funds_allocation" : "387600",
  "project_description" : "The Department of Rehabilitation Services (DORS) proposes to implement a Case Management System to support the unique business needs of the agency and its underlying programs.  This system would optimize the communication and workflow between the programs of this recently consolidated Department.  It would also provide caseload management tools and capabilities to programs presently unsupported by any technology. The primary project goals include: enhanced  data management and reporting,  uniform and streamlined fiscal processing , and promotion of data sharing between agency programs.   Additional short term project goals include increased  and efficient public access to services through enabling consumers to initiate the process of referring themselves to specific programs.  Longer term goals could include using this same system and approach as a model for other state Social/Human Services Departments with multiple programs and funding sources.",
  "application_phase" : "Monitoring",
  "total_capital_funds_requested" : "3255798",
  "bond_commission_approval" : "Encumbered"
}
, {
  "project_name" : "Analytics Infrastructure Project ",
  "agency_name" : "Department of Social Services",
  "total_capital_funds_allocation" : "0",
  "application_phase" : "Identification",
  "total_capital_funds_requested" : "0"
}
, {
  "project_name" : "ConneCT Project",
  "fund_amount_allocated_fiscal_year_2014" : "1103358",
  "fund_amount_allocated_fiscal_year_2013" : "6946683",
  "fund_amount_requested_fiscal_year_2014" : "1103358",
  "agency_name" : "Department of Social Services",
  "total_capital_funds_allocation" : "8050041",
  "project_description" : "The DSS ConneCT program will modernize the agency’s existing infrastructure with the implementation of a Modernization of Client Service Delivery (MCSD) solution utilizing three (3) specific technologies: Internet-based Client Access and Web Services, Document Scanning and Work Flow Management, and Interactive Voice Response (IVR) and Call Center Services.  These technologies will be integrated with our existing eligibility legacy system known as EMS. These functionalities will increase the efficiency and effectiveness in how DSS serves its customers.",
  "fund_amount_requested_fiscal_year_2013" : "6946683",
  "application_phase" : "Monitoring",
  "total_capital_funds_requested" : "8050041",
  "bond_commission_approval" : "Encumbered"
}
, {
  "project_name" : "Health Information Exchange and Health Information Technology Project",
  "agency_name" : "Department of Social Services",
  "total_capital_funds_allocation" : "0",
  "project_description" : "This project will support the systems modifications necessary for this change.",
  "application_phase" : "Identification"
}
, {
  "project_name" : "Health Information Exchange/Integrated Eligibility (IE)",
  "fund_amount_allocated_fiscal_year_2015" : "8645683",
  "fund_amount_allocated_fiscal_year_2014" : "5316356",
  "fund_amount_requested_fiscal_year_2015" : "8645683",
  "fund_amount_allocated_fiscal_year_2013" : "1563055",
  "fund_amount_requested_fiscal_year_2014" : "5316356",
  "fund_amount_requested_fiscal_year_2017" : "922482",
  "fund_amount_requested_fiscal_year_2016" : "2329035",
  "agency_name" : "Department of Social Services",
  "total_capital_funds_allocation" : "15525094",
  "project_description" : "The Department of Social Services Integrated Eligibility System project will replace the Department’s existing 24 year old Eligibility Management System (EMS). The integrated eligibility platform, once designed, developed and implemented, will provide a seamless eligibility and enrollment process for Medicaid, CHIP and the CTHIX, and will ultimately be used to determine eligibility for other social service programs (e.g., SNAP, TFA).  Specifically, the planned integrated eligibility function will initially address federal requirements for eligibility determinations for advance premium tax credits and reduced cost sharing through the Exchange, MAGI-based eligibility for Medicaid, complete individual responsibility exemption determinations, and coordinate enrollment.",
  "fund_amount_requested_fiscal_year_2013" : "1563055",
  "application_phase" : "Monitoring",
  "total_capital_funds_requested" : "18776611",
  "bond_commission_approval" : "Encumbered"
}
, {
  "project_name" : "Balancing Incentive Program (BIP)",
  "fund_amount_allocated_fiscal_year_2015" : "1114726",
  "fund_amount_requested_fiscal_year_2015" : "1114726",
  "agency_name" : "Department of Social Services",
  "total_capital_funds_allocation" : "1114726",
  "project_description" : "The Balancing Incentive Program – Automation of Long Term Services and Supports No Wrong Door and Universal Assessment (BIP Project) will streamline the process through which individuals who need Long Term Services and Supports (LTSS) apply for and receive those services, resulting in improved access to community-based, as opposed to,  nursing facility care. LTSS are services and supports that help people with functional limitations care for themselves, providing help with things like bathing, dressing, eating, preparing meals, managing medications, walking, housework, and managing finances.  ",
  "application_phase" : "Monitoring",
  "total_capital_funds_requested" : "1114726",
  "bond_commission_approval" : "Encumbered"
}
, {
  "project_name" : "Husky Family Coverage",
  "fund_amount_requested_fiscal_year_2016" : "1879080",
  "agency_name" : "Department of Social Services",
  "project_description" : "Under the budget as approved by the General Assembly, the Department of Social Services and Access Heath Connecticut (AHCT) have been requested to modify the existing, shared Integrated Medicaid Eligibility system to allow for proposed revisions to Medicaid/Qualified Health Plan (QHP) coverage for certain HUSKY A adults. For those HUSKY A adults with incomes over 150% of the federal poverty level (effectively 155% after consideration of the 5% income disregard), Medicaid will no longer provide coverage, and these individuals will transition to federally subsidized coverage under QHP’s offered by AHCT. Those with earned income, however, are subject to a 12 month transitional coverage extension. Pregnant women above 155% FPL are exempt from this change.",
  "application_phase" : "Selection",
  "total_capital_funds_requested" : "1879080"
}
, {
  "project_name" : "DOT Telephone System Replacement",
  "fund_amount_allocated_fiscal_year_2015" : "950000",
  "fund_amount_requested_fiscal_year_2015" : "950000",
  "fund_amount_requested_fiscal_year_2016" : "950000",
  "agency_name" : "Department of Transportation",
  "total_capital_funds_allocation" : "950000",
  "project_description" : "The primary telephone switch (PBX) for the DOT Newington Headquarters is more than 20 years old and is past end of life. The system is no longer supportable due to the age of the hardware and the outdated software.  At the same time, the cabling within the main building is too old to support new PBX technology and high-bandwidth geospatial applications. This project will replace the old cables as well as the current telephone system with new technology that will provide numerous benefits to the agency.",
  "application_phase" : "Monitoring",
  "total_capital_funds_requested" : "1900000",
  "bond_commission_approval" : "Encumbered"
}
, {
  "project_name" : "Electronic Medical Record",
  "fund_amount_allocated_fiscal_year_2015" : "422207",
  "fund_amount_allocated_fiscal_year_2014" : "396749",
  "fund_amount_requested_fiscal_year_2015" : "422207",
  "fund_amount_requested_fiscal_year_2014" : "396749",
  "agency_name" : "Department of Veterans Affairs",
  "total_capital_funds_allocation" : "818956",
  "project_description" : "To implement an Electronic Medical Records (EMR) Patients Management System from the point of admission, patient care plan, patient care records, scheduling, prescription drugs, patient billing, VA per diem and Medicare/Medicaid billing, to include case management and reporting – the enterprise solution will need to meet the federal requirement for billing/reimbursement and to be in compliance with all Federal Regulation and HIPPA compliance requirements. ",
  "application_phase" : "Monitoring",
  "total_capital_funds_requested" : "818956",
  "bond_commission_approval" : "Encumbered"
}
, {
  "project_name" : "DPDS Capabilities Improvement Program",
  "fund_amount_allocated_fiscal_year_2015" : "820000",
  "fund_amount_requested_fiscal_year_2015" : "820000",
  "fund_amount_allocated_fiscal_year_2013" : "750250",
  "fund_amount_requested_fiscal_year_2014" : "0",
  "fund_amount_requested_fiscal_year_2017" : "984000",
  "fund_amount_requested_fiscal_year_2016" : "1280000",
  "agency_name" : "Division of Public Defenders",
  "total_capital_funds_allocation" : "1570250",
  "project_description" : "The project will ensure the success of the Connecticut Information Sharing System (CISS) efforts at DPDS and address the following critical issues: (a) the lack of the dedicated Case Management System that meets the needs of adults as well as juvenile clients; (b) the difficult access to key information and information sources; (c) the lack of standardized Attorney and Staff information tools; (d) the lack of integrated information; (e) the lack of mobile access to information; and (f) the excessive reliance on paper files.",
  "fund_amount_requested_fiscal_year_2013" : "750250",
  "application_phase" : "Monitoring",
  "total_capital_funds_requested" : "3834250",
  "bond_commission_approval" : "Encumbered"
}
, {
  "project_name" : "Connecticut's Early Childhood Information System and Quality Rating and Improvement System.TQRIS",
  "fund_amount_allocated_fiscal_year_2014" : "2100000",
  "fund_amount_requested_fiscal_year_2015" : "1650000",
  "fund_amount_requested_fiscal_year_2014" : "2100000",
  "fund_amount_requested_fiscal_year_2017" : "600000",
  "fund_amount_requested_fiscal_year_2016" : "1650000",
  "agency_name" : "Office of Early Childhood",
  "total_capital_funds_allocation" : "2100000",
  "project_description" : "To meet PA 11-181, two distinct information systems need to be built: an Early Childhood Information System (ECIS) and a Quality Rating and Improvement System (QRIS).  The ECIS is an operational transactional system used for child case management and answering advanced policy-related questions.  The QRIS is a system used to track early care and education program- and provider-level data, as well as to provide the public with information about the quality of available early care and education programs",
  "application_phase" : "Monitoring",
  "total_capital_funds_requested" : "6000000",
  "bond_commission_approval" : "Encumbered"
}
, {
  "project_name" : "Grants management system",
  "fund_amount_allocated_fiscal_year_2013" : "421244",
  "agency_name" : "Office of Policy and Management",
  "total_capital_funds_allocation" : "421244",
  "project_description" : "The Criminal Justice Policy and Planning Division of OPM (OPM/CJPPD) is purchasing a Lifecycle Grants Management Solution (LC-GMS) that encompasses beginning to end management and administration of grant programs, sub-recipient grant projects and/or contracts in a workflow driven, scalable, user configurable, secure, enterprise capable system.",
  "fund_amount_requested_fiscal_year_2013" : "421244",
  "application_phase" : "Close-out ",
  "total_capital_funds_requested" : "421244",
  "bond_commission_approval" : "Encumbered"
}
, {
  "project_name" : "State-wide health information exchange",
  "fund_amount_requested_fiscal_year_2017" : "15000000",
  "fund_amount_requested_fiscal_year_2016" : "15000000",
  "agency_name" : "Office of Policy and Management",
  "project_description" : "http://www.cga.ct.gov/2015/TOB/s/pdf/2015SB-01501-R00-SB.pdf"
}
, {
  "project_name" : "Electronic Medical Records System for the University of Connecticut Health Center",
  "fund_amount_requested_fiscal_year_2017" : "16000000",
  "fund_amount_requested_fiscal_year_2016" : "25000000",
  "agency_name" : "Office of Policy and Management",
  "project_description" : "http://www.cga.ct.gov/2015/TOB/s/pdf/2015SB-01501-R00-SB.pdf"
}
, {
  "project_name" : "Central Registry of Abuse Investigation Data",
  "agency_name" : "Office of Protection and Advocacy",
  "total_capital_funds_allocation" : "0",
  "project_description" : "The Protection and Advocacy Central Registry Abuse Investigation Database (PACRAID) is a a web based investigative information and case management system which dramatically increases the state’s ability to identify, respond to and ultimately reduce incidents and patterns of abuse and neglect by caregivers and furthers Connecticut’s commitment to leading the nation in protecting our most vulnerable citizens.  Project PACRAID will overhaul and replace several limited outmoded databases with one forensic investigative case management information system overseen by The Office of Protection and Advocacy.",
  "application_phase" : "Identification",
  "total_capital_funds_requested" : "0"
}
, {
  "project_name" : "STATE EMPLOYEES RETIREMENT SYSTEM (SERS) REPLACEMENT PROJECT - Requirements Phase",
  "fund_amount_allocated_fiscal_year_2013" : "2000000",
  "agency_name" : "Office of State Comptroller",
  "total_capital_funds_allocation" : "2000000",
  "project_description" : "This project will replace the current State Employee Retirement System (SERS) with the PeopeSoft Pension Administration Module",
  "fund_amount_requested_fiscal_year_2013" : "2000000",
  "application_phase" : "Close-out ",
  "total_capital_funds_requested" : "2000000",
  "bond_commission_approval" : "Encumbered"
}
, {
  "project_name" : "Connecting Families and Teachers through Technology. Parent Involvement",
  "agency_name" : "State Department of Education",
  "total_capital_funds_allocation" : "0",
  "project_description" : "The Connecticut State Department of Education (CSDE) seeks to develop a technology platform/portal to enhance family engagement and school-home communication.   Recognizing that family engagement contributes to children’s success in school, this platform/portal will provide a means for frequent, two-way interaction between families and teachers to share information about student progress, school events and other matters.  ",
  "application_phase" : "Identification",
  "total_capital_funds_requested" : "0"
}
, {
  "project_name" : "Lean-Driven IT Revitalization Project - Plateau 1",
  "fund_amount_allocated_fiscal_year_2016" : "1095000",
  "fund_amount_allocated_fiscal_year_2015" : "675000",
  "fund_amount_requested_fiscal_year_2015" : "675000",
  "fund_amount_requested_fiscal_year_2016" : "1095000",
  "agency_name" : "Department of Economic and Community Development",
  "total_capital_funds_allocation" : "1770000",
  "project_description" : "Information Technology (IT) revitalization centers on the development of a hybrid IT environment consisting of on-premise, BEST-hosted, and Windows Azure platform applications. The Agency’s central processing environment consisting of its business, document management, and customer relationship management (CRM) systems may reside in house or in a cloud supported by either BEST or Microsoft (i.e., Windows Azure). This environment will be the foundation for support of for all of DECD’s work.",
  "application_phase" : "Monitoring",
  "total_capital_funds_requested" : "1770000",
  "bond_commission_approval" : "Encumbered"
}
, {
  "project_name" : "Enhacements to the Connecticut Prescription Monitoring and Reporting System (CPMRS)",
  "fund_amount_requested_fiscal_year_2016" : "200255",
  "agency_name" : "Department of Consumer Protection",
  "total_capital_funds_allocation" : "0",
  "project_description" : "Enhancing the Connecticut Prescription Monitoring and Reporting System (CPMRS)to more effectively identify medication abuse, misuse and overprescribing patterns by adding more fuctionality and automating many of the highly labor intensive manually functionwithin the system",
  "application_phase" : "Selection",
  "total_capital_funds_requested" : "200255"
}
, {
  "project_name" : "Mobile Technology - Initial Inspection Efficiency Enhancement",
  "fund_amount_allocated_fiscal_year_2015" : "78000",
  "fund_amount_requested_fiscal_year_2015" : "78000",
  "agency_name" : "Department of Consumer Protection",
  "total_capital_funds_allocation" : "78000",
  "project_description" : "This project is the digitalization of all initial inspections by performing data entry and storage directly into the enterprise system at the initial inspection site. These enhancements would eliminate re-entering data, improve data analysis, expedite approval times for registrants, and permit employees to spend more time on mission-critical tasks. The citizens and businesses of Connecticut would be better served by the increased efficiency of the digital inspection process. Businesses will be able to provide their services to the public by having their appropriate credential approved in a much timelier manner.",
  "application_phase" : "Monitoring",
  "total_capital_funds_requested" : "78000",
  "bond_commission_approval" : "Encumbered"
}
, {
  "project_name" : "Enterprise Content Management ",
  "fund_amount_allocated_fiscal_year_2016" : "5250000",
  "fund_amount_allocated_fiscal_year_2015" : "150000",
  "fund_amount_requested_fiscal_year_2015" : "150000",
  "fund_amount_requested_fiscal_year_2017" : "5465000",
  "fund_amount_requested_fiscal_year_2016" : "5250000",
  "agency_name" : "Department of Revenue Services",
  "total_capital_funds_allocation" : "5400000",
  "project_description" : "The Department of Revenue Services (DRS) has embarked on an Enterprise Content Management (ECM)   initiative that will provide (1) scanning and imaging, (2) FileNet conversion and (3) document management.  The deliverables for ECM scanning and imaging will replace existing outdated and obsolete remittance and data entry equipment and enable streamlined processes. ",
  "application_phase" : "Monitoring",
  "total_capital_funds_requested" : "10865000",
  "bond_commission_approval" : "Encumbered"
}
, {
  "project_name" : "Mobile Technology - Mobile Revenue Collection",
  "fund_amount_allocated_fiscal_year_2015" : "79275",
  "fund_amount_requested_fiscal_year_2015" : "79275",
  "agency_name" : "Department of Revenue Services",
  "total_capital_funds_allocation" : "79275",
  "project_description" : "project will eliminate a paper laden, manual process and replace it with a website, mobile computing and an automated electronic filing system that will better serve the people of the State of Connecticut, save time and money.",
  "application_phase" : "Monitoring",
  "total_capital_funds_requested" : "79275",
  "bond_commission_approval" : "Encumbered"
}
, {
  "project_name" : "Election Infrastructure:  Improving Voter Service at Polling Places",
  "fund_amount_requested_fiscal_year_2016" : "3875000",
  "agency_name" : "Secretary of State",
  "total_capital_funds_allocation" : "0",
  "project_description" : "The purpose of the project is to improve the efficiency of the voter check-in process and to enhance the voting experience for persons with disabilities.",
  "application_phase" : "Evaluation",
  "total_capital_funds_requested" : "3875000"
}
, {
  "project_name" : "Post Election Audit",
  "fund_amount_requested_fiscal_year_2016" : "100000",
  "agency_name" : "Secretary of State",
  "total_capital_funds_allocation" : "0",
  "project_description" : "The project will alleviate the burden on towns randomly selected to perform post election audits.  ",
  "application_phase" : "Evaluation",
  "total_capital_funds_requested" : "100000"
}
, {
  "project_name" : "Election Infrastructure:  Improving Speed of Reporting Results",
  "fund_amount_requested_fiscal_year_2017" : "25000",
  "fund_amount_requested_fiscal_year_2016" : "2050000",
  "agency_name" : "Secretary of State",
  "fund_amount_requested_fiscal_year_2018" : "25000",
  "total_capital_funds_allocation" : "0",
  "project_description" : "The purpose of the projects is to modernize and improve speed and accuracy in reporting election results.  Memory cardswill be removed from the tabulator machines and the data contained therein will be uploaded into a online system to report results. ",
  "application_phase" : "Evaluation",
  "total_capital_funds_requested" : "2100000"
}
, {
  "project_name" : "Unemployment Insurance (UI) Revitalization",
  "fund_amount_requested_fiscal_year_2016" : "1170000",
  "agency_name" : "Department of Labor",
  "total_capital_funds_allocation" : "0",
  "project_description" : "The purpose of the UI Revitalization project is to replace CTDOL’s aging legacy systems with a robust, integrated, accountable and accessible UI Tax and Benefits system that serves the needs of Connecticut’s claimants and employers in a customer-centric environment where they realize more conveniences and time savings, agency staff are highly skilled and motivated, and UI tax and benefits operations are streamlined and efficient.",
  "application_phase" : "Selection",
  "total_capital_funds_requested" : "1170000"
}
, {
  "project_name" : "Mobile Technology - Wage and Workplace Mobile Computing (WWMC)",
  "fund_amount_allocated_fiscal_year_2015" : "75000",
  "fund_amount_requested_fiscal_year_2015" : "75000",
  "agency_name" : "Department of Labor",
  "total_capital_funds_allocation" : "75000",
  "project_description" : "Use of  laptops, Air / MiFi Cards and VPN keys to allow field staff to work independent of office constraints and perform investigations and data entry outside of the office.",
  "application_phase" : "Monitoring",
  "total_capital_funds_requested" : "75000",
  "bond_commission_approval" : "Encumbered"
}
, {
  "project_name" : "Requirements, more to come",
  "agency_name" : "Department of Banking",
  "total_capital_funds_allocation" : "0",
  "application_phase" : "Identification",
  "total_capital_funds_requested" : "0"
}
, {
  "project_name" : "Mobile Technology - Medical Examiner Foresenic Field  Investigation",
  "fund_amount_allocated_fiscal_year_2015" : "70000",
  "fund_amount_requested_fiscal_year_2015" : "70000",
  "agency_name" : "Office of the Chief Medical Examiner",
  "total_capital_funds_allocation" : "70000",
  "project_description" : "Acquisition of hardware (toughbooks) in an effort to make field operations mobile, faster, secured/encrypted, and more reliable to integrate with current software applications used by Case Manager system at OCME.",
  "application_phase" : "Monitoring",
  "total_capital_funds_requested" : "70000",
  "bond_commission_approval" : "Encumbered"
}
 ]