[ {
  "blms_loc_street" : "PARK ST                  ",
  "bldt_lic_text7" : "                              ",
  "blms_dba" : "BUENO'S GROCERY                         ",
  "blms_parcel" : "2488456091                    ",
  "bldt_lic_text3" : "GROCERY                       ",
  "bldt_lic_text6" : "                              ",
  "blms_id" : "14170               ",
  "blms_loc_no" : "100",
  "bldt_lic_text2" : "FOOD - CLASS 4                "
}
, {
  "blms_loc_street" : "ALBANY AV                ",
  "bldt_lic_text7" : "                              ",
  "blms_dba" : "WINIFER SUPERMARKET                     ",
  "blms_parcel" : "                              ",
  "bldt_lic_text3" : "GROCERY                       ",
  "bldt_lic_text6" : "                              ",
  "blms_id" : "16018               ",
  "blms_loc_no" : "553",
  "bldt_lic_text2" : "FOOD - CLASS 2                "
}
, {
  "blms_loc_street" : "FRANKLIN AV",
  "ycoord" : "827212",
  "blms_dba" : "EURO DUCAN LLC",
  "blms_parcel" : "255795224",
  "xcoord" : "1020574",
  "bldt_lic_text3" : "GROCERY",
  "blms_id" : "11071",
  "blms_loc_no" : "623",
  "bldt_lic_text2" : "FOOD - CLASS 2"
}
, {
  "blms_loc_street" : "NEW BRITAIN AV",
  "ycoord" : "827464",
  "blms_dba" : "MERCURY MINI MART-CITGO",
  "blms_parcel" : "120587089",
  "xcoord" : "1009986",
  "bldt_lic_text3" : "CONVENIENCE",
  "bldt_lic_text6" : "SEATING CAPACITY 1",
  "blms_id" : "10496",
  "blms_loc_no" : "888",
  "bldt_lic_text2" : "FOOD - CLASS 1"
}
, {
  "blms_loc_street" : "NEW PARK AV",
  "ycoord" : "836149",
  "blms_dba" : "EURO MINI MARKET",
  "blms_parcel" : "136480243",
  "xcoord" : "1011817",
  "bldt_lic_text3" : "GROCERY",
  "blms_id" : "13050",
  "blms_loc_no" : "38",
  "bldt_lic_text2" : "FOOD - CLASS 2"
}
, {
  "blms_loc_street" : "ALBANY AV",
  "ycoord" : "845767",
  "blms_dba" : "ALBANY GROCERY STORE",
  "blms_parcel" : "175197065",
  "xcoord" : "1014759",
  "bldt_lic_text3" : "GROCERY",
  "blms_id" : "10044",
  "blms_loc_no" : "1160",
  "bldt_lic_text2" : "FOOD - CLASS 2"
}
, {
  "blms_loc_street" : "PARK ST",
  "ycoord" : "836987",
  "blms_dba" : "VIVA MEXICO",
  "blms_parcel" : "204430213",
  "xcoord" : "1017080",
  "bldt_lic_text3" : "GROCERY",
  "blms_id" : "10525",
  "blms_loc_no" : "624",
  "bldt_lic_text2" : "FOOD - CLASS 2"
}
, {
  "blms_loc_street" : "WETHERSFIELD AV",
  "ycoord" : "834464",
  "blms_dba" : "C-TOWN SUPERMARKET",
  "blms_parcel" : "250562157",
  "xcoord" : "1020670",
  "bldt_lic_text3" : "GROCERY",
  "blms_id" : "10696",
  "blms_loc_no" : "165",
  "bldt_lic_text2" : "FOOD - CLASS 4"
}
, {
  "blms_loc_street" : "BALDWIN ST",
  "ycoord" : "828517",
  "blms_dba" : "BRITO GROCERY",
  "blms_parcel" : "254791119",
  "xcoord" : "1019658",
  "bldt_lic_text3" : "GROCERY",
  "blms_id" : "10105",
  "blms_loc_no" : "2",
  "bldt_lic_text2" : "FOOD - CLASS 1"
}
, {
  "blms_loc_street" : "SOUTH ST",
  "ycoord" : "828748",
  "blms_dba" : "MARTINEZ MINI MARKET",
  "blms_parcel" : "254789213",
  "xcoord" : "1020293",
  "bldt_lic_text3" : "GROCERY",
  "blms_id" : "10626",
  "blms_loc_no" : "110",
  "bldt_lic_text2" : "FOOD - CLASS 2"
}
, {
  "blms_loc_street" : "FRANKLIN AV",
  "ycoord" : "828104",
  "blms_dba" : "BOSNA MARKET & NY-NY BRICK OVEN PIZZA",
  "blms_parcel" : "254801200",
  "xcoord" : "1020461",
  "bldt_lic_text3" : "GROCERY",
  "bldt_lic_text6" : "SEATING CAPACITY =",
  "blms_id" : "11079",
  "blms_loc_no" : "547",
  "bldt_lic_text2" : "FOOD - CLASS 4"
}
, {
  "blms_loc_street" : "MAPLE AV",
  "ycoord" : "830984",
  "blms_dba" : "BRAVO SUPERMARKET",
  "blms_parcel" : "230651037",
  "xcoord" : "1018097",
  "bldt_lic_text3" : "GROCERY",
  "blms_id" : "10448",
  "blms_loc_no" : "685",
  "bldt_lic_text2" : "FOOD - CLASS 4"
}
, {
  "blms_loc_street" : "BROAD ST",
  "ycoord" : "830813",
  "blms_dba" : "ROMNY MINI MARKET",
  "blms_parcel" : "208651222",
  "xcoord" : "1017180",
  "bldt_lic_text3" : "GROCERY",
  "blms_id" : "10167",
  "blms_loc_no" : "1892",
  "bldt_lic_text2" : "FOOD - CLASS 4"
}
, {
  "blms_loc_street" : "MAPLE AV",
  "ycoord" : "829238",
  "blms_dba" : "HARTFORD FOOD LAND",
  "blms_parcel" : "231655015",
  "xcoord" : "1017408",
  "bldt_lic_text3" : "CONVENIENCE",
  "blms_id" : "10458",
  "blms_loc_no" : "831",
  "bldt_lic_text2" : "FOOD - CLASS 4"
}
, {
  "blms_loc_street" : "MAIN ST",
  "ycoord" : "843697",
  "blms_dba" : "PEOPLE'S PLAZA",
  "blms_parcel" : "243241116",
  "xcoord" : "1019928",
  "bldt_lic_text3" : "GROCERY",
  "blms_id" : "10999",
  "blms_loc_no" : "1631",
  "bldt_lic_text2" : "FOOD - CLASS 4"
}
, {
  "blms_loc_street" : "MATHER ST",
  "ycoord" : "844980",
  "blms_dba" : "KING KONG GROCERY",
  "blms_parcel" : "220227099",
  "xcoord" : "1017896",
  "bldt_lic_text3" : "GROCERY",
  "blms_id" : "10467",
  "blms_loc_no" : "179",
  "bldt_lic_text2" : "FOOD - CLASS 2"
}
, {
  "blms_loc_street" : "FRANKLIN AV",
  "ycoord" : "831466",
  "blms_dba" : "D & D STORES",
  "blms_parcel" : "252680177",
  "xcoord" : "1020184",
  "bldt_lic_text3" : "GROCERY",
  "blms_id" : "10296",
  "blms_loc_no" : "276",
  "bldt_lic_text2" : "FOOD - CLASS 4"
}
, {
  "blms_loc_street" : "BLUE HILLS AV",
  "ycoord" : "853973",
  "blms_dba" : "COLLADO FOOD MARKET",
  "blms_parcel" : "170024161",
  "xcoord" : "1014781",
  "bldt_lic_text3" : "GROCERY",
  "blms_id" : "10140",
  "blms_loc_no" : "655",
  "bldt_lic_text2" : "FOOD - CLASS 2"
}
, {
  "blms_loc_street" : "CAPITOL AV",
  "ycoord" : "837666",
  "blms_dba" : "JORDI GROCERY LLC",
  "blms_parcel" : "135374006",
  "xcoord" : "1010301",
  "bldt_lic_text3" : "GROCERY",
  "blms_id" : "14770",
  "blms_loc_no" : "1053",
  "bldt_lic_text2" : "FOOD - CLASS 1"
}
, {
  "blms_loc_street" : "PARK ST",
  "ycoord" : "836596",
  "blms_dba" : "C-TOWN SUPERMARKET",
  "blms_parcel" : "136392204",
  "xcoord" : "1011563",
  "bldt_lic_text3" : "GROCERY",
  "blms_id" : "10550",
  "blms_loc_no" : "1744",
  "bldt_lic_text2" : "FOOD - CLASS 4"
}
, {
  "blms_loc_street" : "HILLSIDE AV",
  "ycoord" : "833420",
  "blms_dba" : "EL MORRO SUPERMARKET",
  "blms_parcel" : "184520050",
  "xcoord" : "1014210",
  "bldt_lic_text3" : "GROCERY",
  "blms_id" : "14884",
  "blms_loc_no" : "158",
  "bldt_lic_text2" : "FOOD - CLASS 4"
}
, {
  "blms_loc_street" : "ZION ST",
  "ycoord" : "832041",
  "blms_dba" : "REYES GROCERY",
  "blms_parcel" : "185620074",
  "xcoord" : "1015192",
  "bldt_lic_text3" : "GROCERY",
  "blms_id" : "10993",
  "blms_loc_no" : "125",
  "bldt_lic_text2" : "FOOD - CLASS 1"
}
, {
  "blms_loc_street" : "BARBOUR ST",
  "ycoord" : "851299",
  "blms_dba" : "STG SPANISH AMERICAN GROCER",
  "blms_parcel" : "238058028",
  "xcoord" : "1020110",
  "bldt_lic_text3" : "GROCERY",
  "blms_id" : "10113",
  "blms_loc_no" : "441",
  "bldt_lic_text2" : "FOOD - CLASS 2"
}
, {
  "blms_loc_street" : "NEW PARK AV",
  "ycoord" : "834764",
  "blms_dba" : "STOP & SHOP SUPER MARKET #634",
  "blms_parcel" : "137482136",
  "xcoord" : "1011278",
  "bldt_lic_text3" : "GROCERY",
  "blms_id" : "10805",
  "blms_loc_no" : "150",
  "bldt_lic_text2" : "FOOD - CLASS 3"
}
, {
  "blms_loc_street" : "PARK ST",
  "ycoord" : "836409",
  "blms_dba" : "HIEP PHAT MARKET",
  "blms_parcel" : "136378039",
  "xcoord" : "1010658",
  "bldt_lic_text3" : "GROCERY",
  "blms_id" : "10843",
  "blms_loc_no" : "1934",
  "bldt_lic_text2" : "FOOD - CLASS 2"
}
, {
  "blms_loc_street" : "MAPLE AV",
  "ycoord" : "828230",
  "blms_dba" : "CHAUDHRY MART LLC",
  "blms_parcel" : "210754081",
  "xcoord" : "1016980",
  "bldt_lic_text3" : "CONVENIENCE",
  "blms_id" : "12971",
  "blms_loc_no" : "923",
  "bldt_lic_text2" : "FOOD - CLASS 2"
}
, {
  "blms_loc_street" : "MAIN ST",
  "ycoord" : "851409",
  "blms_dba" : "MR. B MINI MART",
  "blms_parcel" : "283068063",
  "xcoord" : "1023696",
  "bldt_lic_text3" : "CONVENIENCE",
  "blms_id" : "15521",
  "blms_loc_no" : "3397",
  "bldt_lic_text2" : "FOOD - CLASS 1"
}
, {
  "blms_loc_street" : "FARMINGTON AV",
  "ycoord" : "840167",
  "blms_dba" : "AETNA EMPLOYEE STORE",
  "blms_parcel" : "202416001",
  "xcoord" : "1015758",
  "bldt_lic_text3" : "CONVENIENCE",
  "blms_id" : "10853",
  "blms_loc_no" : "151",
  "bldt_lic_text2" : "FOOD - CLASS 1"
}
, {
  "blms_loc_street" : "ZION ST",
  "ycoord" : "835678",
  "blms_dba" : "ERNEST GROCERY STORE",
  "blms_parcel" : "183514164",
  "xcoord" : "1015465",
  "bldt_lic_text3" : "GROCERY",
  "blms_id" : "10752",
  "blms_loc_no" : "487",
  "bldt_lic_text2" : "FOOD - CLASS 3"
}
, {
  "blms_loc_street" : "FARMINGTON AV",
  "ycoord" : "840536",
  "blms_dba" : "GREEN APPLE",
  "blms_parcel" : "179319048",
  "xcoord" : "1014341",
  "bldt_lic_text3" : "GROCERY",
  "blms_id" : "12182",
  "blms_loc_no" : "264",
  "bldt_lic_text2" : "FOOD - CLASS 2"
}
, {
  "blms_loc_street" : "BROAD ST",
  "ycoord" : "838143",
  "blms_dba" : "DINERO GROCERY & NY PIZZA",
  "blms_parcel" : "203429235",
  "xcoord" : "1017167",
  "bldt_lic_text3" : "GROCERY",
  "blms_id" : "10158",
  "blms_loc_no" : "593",
  "bldt_lic_text2" : "FOOD - CLASS 4"
}
, {
  "blms_loc_street" : "ASHLEY ST",
  "ycoord" : "842812",
  "blms_dba" : "SIGOURNEY MARKET",
  "blms_parcel" : "200263040",
  "xcoord" : "1015955",
  "bldt_lic_text3" : "GROCERY",
  "blms_id" : "10066",
  "blms_loc_no" : "99",
  "bldt_lic_text2" : "FOOD - CLASS 3"
}
, {
  "blms_loc_street" : "ZION ST",
  "ycoord" : "836160",
  "blms_dba" : "TRINITY MARKET",
  "blms_parcel" : "204514006",
  "xcoord" : "1015680",
  "bldt_lic_text3" : "GROCERY",
  "blms_id" : "10766",
  "blms_loc_no" : "543",
  "bldt_lic_text2" : "FOOD - CLASS 3"
}
, {
  "blms_loc_street" : "FARMINGTON AV",
  "ycoord" : "839874",
  "blms_dba" : "HARTFORD MART",
  "blms_parcel" : "134387130",
  "xcoord" : "1011176",
  "bldt_lic_text3" : "CONVENIENCE",
  "blms_id" : "10920",
  "blms_loc_no" : "519",
  "bldt_lic_text2" : "FOOD - CLASS 1"
}
, {
  "blms_loc_street" : "FARMINGTON AVE",
  "ycoord" : "840534",
  "blms_dba" : "KISHA MARKET",
  "blms_parcel" : "179319046",
  "xcoord" : "1014252",
  "bldt_lic_text3" : "GROCERY",
  "blms_id" : "13108",
  "blms_loc_no" : "274",
  "bldt_lic_text2" : "FOOD - CLASS 2"
}
, {
  "blms_loc_street" : "ALBANY AV",
  "ycoord" : "844087",
  "blms_dba" : "MELO MINI MARKET",
  "blms_parcel" : "221270038",
  "xcoord" : "1017625",
  "bldt_lic_text3" : "GROCERY",
  "blms_id" : "10912",
  "blms_loc_no" : "517",
  "bldt_lic_text2" : "FOOD - CLASS 2"
}
, {
  "blms_loc_street" : "MAIN ST",
  "ycoord" : "850691",
  "blms_dba" : "B&D SAV MORE",
  "blms_parcel" : "284074077",
  "xcoord" : "1023778",
  "bldt_lic_text3" : "CONVENIENCE",
  "blms_id" : "10439",
  "blms_loc_no" : "3250",
  "bldt_lic_text2" : "FOOD - CLASS 1"
}
, {
  "blms_loc_street" : "MAIN ST",
  "ycoord" : "850323",
  "blms_dba" : "UPTOWN FOODS",
  "blms_parcel" : "284120024",
  "xcoord" : "1023311",
  "bldt_lic_text3" : "GROCERY",
  "blms_id" : "10424",
  "blms_loc_no" : "3155",
  "bldt_lic_text2" : "FOOD - CLASS 2"
}
, {
  "blms_loc_street" : "ALBANY AV",
  "ycoord" : "845577",
  "blms_dba" : "BRIGHTER DAY GROCERY",
  "blms_parcel" : "176197138",
  "xcoord" : "1015113",
  "bldt_lic_text3" : "GROCERY",
  "blms_id" : "12702",
  "blms_loc_no" : "1098",
  "bldt_lic_text2" : "FOOD - CLASS 1"
}
, {
  "blms_loc_street" : "FRANKLIN AV",
  "ycoord" : "828018",
  "blms_dba" : "DIBACCO FOOD IMPORTS",
  "blms_parcel" : "254801199",
  "xcoord" : "1020473",
  "bldt_lic_text3" : "GROCERY",
  "blms_id" : "10325",
  "blms_loc_no" : "551",
  "bldt_lic_text2" : "FOOD - CLASS 4"
}
, {
  "blms_loc_street" : "ALBANY AV",
  "ycoord" : "846199",
  "blms_dba" : "JESSIE'S FOOD CENTER, LLC",
  "blms_parcel" : "175186001",
  "xcoord" : "1013772",
  "bldt_lic_text3" : "GROCERY",
  "blms_id" : "11057",
  "blms_loc_no" : "1392",
  "bldt_lic_text2" : "FOOD - CLASS 2"
}
, {
  "blms_loc_street" : "ALBANY AV",
  "ycoord" : "844910",
  "blms_dba" : "STOP & SAVE",
  "blms_parcel" : "198209113",
  "xcoord" : "1016110",
  "bldt_lic_text3" : "GROCERY",
  "blms_id" : "15072",
  "blms_loc_no" : "859",
  "bldt_lic_text2" : "FOOD - CLASS 2"
}
, {
  "blms_loc_street" : "ALBANY AV",
  "ycoord" : "845119",
  "blms_dba" : "ALBANY AVENUE SHELL",
  "blms_parcel" : "198202016",
  "xcoord" : "1015687",
  "bldt_lic_text3" : "CONVENIENCE",
  "blms_id" : "13339",
  "blms_loc_no" : "949",
  "bldt_lic_text2" : "FOOD - CLASS 1"
}
, {
  "blms_loc_street" : "ALBANY AV",
  "ycoord" : "845470",
  "blms_dba" : "BRAVO SUPERMARKET",
  "blms_parcel" : "176194074",
  "xcoord" : "1014505",
  "bldt_lic_text3" : "GROCERY",
  "blms_id" : "15019",
  "blms_loc_no" : "1291",
  "bldt_lic_text2" : "FOOD - CLASS 2"
}
, {
  "blms_loc_street" : "BLUE HILLS AV",
  "ycoord" : "854119",
  "blms_dba" : "CARLA'S SUPERMARKET",
  "blms_parcel" : "169028150",
  "xcoord" : "1014929",
  "bldt_lic_text3" : "GROCERY",
  "blms_id" : "15315",
  "blms_loc_no" : "660",
  "bldt_lic_text2" : "FOOD - CLASS 2"
}
, {
  "blms_loc_street" : "FARMINGTON AV",
  "ycoord" : "840317",
  "blms_dba" : "SAM'S FOOD STORE",
  "blms_parcel" : "133314151",
  "xcoord" : "1011797",
  "bldt_lic_text3" : "CONVENIENCE",
  "blms_id" : "10270",
  "blms_loc_no" : "472",
  "bldt_lic_text2" : "FOOD - CLASS 1"
}
, {
  "blms_loc_street" : "PARK ST",
  "ycoord" : "837222",
  "blms_dba" : "SAV A LOT #844-5261",
  "blms_parcel" : "182410002",
  "xcoord" : "1014348",
  "bldt_lic_text3" : "GROCERY",
  "blms_id" : "10542",
  "blms_loc_no" : "1250",
  "bldt_lic_text2" : "FOOD - CLASS 2"
}
, {
  "blms_loc_street" : "HILLSIDE AV",
  "ycoord" : "833885",
  "blms_dba" : "LA RUMBA MARKET",
  "blms_parcel" : "184519047",
  "xcoord" : "1014254",
  "bldt_lic_text3" : "GROCERY",
  "blms_id" : "10359",
  "blms_loc_no" : "122",
  "bldt_lic_text2" : "FOOD - CLASS 4"
}
, {
  "blms_loc_street" : "PARK ST",
  "ycoord" : "837002",
  "blms_dba" : "704 MEAT CENTER INC. DBA LA PLAZA DEL M",
  "blms_parcel" : "204425174",
  "xcoord" : "1016689",
  "bldt_lic_text3" : "GROCERY",
  "bldt_lic_text6" : "SEATING CAPACITY 2",
  "blms_id" : "10879",
  "blms_loc_no" : "704",
  "bldt_lic_text2" : "FOOD - CLASS 2"
}
, {
  "blms_loc_street" : "PARK ST",
  "ycoord" : "836585",
  "blms_dba" : "TOWN MARKET",
  "blms_parcel" : "159480015",
  "xcoord" : "1012119",
  "bldt_lic_text3" : "GROCERY",
  "blms_id" : "10792",
  "blms_loc_no" : "1637",
  "bldt_lic_text2" : "FOOD - CLASS 3"
}
, {
  "blms_loc_street" : "WOODLAND ST",
  "ycoord" : "843860",
  "blms_dba" : "XPRESS GROCERY STORE LLC",
  "blms_parcel" : "177251005",
  "xcoord" : "1014117",
  "bldt_lic_text3" : "GROCERY",
  "blms_id" : "15865",
  "blms_loc_no" : "148",
  "bldt_lic_text2" : "FOOD - CLASS 2"
}
, {
  "blms_loc_street" : "AIRPORT RD",
  "ycoord" : "829866",
  "blms_dba" : "SHORT STOP CITGO, INC.",
  "blms_parcel" : "299690001",
  "xcoord" : "1022526",
  "bldt_lic_text3" : "CONVENIENCE",
  "blms_id" : "10818",
  "blms_loc_no" : "84",
  "bldt_lic_text2" : "FOOD - CLASS 2"
}
, {
  "blms_loc_street" : "FAIRMOUNT ST",
  "ycoord" : "844003",
  "blms_dba" : "BELLA VISTA GROCERY",
  "blms_parcel" : "221236196",
  "xcoord" : "1018677",
  "bldt_lic_text3" : "GROCERY",
  "blms_id" : "10249",
  "blms_loc_no" : "57",
  "bldt_lic_text2" : "FOOD - CLASS 2"
}
, {
  "blms_loc_street" : "WETHERSFIELD AV",
  "ycoord" : "831619",
  "blms_dba" : "MIKE'S WEST INDIAN GROCERY",
  "blms_parcel" : "275680052",
  "xcoord" : "1020978",
  "bldt_lic_text3" : "GROCERY",
  "blms_id" : "10718",
  "blms_loc_no" : "451",
  "bldt_lic_text2" : "FOOD - CLASS 2"
}
, {
  "blms_loc_street" : "HAMILTON ST",
  "ycoord" : "835492",
  "blms_dba" : "HAMILTON GROCERY",
  "blms_parcel" : "160486052",
  "xcoord" : "1012829",
  "bldt_lic_text3" : "GROCERY",
  "blms_id" : "15478",
  "blms_loc_no" : "216",
  "bldt_lic_text2" : "FOOD - CLASS 2"
}
, {
  "blms_loc_street" : "MADISON AV",
  "ycoord" : "835312",
  "blms_dba" : "MY FOOD MARKET 3",
  "blms_parcel" : "137477037",
  "xcoord" : "1010488",
  "bldt_lic_text3" : "GROCERY",
  "blms_id" : "10382",
  "blms_loc_no" : "65",
  "bldt_lic_text2" : "FOOD - CLASS 4"
}
, {
  "blms_loc_street" : "CAPITOL AV",
  "ycoord" : "838908",
  "blms_dba" : "JAMEAR'S MARKET LLC",
  "blms_parcel" : "202428087",
  "xcoord" : "1017148",
  "bldt_lic_text3" : "CONVENIENCE",
  "blms_id" : "10186",
  "blms_loc_no" : "335",
  "bldt_lic_text2" : "FOOD - CLASS 1"
}
, {
  "blms_loc_street" : "WHITE ST",
  "ycoord" : "828313",
  "blms_dba" : "SALMA & SONS DBA WHITE HILL MARKET",
  "blms_parcel" : "188736103",
  "xcoord" : "1014497",
  "bldt_lic_text3" : "GROCERY",
  "blms_id" : "11081",
  "blms_loc_no" : "237",
  "bldt_lic_text2" : "FOOD - CLASS 1"
}
, {
  "blms_loc_street" : "BARBOUR ST",
  "ycoord" : "848259",
  "blms_dba" : "KARINAS GROCERY STORE",
  "blms_parcel" : "240118050",
  "xcoord" : "1019551",
  "bldt_lic_text3" : "GROCERY",
  "blms_id" : "10103",
  "blms_loc_no" : "136",
  "bldt_lic_text2" : "FOOD - CLASS 3"
}
, {
  "blms_loc_street" : "HOMESTEAD AV",
  "ycoord" : "843888",
  "blms_dba" : "ULERIO GROCERY",
  "blms_parcel" : "199209035",
  "xcoord" : "1015785",
  "bldt_lic_text3" : "GROCERY",
  "blms_id" : "10368",
  "blms_loc_no" : "132",
  "bldt_lic_text2" : "FOOD - CLASS 2"
}
, {
  "blms_loc_street" : "BRAINARD RD",
  "ycoord" : "829401",
  "blms_dba" : "MERCURY #42 BRAINARD ROAD",
  "blms_parcel" : "316694007",
  "xcoord" : "1024733",
  "bldt_lic_text3" : "CONVENIENCE",
  "blms_id" : "11087",
  "blms_loc_no" : "110",
  "bldt_lic_text2" : "FOOD - CLASS 2"
}
, {
  "blms_loc_street" : "WETHERSFIELD AV",
  "ycoord" : "832639",
  "blms_dba" : "PREMIUM GROCERY #2",
  "blms_parcel" : "274677028",
  "xcoord" : "1020860",
  "bldt_lic_text3" : "GROCERY",
  "blms_id" : "10708",
  "blms_loc_no" : "347",
  "bldt_lic_text2" : "FOOD - CLASS 2"
}
, {
  "blms_loc_street" : "BARBOUR ST",
  "ycoord" : "848196",
  "blms_dba" : "J & J MARKET LLC",
  "blms_parcel" : "240161038",
  "xcoord" : "1019441",
  "bldt_lic_text3" : "GROCERY",
  "blms_id" : "13713",
  "blms_loc_no" : "125",
  "bldt_lic_text2" : "FOOD - CLASS 2"
}
, {
  "blms_loc_street" : "NEW BRITAIN AV",
  "ycoord" : "827369",
  "blms_dba" : "CAROLINA GROCERY",
  "blms_parcel" : "143703023",
  "xcoord" : "1010249",
  "bldt_lic_text3" : "GROCERY",
  "blms_id" : "10493",
  "blms_loc_no" : "867",
  "bldt_lic_text2" : "FOOD - CLASS 2"
}
, {
  "blms_loc_street" : "ELMER ST",
  "ycoord" : "847007",
  "blms_dba" : "ELMER MARKET",
  "blms_parcel" : "241166082",
  "xcoord" : "1020233",
  "bldt_lic_text3" : "GROCERY",
  "blms_id" : "10242",
  "blms_loc_no" : "35",
  "bldt_lic_text2" : "FOOD - CLASS 2"
}
, {
  "blms_loc_street" : "ZION ST",
  "ycoord" : "835112",
  "blms_dba" : "ENR MARKET",
  "blms_parcel" : "183516106",
  "xcoord" : "1015375",
  "bldt_lic_text3" : "GROCERY",
  "blms_id" : "10750",
  "blms_loc_no" : "431",
  "bldt_lic_text2" : "FOOD - CLASS 3"
}
, {
  "blms_loc_street" : "SIGOURNEY ST",
  "ycoord" : "842901",
  "blms_dba" : "WILLIAM'S GROCERY & DELI",
  "blms_parcel" : "199260001",
  "xcoord" : "1015626",
  "bldt_lic_text3" : "GROCERY",
  "blms_id" : "10619",
  "blms_loc_no" : "247",
  "bldt_lic_text2" : "FOOD - CLASS 3"
}
, {
  "blms_loc_street" : "CHARTER OAK AV",
  "ycoord" : "837396",
  "blms_dba" : "EASY SHOPPING",
  "blms_parcel" : "247461221",
  "xcoord" : "1020735",
  "bldt_lic_text3" : "GROCERY",
  "blms_id" : "10208",
  "blms_loc_no" : "33",
  "bldt_lic_text2" : "FOOD - CLASS 2"
}
, {
  "blms_loc_street" : "WETHERSFIELD AV",
  "ycoord" : "831367",
  "blms_dba" : "K & F SMOKER STOP CONVENIENCE",
  "blms_parcel" : "275680047",
  "xcoord" : "1021029",
  "bldt_lic_text3" : "CONVENIENCE",
  "blms_id" : "15598",
  "blms_loc_no" : "477",
  "bldt_lic_text2" : "FOOD - CLASS 1"
}
, {
  "blms_loc_street" : "PARK ST",
  "ycoord" : "836594",
  "blms_dba" : "DANNY'S MARKET",
  "blms_parcel" : "248555082",
  "xcoord" : "1020048",
  "bldt_lic_text3" : "GROCERY",
  "blms_id" : "10513",
  "blms_loc_no" : "33",
  "bldt_lic_text2" : "FOOD - CLASS 2"
}
, {
  "blms_loc_street" : "MAIN ST",
  "ycoord" : "851409",
  "blms_dba" : "LEE FOOD MART",
  "blms_parcel" : "283068063",
  "xcoord" : "1023696",
  "bldt_lic_text3" : "GROCERY",
  "blms_id" : "11076",
  "blms_loc_no" : "3397",
  "bldt_lic_text2" : "FOOD - CLASS 1"
}
, {
  "blms_loc_street" : "BROAD ST",
  "ycoord" : "838128",
  "blms_dba" : "MARIA GROCERY",
  "blms_parcel" : "225433009",
  "xcoord" : "1017265",
  "bldt_lic_text3" : "GROCERY",
  "blms_id" : "10155",
  "blms_loc_no" : "594",
  "bldt_lic_text2" : "FOOD - CLASS 2"
}
, {
  "blms_loc_street" : "CAPITOL AV",
  "ycoord" : "837558",
  "blms_dba" : "CAPITOL GULF",
  "blms_parcel" : "112368025",
  "xcoord" : "1009576",
  "bldt_lic_text3" : "CONVENIENCE",
  "blms_id" : "11052",
  "blms_loc_no" : "1127",
  "bldt_lic_text2" : "FOOD - CLASS 1"
}
, {
  "blms_loc_street" : "FRANKLIN AV",
  "ycoord" : "829488",
  "blms_dba" : "FAMILY DOLLAR STORE #5589",
  "blms_parcel" : "253675181",
  "xcoord" : "1020281",
  "bldt_lic_text3" : "CONVENIENCE",
  "bldt_lic_text6" : "SEATING CAPACITY 365",
  "blms_id" : "10321",
  "blms_loc_no" : "435",
  "bldt_lic_text2" : "FOOD - CLASS 1"
}
, {
  "blms_loc_street" : "PARK ST",
  "ycoord" : "836661",
  "blms_dba" : "AISHAH'S CORNER",
  "blms_parcel" : "136392203",
  "xcoord" : "1011439",
  "bldt_lic_text3" : "CONVENIENCE",
  "blms_id" : "10563",
  "blms_loc_no" : "1778",
  "bldt_lic_text2" : "FOOD - CLASS 1"
}
, {
  "blms_loc_street" : "BRAINARD RD",
  "ycoord" : "829238",
  "blms_dba" : "HARTFORD GAS INC. \"SHELL\"",
  "blms_parcel" : "316695001",
  "xcoord" : "1024544",
  "bldt_lic_text3" : "CONVENIENCE",
  "blms_id" : "10151",
  "blms_loc_no" : "131",
  "bldt_lic_text2" : "FOOD - CLASS 3"
}
, {
  "blms_loc_street" : "WEBSTER ST",
  "ycoord" : "832998",
  "blms_dba" : "VICTORIA'S MARKET, LLC",
  "blms_parcel" : "229576110",
  "xcoord" : "1018281",
  "bldt_lic_text3" : "GROCERY",
  "blms_id" : "10689",
  "blms_loc_no" : "120",
  "bldt_lic_text2" : "FOOD - CLASS 3"
}
, {
  "blms_loc_street" : "ALBANY AV",
  "ycoord" : "843681",
  "blms_dba" : "CENTER MARKET",
  "blms_parcel" : "221239209",
  "xcoord" : "1018861",
  "bldt_lic_text3" : "GROCERY",
  "blms_id" : "10008",
  "blms_loc_no" : "256",
  "bldt_lic_text2" : "FOOD - CLASS 3"
}
, {
  "blms_loc_street" : "BROAD ST",
  "ycoord" : "835576",
  "blms_dba" : "DEL RIO GROCERY",
  "blms_parcel" : "205542117",
  "xcoord" : "1017224",
  "bldt_lic_text3" : "GROCERY",
  "blms_id" : "15627",
  "blms_loc_no" : "1122",
  "bldt_lic_text2" : "FOOD - CLASS 1"
}
, {
  "blms_loc_street" : "PARK ST",
  "ycoord" : "836784",
  "blms_dba" : "HARTFORD OIL CORPORATION",
  "blms_parcel" : "159399026",
  "xcoord" : "1012066",
  "bldt_lic_text3" : "CONVENIENCE",
  "blms_id" : "10548",
  "blms_loc_no" : "1620",
  "bldt_lic_text2" : "FOOD - CLASS 2"
}
, {
  "blms_loc_street" : "NEW BRITAIN AV",
  "ycoord" : "830536",
  "blms_dba" : "C-TOWN SUPERMARKET",
  "blms_parcel" : "186623061",
  "xcoord" : "1014763",
  "bldt_lic_text3" : "GROCERY",
  "blms_id" : "10484",
  "blms_loc_no" : "394",
  "bldt_lic_text2" : "FOOD - CLASS 4"
}
, {
  "blms_loc_street" : "ALBANY AV",
  "ycoord" : "846570",
  "blms_dba" : "MOBIL FOOD MART",
  "blms_parcel" : "152184031",
  "xcoord" : "1012964",
  "bldt_lic_text3" : "CONVENIENCE",
  "blms_id" : "14832",
  "blms_loc_no" : "1510",
  "bldt_lic_text2" : "FOOD - CLASS 1"
}
, {
  "blms_loc_street" : "ALBANY AV",
  "ycoord" : "843641",
  "blms_dba" : "ERNIE'S MARKET",
  "blms_parcel" : "221239210",
  "xcoord" : "1018939",
  "bldt_lic_text3" : "GROCERY",
  "blms_id" : "10007",
  "blms_loc_no" : "236",
  "bldt_lic_text2" : "FOOD - CLASS 2"
}
, {
  "blms_loc_street" : "MAIN ST",
  "ycoord" : "851409",
  "blms_dba" : "ALEX  XPRESS FOOD LLC",
  "blms_parcel" : "283068063",
  "xcoord" : "1023696",
  "bldt_lic_text3" : "CONVENIENCE",
  "blms_id" : "14406",
  "blms_loc_no" : "3395",
  "bldt_lic_text2" : "FOOD - CLASS 1"
}
, {
  "blms_loc_street" : "MATHER ST",
  "ycoord" : "844918",
  "blms_dba" : "MATHER GROCERY STORE LLC",
  "blms_parcel" : "220230195",
  "xcoord" : "1018376",
  "bldt_lic_text3" : "GROCERY",
  "blms_id" : "15594",
  "blms_loc_no" : "142",
  "bldt_lic_text2" : "FOOD - CLASS 2"
}
, {
  "blms_loc_street" : "BLUE HILLS AV",
  "ycoord" : "854333",
  "blms_dba" : "NUNEZ MINI MARKET",
  "blms_parcel" : "169014057",
  "xcoord" : "1014769",
  "bldt_lic_text3" : "GROCERY",
  "blms_id" : "10146",
  "blms_loc_no" : "679",
  "bldt_lic_text2" : "FOOD - CLASS 1"
}
, {
  "blms_loc_street" : "LAWRENCE ST",
  "ycoord" : "838072",
  "blms_dba" : "BORICUA MARKET",
  "blms_parcel" : "203424182",
  "xcoord" : "1016881",
  "bldt_lic_text3" : "GROCERY",
  "bldt_lic_text6" : "QFO = LUIS BEZAREZ",
  "blms_id" : "10374",
  "blms_loc_no" : "183",
  "bldt_lic_text2" : "FOOD - CLASS 3"
}
 ]